Gene_ID,signcon,randomSummary,randomCi.lb,randomCi.ub,randomP,het_QE,het_QEp,het_QM,het_QMp,error,randomP.adjust,rank,Gene_Symbol,Gene_Description
1183,-1,-4.46524127401365,-5.44744505610011,-3.48303749192719,5.0903205131856e-19,0,1,79.3931144242303,5.09032051318568e-19,FALSE,2.94656838848972e-16,1,CLCN4,chloride voltage-gated channel 4
861,-1,-3.83180447184035,-4.55115618712699,-3.11245275655371,1.62413380859503e-25,0,1,108.998443151914,1.62413380859502e-25,FALSE,1.64524754810676e-22,2,RUNX1,RUNX family transcription factor 1
1624,-1,-3.38419717803784,-3.95139741964639,-2.81699693642929,1.36604562020485e-31,0,1,136.75231458807,1.36604562020484e-31,FALSE,1.84507228435669e-28,3,,
226,-1,-4.31642683441176,-5.37963688623497,-3.25321678258855,1.76155262817311e-15,0,1,63.3150278007217,1.76155262817312e-15,FALSE,4.19871249962203e-13,4,ALDOA,"aldolase, fructose-bisphosphate A"
767,-1,-3.75908504263692,-4.60670687544912,-2.91146320982472,3.55588006307358e-18,0,1,75.5537830454896,3.55588006307357e-18,FALSE,1.20070216796451e-15,5,CA8,carbonic anhydrase 8
267,-1,-3.65005180639563,-4.46595354565966,-2.8341500671316,1.81583773138515e-18,0,1,76.880911090602,1.81583773138516e-18,FALSE,8.17530498619182e-16,6,AMFR,autocrine motility factor receptor
1527,-1,-2.98397003303626,-3.45664857540188,-2.51129149067064,3.65681453339343e-35,0,1,153.09229076149,3.65681453339336e-35,FALSE,7.40870624465508e-32,7,TEX28,testis expressed 28
7283,-1,-2.65737269713737,-2.96780244475677,-2.34694294951797,3.54225834734055e-63,0,1,281.497443854872,3.54225834734052e-63,FALSE,1.43532308234239e-59,8,TUBG1,tubulin gamma 1
534,-1,-3.14711899850026,-3.85395181173999,-2.44028618526053,2.6246736772332e-18,0,1,76.1533664213019,2.62467367723321e-18,FALSE,1.01231515638245e-15,9,ATP6V1G2,ATPase H+ transporting V1 subunit G2
594,1,4.53092675477889,2.96188039953357,6.09997311002421,1.51569378000388e-08,0,1,32.0330813356629,1.51569378000389e-08,FALSE,1.09671271367424e-06,10,BCKDHB,branched chain keto acid dehydrogenase E1 subunit beta
1001,-1,-2.88266559776745,-3.58668778650916,-2.17864340902574,1.01358462599486e-15,0,1,64.4038779462722,1.01358462599485e-15,FALSE,2.93360350323656e-13,11,CDH3,cadherin 3
3795,-1,-2.64427052986542,-3.22571429289778,-2.06282676683307,4.94648088253766e-19,0,1,79.4497470928568,4.94648088253761e-19,FALSE,2.94656838848972e-16,12,KHK,ketohexokinase
1173,-1,-2.39054760639564,-2.92777719383805,-1.85331801895323,2.74814084901454e-18,0,1,76.0625935391382,2.74814084901454e-18,FALSE,1.01231515638245e-15,13,AP2M1,adaptor related protein complex 2 subunit mu 1
280,-1,-2.95322404536215,-3.83727082854621,-2.06917726217809,5.85452442353311e-11,0,1,42.8685187327106,5.85452442353314e-11,FALSE,7.96519980772062e-09,14,AMY2B,amylase alpha 2B
8811,1,3.35187754345437,2.24077268054989,4.46298240635885,3.36674451257081e-09,0,1,34.9592714243677,3.36674451257081e-09,FALSE,3.10046562839475e-07,15,GALR2,galanin receptor 2
659,-1,-2.2316012167918,-2.7277480825516,-1.735454351032,1.18990752888314e-18,0,1,77.7157167500984,1.18990752888315e-18,FALSE,6.02688163379313e-16,16,BMPR2,bone morphogenetic protein receptor type 2
478,-1,-3.51400019712178,-4.72378147166196,-2.3042189225816,1.24808836639786e-08,0,1,32.4105222393294,1.24808836639786e-08,FALSE,9.19500738298934e-07,17,ATP1A3,ATPase Na+/K+ transporting subunit alpha 3
1283,-1,-3.07970103500966,-4.07619952216239,-2.08320254785693,1.38414213180503e-09,0,1,36.6910392124091,1.38414213180503e-09,FALSE,1.43808818412154e-07,18,,
1295,-1,-2.2365329380214,-2.78562214950058,-1.68744372654222,1.42513914483059e-15,0,1,63.7325004289526,1.4251391448306e-15,FALSE,3.60916488428346e-13,19,COL8A1,collagen type VIII alpha 1 chain
2229,-1,-3.3237737950483,-4.513177034743,-2.1343705553536,4.32360204459334e-08,0,1,29.9985916867589,4.32360204459333e-08,FALSE,2.64253209544391e-06,20,,
8916,1,1.96472473302768,1.53820515730616,2.3912443087492,1.74198630646726e-19,0,1,81.5120225976466,1.74198630646727e-19,FALSE,1.41170570276107e-16,21,HERC3,HECT and RLD domain containing E3 ubiquitin protein ligase 3
672,-1,-2.40514125671451,-3.08270883531639,-1.72757367811263,3.4703995202231e-12,0,1,48.4029826547819,3.4703995202231e-12,FALSE,6.11393863301914e-10,22,BRCA1,BRCA1 DNA repair associated
973,-1,-2.33246781697853,-2.97979621474694,-1.68513941921013,1.63904537782551e-12,0,1,49.8744573142298,1.63904537782551e-12,FALSE,3.16257708140427e-10,23,CD79A,CD79a molecule
334,-1,-2.34836369880508,-3.02484158684111,-1.67188581076905,1.01802940264331e-11,0,1,46.2934649639255,1.01802940264331e-11,FALSE,1.71877297479613e-09,24,APLP2,amyloid beta precursor like protein 2
524,-1,-2.15830523868056,-2.74790064094254,-1.56870983641858,7.24386065596244e-13,0,1,51.4770600282817,7.24386065596242e-13,FALSE,1.46760616889799e-10,25,,
1184,-1,-2.26472477818071,-2.92212689741132,-1.6073226589501,1.45821042916366e-11,0,1,45.5895017627186,1.45821042916366e-11,FALSE,2.36346746358845e-09,26,CLCN5,chloride voltage-gated channel 5
4531,1,1.99644737599292,1.48586289132939,2.50703186065645,1.8065534720727e-14,0,1,58.7322568294988,1.80655347207271e-14,FALSE,3.85271298359926e-12,27,,
487,-1,-2.51356904392992,-3.32599171540832,-1.70114637245152,1.3280387731882e-09,0,1,36.7717036719774,1.3280387731882e-09,FALSE,1.41610871288384e-07,28,ATP2A1,ATPase sarcoplasmic/endoplasmic reticulum Ca2+ transporting 1
555,1,2.61744118839021,1.73940379501223,3.49547858176819,5.13680050530754e-09,0,1,34.1368955200403,5.13680050530751e-09,FALSE,4.33631575989711e-07,29,,
3430,-1,-2.89410513346177,-3.93781348203014,-1.8503967848934,5.48591967714028e-08,0,1,29.5370062191126,5.48591967714027e-08,FALSE,3.13083753968626e-06,30,IFI35,interferon induced protein 35
4763,-1,-2.5471669313298,-3.40030105439529,-1.69403280826431,4.86331958124031e-09,0,1,34.2433600256322,4.86331958124031e-09,FALSE,4.19280232833739e-07,31,NF1,neurofibromin 1
19737,-1,-1.74981235360484,-2.15639974002889,-1.34322496718079,3.3117085132368e-17,0,1,71.1494153757225,3.31170851323683e-17,FALSE,1.03223406889504e-14,32,,
1738,-1,-2.35511967473603,-3.14068002778075,-1.56955932169131,4.20307667334145e-09,0,1,34.5273327247629,4.20307667334145e-09,FALSE,3.78463704008434e-07,33,DLD,dihydrolipoamide dehydrogenase
4158,-1,-7.07937561293795,-10.6514567103126,-3.5072945155633,0.00010259124503062,0,1,15.088409857754,0.00010259124503062,FALSE,0.00143840735247084,34,MC2R,melanocortin 2 receptor
2491,-1,-2.06280615674209,-2.68739737828748,-1.4382149351967,9.6028304426729e-11,0,1,41.9006989793038,9.6028304426729e-11,FALSE,1.25518286947454e-08,35,CENPI,centromere protein I
1874,-1,-2.86146543952776,-3.95985830654836,-1.76307257250716,3.29088945649653e-07,0,1,26.0710056662864,3.29088945649654e-07,FALSE,1.36068204874734e-05,36,E2F4,E2F transcription factor 4
297,-1,-1.89534114419861,-2.42851071474587,-1.36217157365135,3.22874515886787e-12,0,1,48.5445246381515,3.22874515886786e-12,FALSE,5.94676153806028e-10,37,,
273,-1,-3.1768085890762,-4.47635560501414,-1.87726157313826,1.65760848775987e-06,0,1,22.9558979731455,1.65760848775988e-06,FALSE,4.97528117955779e-05,38,AMPH,amphiphysin
2001,-1,-1.6738527797512,-2.08347085258542,-1.26423470691698,1.15507226131745e-15,0,1,64.1464280243986,1.15507226131746e-15,FALSE,3.12023520190554e-13,39,ELF5,E74 like ETS transcription factor 5
3257,1,2.38525825797034,1.55009396301308,3.2204225529276,2.17182551195274e-08,0,1,31.3345282113272,2.17182551195274e-08,FALSE,1.46670616240542e-06,40,HPS1,HPS1 biogenesis of lysosomal organelles complex 3 subunit 1
490,-1,-2.28232630574843,-3.06007844637485,-1.50457416512201,8.84309130692487e-09,0,1,33.0802835616684,8.84309130692484e-09,FALSE,7.0259227403254e-07,41,ATP2B1,ATPase plasma membrane Ca2+ transporting 1
2214,-1,-2.18749194533853,-2.91029346308781,-1.46469042758925,2.99905886258168e-09,0,1,35.1844685478672,2.99905886258169e-09,FALSE,2.89337774075738e-07,42,FCGR3A,Fc gamma receptor IIIa
447,-1,-2.40763500909552,-3.27019141779992,-1.54507860039112,4.47996029066041e-08,0,1,29.9297072493718,4.4799602906604e-08,FALSE,2.66952927908176e-06,43,,
4312,-1,-2.03690412016611,-2.68117789646747,-1.39263034386475,5.77232773344481e-10,0,1,38.3969250339014,5.77232773344484e-10,FALSE,7.08771878058133e-08,44,MMP1,matrix metallopeptidase 1
766,1,2.03306508339553,1.38104342743664,2.68508673935442,9.87901282040194e-10,0,1,37.3486324626252,9.87901282040195e-10,FALSE,1.17734588083143e-07,45,CA7,carbonic anhydrase 7
503,-1,-2.09270484318853,-2.78413597737286,-1.40127370900421,2.99117325387815e-09,0,1,35.1895957837996,2.99117325387816e-09,FALSE,2.89337774075738e-07,46,,
933,-1,-2.69127194667274,-3.74483677789702,-1.63770711544846,5.53948608183679e-07,0,1,25.0662184747188,5.53948608183678e-07,FALSE,2.10042786018416e-05,47,CD22,CD22 molecule
830,1,1.76261271193094,1.24703141512663,2.27819400873525,2.07693939724308e-11,0,1,44.8968290363938,2.07693939724308e-11,FALSE,3.1169475694922e-09,48,CAPZA2,capping actin protein of muscle Z-line subunit alpha 2
13216,-1,-1.49986483868009,-1.87021823588886,-1.12951144147132,2.06292667179821e-15,0,1,63.003948049134,2.06292667179821e-15,FALSE,4.64387715229241e-13,49,,
387,-1,-2.09395034406453,-2.84620258328923,-1.34169810483983,4.87785691475433e-08,0,1,29.7647309280445,4.87785691475434e-08,FALSE,2.82358231694065e-06,50,RHOA,ras homolog family member A
733,-1,-4.52671571437519,-6.76961022100082,-2.28382120774956,7.63134417892817e-05,0,1,15.6474988874869,7.63134417892816e-05,FALSE,0.00114952440940583,51,C8G,complement C8 gamma chain
706,-1,-1.77788057060067,-2.34900484428709,-1.20675629691426,1.05230719888879e-09,0,1,37.2254633478678,1.0523071988888e-09,FALSE,1.21827107711354e-07,52,TSPO,translocator protein
3890,-1,-1.55312754861099,-2.00717983322868,-1.0990752639933,2.024616463481e-11,0,1,44.9467917501675,2.02461646348099e-11,FALSE,3.1169475694922e-09,53,KRT84,keratin 84
350,-1,-1.88262527858778,-2.5520696160225,-1.21318094115306,3.55078554153728e-08,0,1,30.3805064139955,3.55078554153729e-08,FALSE,2.28377508163636e-06,54,APOH,apolipoprotein H
1448,1,2.19252537896851,1.33129726363535,3.05375349430167,6.04728254693488e-07,0,1,24.8971159496141,6.04728254693487e-07,FALSE,2.24803567708075e-05,55,CSN3,casein kappa
2030,-1,-1.66996170456832,-2.21652911721647,-1.12339429192017,2.1191417008825e-09,0,1,35.8609455736348,2.11914170088249e-09,FALSE,2.14669054299397e-07,56,SLC29A1,solute carrier family 29 member 1 (Augustine blood group)
53209,-1,-1.74310516496435,-2.33589405024462,-1.15031627968408,8.2482377387846e-09,0,1,33.2156883753275,8.24823773878461e-09,FALSE,6.68437186351104e-07,57,,
1334,-1,-1.94598857335506,-2.67096334074333,-1.22101380596679,1.43300623553001e-07,0,1,27.6777620342355,1.43300623553001e-07,FALSE,7.16856946465134e-06,58,,
2938,1,2.00051865101974,1.24111054120305,2.75992676083643,2.42817247443441e-07,0,1,26.6582066375066,2.42817247443441e-07,FALSE,1.06235981250266e-05,59,GSTA1,glutathione S-transferase alpha 1
452,1,2.01742382792533,1.24012257247812,2.79472508337255,3.63903680509378e-07,0,1,25.8768695067288,3.63903680509378e-07,FALSE,1.474537713424e-05,60,,
1101,-1,-2.08795896924202,-2.91248700747248,-1.26343093101156,6.93294949731641e-07,0,1,24.6336771428682,6.93294949731641e-07,FALSE,2.48604525337399e-05,61,CHAD,chondroadherin
682,1,2.25425605609664,1.3186173267128,3.18989478548048,2.33322445113189e-06,0,1,22.2990464017384,2.3332244511319e-06,FALSE,6.65790526477917e-05,62,BSG,basigin (Ok blood group)
575,-1,-1.58253257184465,-2.10588458462185,-1.05918055906745,3.09239406245929e-09,0,1,35.1247870097171,3.0923940624593e-09,FALSE,2.91404203281047e-07,63,ADGRB1,adhesion G protein-coupled receptor B1
448,1,1.845776498248,1.15059217676998,2.54096081972603,1.9517055402118e-07,0,1,27.0803621621558,1.9517055402118e-07,FALSE,8.88574252689688e-06,64,,
320,-1,-1.49603582967923,-1.97930467083409,-1.01276698852437,1.3001261259764e-09,0,1,36.8131162427794,1.3001261259764e-09,FALSE,1.41610871288384e-07,65,APBA1,amyloid beta precursor protein binding family A member 1
525307,1,1.6045116722912,1.04846003528632,2.16056330929608,1.55336194852864e-08,0,1,31.9853933785151,1.55336194852863e-08,FALSE,1.1042495816558e-06,66,,
343,1,1.62058354195537,1.05107739319883,2.19008969071191,2.44332810895369e-08,0,1,31.1058587408406,2.44332810895369e-08,FALSE,1.62301073729186e-06,67,AQP8,aquaporin 8
609,1,3.10123424691293,1.60685661450062,4.59561187932524,4.75302484169116e-05,0,1,16.5441556572024,4.75302484169115e-05,FALSE,0.000795837052005479,68,,
1073,-1,-1.76662339590985,-2.42822441510333,-1.10502237671637,1.6629014574388e-07,0,1,27.3899857400063,1.6629014574388e-07,FALSE,7.83497291342096e-06,69,CFL2,cofilin 2
2795,-1,-1.53852057819943,-2.0635110135578,-1.01353014284106,9.25700600359145e-09,0,1,32.9913447872927,9.25700600359145e-09,FALSE,7.21334390895241e-07,70,,
1211,-1,-1.93196889578377,-2.70566906075677,-1.15826873081077,9.87413822448883e-07,0,1,23.9525118295729,9.87413822448883e-07,FALSE,3.25284618582348e-05,71,CLTA,clathrin light chain A
450,-1,-1.80558426502338,-2.50037776246938,-1.11079076757738,3.51648028676021e-07,0,1,25.9430011141508,3.5164802867602e-07,FALSE,1.43927051736893e-05,72,,
1724,-1,-2.02619925199732,-2.87775522890177,-1.17464327509287,3.10794089896839e-06,0,1,21.7487389459984,3.10794089896838e-06,FALSE,8.68508725697924e-05,73,,
1613,-1,-1.54456750288542,-2.09747518152266,-0.991659824248176,4.36943855860666e-08,0,1,29.9781429199526,4.36943855860666e-08,FALSE,2.64253209544391e-06,74,DAPK3,death associated protein kinase 3
1237,-1,-1.36063446713418,-1.79907588141181,-0.92219305285655,1.18365588155164e-09,0,1,36.9961028743119,1.18365588155164e-09,FALSE,1.33227045334646e-07,75,CCR8,C-C motif chemokine receptor 8
1250,-1,-1.60130987417962,-2.19582131092024,-1.006798437439,1.29790926269544e-07,0,1,27.8693293571476,1.29790926269544e-07,FALSE,6.57391041555241e-06,76,,
1015,-1,-1.38405493696055,-1.846113546751,-0.921996327170103,4.33447341163972e-09,0,1,34.4674143813706,4.33447341163973e-09,FALSE,3.81810570955742e-07,77,CDH17,cadherin 17
1098,-1,-1.4501184497328,-1.95459903966717,-0.945637859798425,1.76206074166914e-08,0,1,31.7405330239346,1.76206074166913e-08,FALSE,1.2310120905592e-06,78,,
1491,-1,-1.69389511672304,-2.35308866027504,-1.03470157317104,4.74327193704594e-07,0,1,25.3654939566907,4.74327193704595e-07,FALSE,1.83045122751525e-05,79,CTH,cystathionine gamma-lyase
1020,1,1.42893311164536,0.930160866513791,1.92770535677693,1.96445407580649e-08,0,1,31.5293795658201,1.9644540758065e-08,FALSE,1.34914710426575e-06,80,CDK5,cyclin dependent kinase 5
1344,-1,-1.51785756210719,-2.07495459736074,-0.960760526853643,9.29024295131773e-08,0,1,28.5165199596014,9.29024295131775e-08,FALSE,5.01920859183193e-06,81,,
824,1,1.97559329028572,1.12753609511442,2.82365048545702,4.97503070143235e-06,0,1,20.8468758795902,4.97503070143235e-06,FALSE,0.000130056931627122,82,CAPN2,calpain 2
866,1,1.20969804736702,0.847515203289773,1.57188089144427,5.89723579051378e-11,0,1,42.8542986439666,5.8972357905138e-11,FALSE,7.96519980772062e-09,83,SERPINA6,serpin family A member 6
561,1,1.61128441496686,0.989681137745481,2.23288769218824,3.76430071103678e-07,0,1,25.8115451823875,3.76430071103678e-07,FALSE,1.49538690991383e-05,84,,
13330,-1,-1.24211789111017,-1.62899273107376,-0.855243051146577,3.11892090908808e-10,0,1,39.5986922158858,3.11892090908807e-10,FALSE,3.94933360113278e-08,85,,
538,-1,-1.76521972183781,-2.49713957929165,-1.03329986438397,2.27888985959478e-06,0,1,22.3442953813859,2.27888985959479e-06,FALSE,6.56264201741348e-05,86,ATP7A,ATPase copper transporting alpha
1991,-1,-1.5795322463242,-2.20247316288816,-0.956591329760243,6.70583246764594e-07,0,1,24.6978677048886,6.70583246764593e-07,FALSE,2.42607438918762e-05,87,ELANE,"elastase, neutrophil expressed"
653,-1,-1.66289463112681,-2.33960660202385,-0.986182660229771,1.4628171301499e-06,0,1,23.1962577604303,1.4628171301499e-06,FALSE,4.45664286568977e-05,88,BMP5,bone morphogenetic protein 5
1743,1,1.42904705116137,0.901667291068741,1.956426811254,1.09062949261119e-07,0,1,28.2060532592959,1.09062949261119e-07,FALSE,5.81010519569801e-06,89,DLST,dihydrolipoamide S-succinyltransferase
1059,1,1.35816170494181,0.872787687068889,1.84353572281473,4.15055151053603e-08,0,1,30.077801865309,4.15055151053604e-08,FALSE,2.62781792510813e-06,90,CENPB,centromere protein B
5609,1,7.59970876499379,3.16741790675046,12.0319996232371,0.000777734460951058,0,1,11.2936305617856,0.000777734460951059,FALSE,0.00667665261816459,91,MAP2K7,mitogen-activated protein kinase kinase 7
760,-1,-1.42836516941056,-1.96292100959359,-0.893809329227533,1.63083133784793e-07,0,1,27.4276454895076,1.63083133784793e-07,FALSE,7.77426891877624e-06,92,CA2,carbonic anhydrase 2
648,1,1.45597375678171,0.903305551446067,2.00864196211735,2.42482785478755e-07,0,1,26.6608698641311,2.42482785478755e-07,FALSE,1.06235981250266e-05,93,BMI1,"BMI1 proto-oncogene, polycomb ring finger"
843,-1,-1.71492302290184,-2.43510333311491,-0.99474271268877,3.05410858716592e-06,0,1,21.7822609495103,3.05410858716594e-06,FALSE,8.59392221888633e-05,94,CASP10,caspase 10
18,2,1.38113242560079,0.868505335487937,1.89375951571365,1.28773589027639e-07,0.848855283618532,0.356876374276216,27.8845550618875,1.28773589027639e-07,FALSE,6.57391041555241e-06,95,ABAT,4-aminobutyrate aminotransferase
7404,-1,-1.47840244840467,-2.06328432632813,-0.89352057048121,7.26324632371689e-07,0,1,24.5439918261786,7.26324632371688e-07,FALSE,2.581638079272e-05,96,UTY,"ubiquitously transcribed tetratricopeptide repeat containing, Y-linked"
1196,1,1.63850048520065,0.947267383367431,2.32973358703387,3.38592086647665e-06,0,1,21.584414660385,3.38592086647665e-06,FALSE,9.39708996641328e-05,97,CLK2,CDC like kinase 2
23,2,1.7605032666738,0.989947963039522,2.53105857030808,7.53564333080433e-06,0.00173635703279234,0.966762074540413,20.0522090949706,7.53564333080433e-06,FALSE,0.000186185529124507,98,ABCF1,ATP binding cassette subfamily F member 1
505,1,1.39160461183666,0.858632351156789,1.92457687251653,3.09583195609263e-07,0,1,26.1889863014038,3.09583195609264e-07,FALSE,1.29322794701931e-05,99,,
685,1,1.45844298815314,0.881106328461894,2.03577964784439,7.37661437495704e-07,0,1,24.5141492184043,7.37661437495703e-07,FALSE,2.59913403889791e-05,100,BTC,betacellulin
2769,-1,-1.55334833235703,-2.19428844776791,-0.912408216946152,2.03351937798255e-06,0,1,22.5631112426836,2.03351937798255e-06,FALSE,5.9708844344821e-05,101,GNA15,G protein subunit alpha 15
1050,-1,-1.23308945117595,-1.66865407011118,-0.797524832240723,2.87826042166336e-08,0,1,30.787906411525,2.87826042166336e-08,FALSE,1.88108245622257e-06,102,CEBPA,CCAAT enhancer binding protein alpha
3112,-1,-1.18631198222801,-1.59205230431608,-0.780571660139939,1.00085795393678e-08,0,1,32.8395862491714,1.00085795393678e-08,FALSE,7.51014153583674e-07,103,HLA-DOB,"major histocompatibility complex, class II, DO beta"
136,1,1.84012571513376,1.00538852104956,2.67486290921796,1.55593177945561e-05,0,1,18.6677355815867,1.55593177945561e-05,FALSE,0.000328366435955945,104,ADORA2B,adenosine A2b receptor
1536,1,1.01140679541526,0.714095200406541,1.30871839042398,2.60222302663628e-11,0,1,44.4553693527418,2.60222302663628e-11,FALSE,3.76578846568935e-09,105,CYBB,cytochrome b-245 beta chain
131745,-1,-1.43626694318328,-2.01093354252537,-0.861600343841186,9.65478310620948e-07,0,1,23.9957650062055,9.65478310620948e-07,FALSE,3.23315546664139e-05,106,,
897,-1,-1.22511432602539,-1.66331527445293,-0.786913377597849,4.26211283444826e-08,0,1,30.0263672685819,4.26211283444826e-08,FALSE,2.64253209544391e-06,107,,
5761,-1,-1.27404511801205,-1.74442054243216,-0.803669693591939,1.10409205347667e-07,0,1,28.1823076614667,1.10409205347667e-07,FALSE,5.81010519569801e-06,108,,
2216,-1,-1.15860136784241,-1.55463907154654,-0.762563664138284,9.81817709582849e-09,0,1,32.8769248057322,9.81817709582848e-09,FALSE,7.50627426269756e-07,109,,
5768,1,1.12949677972624,0.745789588842398,1.51320397061008,7.95385953048131e-09,0,1,33.2863595320635,7.95385953048132e-09,FALSE,6.57735486071638e-07,110,QSOX1,quiescin sulfhydryl oxidase 1
662,-1,-1.5200603849156,-2.16305922500822,-0.877061544822979,3.59728065771469e-06,0,1,21.4682915509247,3.59728065771469e-06,FALSE,9.91576954085709e-05,111,BNIP1,BCL2 interacting protein 1
2029,-1,-1.8519848919521,-2.71331094004182,-0.990658843862377,2.50634851134817e-05,0,1,17.7597111692691,2.50634851134817e-05,FALSE,0.000474566549905738,112,ENSA,endosulfine alpha
7306,-1,-1.34381553711223,-1.87230161838737,-0.81532945583709,6.23712451770669e-07,0,1,24.8375291944747,6.23712451770668e-07,FALSE,2.29752986779523e-05,113,TYRP1,tyrosinase related protein 1
1190,-1,-1.96835336003955,-2.90741071128547,-1.02929600879363,3.98632907548442e-05,0,1,16.8778872063513,3.98632907548442e-05,FALSE,0.000693244867547763,114,,
9302,1,3.84906511630188,1.67676343804649,6.02136679455727,0.000515006252589242,0,1,12.0605308305589,0.000515006252589243,FALSE,0.00483056790623058,115,,
1258,1,1.91803393675909,1.00785622319783,2.82821165032035,3.62341364221041e-05,0,1,17.0591096907771,3.62341364221041e-05,FALSE,0.000641138518700287,116,CNGB1,cyclic nucleotide gated channel subunit beta 1
1807,-1,-2.35108496677085,-3.54650613904954,-1.15566379449216,0.000115851080313832,0,1,14.8590465857041,0.000115851080313832,FALSE,0.00155031801207909,117,DPYS,dihydropyrimidinase
331,-1,-1.54901889242679,-2.21707813850627,-0.880959646347313,5.50556360442016e-06,0,1,20.6528339389957,5.50556360442016e-06,FALSE,0.000142092635191786,118,XIAP,X-linked inhibitor of apoptosis
954,-1,-1.46008242785076,-2.07016775786957,-0.849997097831947,2.72311826883917e-06,0,1,22.0023853270401,2.72311826883918e-06,FALSE,7.71613652121422e-05,119,ENTPD2,ectonucleoside triphosphate diphosphohydrolase 2
521,1,1.27444728956525,0.782587097214472,1.76630748191603,3.80594157821155e-07,0,1,25.7903114880874,3.80594157821154e-07,FALSE,1.4972500266906e-05,120,ATP5ME,ATP synthase membrane subunit e
529,-1,-1.35805161275915,-1.90692236966135,-0.80918085585695,1.23791811319058e-06,0,1,23.517358939501,1.23791811319058e-06,FALSE,3.91878452706893e-05,121,ATP6V1E1,ATPase H+ transporting V1 subunit E1
1582,-1,-1.93112040438747,-2.86380243270825,-0.998438376066686,4.94714258378438e-05,0,1,16.4682583076677,4.94714258378438e-05,FALSE,0.000813953539291429,122,CYP8B1,cytochrome P450 family 8 subfamily B member 1
293,-1,-1.28797903840516,-1.79827870890656,-0.777679367903758,7.54114510336031e-07,0,1,24.4716468247241,7.54114510336032e-07,FALSE,2.63419999644965e-05,123,SLC25A6,solute carrier family 25 member 6
863,1,2.02660425907287,1.02555938402723,3.02764913411851,7.25010281388653e-05,0,1,15.7444317616788,7.25010281388652e-05,FALSE,0.00110441415796497,124,CBFA2T3,CBFA2/RUNX1 partner transcriptional co-repressor 3
2628,-1,-1.51569011928561,-2.17834164925513,-0.85303858931609,7.35846663003432e-06,0,1,20.0977116496732,7.35846663003431e-06,FALSE,0.000182923354508583,125,GATM,glycine amidinotransferase
4010,1,1.23256634320273,0.757440750106442,1.70769193629902,3.68556685597965e-07,0,1,25.8523449279186,3.68556685597965e-07,FALSE,1.4786056337059e-05,126,LMX1B,LIM homeobox transcription factor 1 beta
5920,-1,-1.75030174908391,-2.57328002153297,-0.927323476634849,3.06703171803408e-05,0,1,17.3758195046971,3.06703171803409e-05,FALSE,0.000565453266131258,127,PLAAT4,phospholipase A and acyltransferase 4
327,-1,-1.49947950447472,-2.15626793470339,-0.842691074246053,7.65215979484843e-06,0,1,20.0228669945029,7.65215979484841e-06,FALSE,0.000187918493871066,128,APEH,acylaminoacyl-peptide hydrolase
1298,-1,-1.64767167308366,-2.40339483030686,-0.891948515860461,1.9266352126369e-05,0,1,18.2604750734538,1.92663521263691e-05,FALSE,0.000390336294080237,129,COL9A2,collagen type IX alpha 2 chain
4917,-1,-1.57008159886909,-2.27471074177541,-0.865452455962767,1.25811070991017e-05,0,1,19.0730183658107,1.25811070991017e-05,FALSE,0.000280102450360221,130,NTN3,netrin 3
2311,-1,-1.26334970219604,-1.76645745620374,-0.760241948188344,8.58179042222168e-07,0,1,24.2226316531139,8.58179042222167e-07,FALSE,2.89778456590352e-05,131,,
934,1,1.17226372002018,0.727913097697102,1.61661434234326,2.33244255306747e-07,0,1,26.7359269098032,2.33244255306748e-07,FALSE,1.05011746944771e-05,132,,
992,1,1.25972231033517,0.755477481252336,1.763967139418,9.7582709177862e-07,0,1,23.9752374675852,9.75827091778624e-07,FALSE,3.24102571794014e-05,133,,
1960,-1,-2.20527956335743,-3.34112047094385,-1.06943865577101,0.000141605662566658,0,1,14.4806639803481,0.000141605662566658,FALSE,0.00178194454882018,134,EGR3,early growth response 3
328,-1,-1.84844211853074,-2.74662089779308,-0.950263339268403,5.49324201522583e-05,0,1,16.269803717142,5.49324201522583e-05,FALSE,0.00088531717845462,135,APEX1,apurinic/apyrimidinic endodeoxyribonuclease 1
565,-1,-1.38020503758624,-1.97352334137587,-0.78688673379661,5.13095745337109e-06,0,1,20.7877701165893,5.1309574533711e-06,FALSE,0.000133273330776023,136,,
3090,1,1.52209179150296,0.832936178366633,2.21124740463929,1.49896082038272e-05,0,1,18.7388646417868,1.49896082038271e-05,FALSE,0.000321364510274644,137,HIC1,HIC ZBTB transcriptional repressor 1
9075,1,1.34365670958109,0.773783861806394,1.91352955735579,3.81454600350122e-06,0,1,21.35585199034,3.81454600350123e-06,FALSE,0.000104436083825588,138,CLDN2,claudin 2
798,1,1.54935078996168,0.84096894317575,2.25773263674761,1.81287867108913e-05,0,1,18.3764175885921,1.81287867108913e-05,FALSE,0.000370999210871372,139,,
4393,-1,-1.9969616097135,-3.00967384587992,-0.984249373547081,0.000111161111663972,0,1,14.9370040612364,0.000111161111663972,FALSE,0.00151658190054685,140,,
195,-2,-1.33383058689683,-1.90597454434468,-0.76168662944899,4.89508828505371e-06,1.12945117724831,0.287892434034422,20.8779039552581,4.89508828505371e-06,FALSE,0.00012879803721453,141,,
970,-1,-1.52520364932481,-2.22608459172327,-0.824322706926351,1.99791091307062e-05,0,1,18.1912838696828,1.99791091307062e-05,FALSE,0.000398794828559713,142,CD70,CD70 molecule
1037,1,1.76782312128478,0.901646141464463,2.6340001011051,6.32925257206235e-05,0,1,16.0014937663092,6.32925257206236e-05,FALSE,0.000986389670076795,143,,
4775,1,1.08100280815135,0.675314045198585,1.48669157110412,1.7648358725176e-07,0,1,27.2749441105225,1.7648358725176e-07,FALSE,8.21967236257625e-06,144,NFATC3,nuclear factor of activated T cells 3
491791,-1,-1.14145441981863,-1.5883267988021,-0.694582040835161,5.54653951233231e-07,0,1,25.0637647950984,5.54653951233229e-07,FALSE,2.10042786018416e-05,145,,
4720,1,1.07970648626388,0.67378069663264,1.48563227589512,1.85577304929933e-07,0,1,27.1778010065812,1.85577304929934e-07,FALSE,8.54499135881919e-06,146,NDUFS2,NADH:ubiquinone oxidoreductase core subunit S2
1387,-1,-1.02858746796887,-1.40087726834395,-0.656297667593786,6.1247203280309e-08,0,1,29.3235376576231,6.12472032803092e-08,FALSE,3.39963928344948e-06,147,CREBBP,CREB binding protein
783,1,1.23244445728198,0.72138549132295,1.74350342324101,2.2836439399193e-06,0,1,22.3402932824082,2.2836439399193e-06,FALSE,6.56264201741348e-05,148,CACNB2,calcium voltage-gated channel auxiliary subunit beta 2
1094,-1,-1.26808774769611,-1.80799103489037,-0.728184460501853,4.15591417436557e-06,0,1,21.1915562602716,4.15591417436559e-06,FALSE,0.000113018551909593,149,,
984,-1,-1.18229023615772,-1.66502645282227,-0.699554019493172,1.58481195056871e-06,0,1,23.0422361505497,1.58481195056871e-06,FALSE,4.7922821072421e-05,150,CDK11B,cyclin dependent kinase 11B
2444,-1,-1.03566843226712,-1.42201094642474,-0.649325918109505,1.48769662024527e-07,0,1,27.6053117783676,1.48769662024527e-07,FALSE,7.26282735570343e-06,151,FRK,fyn related Src family tyrosine kinase
15980,-1,-1.01635384735574,-1.39288066665354,-0.639827028057942,1.21979235499452e-07,0,1,27.9894408011463,1.21979235499452e-07,FALSE,6.33666490056129e-06,152,,
2462,-1,-1.10824438050452,-1.54865545459348,-0.66783330641556,8.138088824034e-07,0,1,24.3248850284345,8.13808882403399e-07,FALSE,2.79453694194795e-05,153,,
1131,-1,-1.73068491650647,-2.59294960768952,-0.86842022532342,8.35716931633003e-05,0,1,15.4757246593591,8.35716931633002e-05,FALSE,0.00122250000251875,154,CHRM3,cholinergic receptor muscarinic 3
4266,1,1.3974820933465,0.758636502402423,2.03632768429058,1.8074095981239e-05,0,1,18.3821743911539,1.80740959812389e-05,FALSE,0.000370999210871372,155,,
2878,-1,-1.11614277336354,-1.56411205201122,-0.668173494715861,1.04288031988367e-06,0,1,23.8473004012561,1.04288031988367e-06,FALSE,3.4078637549747e-05,156,GPX3,glutathione peroxidase 3
4739,1,1.83640602097561,0.897901430659838,2.77491061129138,0.000125496509656399,0,1,14.7082429793157,0.000125496509656399,FALSE,0.00162984569592221,157,NEDD9,"neural precursor cell expressed, developmentally down-regulated 9"
1111,1,1.07622963192219,0.654344741485081,1.4981145223593,5.73677753100681e-07,0,1,24.9987405603934,5.73677753100682e-07,FALSE,2.152353940337e-05,158,CHEK1,checkpoint kinase 1
1748,1,1.11442168522045,0.666403528634475,1.56243984180642,1.08638983910031e-06,0,1,23.7686251278732,1.08638983910031e-06,FALSE,3.52164130242755e-05,159,DLX4,distal-less homeobox 4
2724,1,0.961493438604403,0.616247830280011,1.30673904692879,4.80413904915731e-08,0,1,29.7942533281267,4.80413904915732e-08,FALSE,2.82121325031673e-06,160,,
873,-1,-1.08522060216161,-1.51534274875401,-0.65509845556921,7.61081765015412e-07,0,1,24.453928205995,7.61081765015413e-07,FALSE,2.63581479644654e-05,161,CBR1,carbonyl reductase 1
234,1,1.63277907318068,0.827132457275737,2.43842568908562,7.12123768611303e-05,0,1,15.7783599266347,7.12123768611304e-05,FALSE,0.00108887755109925,162,,
489,1,1.10243990497103,0.654235317831749,1.55064449211031,1.42923154908483e-06,0,1,23.2409265426115,1.42923154908483e-06,FALSE,4.38730775522102e-05,163,ATP2A3,ATPase sarcoplasmic/endoplasmic reticulum Ca2+ transporting 3
8673,-1,-1.53182012425092,-2.27318523655572,-0.790455011946121,5.12815660149578e-05,0,1,16.4001354107985,5.12815660149578e-05,FALSE,0.000831171621970435,164,VAMP8,vesicle associated membrane protein 8
1575,1,1.98616146003435,0.927863660178913,3.04445925988979,0.000234734451857972,0,1,13.530364503212,0.000234734451857972,FALSE,0.00267927887022113,165,,
625,1,1.51378959130831,0.773772042898342,2.25380713971828,6.08917867179247e-05,0,1,16.0747110311367,6.08917867179246e-05,FALSE,0.000963802811644651,166,,
342,2,0.911193161293692,0.582326925393956,1.24005939719343,5.61985962664556e-08,0.257812880318164,0.61162673246717,29.4902537971835,5.61985962664555e-08,FALSE,3.16273211210664e-06,167,,
3555,1,0.955678489772034,0.591370822947066,1.319986156597,2.72523578169514e-07,0,1,26.4352354078267,2.72523578169515e-07,FALSE,1.17475057313071e-05,168,,
2164,-1,-1.32334266921178,-1.93963172137747,-0.707053617046086,2.56976502747585e-05,0,1,17.712175550194,2.56976502747585e-05,FALSE,0.000479847368264153,169,,
1988,-1,-1.30187842539465,-1.90356064908442,-0.700196201704883,2.22690140379549e-05,0,1,17.9846785781283,2.22690140379549e-05,FALSE,0.000437893586406906,170,,
1213,1,1.59657868408127,0.792911612060404,2.40024575610214,9.87276248262618e-05,0,1,15.1608826451615,9.87276248262618e-05,FALSE,0.00139665641475979,171,CLTC,clathrin heavy chain
3688,-1,-1.26379425411728,-1.84066230701071,-0.686926201223846,1.75592449287451e-05,0,1,18.4372421008411,1.75592449287452e-05,FALSE,0.000363010512506506,172,ITGB1,integrin subunit beta 1
627,1,1.58781926085186,0.787785526135862,2.38785299556786,0.000100276582406524,0,1,15.1314906359398,0.000100276582406524,FALSE,0.00141083580524735,173,BDNF,brain derived neurotrophic factor
94416,1,1.0283094862353,0.611963234357251,1.44465573811335,1.29316499431485e-06,0,1,23.4333591012784,1.29316499431485e-06,FALSE,4.03069581304906e-05,174,,
473,1,1.53664864080067,0.767404525227316,2.30589275637402,9.03140017516977e-05,0,1,15.329110994403,9.03140017516978e-05,FALSE,0.00129770331594993,175,RERE,arginine-glutamic acid dipeptide repeats
180,1,1.22948315866125,0.670780972957422,1.78818534436508,1.60975636128677e-05,0,1,18.6028982079449,1.60975636128677e-05,FALSE,0.00033796542880487,176,,
4986,-1,-1.23950615299893,-1.80512294711085,-0.673889358887008,1.74605249416024e-05,0,1,18.4479861615902,1.74605249416024e-05,FALSE,0.000362820754171143,177,OPRK1,opioid receptor kappa 1
318,1,1.20105568344229,0.661495705149472,1.74061566173511,1.28371754116851e-05,0,1,19.034567369381,1.28371754116851e-05,FALSE,0.000282023970703968,178,NUDT2,nudix hydrolase 2
1544,-1,-1.26859427303287,-1.85496314250846,-0.682225403557276,2.23188740595419e-05,0,1,17.9804213291502,2.23188740595418e-05,FALSE,0.000437893586406906,179,CYP1A2,cytochrome P450 family 1 subfamily A member 2
65,2,1.17335681522766,0.649413697087404,1.69729993336792,1.13722522533208e-05,0.307062084018079,0.579488628499088,19.2658467631548,1.13722522533209e-05,FALSE,0.000260341051584497,180,,
57,-2,-0.91332232980316,-1.26260165473101,-0.564043004875312,2.97436792241042e-07,0.538252087256887,0.463158022201636,26.2662803748597,2.97436792241042e-07,FALSE,1.25543112725073e-05,181,,
5833,1,1.55868397479487,0.761022765679469,2.35634518391027,0.000128194175466157,0,1,14.6681511902884,0.000128194175466157,FALSE,0.00164902475869482,182,PCYT2,"phosphate cytidylyltransferase 2, ethanolamine"
36328,-1,-0.899566226076784,-1.2429523954737,-0.556180056679865,2.82890196892686e-07,0,1,26.3631236854339,2.82890196892687e-07,FALSE,1.20660113453596e-05,183,,
395,-1,-1.21431954583022,-1.77566981670874,-0.652969274951697,2.23701807468484e-05,0,1,17.976050521666,2.23701807468483e-05,FALSE,0.000437893586406906,184,ARHGAP6,Rho GTPase activating protein 6
134,2,0.875232004894046,0.548115209217736,1.20234880057036,1.57072997600528e-07,0.643092497739282,0.422593172528713,27.5002648107039,1.57072997600528e-07,FALSE,7.57690221758737e-06,185,ADORA1,adenosine A1 receptor
5578,-1,-0.891586931086534,-1.23008934006673,-0.553084522106334,2.43828880954461e-07,0,1,26.6501736069909,2.43828880954461e-07,FALSE,1.06235981250266e-05,186,PRKCA,protein kinase C alpha
7542,-1,-0.965477019831529,-1.35558269116795,-0.575371348495108,1.23003283747195e-06,0,1,23.5296537432259,1.23003283747195e-06,FALSE,3.91878452706893e-05,187,ZFPL1,zinc finger protein like 1
344,1,1.16241836570925,0.635863170015219,1.68897356140328,1.51292374894601e-05,0,1,18.7211836303312,1.51292374894601e-05,FALSE,0.000322650896354169,188,APOC2,apolipoprotein C2
1812,-1,-0.869742104139109,-1.19394987022002,-0.545534338058196,1.45682381955621e-07,0,1,27.6458752551375,1.45682381955622e-07,FALSE,7.19884160590459e-06,189,DRD1,dopamine receptor D1
814,1,1.11785336255854,0.620640038177466,1.61506668693961,1.05072038187295e-05,0,1,19.416919956698,1.05072038187295e-05,FALSE,0.000243286799277096,190,CAMK4,calcium/calmodulin dependent protein kinase IV
651,-1,-1.09033626481049,-1.5702275381444,-0.610444991476579,8.4626178763831e-06,0,1,19.8303961950638,8.46261787638307e-06,FALSE,0.000202902530385233,191,BMP3,bone morphogenetic protein 3
92549,-1,-0.932280455260691,-1.30295087933701,-0.561610031184371,8.24218275122039e-07,0,1,24.3004027398117,8.24218275122039e-07,FALSE,2.80649785781051e-05,192,,
6697,-1,-1.43677484157493,-2.15858609778278,-0.714963585367081,9.56639707121743e-05,0,1,15.2204085789128,9.56639707121743e-05,FALSE,0.00136489580748497,193,SPR,sepiapterin reductase
1908,-1,-1.59284064694761,-2.42329443699091,-0.76238685690431,0.000170401423698208,0,1,14.1322040199553,0.000170401423698208,FALSE,0.00206109423529892,194,EDN3,endothelin 3
1507,1,1.09791440614009,0.609842681063779,1.5859861312164,1.03883945568111e-05,0,1,19.4386388724691,1.03883945568111e-05,FALSE,0.000241918245656314,195,,
377,1,1.14893890644536,0.621385398256882,1.67649241463384,1.96763861855113e-05,0,1,18.2203629373561,1.96763861855113e-05,FALSE,0.000394696617939068,196,ARF3,ADP ribosylation factor 3
1150,1,1.10822750255205,0.605896264218427,1.61055874088567,1.53217386569615e-05,0,1,18.6970744246079,1.53217386569615e-05,FALSE,0.000325045471403183,197,,
2936,1,1.15062645768472,0.616614731899787,1.68463818346965,2.40961840273642e-05,0,1,17.8345972961534,2.40961840273641e-05,FALSE,0.000461304103967473,198,GSR,glutathione-disulfide reductase
1818,-1,-1.8492411519728,-2.87157096857257,-0.826911335373034,0.000392195348776133,0,1,12.5690144703383,0.000392195348776133,FALSE,0.00394336365568459,199,,
2403,1,0.935359127393617,0.550363539079787,1.32035471570745,1.91878215173068e-06,0,1,22.6746949577304,1.91878215173068e-06,FALSE,5.67511334219907e-05,200,,
925,-1,-0.928902857814733,-1.30965043995229,-0.548155275677181,1.73829323889381e-06,0,1,22.8645401774955,1.73829323889381e-06,FALSE,5.17909132646891e-05,201,CD8A,CD8 subunit alpha
590,1,2.53325848292607,1.0366553197887,4.02986164606344,0.000908020665900137,0,1,11.0063134175608,0.000908020665900138,FALSE,0.0073733461687923,202,BCHE,butyrylcholinesterase
2138,-1,-1.03105342615884,-1.48383419194076,-0.578272660376919,8.07642164743774e-06,0,1,19.9196903098262,8.07642164743773e-06,FALSE,0.000197142533225408,203,EYA1,EYA transcriptional coactivator and phosphatase 1
789,-1,-0.937962935134481,-1.32663053103806,-0.549295339230897,2.245885840862e-06,0,1,22.3723120347841,2.245885840862e-06,FALSE,6.54699958789412e-05,204,,
474,-1,-1.31292674192087,-1.96444219637569,-0.661411287466048,7.82499386441653e-05,0,1,15.6001123642957,7.82499386441653e-05,FALSE,0.00117432870883762,205,ATOH1,atonal bHLH transcription factor 1
2815,1,1.32882898452482,0.665399005604243,1.9922589634454,8.6461699148132e-05,0,1,15.4114741444916,8.64616991481322e-05,FALSE,0.00125570897830907,206,GP9,glycoprotein IX platelet
956,-1,-1.05512352260655,-1.52709874011485,-0.583148305098247,1.17813825219906e-05,0,1,19.1983719662372,1.17813825219906e-05,FALSE,0.000266693642341373,207,ENTPD3,ectonucleoside triphosphate diphosphohydrolase 3
3926,-1,-1.54781838850303,-2.36591965317927,-0.72971712382679,0.000208752689865151,0,1,13.7506129494149,0.000208752689865151,FALSE,0.00242368452531115,208,,
2100,-1,-1.25890266198395,-1.87535306988485,-0.642452254083054,6.26503991788212e-05,0,1,16.0207999406321,6.26503991788211e-05,FALSE,0.000985641418101379,209,ESR2,estrogen receptor 2
237,1,2.69464433516788,1.07731929291368,4.31196937742208,0.00109263628869126,0,1,10.6636151204125,0.00109263628869126,FALSE,0.00849781620302688,210,,
15456,-1,-1.12753821491487,-1.65231586085783,-0.602760568971908,2.54037723148165e-05,0,1,17.7340556960991,2.54037723148165e-05,FALSE,0.000476555951016835,211,,
3295,-1,-1.53415249556671,-2.34722267629153,-0.721082314841887,0.0002171469317883,0,1,13.6765694905712,0.0002171469317883,FALSE,0.00249965729433577,212,HSD17B4,hydroxysteroid 17-beta dehydrogenase 4
6125,-1,-1.03646791708638,-1.50059178106214,-0.572344053110617,1.20360081465206e-05,0,1,19.1575562983958,1.20360081465207e-05,FALSE,0.000270943916720565,213,RPL5,ribosomal protein L5
11562,-1,-1.15479082847289,-1.70221987901583,-0.607361777929951,3.55719697933056e-05,0,1,17.0941359282309,3.55719697933056e-05,FALSE,0.000632182550888046,214,,
1552,-1,-1.10139226642874,-1.61249475351158,-0.5902897793459,2.4043748524736e-05,0,1,17.8387425949167,2.4043748524736e-05,FALSE,0.000461304103967473,215,,
787,-1,-0.973018081753658,-1.39417116403758,-0.551864999469732,5.94782331045855e-06,0,1,20.5049179995281,5.94782331045856e-06,FALSE,0.000152535316797329,216,,
365,-2,-0.826720133534076,-1.14674049113823,-0.506699775929923,4.12178161144658e-07,0.139456081179201,0.70882234096894,25.6364566220544,4.12178161144658e-07,FALSE,1.60590952784438e-05,217,,
15563,-1,-1.17596182729574,-1.74334852936566,-0.608575125225825,4.86107231635503e-05,0,1,16.5015342426618,4.86107231635502e-05,FALSE,0.000807256763355351,218,,
786,1,1.06656805609995,0.576007364448636,1.55712874775126,2.03225056039354e-05,0,1,18.1588288662349,2.03225056039354e-05,FALSE,0.000403660748564443,219,CACNG1,calcium voltage-gated channel auxiliary subunit gamma 1
1466,1,1.49901011280193,0.702114330406314,2.29590589519755,0.000227079980790857,0,1,13.5925910534615,0.000227079980790857,FALSE,0.00259923187052134,220,CSRP2,cysteine and glycine rich protein 2
572,-1,-1.6526733443934,-2.55849302302562,-0.74685366576118,0.000348937209671282,0,1,12.787531730155,0.000348937209671282,FALSE,0.0035794774014887,221,BAD,BCL2 associated agonist of cell death
1590,-1,-0.864043360040491,-1.21497592724241,-0.513110792838573,1.39515219087724e-06,0,1,23.287341360344,1.39515219087724e-06,FALSE,4.31538677666761e-05,222,,
604,-1,-1.87360455115046,-2.94014600727353,-0.80706309502739,0.000575109445772036,0,1,11.8548637078739,0.000575109445772036,FALSE,0.00529623516879157,223,BCL6,BCL6 transcription repressor
1526,-1,-1.10822432282733,-1.63519031244578,-0.581258333208882,3.75826436888696e-05,0,1,16.9897255663968,3.75826436888696e-05,FALSE,0.000659241871113852,224,,
955,1,1.12436569987865,0.585890398380495,1.66284100137681,4.26726370421567e-05,0,1,16.7486490607812,4.26726370421565e-05,FALSE,0.000723470817133134,225,ENTPD6,ectonucleoside triphosphate diphosphohydrolase 6
2150,-1,-0.808349784074976,-1.12653786547419,-0.49016170267576,6.38327433030075e-07,0,1,24.7928823452607,6.38327433030075e-07,FALSE,2.33018266543952e-05,226,F2RL1,F2R like trypsin receptor 1
611,-1,-1.45632833996381,-2.23366463266624,-0.678992047261375,0.000240693335537105,0,1,13.4833216324339,0.000240693335537105,FALSE,0.0027242720547384,227,OPN1SW,"opsin 1, short wave sensitive"
915,1,1.06983849648902,0.566023590306958,1.57365340267108,3.15562099238732e-05,0,1,17.3217034536235,3.15562099238732e-05,FALSE,0.00057338907000688,228,CD3D,CD3 delta subunit of T-cell receptor complex
4410,1,0.89928399684518,0.514966277167994,1.28360171652237,4.51350691155645e-06,0,1,21.0333812708745,4.51350691155645e-06,FALSE,0.000121117417255806,229,,
2094,1,1.06025759101308,0.560466927694674,1.56004825433149,3.21222857392666e-05,0,1,17.2879176684945,3.21222857392666e-05,FALSE,0.000578486674735593,230,,
556,-1,-1.68317201324428,-2.625966639356,-0.740377387132562,0.000466787174200933,0,1,12.2438778414435,0.000466787174200932,FALSE,0.0045141327681675,231,,
268,1,0.964334295096236,0.531189456609356,1.39747913358312,1.27953371497169e-05,0,1,19.0407968315267,1.27953371497169e-05,FALSE,0.000282023970703968,232,AMH,anti-Mullerian hormone
2889,-1,-0.908911646309589,-1.30481948593496,-0.513003806684222,6.80756425461062e-06,0,1,20.2465632910112,6.80756425461063e-06,FALSE,0.000172401564748014,233,RAPGEF1,Rap guanine nucleotide exchange factor 1
24819,-1,-0.79854742222599,-1.11978729308546,-0.477307551366523,1.10398392920621e-06,0,1,23.7377045936661,1.10398392920621e-06,FALSE,3.55027212789171e-05,234,,
6805,-1,-1.19213597786189,-1.79438676120475,-0.589885194519033,0.000104591646993257,0,1,15.0519589319402,0.000104591646993257,FALSE,0.00145138819731739,235,,
908,-1,-0.884974985485005,-1.26898494424253,-0.500965026727481,6.27634663238043e-06,0,1,20.4020213532633,6.27634663238044e-06,FALSE,0.000159948154430223,236,CCT6A,chaperonin containing TCP1 subunit 6A
2170,-1,-1.4443009958069,-2.22719605895031,-0.661405932663491,0.000299442212858182,0,1,13.0738800018549,0.000299442212858182,FALSE,0.0031846190196886,237,FABP3,fatty acid binding protein 3
2019,-1,-1.22033948110975,-1.84643245189985,-0.594246510319647,0.000133325315901035,0,1,14.59418510211,0.000133325315901035,FALSE,0.00170420876981386,238,EN1,engrailed homeobox 1
296,-2,-1.78524795607144,-2.81387364766461,-0.756622264478264,0.000669810471487347,1.66302409098511,0.197195511341418,11.5712036317175,0.000669810471487348,FALSE,0.00595191234751476,239,,
8822,-1,-0.787970115991719,-1.10666039420725,-0.469279837776188,1.25935774264302e-06,0,1,23.4843230270519,1.25935774264302e-06,FALSE,3.95575005673606e-05,240,FGF17,fibroblast growth factor 17
11536,-1,-0.976149794102744,-1.42928138596078,-0.52301820224471,2.41914522000282e-05,0,1,17.8270889927161,2.41914522000282e-05,FALSE,0.000461304103967473,241,,
3387,-1,-1.07643095604011,-1.6035833940658,-0.549278518014416,6.27580172433751e-05,0,1,16.0175504534434,6.27580172433751e-05,FALSE,0.000985641418101379,242,,
2734,-1,-1.01881907461594,-1.50570015367313,-0.531937995558749,4.1082338865792e-05,0,1,16.8207176813676,4.10823388657919e-05,FALSE,0.000708364413124208,243,GLG1,golgi glycoprotein 1
428,-1,-1.08355062643194,-1.61705399208165,-0.550047260782234,6.87108058112474e-05,0,1,15.8460225650737,6.87108058112475e-05,FALSE,0.00105460676192112,244,,
18191,-1,-0.881776293479336,-1.27115710785631,-0.492395479102358,9.06063223856261e-06,0,1,19.6998954434058,9.0606322385626e-06,FALSE,0.000214699893746525,245,,
465,-1,-1.21564208911169,-1.84382763197542,-0.587456546247958,0.0001489270013258,0,1,14.3857253294052,0.0001489270013258,FALSE,0.0018682730940314,246,,
4216,1,0.858808482579778,0.484388280358187,1.23322868480137,6.93825494156688e-06,0,1,20.2101848520623,6.93825494156687e-06,FALSE,0.000174619931821298,247,MAP3K4,mitogen-activated protein kinase kinase kinase 4
8155,-1,-0.904393028006501,-1.31209940564113,-0.496686650371873,1.3758376176691e-05,0,1,18.9023405525766,1.3758376176691e-05,FALSE,0.00029908295321992,248,,
23958,-1,-1.33812686533324,-2.05662145719771,-0.619632273468766,0.000261991469259098,0,1,13.3242801399455,0.000261991469259098,FALSE,0.00289261426004868,249,,
2739,-1,-1.18641923854282,-1.79642502662475,-0.576413450460887,0.000137849698785477,0,1,14.5313054297136,0.000137849698785477,FALSE,0.0017455218108711,250,GLO1,glyoxalase I
1232,-1,-1.02669177309222,-1.52260323549847,-0.530780310685967,4.95502626727066e-05,0,1,16.4652395232919,4.95502626727065e-05,FALSE,0.000813953539291429,251,CCR3,C-C motif chemokine receptor 3
785,-1,-0.949092512328129,-1.38945334172436,-0.508731682931898,2.39754950902301e-05,0,1,17.844152011061,2.39754950902301e-05,FALSE,0.000461304103967473,252,CACNB4,calcium voltage-gated channel auxiliary subunit beta 4
697,1,0.919111409381507,0.500161273986518,1.3380615447765,1.70909112656808e-05,0,1,18.4887617600853,1.70909112656808e-05,FALSE,0.000356970992002776,253,,
1005,-1,-1.24130717642221,-1.89254431411565,-0.590070038728766,0.000187090047743552,0,1,13.9564960432467,0.000187090047743551,FALSE,0.00222313452626648,254,CDH7,cadherin 7
4485,1,1.71278193210069,0.721798651912481,2.7037652122889,0.000705236265047161,0,1,11.475395798035,0.00070523626504716,FALSE,0.00622133396266225,255,MST1,macrophage stimulating 1
11907,1,1.35225436494716,0.619059979509007,2.08544875038531,0.000300549844409113,0,1,13.0669643055221,0.000300549844409113,FALSE,0.00318803133388933,256,,
3962,1,0.849111073692168,0.476087545726864,1.22213460165747,8.14056129867381e-06,0,1,19.9045673060539,8.14056129867381e-06,FALSE,0.00019751828971393,257,,
549,-1,-1.45349989643504,-2.26161697821091,-0.645382814659172,0.000423097724894175,0,1,12.4273239254645,0.000423097724894175,FALSE,0.00417127002742384,258,AUH,AU RNA binding methylglutaconyl-CoA hydratase
329,-1,-1.36260798121745,-2.10801440404934,-0.617201558385556,0.000339895182667957,0,1,12.8366522971521,0.000339895182667957,FALSE,0.00350446636175715,259,BIRC2,baculoviral IAP repeat containing 2
5500,1,1.08424888001786,0.538601377855273,1.62989638218045,9.83534768670959e-05,0,1,15.1680518146297,9.8353476867096e-05,FALSE,0.00139665641475979,260,PPP1CB,protein phosphatase 1 catalytic subunit beta
7551,-1,-1.29573105795321,-1.99517130179603,-0.596290814110392,0.000282452407199664,0,1,13.1833167206029,0.000282452407199664,FALSE,0.00306835698116096,261,ZNF3,zinc finger protein 3
541,1,0.83584855741599,0.466776447440253,1.20492066739173,9.04666246780788e-06,0,1,19.7028441086508,9.04666246780789e-06,FALSE,0.000214699893746525,262,,
1031,-1,-0.933153112466218,-1.37362159205326,-0.492684632879178,3.29185575529403e-05,0,1,17.2413921330267,3.29185575529403e-05,FALSE,0.000587603503103586,263,CDKN2C,cyclin dependent kinase inhibitor 2C
481,1,0.967128712483335,0.501788134288588,1.43246929067808,4.63235671789133e-05,0,1,16.5929225381287,4.63235671789134e-05,FALSE,0.000778851013315173,264,ATP1B1,ATPase Na+/K+ transporting subunit beta 1
2014,-1,-1.45771602597071,-2.27733458641743,-0.638097465523995,0.000490568056182734,0,1,12.1511804330132,0.000490568056182734,FALSE,0.00464434991507579,265,EMP3,epithelial membrane protein 3 (MAM blood group)
5370,-1,-0.831629595689504,-1.20007094189138,-0.463188249487629,9.69149406748527e-06,0,1,19.5712846731607,9.69149406748529e-06,FALSE,0.000227597949878085,266,,
1580,1,0.846713776909187,0.466279771595489,1.22714778222289,1.28762178134832e-05,0,1,19.0287725572077,1.28762178134832e-05,FALSE,0.000282023970703968,267,CYP4B1,cytochrome P450 family 4 subfamily B member 1
5028,1,1.15687894070555,0.552013881392826,1.76174400001827,0.000177772993860962,0,1,14.052546060109,0.000177772993860962,FALSE,0.00213117210391899,268,P2RY1,purinergic receptor P2Y1
138541,-1,-0.778190500082023,-1.1099373872275,-0.446443612936546,4.27472897027166e-06,0,1,21.1375339728253,4.27472897027167e-06,FALSE,0.000115474678583605,269,,
920,1,1.22996216895329,0.571757119534819,1.88816721837176,0.000249757514107357,0,1,13.4139681259268,0.000249757514107357,FALSE,0.00280864907257144,270,CD4,CD4 molecule
782,1,0.846168040496252,0.464319588603607,1.2280164923889,1.40397593467361e-05,0,1,18.863720367965,1.40397593467361e-05,FALSE,0.000302601621664759,271,CACNB1,calcium voltage-gated channel auxiliary subunit beta 1
1470,-1,-0.808075162408898,-1.16361755231324,-0.452532772504559,8.40507554493989e-06,0,1,19.8434382332646,8.4050755449399e-06,FALSE,0.000202722417310098,272,CST2,cystatin SA
579,2,0.8566689620069,0.46481023939218,1.24852768462162,1.82895132467601e-05,0.868351245555293,0.351412158269799,18.3595997750394,1.82895132467601e-05,FALSE,0.000372407576260663,273,NKX3-2,NK3 homeobox 2
19791,-1,-1.23025054181941,-1.89488172427488,-0.565619359363938,0.000285683803715573,0,1,13.1619999744574,0.000285683803715573,FALSE,0.00308648547290553,274,,
27543,-1,-1.06850194045603,-1.61682333626467,-0.520180544647392,0.000133809733824215,0,1,14.5873508031303,0.000133809733824216,FALSE,0.00170502214294252,275,,
5440,1,1.36323730906832,0.601046222409771,2.12542839572687,0.00045567149888357,0,1,12.2888537983277,0.000455671498883569,FALSE,0.00444478373877708,276,POLR2K,"RNA polymerase II, I and III subunit K"
566,-1,-0.986217062099807,-1.47609908525802,-0.496335038941595,7.95519849167177e-05,0,1,15.568909713352,7.95519849167177e-05,FALSE,0.00118500831501765,277,AZU1,azurocidin 1
3151,1,0.816142017650062,0.448160060635181,1.18412397466494,1.38026930533379e-05,0,1,18.8962056672193,1.38026930533379e-05,FALSE,0.00029908295321992,278,HMGN2,high mobility group nucleosomal binding domain 2
29,2,0.972372009311847,0.490604149432232,1.45413986919146,7.6254574225693e-05,0.420297032112095,0.516788868229222,15.6489582669714,7.62545742256932e-05,FALSE,0.00114952440940583,279,ABR,ABR activator of RhoGEF and GTPase
872,1,0.797874960307639,0.44254090869159,1.15320901192369,1.07779649319124e-05,0,1,19.3683309771767,1.07779649319125e-05,FALSE,0.000248138147182438,280,,
4246,1,0.873453088908244,0.462739909883772,1.28416626793272,3.07008189903447e-05,0,1,17.3739302847782,3.07008189903447e-05,FALSE,0.000565453266131258,281,SCGB2A1,secretoglobin family 2A member 1
10099,-1,-1.02807818177148,-1.55129933265535,-0.504857030887611,0.000117570815085655,0,1,14.8312543705022,0.000117570815085655,FALSE,0.00156709520633905,282,TSPAN3,tetraspanin 3
812,1,0.89348737359497,0.467112966492308,1.31986178069763,4.00492126499998e-05,0,1,16.869055390003,4.00492126499999e-05,FALSE,0.000693501750674356,283,,
1669,-1,-1.01429277243258,-1.53328624925336,-0.495299295611805,0.000127910385147085,0,1,14.6723286103307,0.000127910385147085,FALSE,0.00164902475869482,284,DEFA4,defensin alpha 4
699,-1,-1.16165305555693,-1.78810393259536,-0.535202178518501,0.000278585033318251,0,1,13.2091544138804,0.000278585033318251,FALSE,0.00305419300639672,285,BUB1,BUB1 mitotic checkpoint serine/threonine kinase
2467,1,0.877844338504998,0.457564941122305,1.29812373588769,4.24345183186928e-05,0,1,16.7592664395777,4.24345183186928e-05,FALSE,0.000722456589190518,286,,
1773,-1,-0.765505330196087,-1.10469528974933,-0.426315370642839,9.7172866063447e-06,0,1,19.5662070021133,9.71728660634469e-06,FALSE,0.000227597949878085,287,DNASE1,deoxyribonuclease 1
1177,1,0.844551992947592,0.447285833877698,1.24181815201749,3.09031950696764e-05,0,1,17.3614430995627,3.09031950696764e-05,FALSE,0.000566605187431352,288,,
1294,1,0.86153142771622,0.451556030156853,1.27150682527559,3.80996038467971e-05,0,1,16.9637881419292,3.8099603846797e-05,FALSE,0.000665429287875956,289,COL7A1,collagen type VII alpha 1 chain
2662,-1,-0.937170537119629,-1.40293118776165,-0.471409886477606,8.02338586388169e-05,0,1,15.5527734526584,8.02338586388168e-05,FALSE,0.00118500831501765,290,GDF10,growth differentiation factor 10
2661,-1,-0.937244249919299,-1.40307946712388,-0.471409032714721,8.03414195296948e-05,0,1,15.550240673149,8.03414195296949e-05,FALSE,0.00118500831501765,291,GDF9,growth differentiation factor 9
770,1,0.894042040735043,0.458993979761912,1.32909010170817,5.62992119875815e-05,0,1,16.2232398796582,5.62992119875816e-05,FALSE,0.000898127586510553,292,CA11,carbonic anhydrase 11
1389,1,0.891958159252009,0.458083340778652,1.32583297772537,5.59464449643323e-05,0,1,16.235148196225,5.59464449643322e-05,FALSE,0.000896027648203456,293,CREBL2,cAMP responsive element binding protein like 2
3281,-1,-0.814231230308435,-1.19309251777884,-0.435369942838029,2.528234401929e-05,0,1,17.7431707693977,2.528234401929e-05,FALSE,0.000476483990540294,294,HSBP1,heat shock factor binding protein 1
854,-1,-0.882266840532462,-1.31102776751392,-0.453505913551006,5.50592124803959e-05,0,1,16.265435406436,5.5059212480396e-05,FALSE,0.00088531717845462,295,,
250,1,1.78744112604602,0.699080707924034,2.87580154416801,0.00128684639237702,0,1,10.3612987645025,0.00128684639237702,FALSE,0.00953254402543273,296,ALPP,"alkaline phosphatase, placental"
20165,-1,-10.1694439546393,-17.005848066418,-3.33303984286062,0.00355084532145224,0,1,8.50031741038751,0.00355084532145223,FALSE,0.0209737977296275,297,,
1162,1,0.786264631968999,0.425436747489661,1.14709251644834,1.9470856499789e-05,0,1,18.2403630828667,1.9470856499789e-05,FALSE,0.000392516967846492,298,,
2076,-1,-0.858550611887112,-1.27331549181684,-0.443785731957385,4.9693152513403e-05,0,1,16.4597803388283,4.96931525134029e-05,FALSE,0.000813953539291429,299,,
6023,-1,-1.73262802587585,-2.78665774345357,-0.678598308298134,0.00127381449481124,0,1,10.3800905174041,0.00127381449481124,FALSE,0.00946722972594987,300,,
426,-1,-1.14491241177621,-1.7723846732346,-0.517440150317823,0.000348580810854522,0,1,12.7894434337449,0.000348580810854523,FALSE,0.0035794774014887,301,,
1558,-1,-0.796469018324894,-1.16886824454924,-0.42406979210055,2.76659786153816e-05,0,1,17.5718066568202,2.76659786153815e-05,FALSE,0.000514231859401496,302,CYP2C8,cytochrome P450 family 2 subfamily C member 8
571,1,1.1667761321569,0.522406354904702,1.8111459094091,0.000386763501953595,0,1,12.5950799862227,0.000386763501953595,FALSE,0.00390814391500241,303,BACH1,BTB domain and CNC homolog 1
11734,-1,-0.827727306426381,-1.22481059195043,-0.430644020902329,4.39667621418643e-05,0,1,16.6919676392932,4.39667621418643e-05,FALSE,0.000742305500828476,304,,
155,-2,-0.839015959694606,-1.24465669262769,-0.433375226761526,5.03632693849625e-05,1.22671935721428,0.268045994941181,16.4343869613122,5.03632693849624e-05,FALSE,0.000819566134730394,305,ADRB3,adrenoceptor beta 3
3734,-1,-0.823470952984314,-1.21770841309053,-0.4292334928781,4.24155620234664e-05,0,1,16.7601142463992,4.24155620234664e-05,FALSE,0.000722456589190518,306,,
1003,1,1.01948097193263,0.481030889470005,1.55793105439526,0.000206506139743864,0,1,13.7709383822569,0.000206506139743864,FALSE,0.00241142039839232,307,CDH5,cadherin 5
435,-1,-0.980964676078911,-1.49138151583108,-0.470547836326746,0.000165330943317917,0,1,14.189037336636,0.000165330943317917,FALSE,0.00202393046019395,308,ASL,argininosuccinate lyase
1868,-1,-0.706763063035335,-1.01565491076848,-0.397871215302191,7.30799380909001e-06,0,1,20.1108754999635,7.30799380909003e-06,FALSE,0.000182790067373042,309,,
752,-1,-0.850781902279213,-1.26760132687871,-0.433962477679711,6.31986756837453e-05,0,1,16.0043031361237,6.31986756837452e-05,FALSE,0.000986389670076795,310,FMNL1,formin like 1
143,2,0.873489994032772,0.439315277055562,1.30766471100998,8.04238121001613e-05,0.387652633968608,0.533535864790114,15.5483028485903,8.04238121001614e-05,FALSE,0.00118500831501765,311,PARP4,poly(ADP-ribose) polymerase family member 4
1011,-1,-0.968123144717141,-1.47201586656077,-0.46423042287351,0.000166112573367765,0,1,14.180162791849,0.000166112573367765,FALSE,0.00202737393760899,312,,
200,2,0.561073876599936,0.356309525800564,0.765838227399308,7.85236418469289e-08,0.35672182078205,0.550332513198062,28.8421467089171,7.85236418469288e-08,FALSE,4.29969995626697e-06,313,,
2400,-1,-0.720380885339638,-1.04311640227843,-0.39764536840085,1.2151408473203e-05,0,1,19.1393427279433,1.2151408473203e-05,FALSE,0.000272030426151484,314,,
679,1,0.905499597667441,0.445934067045244,1.36506512828964,0.000112558267818428,0,1,14.9134392967801,0.000112558267818429,FALSE,0.00152537157592064,315,,
2344,1,1.37374774937808,0.569376093053178,2.17811940570298,0.000815944782925041,0,1,11.2046076109743,0.000815944782925041,FALSE,0.00684419618921969,316,,
3548,-1,-0.671213283332724,-0.958945268400839,-0.383481298264609,4.82744621499985e-06,0,1,20.9045577120068,4.82744621499985e-06,FALSE,0.000127848444857382,317,,
949,-1,-0.915528924838432,-1.38397461085241,-0.447083238824455,0.000127858149990342,0,1,14.6730985333822,0.000127858149990342,FALSE,0.00164902475869482,318,SCARB1,scavenger receptor class B member 1
8545,-1,-0.797214640171883,-1.17860200103653,-0.415827279307238,4.18690735158601e-05,0,1,16.7847207488858,4.186907351586e-05,FALSE,0.000718870702907903,319,CGGBP1,CGG triplet repeat binding protein 1
5617,-1,-0.899537491476655,-1.35789364270607,-0.441181340247241,0.000119823369059419,0,1,14.795464069999,0.000119823369059419,FALSE,0.00158668069094368,320,PRL,prolactin
2091,1,0.879595238096676,0.435588050084727,1.32360242610862,0.000103275924077175,0,1,15.075853871169,0.000103275924077174,FALSE,0.00144301394607142,321,FBL,fibrillarin
2240,1,0.824633094069796,0.41979822027,1.22946796786959,6.54158153197349e-05,0,1,15.9390292566003,6.5415815319735e-05,FALSE,0.00101209129515332,322,,
9203,-1,-1.47286242078575,-2.35559944397456,-0.59012539759694,0.00107458263299655,0,1,10.6944353984902,0.00107458263299656,FALSE,0.00838961238709448,323,ZMYM3,zinc finger MYM-type containing 3
1182,-1,-0.924458853943381,-1.40394932723426,-0.4449683806525,0.000157576081900485,0,1,14.2794469982735,0.000157576081900485,FALSE,0.00194881161886834,324,CLCN3,chloride voltage-gated channel 3
548,-1,-1.53438831311971,-2.46448446720651,-0.604292159032908,0.00122338619392013,0,1,10.4546873296019,0.00122338619392013,FALSE,0.00923121202563197,325,,
370,1,0.881128979789861,0.432450828754724,1.329807130825,0.000118580656589098,0,1,14.8151246318458,0.000118580656589098,FALSE,0.00157537318196402,326,,
688,1,1.10022138340262,0.489133245619241,1.711309521186,0.000417483426108825,0,1,12.4522731317692,0.000417483426108825,FALSE,0.00413604606990943,327,KLF5,KLF transcription factor 5
1393,-1,-0.825511094721165,-1.23452513692579,-0.416497052516538,7.62834312739131e-05,0,1,15.648242733405,7.62834312739131e-05,FALSE,0.00114952440940583,328,CRHBP,corticotropin releasing hormone binding protein
2320,1,0.731029855031142,0.391975154273817,1.07008455578847,2.38047133033679e-05,0,1,17.8577553839869,2.38047133033679e-05,FALSE,0.000461304103967473,329,,
2328,1,0.984807572922919,0.457174569794066,1.51244057605177,0.000253992210028529,0,1,13.3824317131147,0.000253992210028529,FALSE,0.00282740778855934,330,FMO3,flavin containing dimethylaniline monoxygenase 3
4808,-1,-0.747845210309917,-1.10062876941937,-0.395061651200462,3.25553844090005e-05,0,1,17.2624701379594,3.25553844090005e-05,FALSE,0.00058369211338615,331,NHLH2,nescient helix-loop-helix 2
2380,-1,-0.996134490656412,-1.53575484906016,-0.456514132252668,0.000296800702100551,0,1,13.0904773960198,0.000296800702100551,FALSE,0.00317318323195628,332,,
2412,-1,-0.826860331179702,-1.24312712925055,-0.410593533108856,9.8924084658455e-05,0,1,15.1571291548629,9.89240846584551e-05,FALSE,0.00139665641475979,333,,
644,1,0.994719640856311,0.453733691711142,1.53570559000148,0.000313577187241631,0,1,12.9875011063589,0.000313577187241631,FALSE,0.00329160455743699,334,BLVRA,biliverdin reductase A
923,-1,-0.926861664014477,-1.41780432565698,-0.435919002371971,0.000215378709989558,0,1,13.691923870882,0.000215378709989558,FALSE,0.00248636619053472,335,CD6,CD6 molecule
986,-1,-0.832485946217778,-1.25382760878953,-0.411144283646022,0.000107727945790513,0,1,14.9961989709096,0.000107727945790513,FALSE,0.00148857488965194,336,,
390,-1,-1.58396137826624,-2.56144586324287,-0.606476893289611,0.00149312246947249,0,1,10.0870834175177,0.00149312246947249,FALSE,0.0106249085190054,337,RND3,Rho family GTPase 3
10507,-1,-0.869410078408304,-1.32007369538324,-0.418746461433367,0.000156125468798872,0,1,14.2968554675127,0.000156125468798872,FALSE,0.00194652430637855,338,SEMA4D,semaphorin 4D
65990,-1,-1.20250713884131,-1.90097616721846,-0.504038110464162,0.000739934153853556,0,1,11.3861578948418,0.000739934153853556,FALSE,0.00645294492803584,339,ANTKMT,adenine nucleotide translocase lysine methyltransferase
3213,1,1.40744112870781,0.555258468489562,2.25962378892606,0.00120784147718165,0,1,10.4783106952408,0.00120784147718165,FALSE,0.00913092101779858,340,HOXB3,homeobox B3
2637,-1,-0.857529355094926,-1.30249441116294,-0.412564299026914,0.000158594728203599,0,1,14.2673186478873,0.0001585947282036,FALSE,0.00194881161886834,341,GBX2,gastrulation brain homeobox 2
77,2,0.702503511289299,0.371565705558715,1.03344131701988,3.17489267570146e-05,0.127559790064066,0.720975671280159,17.3101333944819,3.17489267570146e-05,FALSE,0.000574315407229567,342,,
1649,-1,-0.90933946288802,-1.3960296667128,-0.422649259063239,0.000250227619742915,0,1,13.4104406944122,0.000250227619742915,FALSE,0.00280864907257144,343,DDIT3,DNA damage inducible transcript 3
3500,1,1.01048033263583,0.448032170981857,1.5729284942898,0.000429562194224506,0,1,12.3990071075914,0.000429562194224506,FALSE,0.00421449397336004,344,,
779,-1,-0.750447218699401,-1.11944850428893,-0.381445933109876,6.71885370604632e-05,0,1,15.8884206114188,6.71885370604633e-05,FALSE,0.00103516331623193,345,CACNA1S,calcium voltage-gated channel subunit alpha1 S
895,1,0.922800874439407,0.424176793895024,1.42142495498379,0.000286406351878697,0,1,13.1572667555685,0.000286406351878697,FALSE,0.00308648547290553,346,,
121,2,0.786719744924,0.389461263212227,1.18397822663577,0.000103831812852585,0.0444603143579753,0.832999525040665,15.065721170594,0.000103831812852585,FALSE,0.00144579555216039,347,,
361,-1,-0.931146659675117,-1.43702609448099,-0.425267224869245,0.00030903474983294,0,1,13.0148243745295,0.000309034749832941,FALSE,0.00325545113297364,348,AQP4,aquaporin 4
8548,-1,-0.69649257873344,-1.02722333360124,-0.365761823865639,3.66684186751404e-05,0,1,17.0364853600091,3.66684186751404e-05,FALSE,0.000646001880311605,349,BLZF1,basic leucine zipper nuclear factor 1
5108,-1,-1.21562900267385,-1.93374500624915,-0.497512999098546,0.000907186661205585,0,1,11.0080166411737,0.000907186661205585,FALSE,0.0073733461687923,350,PCM1,pericentriolar material 1
1806,-1,-0.832889354036624,-1.26765205221321,-0.398126655860034,0.000173501999595268,0,1,14.098283948295,0.000173501999595268,FALSE,0.00208614273697338,351,DPYD,dihydropyrimidine dehydrogenase
4045,-1,-0.907290111995169,-1.39781697700608,-0.416763246984254,0.000288742573124611,0,1,13.142044768887,0.000288742573124611,FALSE,0.00310340823952499,352,LSAMP,limbic system associated membrane protein
701,-1,-1.68764828825677,-2.75576157455418,-0.619535001959362,0.00195623884506296,0,1,9.59015074817455,0.00195623884506296,FALSE,0.0130803297032923,353,BUB1B,BUB1 mitotic checkpoint serine/threonine kinase B
1089,1,0.824395891175592,0.394313978841543,1.25447780350964,0.000172012796002451,0,1,14.1144988593798,0.000172012796002451,FALSE,0.00207439240893432,354,CEACAM4,CEA cell adhesion molecule 4
638,1,3.35975913221386,1.09854669711128,5.62097156731644,0.00358941525059855,0,1,8.48066167543455,0.00358941525059855,FALSE,0.021102051888611,355,BIK,BCL2 interacting killer
4418,-1,-0.65466250459843,-0.958597434616082,-0.350727574580778,2.42492038857531e-05,0,1,17.8225518999662,2.42492038857532e-05,FALSE,0.000461304103967473,356,,
1195,-1,-0.769035541902833,-1.15966199821885,-0.378409085586815,0.000114025602723243,0,1,14.8890057568716,0.000114025602723243,FALSE,0.00153498917685907,357,CLK1,CDC like kinase 1
4317,-1,-0.770264953877267,-1.16192693068362,-0.378602977070916,0.000115929505839083,0,1,14.8577701589751,0.000115929505839083,FALSE,0.00155031801207909,358,MMP8,matrix metallopeptidase 8
5992,-1,-0.882906811295416,-1.35934865640199,-0.406464966188845,0.000281167303422244,0,1,13.1918626475473,0.000281167303422244,FALSE,0.00306260729426595,359,RFX4,regulatory factor X4
353,-1,-1.18591180036981,-1.889214587152,-0.482609013587622,0.0009501075665283,0,1,10.9223549644839,0.000950107566528299,FALSE,0.00763856321343784,360,APRT,adenine phosphoribosyltransferase
4544,-1,-0.739855000647301,-1.10962039114873,-0.37008961014587,8.79459462557048e-05,0,1,15.3793113890998,8.7945946255705e-05,FALSE,0.00126817428550931,361,MTNR1B,melatonin receptor 1B
75,2,0.815313087796139,0.38804338069712,1.24258279489516,0.000184027822243344,0.0377769681722127,0.84589167445794,13.9875226853202,0.000184027822243344,FALSE,0.00219317863450009,362,,
890,1,0.838304747142791,0.393684721538356,1.28292477274723,0.000219544240495806,0,1,13.6559524001968,0.000219544240495805,FALSE,0.00252009422801418,363,CCNA2,cyclin A2
9452,1,0.974112128765132,0.427130828616798,1.52109342891347,0.000482162274800675,0,1,12.1834174568584,0.000482162274800675,FALSE,0.00461147925511668,364,ITM2A,integral membrane protein 2A
1477,-1,-1.05360560474593,-1.66081817316291,-0.446393036328953,0.000671806541203241,0,1,11.5656706780892,0.000671806541203241,FALSE,0.00595658666292239,365,CSTF1,cleavage stimulation factor subunit 1
9385,-1,-0.750530544851465,-1.13133636359554,-0.369724726107386,0.000112051245603045,0,1,14.921956645073,0.000112051245603045,FALSE,0.00152359613148838,366,,
1485,-1,-0.983184934915584,-1.53925352455209,-0.427116345279075,0.000529418695377351,0,1,12.0090840593074,0.000529418695377351,FALSE,0.00495428303387766,367,CTAG1B,cancer/testis antigen 1B
262,2,0.958289950227866,0.420184900027569,1.49639500042816,0.000482258086408814,2.96816077398254,0.0849183498048422,12.1830468234462,0.000482258086408814,FALSE,0.00461147925511668,368,AMD1,adenosylmethionine decarboxylase 1
693,-1,-0.742429333237284,-1.11825212060196,-0.366606545872609,0.000108006174125782,0,1,14.9913315233992,0.000108006174125782,FALSE,0.00148857488965194,369,,
1919,-1,-0.722667427549834,-1.08374290924355,-0.361591945856123,8.75507378437241e-05,0,1,15.3878216580097,8.7550737843724e-05,FALSE,0.00126698424908132,370,,
1063,-1,-0.945070484579025,-1.47386389199529,-0.416277077162763,0.000460242837128641,0,1,12.2702247553469,0.000460242837128641,FALSE,0.00447219178907734,371,CENPF,centromere protein F
2599,-1,-0.739688792677084,-1.11463170520837,-0.364745880145795,0.000110352210423828,0,1,14.9507838219706,0.000110352210423828,FALSE,0.00151575307334695,372,,
1391,1,1.18033815920581,0.473931405672018,1.8867449127396,0.00105694719032007,0,1,10.7250516451945,0.00105694719032007,FALSE,0.00832719852590529,373,,
45,2,0.669016506384524,0.345768825907926,0.992264186861123,4.98174920395544e-05,0.954190758042111,0.32865486500236,16.4550427071166,4.98174920395545e-05,FALSE,0.000813953539291429,374,,
2839,1,0.789318643827704,0.374860145179626,1.20377714247578,0.000189461995888544,0,1,13.9328129018671,0.000189461995888543,FALSE,0.00224473686356836,375,,
83,-2,-0.77266737273465,-1.17539932051054,-0.369935424958761,0.000169697448844147,1.1013832108135,0.293962747658472,14.1399920249377,0.000169697448844147,FALSE,0.00205872473867211,376,,
778,-1,-0.751442696084815,-1.1381752537658,-0.364710138403831,0.000139915181385508,0,1,14.5032871741505,0.000139915181385507,FALSE,0.00176615674446753,377,CACNA1F,calcium voltage-gated channel subunit alpha1 F
1355,-1,-0.677930063011902,-1.01075209884903,-0.34510802717477,6.5441243664899e-05,0,1,15.9382936081803,6.54412436648991e-05,FALSE,0.00101209129515332,378,COX15,cytochrome c oxidase assembly homolog COX15
1957,-1,-1.1368080693516,-1.81537140937812,-0.45824472932508,0.00102505126451908,0,1,10.7817607812152,0.00102505126451909,FALSE,0.00812819515426875,379,,
1175,-1,-0.821553207893508,-1.26346241943341,-0.379643996353607,0.000268675486873418,0,1,13.2770461438459,0.000268675486873418,FALSE,0.00295835074133448,380,AP2S1,adaptor related protein complex 2 subunit sigma 1
17734,-1,-0.948828428458403,-1.48672641940897,-0.410930437507832,0.000545636562873869,0,1,11.9528567427361,0.000545636562873869,FALSE,0.00507091594670853,381,,
192,2,0.652220783484093,0.337621223025004,0.966820343943182,4.83726732289736e-05,0.136086349265944,0.712203132950017,16.510842195708,4.83726732289736e-05,FALSE,0.000806609349480663,382,,
1356,-1,-0.979175485351696,-1.54105607472866,-0.417294895974728,0.00063646088641478,0,1,11.6661938166605,0.000636460886414781,FALSE,0.00574374056069641,383,CP,ceruloplasmin
110,2,0.721919180239037,0.35348697321751,1.09035138726057,0.000122822396350522,0.0752109334044254,0.783895488889133,14.7488503039078,0.000122822396350522,FALSE,0.00161060307447352,384,,
484,1,0.914870363489361,0.400131349011371,1.42960937796735,0.000494832703571547,0,1,12.135037619325,0.000494832703571548,FALSE,0.00467380446357089,385,,
1165,1,1.40954514151064,0.52351964136885,2.29557064165243,0.00182061745202602,0,1,9.72213657157161,0.00182061745202602,FALSE,0.0123363577184104,386,,
5457,-1,-0.896081427320803,-1.39713846404676,-0.395024390594848,0.000456325280190342,0,1,12.2861779923729,0.000456325280190342,FALSE,0.00444478373877708,387,POU4F1,POU class 4 homeobox 1
8361,-1,-1.08414501145233,-1.72755970060936,-0.440730322295302,0.000958227517770202,0,1,10.9065900736866,0.000958227517770202,FALSE,0.0076673205885983,388,H4C6,H4 clustered histone 6
12938,-1,-0.8849122379455,-1.3781850121264,-0.391639463764598,0.000437936957750414,0,1,12.3629551406288,0.000437936957750414,FALSE,0.00428628152851372,389,,
3381,-1,-0.713922037353091,-1.07780233322439,-0.350041741481793,0.000120361079564939,0,1,14.7870206599371,0.000120361079564939,FALSE,0.00158860942800369,390,IBSP,integrin binding sialoprotein
1729,-1,-0.734674854785463,-1.11563452155379,-0.353715188017139,0.000156979355972445,0,1,14.2865885480329,0.000156979355972445,FALSE,0.00194881161886834,391,DIAPH1,diaphanous related formin 1
680,-1,-0.704918829823243,-1.06433632197218,-0.345501337674302,0.000121024851514557,0,1,14.7766499805883,0.000121024851514557,FALSE,0.00159218408550969,392,BRS3,bombesin receptor subtype 3
1892,1,0.779153173744372,0.363319152670405,1.19498719481834,0.000240275724542161,0,1,13.486580047128,0.000240275724542162,FALSE,0.0027242720547384,393,ECHS1,"enoyl-CoA hydratase, short chain 1"
6156,-1,-0.728783176139379,-1.10694061038141,-0.350625741897344,0.000158580299335184,0,1,14.2674898945685,0.000158580299335184,FALSE,0.00194881161886834,394,RPL30,ribosomal protein L30
5678,-1,-0.679215073784138,-1.01995333956309,-0.338476808005187,9.34801580528081e-05,0,1,15.2640224425161,9.34801580528083e-05,FALSE,0.00133845088491158,395,PSG9,pregnancy specific beta-1-glycoprotein 9
168,-1,-1.09602634649531,-1.75265005124407,-0.439402641746552,0.00106962620685569,0,1,10.7029884225015,0.00106962620685569,FALSE,0.00836703743277851,396,,
2131,1,0.690762874565712,0.340461968040031,1.04106378109139,0.000111144624213797,0,1,14.9372839186517,0.000111144624213797,FALSE,0.00151658190054685,397,EXT1,exostosin glycosyltransferase 1
1405,-1,-0.72245958555487,-1.09735657003429,-0.34756260107545,0.000158713680707441,0,1,14.265907476971,0.000158713680707441,FALSE,0.00194881161886834,398,,
3064,-1,-1.53531082369562,-2.52209951206124,-0.548522135330002,0.00229267633908863,0,1,9.2990906280556,0.00229267633908863,FALSE,0.0148946414572471,399,HTT,huntingtin
3860,-1,-0.662153638409158,-0.991945855748225,-0.332361421070091,8.31285447237751e-05,0,1,15.4857739782661,8.31285447237751e-05,FALSE,0.00122042341746644,400,KRT13,keratin 13
4366,1,0.599343675711093,0.317313187137187,0.881374164285,3.11183085122827e-05,0,1,17.3482597685618,3.11183085122826e-05,FALSE,0.000567979216629592,401,,
1085,2,0.520298181552449,0.297759539045576,0.742836824059321,4.59623881031124e-06,0.753574088691417,0.385347007009036,20.998580093287,4.59623881031122e-06,FALSE,0.000122526050390665,402,,
3909,-1,-0.768307037623861,-1.17967380080828,-0.356940274439442,0.000251613506530957,0,1,13.4000804476423,0.000251613506530957,FALSE,0.00281640311730231,403,LAMA3,laminin subunit alpha 3
10709,-1,-0.805612258270228,-1.24626689589035,-0.364957620650108,0.000339359457745452,0,1,12.8396038235894,0.000339359457745452,FALSE,0.00350446636175715,404,,
15,-2,-2.75603604053414,-4.63219377396237,-0.879878307105906,0.00398754126273856,4.39861222597475,0.03596818823201,8.28947968197832,0.00398754126273856,FALSE,0.0225663647997439,405,AANAT,aralkylamine N-acetyltransferase
703,1,1.16784079907169,0.451832152498404,1.88384944564498,0.00138968328665008,0,1,10.2194361633818,0.00138968328665008,FALSE,0.0101095092953432,406,,
225,2,0.62657195224906,0.321203681377707,0.931940223120412,5.78126612342611e-05,0.0060669697403397,0.937914953378039,16.1729879434818,5.7812661234261e-05,FALSE,0.000918654522828338,407,ABCD2,ATP binding cassette subfamily D member 2
3753,-1,-1.14962187631937,-1.8532101612749,-0.446033591363843,0.00136256442243475,0,1,10.2557876878719,0.00136256442243474,FALSE,0.00994794781928935,408,KCNE1,potassium voltage-gated channel subfamily E regulatory subunit 1
4161,1,0.858723169031915,0.374975004197561,1.34247133386627,0.000502874817665639,0,1,12.1049745980824,0.000502874817665639,FALSE,0.00472772334380782,409,MC5R,melanocortin 5 receptor
776,-1,-0.8952149001,-1.40700132170504,-0.38342847849496,0.000607235854639296,0,1,11.7536638952345,0.000607235854639296,FALSE,0.00551686027578123,410,CACNA1D,calcium voltage-gated channel subunit alpha1 D
4873,1,0.67562961795073,0.330698660271462,1.02056057563,0.000123507596835503,0,1,14.7383611084445,0.000123507596835503,FALSE,0.00161436381412083,411,,
7330,-1,-0.949418301885955,-1.50401203505447,-0.39482456871744,0.000792803412488301,0,1,11.2580057231648,0.000792803412488302,FALSE,0.00673467385199706,412,,
7332,-1,-0.949531923977583,-1.50454451287039,-0.394519335084772,0.000798932787826571,0,1,11.2437105091283,0.000798932787826572,FALSE,0.00677161911706401,413,UBE2L3,ubiquitin conjugating enzyme E2 L3
20416,-1,-0.64098011340032,-0.960899028975035,-0.321061197825605,8.60384047808068e-05,0,1,15.4207485363593,8.60384047808068e-05,FALSE,0.00125405617327996,414,,
445,-1,-1.03303319789346,-1.65183253565387,-0.414233860133052,0.00106791755485598,0,1,10.7059462414234,0.00106791755485598,FALSE,0.00836703743277851,415,ASS1,argininosuccinate synthase 1
2885,-1,-0.795608771549178,-1.23378402325128,-0.357433519847074,0.000372596937234527,0,1,12.6648373751904,0.000372596937234527,FALSE,0.00378386664078772,416,GRB2,growth factor receptor bound protein 2
720,-1,-1.83204075780057,-3.04692470361732,-0.617156811983818,0.00312042436238095,0,1,8.7356828481732,0.00312042436238095,FALSE,0.0188715813677128,417,C4A,complement C4A (Chido/Rodgers blood group)
2040,-1,-0.710459698824788,-1.08372910791955,-0.337190289730027,0.000191112557182162,0,1,13.9165081527944,0.000191112557182162,FALSE,0.00225769120029773,418,STOM,stomatin
19351,1,0.742353088106142,0.344379065948614,1.14032711026367,0.000256200700173421,0,1,13.3661943715104,0.000256200700173421,FALSE,0.00284417873178823,419,,
1504,-1,-0.686868739258897,-1.04246360693799,-0.331273871579802,0.0001531681890441,0,1,14.3328552941568,0.0001531681890441,FALSE,0.00191554784569967,420,CTRB1,chymotrypsinogen B1
6272,-1,-0.869235175324073,-1.36446406104863,-0.374006289599513,0.000581357224296193,0,1,11.8347429806491,0.000581357224296193,FALSE,0.00532954631866103,421,SORT1,sortilin 1
1655,-1,-0.720808768934017,-1.10260464829394,-0.339012889574091,0.000215344885880982,0,1,13.6922188195137,0.000215344885880982,FALSE,0.00248636619053472,422,DDX5,DEAD-box helicase 5
1711,-1,-0.923699340750817,-1.46117825053387,-0.386220430967762,0.000756193515068505,0,1,11.3457861676089,0.000756193515068504,FALSE,0.0065419477162437,423,,
8535,1,0.66942150446286,0.326555421145358,1.01228758778036,0.00012987817525038,0,1,14.6435524911645,0.00012987817525038,FALSE,0.00166539989276753,424,CBX4,chromobox 4
512,-1,-0.795929209207937,-1.23577325664925,-0.356085161766622,0.0003900962624338,0,1,12.5790438175947,0.0003900962624338,FALSE,0.0039320150631387,425,,
182,1,0.893389319049421,0.37884802689938,1.40793061119946,0.000666375416188556,0,1,11.5807644514221,0.000666375416188556,FALSE,0.00595191234751476,426,JAG1,jagged canonical Notch ligand 1
439492,-1,-1.08943110899146,-1.75420204685332,-0.4246601711296,0.00131813350481719,0,1,10.3169583488073,0.00131813350481719,FALSE,0.00968166379925608,427,,
2373,-1,-0.827449405632684,-1.29251002169516,-0.362388789570204,0.000488060458397844,0,1,12.1607386088494,0.000488060458397844,FALSE,0.00464230276391564,428,,
958,-1,-0.709900296466161,-1.08495282720411,-0.334847765728212,0.000207403086151866,0,1,13.762796759827,0.000207403086151866,FALSE,0.00241493478473379,429,CD40,CD40 molecule
2140,1,0.88434762732461,0.375315121342455,1.39338013330677,0.000661479598151966,0,1,11.5944774123938,0.000661479598151965,FALSE,0.00593639691682161,430,EYA3,EYA transcriptional coactivator and phosphatase 3
37,-2,-1.5010243818968,-2.47674086142608,-0.525307902367525,0.00256832938312293,1.91443752365139,0.166471163394419,9.09126663590068,0.00256832938312294,FALSE,0.0162861825671583,431,ACADVL,acyl-CoA dehydrogenase very long chain
793,1,0.705721079044975,0.33355358407027,1.07788857401968,0.000201942808038741,0,1,13.8129195530583,0.000201942808038741,FALSE,0.00236494872304329,432,CALB1,calbindin 1
22762,-1,-0.85082072179959,-1.33548560254228,-0.366155841056896,0.000580248984940717,0,1,11.8382960443896,0.000580248984940717,FALSE,0.00532954631866103,433,,
1620,-1,-0.621265842164334,-0.929644684087483,-0.312887000241186,7.86159865769117e-05,0,1,15.5912878020252,7.86159865769115e-05,FALSE,0.00117546855206512,434,BRINP1,BMP/retinoic acid inducible neural specific 1
4776,-1,-1.12850442379795,-1.82572895101325,-0.431279896582648,0.00151219763619384,0,1,10.0636934865147,0.00151219763619384,FALSE,0.0106547743705307,435,NFATC4,nuclear factor of activated T cells 4
1478,-1,-0.725401261937181,-1.11402785627391,-0.336774667600449,0.000253772273390704,0,1,13.3840565236903,0.000253772273390704,FALSE,0.00282740778855934,436,CSTF2,cleavage stimulation factor subunit 2
825,1,0.852284038943931,0.365751961389322,1.33881611649854,0.000596121749501007,0,1,11.7880490593483,0.000596121749501006,FALSE,0.00544028227247316,437,CAPN3,calpain 3
288,1,1.10497835663414,0.424454116525089,1.78550259674319,0.00146047018518617,0,1,10.1278328824361,0.00146047018518617,FALSE,0.0104925978552737,438,ANK3,ankyrin 3
1257,1,0.740771037682574,0.338965816216455,1.14257625914869,0.000302203392089586,0,1,13.0566877510491,0.000302203392089585,FALSE,0.00319720142231593,439,,
833,1,0.890598162579111,0.372925415044705,1.40827091011352,0.000746517649686991,0,1,11.3697042159968,0.000746517649686991,FALSE,0.00649117922002508,440,CARS1,cysteinyl-tRNA synthetase 1
804,1,0.87940449030948,0.369958628691624,1.38885035192734,0.000716239626375548,0,1,11.4466251868992,0.000716239626375547,FALSE,0.00626825694616355,441,,
4425,-1,-0.760223176414027,-1.17916031987488,-0.341286032953179,0.000375623415126129,0,1,12.6497126089048,0.000375623415126129,FALSE,0.00380506519522769,442,,
2361,-1,-0.634181996196455,-0.956297242106651,-0.312066750286259,0.000113951559783711,0,1,14.8902310921074,0.000113951559783711,FALSE,0.00153498917685907,443,,
816,2,0.514171643135371,0.284370540531448,0.743972745739294,1.15800273086037e-05,1.04619857506738,0.306384216470824,19.2312807723816,1.15800273086037e-05,FALSE,0.00026360826210372,444,CAMK2B,calcium/calmodulin dependent protein kinase II beta
3706,-1,-1.22277200987119,-1.99628104172714,-0.449262978015243,0.0019461215896307,0,1,9.59967171653593,0.0019461215896307,FALSE,0.0130341895556754,445,ITPKA,inositol-trisphosphate 3-kinase A
2980,-1,-1.07473952694592,-1.7368792951492,-0.412599758742639,0.00146626785266028,0,1,10.120530559512,0.00146626785266028,FALSE,0.0105156059096982,446,GUCA2A,guanylate cyclase activator 2A
362,-1,-0.752965774358463,-1.1693256209186,-0.336605927798322,0.00039336451406692,0,1,12.5634517006141,0.000393364514066919,FALSE,0.00394532923514644,447,AQP5,aquaporin 5
5563,-1,-1.38586559352975,-2.28527829660889,-0.486452890450613,0.00252755861026008,0,1,9.12053624062651,0.00252755861026008,FALSE,0.0160779709399903,448,PRKAA2,protein kinase AMP-activated catalytic subunit alpha 2
580,1,0.871765556277425,0.363209475622862,1.38032163693199,0.000780087009862204,0,1,11.288023140352,0.000780087009862203,FALSE,0.00668269041006692,449,BARD1,BRCA1 associated RING domain 1
764,-1,-0.713163268542743,-1.09947448980798,-0.326852047277511,0.000296590710852039,0,1,13.0918032169103,0.000296590710852039,FALSE,0.00317318323195628,450,,
980,-1,-0.696928566469578,-1.07108923446258,-0.322767898476577,0.000261508772809786,0,1,13.3277381013509,0.000261508772809786,FALSE,0.00289261426004868,451,,
614,1,0.978551070944667,0.386283777201247,1.57081836468809,0.00120254488081503,0,1,10.4864302839744,0.00120254488081503,FALSE,0.00910787263002338,452,,
5894,1,0.804932721994283,0.346071780033622,1.26379366395494,0.000585672998159768,0,1,11.8209712927476,0.000585672998159767,FALSE,0.00535699094479318,453,RAF1,"Raf-1 proto-oncogene, serine/threonine kinase"
5423,1,3.89026450568812,1.1666983572811,6.61383065409514,0.00511728016371852,0,1,7.83751866797549,0.00511728016371853,FALSE,0.0272271597328432,454,POLB,DNA polymerase beta
3562,-1,-0.857920969242441,-1.35815872413129,-0.357683214353589,0.000775512314551913,0,1,11.2989429255036,0.000775512314551914,FALSE,0.00667171103729161,455,IL3,interleukin 3
1043,-1,-0.679042271621331,-1.04115487783147,-0.316929665411194,0.000237503448030228,0,1,13.5083565501581,0.000237503448030228,FALSE,0.00270326958263619,456,CD52,CD52 molecule
999,-1,-0.819568858121763,-1.29038334107476,-0.34875437516877,0.000645351466523413,0,1,11.6403878175052,0.000645351466523413,FALSE,0.00581103142745082,457,CDH1,cadherin 1
146,2,0.882527834573699,0.361417277199964,1.40363839194743,0.000902431135473069,2.48554901632628,0.114896249005047,11.0177588345437,0.000902431135473068,FALSE,0.00737228016317919,458,ADRA1D,adrenoceptor alpha 1D
3693,-1,-1.08588049856954,-1.76329233365295,-0.408468663486134,0.00167917630372567,0,1,9.87085311751459,0.00167917630372567,FALSE,0.0115911795275918,459,ITGB5,integrin subunit beta 5
1327,1,0.675555537617575,0.314202994270402,1.03690808096475,0.000248122156989985,0,1,13.4262913470512,0.000248122156989985,FALSE,0.00280053197805967,460,COX4I1,cytochrome c oxidase subunit 4I1
2427,1,0.938027317861553,0.373671184437659,1.50238345128545,0.00112321334445563,0,1,10.6125721580052,0.00112321334445563,FALSE,0.00863616787805352,461,,
3924,-1,-0.636507026223238,-0.968187533410278,-0.304826519036198,0.000169071360877218,0,1,14.1469457618518,0.000169071360877218,FALSE,0.00205728875157504,462,,
2824,-1,-1.13741825057263,-1.85746799641408,-0.417368504731183,0.0019612758498387,0,1,9.58542920931456,0.0019612758498387,FALSE,0.0130924048493351,463,GPM6B,glycoprotein M6B
380,-1,-0.919373485379635,-1.4721937471061,-0.366553223653173,0.0011159363849169,0,1,10.6245911505259,0.0011159363849169,FALSE,0.00861290329844434,464,,
7102,-1,-0.641501449458239,-0.979329667550068,-0.30367323136641,0.000197829301965384,0,1,13.8515897738929,0.000197829301965384,FALSE,0.00232349081612677,465,TSPAN7,tetraspanin 7
96368,1,1.06358588765286,0.397006978763618,1.7301647965421,0.00176421775987335,0,1,9.77998476435891,0.00176421775987334,FALSE,0.0120753553429169,466,,
763,1,0.997656727496385,0.381184409144508,1.61412904584826,0.00151459773875264,0,1,10.0607716702347,0.00151459773875264,FALSE,0.0106547743705307,467,CA5A,carbonic anhydrase 5A
10327,1,0.821581806901046,0.340723928880093,1.302439684922,0.000811782670484458,0,1,11.2140977708677,0.000811782670484458,FALSE,0.00683855172724121,468,AKR1A1,aldo-keto reductase family 1 member A1
1603,1,0.589231102604105,0.288152100608556,0.890310104599654,0.000125168232572002,0,1,14.7131808273753,0.000125168232572003,FALSE,0.00162984569592221,469,DAD1,defender against cell death 1
1927,-1,-0.65680127322894,-1.0111570023554,-0.302445544102483,0.000280352054475016,0,1,13.197304481485,0.000280352054475016,FALSE,0.00306195828768939,470,,
702,1,0.817730547032172,0.338366314498628,1.29709477956572,0.000827485318178429,0,1,11.1785473943708,0.000827485318178429,FALSE,0.00691334125620411,471,,
794,1,0.744052337987369,0.319108636227706,1.16899603974703,0.000599620830446686,0,1,11.7771541577748,0.000599620830446686,FALSE,0.00545991821341566,472,CALB2,calbindin 2
519,-1,-0.710748039334089,-1.11035256282041,-0.31114351584777,0.000490212993356659,0,1,12.152530820336,0.00049021299335666,FALSE,0.00464434991507579,473,,
2248,1,1.66798560467552,0.54012285198593,2.79584835736511,0.00374865891622523,0,1,8.40172126909069,0.00374865891622524,FALSE,0.0216547106701607,474,FGF3,fibroblast growth factor 3
483,1,0.991989880630987,0.374218039015303,1.60976172224667,0.00164830394437748,0,1,9.90499926807843,0.00164830394437748,FALSE,0.0114561365053474,475,ATP1B3,ATPase Na+/K+ transporting subunit beta 3
367,-1,-0.806495003401185,-1.28110388759923,-0.331886119203145,0.000866794887690064,0,1,11.0924586178155,0.000866794887690064,FALSE,0.00715326453140558,476,AR,androgen receptor
650,-1,-0.867754778316117,-1.3903528561478,-0.345156700484431,0.00113613077030582,0,1,10.5914298381179,0.00113613077030582,FALSE,0.0086860412854324,477,BMP2,bone morphogenetic protein 2
9818,-1,-0.937077888782465,-1.51367362440236,-0.360482153162569,0.00144596637278456,0,1,10.1462301810345,0.00144596637278456,FALSE,0.0104253660898986,478,NUP58,nucleoporin 58
1869,-1,-1.11611890045087,-1.83082707323407,-0.401410727667669,0.00220773239264785,0,1,9.36827456427886,0.00220773239264785,FALSE,0.014428599443563,479,E2F1,E2F transcription factor 1
603,-1,-0.690103080805362,-1.076809151382,-0.303397010228721,0.000469309803685267,0,1,12.2338213709513,0.000469309803685267,FALSE,0.00452772220126834,480,,
4371,-1,-0.963545095238323,-1.56265786468086,-0.364432325795786,0.00162054121976806,0,1,9.93626395001913,0.00162054121976806,FALSE,0.0113019501247852,481,,
1641,-1,-0.674437188654835,-1.04919374613366,-0.29968063117601,0.00041984705312235,0,1,12.4417284730907,0.00041984705312235,FALSE,0.00414931770549211,482,DCX,doublecortin
730,1,0.804879886881181,0.328378149576084,1.28138162418628,0.000930759810344019,0,1,10.960474478822,0.000930759810344018,FALSE,0.00751282619823499,483,C7,complement C7
745,2,0.592656123939534,0.280868578002951,0.904443669876118,0.000194878499250227,0.536270728974122,0.463982379891594,13.8798319299516,0.000194878499250227,FALSE,0.00229548743884279,484,MYRF,myelin regulatory factor
10750,-1,-0.965239516966605,-1.56661593395283,-0.363863099980376,0.00165609916739007,0,1,9.89631665103795,0.00165609916739007,FALSE,0.0114812811681107,485,GRAP,GRB2 related adaptor protein
851,-1,-0.880169441091831,-1.41669891471092,-0.343639967472747,0.00130310641114426,0,1,10.3381203903244,0.00130310641114426,FALSE,0.00961782728225238,486,,
2348,-1,-0.618899473643557,-0.952682395074258,-0.285116552212856,0.00027888731795824,0,1,13.2071218811381,0.00027888731795824,FALSE,0.00305419300639672,487,FOLR1,folate receptor alpha
70638,-1,-0.559111847838604,-0.846213631940892,-0.272010063736316,0.000135138365201877,0,1,14.5687331973097,0.000135138365201877,FALSE,0.00171655377993105,488,,
69,2,0.727565150802763,0.308399126052349,1.14673117555318,0.00066895411107761,0.0467365710156529,0.828842433447512,11.5735825049474,0.00066895411107761,FALSE,0.00595191234751476,489,,
1847,-1,-0.662744409406339,-1.03146821350093,-0.29402060531175,0.000426948118036362,0,1,12.4104056281833,0.000426948118036362,FALSE,0.00419901401525082,490,DUSP5,dual specificity phosphatase 5
1406,1,0.578668211168982,0.275582576011473,0.881753846326491,0.000182507804337733,0,1,14.0031172731152,0.000182507804337734,FALSE,0.00218147971438494,491,CRX,cone-rod homeobox
1517,-1,-0.656400910007776,-1.020357551656,-0.29244426835955,0.00040804908795061,0,1,12.4949704388963,0.00040804908795061,FALSE,0.00406283178958341,492,,
2797,1,0.808073046248255,0.325240949723699,1.29090514277281,0.00103727258476608,0,1,10.7598237893607,0.00103727258476608,FALSE,0.00820904006537532,493,GNRH2,gonadotropin releasing hormone 2
311,-2,-0.670244887776194,-1.04544550643091,-0.295044269121482,0.000463152201302213,1.03978324117557,0.307871889630741,12.2584655445902,0.000463152201302214,FALSE,0.00448969550161859,494,ANXA11,annexin A11
1051,-1,-0.642386626217824,-0.995926342010449,-0.288846910425199,0.000369048350664276,0,1,12.6827299952381,0.000369048350664276,FALSE,0.00376265276950638,495,CEBPB,CCAAT enhancer binding protein beta
716,1,0.727321730674477,0.30698374961644,1.14765971173251,0.000695424688560728,0,1,11.501435311508,0.000695424688560728,FALSE,0.00615253458089098,496,C1S,complement C1s
354,1,1.0898716534951,0.388214302140463,1.79152900484974,0.0023316309884631,0,1,9.26822859573915,0.00233163098846311,FALSE,0.015116430024404,497,KLK3,kallikrein related peptidase 3
2523,-1,-0.728135298478006,-1.14947069859391,-0.306799898362103,0.000706271871378242,0,1,11.4726687230984,0.000706271871378243,FALSE,0.00622133396266225,498,FUT1,fucosyltransferase 1 (H blood group)
9829,1,0.900951605788233,0.344283119629334,1.45762009194713,0.00151317861360471,0,1,10.0624987055472,0.00151317861360471,FALSE,0.0106547743705307,499,DNAJC6,DnaJ heat shock protein family (Hsp40) member C6
927,-1,-0.687574454947172,-1.07788391836588,-0.297264991528468,0.000555007539210286,0,1,11.921131700008,0.000555007539210286,FALSE,0.0051462026290162,500,CD8B2,CD8B family member 2
2090,1,0.781067155821761,0.317005139522047,1.24512917212147,0.000970873519137808,0,1,10.8823048701235,0.000970873519137808,FALSE,0.00772883988123064,501,,
568,-1,-0.763660059239917,-1.21438604761173,-0.312934070868104,0.00089777422973369,0,1,11.0273494221556,0.000897774229733689,FALSE,0.0073490528866281,502,,
396,1,0.884408571212979,0.339406034587641,1.42941110783832,0.00146994718835428,0,1,10.1159114837188,0.00146994718835428,FALSE,0.0105233675039073,503,ARHGDIA,Rho GDP dissociation inhibitor alpha
1188,-1,-0.618221449468621,-0.955294571792114,-0.281148327145128,0.000324709995682078,0,1,12.9221885078318,0.000324709995682078,FALSE,0.00339104356315408,504,CLCNKB,chloride voltage-gated channel Kb
7380,-1,-0.675333441890566,-1.05775177999145,-0.292915103789682,0.000537758125880697,0,1,11.9799574248273,0.000537758125880697,FALSE,0.00502072794025019,505,UPK3A,uroplakin 3A
152969,-1,-0.95765450022085,-1.56056308222833,-0.354745918213367,0.00185077491295694,0,1,9.69194538366474,0.00185077491295694,FALSE,0.012478103073713,506,,
961,1,0.737432071976955,0.305632984390862,1.16923115956305,0.000816170185286019,0,1,11.2040950615712,0.000816170185286017,FALSE,0.00684419618921969,507,CD47,CD47 molecule
1617,-1,-0.625606981895181,-0.969646109237253,-0.281567854553109,0.000365198596088664,0,1,12.7023384736125,0.000365198596088665,FALSE,0.00373683007916987,508,DAZ1,deleted in azoospermia 1
2928,-1,-0.671664038077916,-1.05220371147591,-0.291124364679925,0.000541388830959815,0,1,11.9674188730113,0.000541388830959814,FALSE,0.00504300584609005,509,GSC2,goosecoid homeobox 2
2282,-1,-0.597176483220289,-0.919644088255674,-0.274708878184904,0.000283806260896597,0,1,13.1743559012841,0.000283806260896598,FALSE,0.0030748207731364,510,,
1615,-1,-0.757077786717804,-1.20527133234978,-0.308884241085824,0.000930548911155427,0,1,10.9608943983427,0.000930548911155426,FALSE,0.00751282619823499,511,DARS1,aspartyl-tRNA synthetase 1
3232,-1,-0.656939077211592,-1.02677440990111,-0.287103744522077,0.000498637842086323,0,1,12.1207522672268,0.000498637842086324,FALSE,0.00469879194449716,512,HOXD3,homeobox D3
400,-1,-1.11210272780517,-1.83687274978666,-0.387332705823679,0.00263483315979685,0,1,9.04452056631151,0.00263483315979684,FALSE,0.0166817874429638,513,ARL1,ADP ribosylation factor like GTPase 1
5474,-1,-0.64800810230587,-1.01189821737983,-0.284117987231907,0.000482543732519613,0,1,12.1819422834768,0.000482543732519613,FALSE,0.00461147925511668,514,,
417,-1,-1.00447175097622,-1.64713631430435,-0.361807187648093,0.00218848902839854,0,1,9.38432262526793,0.00218848902839853,FALSE,0.0143483844762292,515,ART1,ADP-ribosyltransferase 1
2123,1,0.66503890672719,0.287189578554193,1.04288823490019,0.00056128974143124,0,1,11.9001649266182,0.000561289741431241,FALSE,0.00519257084995293,516,EVI2A,ecotropic viral integration site 2A
1519,-1,-0.81299583441089,-1.30763985179965,-0.318351817022134,0.0012756928505352,0,1,10.3773699938654,0.0012756928505352,FALSE,0.00946722972594987,517,CTSO,cathepsin O
3215,1,1.21377979368692,0.40889622567407,2.01866336169977,0.0031199766233757,0,1,8.73594450036789,0.0031199766233757,FALSE,0.0188715813677128,518,HOXB5,homeobox B5
24,2,1.04639680559811,0.369562600456817,1.72323101073941,0.00244443207698693,1.29083126026712,0.25589481649095,9.18172741513435,0.00244443207698694,FALSE,0.0156474546223555,519,ABCA4,ATP binding cassette subfamily A member 4
1845,1,1.02288335074778,0.363790700888805,1.68197600060675,0.00235184087035872,0,1,9.25242268269923,0.00235184087035872,FALSE,0.0151504915845684,520,DUSP3,dual specificity phosphatase 3
408,1,0.731835763185768,0.299305565406672,1.16436596096486,0.000912391033427106,0,1,10.9974139313534,0.000912391033427106,FALSE,0.00739401693489327,521,ARRB1,arrestin beta 1
1931,-1,-1.20803949780734,-2.01011982673827,-0.405959168876411,0.00315757636443638,0,1,8.71410361355115,0.00315757636443638,FALSE,0.0190394336736551,522,,
7837,-1,-0.594903690789166,-0.920199178971005,-0.269608202607327,0.00033785134808219,0,1,12.8479379132828,0.000337851348082189,FALSE,0.00350121141286198,523,PXDN,peroxidasin
4650,-1,-0.591371741930563,-0.91403472947941,-0.268708754381716,0.000327908444177544,0,1,12.9038414297241,0.000327908444177544,FALSE,0.00341564271415787,524,MYO9B,myosin IXB
68,-2,-0.590380468944299,-0.913096862816128,-0.26766407507247,0.000336333837087321,0.894348885676833,0.344301515774714,12.8563619099948,0.00033633383708732,FALSE,0.00349442232789185,525,,
3727,-1,-0.629361547588623,-0.982909257655536,-0.27581383752171,0.000484841378056904,0,1,12.1730816463563,0.000484841378056904,FALSE,0.00462253473855664,526,JUND,"JunD proto-oncogene, AP-1 transcription factor subunit"
1204,1,0.702841208289863,0.291240273479666,1.11444214310006,0.000817519979166419,0,1,11.2010287137276,0.000817519979166419,FALSE,0.00684419618921969,527,,
1766,-1,-1.40227084877533,-2.35450389600387,-0.450037801546789,0.00389839278155105,0,1,8.33054652877615,0.00389839278155105,FALSE,0.0222482923251336,528,,
7467,-1,-0.762387681821795,-1.22149824240983,-0.30327712123376,0.00113525037712274,0,1,10.5928630617476,0.00113525037712274,FALSE,0.0086860412854324,529,,
618,-1,-0.689265791221822,-1.09080923909953,-0.287722343344112,0.000767218041278624,0,1,11.3189083609015,0.000767218041278626,FALSE,0.00661439894310848,530,,
1902,1,0.60770603971902,0.270305317918856,0.945106761519184,0.000415292520882781,0,1,12.4621011697074,0.000415292520882781,FALSE,0.00412442474170841,531,LPAR1,lysophosphatidic acid receptor 1
3530,1,0.721599359332227,0.293304021596154,1.1498946970683,0.000959361189145937,0,1,10.9043998023667,0.000959361189145935,FALSE,0.0076673205885983,532,,
2757,-1,-0.997247458798409,-1.64142523378792,-0.353069683808897,0.00241168408667443,0,1,9.20641578151481,0.00241168408667443,FALSE,0.0155113395542933,533,,
1322,1,0.786141193880003,0.306457364491161,1.26582502326885,0.0013175320362359,0,1,10.3178006706711,0.0013175320362359,FALSE,0.00968166379925608,534,,
1846,1,0.599638463629352,0.267152701490743,0.932124225767961,0.00040808799071087,0,1,12.494792338273,0.00040808799071087,FALSE,0.00406283178958341,535,DUSP4,dual specificity phosphatase 4
1222,-1,-0.790310152055726,-1.27387588418621,-0.306744419925239,0.00135888399808976,0,1,10.2607774837599,0.00135888399808976,FALSE,0.0099389854878334,536,,
772,1,0.766968283718453,0.301349370460033,1.23258719697687,0.00124460367139207,0,1,10.4229286868443,0.00124460367139207,FALSE,0.00932740019421204,537,,
937,-1,-0.799435452922712,-1.29112121487598,-0.307749690969447,0.00143896162740964,0,1,10.1551823409447,0.00143896162740963,FALSE,0.010393355640399,538,,
1297,1,0.66941539553402,0.280135223129863,1.05869556793818,0.000750590221981761,0,1,11.3595991534686,0.000750590221981759,FALSE,0.00651261580186316,539,COL9A1,collagen type IX alpha 1 chain
4733,-1,-0.651062180477929,-1.02584796068332,-0.27627640027254,0.00066220419703933,0,1,11.5924413934251,0.000662204197039331,FALSE,0.00593639691682161,540,DRG1,developmentally regulated GTP binding protein 1
1377,-1,-0.747364338183566,-1.20110571091535,-0.293622965451785,0.00124534143757866,0,1,10.4218342680594,0.00124534143757865,FALSE,0.00932740019421204,541,,
2667,1,0.672182684202892,0.277589970269667,1.06677539813612,0.000841505630304641,0,1,11.1473772704596,0.00084150563030464,FALSE,0.00700160331415689,542,,
2483,-1,-0.554698456797634,-0.856430821943743,-0.252966091651525,0.000314375854819377,0,1,12.9827383127129,0.000314375854819377,FALSE,0.00329160455743699,543,FRG1,FSHD region gene 1
3446,-1,-0.552981910536739,-0.853429199570837,-0.252534621502641,0.000309316062733181,0,1,13.013120519192,0.000309316062733181,FALSE,0.00325545113297364,544,IFNA10,interferon alpha 10
3031,-1,-0.567949498402451,-0.880555619973203,-0.255343376831699,0.000369579418130192,0,1,12.6800412426256,0.000369579418130192,FALSE,0.00376265276950638,545,,
921,-1,-0.70446156278128,-1.12594130585062,-0.282981819711944,0.00105331331911535,0,1,10.7314244517411,0.00105331331911535,FALSE,0.00831973795137503,546,CD5,CD5 molecule
1218,-1,-0.998963638423534,-1.65156119077025,-0.346366086076816,0.00269789386507606,0,1,9.00128809383739,0.00269789386507605,FALSE,0.0169426048101233,547,,
704,-1,-0.665138846350087,-1.05714594751956,-0.273131745180611,0.000882370294327547,0,1,11.0594349657368,0.000882370294327547,FALSE,0.00723757982310773,548,,
759,1,0.718312475049156,0.284120956945976,1.15250399315234,0.00118485389670329,0,1,10.5138149619467,0.00118485389670329,FALSE,0.00902448870195814,549,CA1,carbonic anhydrase 1
509,1,0.918566215065196,0.32677175100162,1.51036067912877,0.00234856345673553,0,1,9.25497652565837,0.00234856345673553,FALSE,0.0151504915845684,550,ATP5F1C,ATP synthase F1 subunit gamma
1164,-1,-1.07439557242833,-1.78758378932675,-0.361207355529912,0.00315085520004639,0,1,8.71798833117913,0.00315085520004639,FALSE,0.0190272209695797,551,CKS2,CDC28 protein kinase regulatory subunit 2
660,1,0.980873076532146,0.339877472162623,1.62186868090167,0.00270686938289073,0,1,8.99521829641484,0.00270686938289074,FALSE,0.0169524493654919,552,BMX,BMX non-receptor tyrosine kinase
9288,1,0.896840646568753,0.321149661794294,1.47253163134321,0.00226315846198564,0,1,9.32283270863448,0.00226315846198564,FALSE,0.0147670178550174,553,,
1465,-1,-0.630570298161948,-0.996857227542172,-0.264283368781723,0.000740527984090984,0,1,11.3846677187242,0.000740527984090983,FALSE,0.00645294492803584,554,CSRP1,cysteine and glycine rich protein 1
828,1,0.795744681353877,0.298525341317904,1.29296402138985,0.00170857327779971,0,1,9.83892489804494,0.00170857327779971,FALSE,0.011734133765499,555,CAPS,calcyphosine
1078,1,0.660513598425064,0.269042905706091,1.05198429114404,0.000943101079970086,0,1,10.9360679408208,0.000943101079970087,FALSE,0.00759730730822821,556,,
339,-2,-0.528507378029975,-0.81496814885898,-0.242046607200971,0.000299136830230013,0.00636732144072412,0.936399905284329,13.075791248975,0.000299136830230013,FALSE,0.0031846190196886,557,APOBEC1,apolipoprotein B mRNA editing enzyme catalytic subunit 1
532,1,0.745350675645665,0.28526867700274,1.20543267428859,0.00149724155092599,0,1,10.082007091466,0.00149724155092599,FALSE,0.0106249085190054,558,,
4686,-1,-0.626869700499056,-0.993034938165502,-0.26070446283261,0.000792415416566558,0,1,11.2589143804724,0.000792415416566557,FALSE,0.00673467385199706,559,NCBP1,nuclear cap binding protein subunit 1
446,-1,-0.737035616010587,-1.19067092016741,-0.283400311853767,0.00145046685877935,0,1,10.1405016386045,0.00145046685877935,FALSE,0.0104392392749093,560,,
1464,-1,-0.582479142006987,-0.913523502034155,-0.251434781979819,0.000563509848487232,0,1,11.892811959965,0.000563509848487232,FALSE,0.00520123441018283,561,CSPG4,chondroitin sulfate proteoglycan 4
969,-1,-0.625188990959527,-0.990273850457584,-0.260104131461471,0.000789821974804277,0,1,11.2649995972361,0.000789821974804276,FALSE,0.00673467385199706,562,CD69,CD69 molecule
1267,1,0.822859634790133,0.300955939193381,1.34476333038689,0.00200036663810756,0,1,9.54919924592921,0.00200036663810756,FALSE,0.0133095001931229,563,CNP,"2',3'-cyclic nucleotide 3' phosphodiesterase"
710,-1,-0.739171571950969,-1.19499554390227,-0.28334759999967,0.00148136529284857,0,1,10.1016512643917,0.00148136529284857,FALSE,0.0105677678989831,564,SERPING1,serpin family G member 1
543,-1,-0.679099929154157,-1.08755686645289,-0.270642991855426,0.00111950244469003,0,1,10.6186913915114,0.00111950244469003,FALSE,0.00862399982107223,565,,
1749,-1,-0.771153613320663,-1.25297589659949,-0.28933133004184,0.001707383237439,0,1,9.84020656188604,0.00170738323743899,FALSE,0.011734133765499,566,DLX5,distal-less homeobox 5
1557,1,0.61796311681209,0.256698148164043,0.979228085460137,0.000800494954855297,0,1,11.2400848730402,0.000800494954855296,FALSE,0.00677161911706401,567,CYP2C19,cytochrome P450 family 2 subfamily C member 19
1121,-1,-0.728332674736606,-1.17731900961879,-0.279346339854421,0.00147581803237111,0,1,10.1085653555839,0.00147581803237111,FALSE,0.0105467630814246,568,CHM,CHM Rab escort protein
1068,1,0.698941617026949,0.272908583926221,1.12497465012768,0.00130226889056114,0,1,10.3393070927632,0.00130226889056114,FALSE,0.00961782728225238,569,CETN1,centrin 1
99,2,0.580946709080091,0.248141795934241,0.913751622225941,0.000623162249527055,0.64528324648983,0.421804107141265,11.7054823814728,0.000623162249527054,FALSE,0.00564888911651818,570,,
567,-1,-0.823995716764705,-1.34967831593513,-0.298313117594282,0.00212487509875888,0,1,9.4384110528721,0.00212487509875888,FALSE,0.0139999900815788,571,B2M,beta-2-microglobulin
1696,1,1.57016799541884,0.470885165606373,2.66945082523131,0.00511774270799676,0,1,7.83735528451385,0.00511774270799676,FALSE,0.0272271597328432,572,,
2225,-1,-1.29610302780516,-2.18807384017603,-0.404132215434293,0.00439976552812421,0,1,8.11099148869848,0.00439976552812421,FALSE,0.0242226221738578,573,,
1379,1,1.62667733121091,0.484210587263995,2.76914407515782,0.00526017275731631,0,1,7.78774776808302,0.0052601727573163,FALSE,0.0276449027401371,574,CR1L,complement C3b/C4b receptor 1 like
2574,1,0.593177688456364,0.249666950083289,0.936688426829439,0.000713119421660622,0,1,11.4547380145964,0.000713119421660621,FALSE,0.00626802580600616,575,GAGE2C,G antigen 2C
2121,-1,-1.16649068818927,-1.96028134546695,-0.372700030911587,0.00397416803154139,0,1,8.29558024049007,0.00397416803154138,FALSE,0.0225221382710569,576,EVC,EvC ciliary complex subunit 1
631,-1,-0.679256612566907,-1.09183565520758,-0.266677569926236,0.00125173975359228,0,1,10.4123702925198,0.00125173975359229,FALSE,0.00934079094209197,577,BFSP1,beaded filament structural protein 1
661,-1,-0.71954951983264,-1.16501996572958,-0.274079073935698,0.00154632260704614,0,1,10.0225853687604,0.00154632260704614,FALSE,0.0108590974068474,578,POLR3D,RNA polymerase III subunit D
966,1,1.23805580323999,0.387886038008394,2.08822556847159,0.00431469188751971,0,1,8.14639211593213,0.00431469188751971,FALSE,0.0239823477753496,579,CD59,CD59 molecule (CD59 blood group)
15033,-1,-0.691190932264767,-1.11457630876065,-0.267805555768887,0.00137567156847768,0,1,10.2381276187398,0.00137567156847769,FALSE,0.0100255776896971,580,,
5461,1,0.814091278367047,0.293153155141598,1.3350294015925,0.00219191756929563,0,1,9.38145293069648,0.00219191756929563,FALSE,0.0143483844762292,581,,
471,-1,-0.630441309377403,-1.00555270838582,-0.255329910368987,0.000987487889453426,0,1,10.8508805609504,0.000987487889453426,FALSE,0.00784568809424565,582,ATIC,5-aminoimidazole-4-carboxamide ribonucleotide formyltransferase/IMP cyclohydrolase
1446,-1,-0.58946443804418,-0.932497258999213,-0.246431617089148,0.000757199772684673,0,1,11.343316543984,0.000757199772684674,FALSE,0.0065419477162437,583,CSN1S1,casein alpha s1
2723,-1,-1.63931133756057,-2.79478404855883,-0.483838626562311,0.00542464328846749,0,1,7.73213949976321,0.00542464328846748,FALSE,0.0283255858310184,584,,
1437,-1,-0.817828007020815,-1.34349386893775,-0.292162145103883,0.00229374537742403,0,1,9.29823659904022,0.00229374537742403,FALSE,0.0148946414572471,585,CSF2,colony stimulating factor 2
2323,-1,-0.609562239905132,-0.969580072629965,-0.249544407180299,0.000905015496368994,0,1,11.0124580794301,0.000905015496368994,FALSE,0.0073733461687923,586,FLT3LG,fms related receptor tyrosine kinase 3 ligand
939,1,0.562916992774903,0.240268368125251,0.885565617424555,0.00062736289543826,0,1,11.6929815246458,0.000627362895438259,FALSE,0.00567427333106212,587,CD27,CD27 molecule
1982,1,0.632606630648756,0.253961419693286,1.01125184160423,0.00105836802587395,0,1,10.7225659164398,0.00105836802587395,FALSE,0.00832719852590529,588,EIF4G2,eukaryotic translation initiation factor 4 gamma 2
1700,-1,-0.576133076842484,-0.909844818444378,-0.24242133524059,0.000715007561103876,0,1,11.4498243994643,0.000715007561103875,FALSE,0.00626825694616355,589,,
3413,1,0.794097196214342,0.286483796765369,1.30171059566332,0.00216858679530275,0,1,9.40107142002013,0.00216858679530276,FALSE,0.0142606203770896,590,,
3543,-1,-0.596915322189846,-0.947854985675156,-0.245975658704536,0.000856946660880995,0,1,11.1136502496415,0.000856946660880996,FALSE,0.00708642422426488,591,IGLL1,immunoglobulin lambda like polypeptide 1
7018,-1,-0.513757636778719,-0.798321753093722,-0.229193520463716,0.000402319772546682,0,1,12.5213886050995,0.000402319772546682,FALSE,0.0040251844897757,592,TF,transferrin
2556,-1,-0.586186881057516,-0.929053571979299,-0.243320190135733,0.000805551697674017,0,1,11.2283975133777,0.000805551697674017,FALSE,0.0068001989145315,593,GABRA3,gamma-aminobutyric acid type A receptor subunit alpha3
1029,2,0.642859258968438,0.254078382480524,1.03164013545635,0.00119173346717912,8.67935578948742e-06,0.997649375929407,10.503116910725,0.00119173346717912,FALSE,0.00905985742778573,594,CDKN2A,cyclin dependent kinase inhibitor 2A
807,1,0.58627220429128,0.242227170437976,0.930317238144584,0.000838117222980815,0,1,11.1548620557641,0.000838117222980816,FALSE,0.00698775923357667,595,,
162,2,0.625232400778651,0.24981359825983,1.00065120329747,0.0010978300562987,1.12768128703574,0.288270465453681,10.6548439566963,0.0010978300562987,FALSE,0.008517295347823,596,AP1B1,adaptor related protein complex 1 subunit beta 1
1236,-1,-0.821297676693508,-1.35344408665913,-0.289151266727888,0.00248677966510205,0,1,9.15029503625766,0.00248677966510204,FALSE,0.0158683955952653,597,CCR7,C-C motif chemokine receptor 7
1537,-1,-0.69992917149901,-1.13611412835408,-0.263744214643937,0.00166042220249578,0,1,9.89151931971257,0.00166042220249578,FALSE,0.0114812811681107,598,CYC1,cytochrome c1
709,-1,-0.650060282670036,-1.04674837332304,-0.25337219201703,0.00131892359752946,0,1,10.3158524607865,0.00131892359752945,FALSE,0.00968166379925608,599,,
279,2,0.546933293690033,0.231831245588491,0.862035341791574,0.000669005496076423,0.0758040269651337,0.783066320138721,11.5734396764548,0.000669005496076424,FALSE,0.00595191234751476,600,AMY2A,amylase alpha 2A
1340,1,0.575430009316324,0.236466337994216,0.914393680638432,0.000877028027337432,0,1,11.0706950113429,0.00087702802733743,FALSE,0.00720835206241638,601,COX6B1,cytochrome c oxidase subunit 6B1
15452,1,0.566714626149739,0.23385693349051,0.899572318808967,0.000846933160614651,0,1,11.1354514307822,0.00084693316061465,FALSE,0.00701794103642243,602,,
1191,-1,-0.826215494191947,-1.3666308884268,-0.285800099957098,0.00273101746472259,0,1,8.97898877618347,0.0027310174647226,FALSE,0.0170772882207654,603,CLU,clusterin
5451,-1,-0.614865638999792,-0.986904445080929,-0.242826832918655,0.00119858252109114,0,1,10.4925282088716,0.00119858252109114,FALSE,0.00909486212633203,604,POU2F1,POU class 2 homeobox 1
3919,-1,-0.698501641261491,-1.13862683650279,-0.258376446020197,0.00186729747514011,0,1,9.67561507265741,0.00186729747514011,FALSE,0.0125685869921391,605,,
1832,-1,-0.589907503164085,-0.943233410896557,-0.236581595431613,0.00106666606666856,0,1,10.7081157103188,0.00106666606666856,FALSE,0.00836703743277851,606,DSP,desmoplakin
2780,-1,-1.25123866107537,-2.12311129470035,-0.379366027450389,0.00491158013881355,0,1,7.91171071575184,0.00491158013881354,FALSE,0.02653563029663,607,GNAT2,G protein subunit alpha transducin 2
3303,-1,-0.600769708378433,-0.96305669389887,-0.238482722857997,0.00115344212961822,0,1,10.5634740434747,0.00115344212961822,FALSE,0.00880178438646525,608,HSPA1A,heat shock protein family A (Hsp70) member 1A
379,1,0.973982954623183,0.315719958613837,1.63224595063253,0.00373146701331486,0,1,8.41007775071974,0.00373146701331486,FALSE,0.0216307644319768,609,ARL4D,ADP ribosylation factor like GTPase 4D
514,-1,-0.858255730031714,-1.42621297861255,-0.290298481450881,0.00305890905473172,0,1,8.77199371897806,0.00305890905473172,FALSE,0.018610659894554,610,ATP5F1E,ATP synthase F1 subunit epsilon
3460,-1,-1.15509087252371,-1.95450194148042,-0.355679803566998,0.00462570593433503,0,1,8.02025490384267,0.00462570593433503,FALSE,0.025328865467467,611,IFNGR2,interferon gamma receptor 2
1012,-1,-0.69887811588427,-1.14078994504893,-0.256966286719607,0.00193743619307565,0,1,9.60788533045017,0.00193743619307566,FALSE,0.0130190571382132,612,CDH13,cadherin 13
1559,1,0.656809339911185,0.248496907057318,1.06512177276505,0.00161719055301383,0,1,9.94007390847626,0.00161719055301383,FALSE,0.0112980277945035,613,CYP2C9,cytochrome P450 family 2 subfamily C member 9
2606,-1,-0.806751307700016,-1.3348553903342,-0.278647225065836,0.00275243628619465,0,1,8.96471501988959,0.00275243628619465,FALSE,0.0171537829214851,614,,
12792,-1,-0.727642528724115,-1.19283619644345,-0.262448861004778,0.00217147156284904,0,1,9.39863409559148,0.00217147156284904,FALSE,0.0142606203770896,615,,
12333,-1,-0.567798235545659,-0.904776052907546,-0.230820418183772,0.000958323096535373,0,1,10.9064053128637,0.000958323096535372,FALSE,0.0076673205885983,616,,
1593,1,0.776788012038247,0.27208088666275,1.28149513741374,0.00255665292209085,0,1,9.09960077634322,0.00255665292209085,FALSE,0.0162375511603638,617,CYP27A1,cytochrome P450 family 27 subfamily A member 1
1728,-1,-1.47013471561613,-2.51153223691907,-0.42873719431319,0.00565973967944922,0,1,7.65556712739341,0.00565973967944923,FALSE,0.0291113072818803,618,NQO1,NAD(P)H quinone dehydrogenase 1
17930,-1,-0.540088218060482,-0.855335637516552,-0.224840798604412,0.000785513097146545,0,1,11.275154672266,0.000785513097146545,FALSE,0.00671497694016414,619,,
681,1,0.678108874802536,0.251638248774648,1.10457950083042,0.00183050593607603,0,1,9.71218153109335,0.00183050593607604,FALSE,0.0123620167549668,620,,
52919,-1,-0.635229988159436,-1.02728883219469,-0.243171144124181,0.00149519306385011,0,1,10.0845298618387,0.00149519306385011,FALSE,0.0106249085190054,621,,
593,-1,-0.816156194958511,-1.35313016530031,-0.279182224616712,0.0028920608717522,0,1,8.8743443609207,0.0028920608717522,FALSE,0.0178094690765044,622,BCKDHA,branched chain keto acid dehydrogenase E1 subunit alpha
1099,-1,-0.701861328478801,-1.14776386194543,-0.255958795012168,0.00203531264744133,0,1,9.5174133269048,0.00203531264744133,FALSE,0.0135198145039873,623,,
37876,1,0.672603013384999,0.250035386133868,1.09517064063613,0.00181044833000682,0,1,9.7324314561811,0.00181044833000682,FALSE,0.0123086185120598,624,,
3915,-1,-0.584122833815741,-0.935661815394279,-0.232583852237203,0.00112712425571551,0,1,10.6061452038674,0.00112712425571551,FALSE,0.00864982478060463,625,LAMC1,laminin subunit gamma 1
2941,-1,-0.59907578114695,-0.962862956870128,-0.235288605423773,0.00124824443869702,0,1,10.4175342527325,0.00124824443869703,FALSE,0.00933189384797112,626,GSTA4,glutathione S-transferase alpha 4
2205,-1,-0.601607251307675,-0.967514280209072,-0.235700222406278,0.0012708547645042,0,1,10.3843855038857,0.0012708547645042,FALSE,0.00946599909149086,627,FCER1A,Fc epsilon receptor Ia
378,-1,-0.68978198086244,-1.12699160841716,-0.252572353307716,0.00198666342749012,0,1,9.56181724582931,0.00198666342749012,FALSE,0.0132400661318914,628,ARF4,ADP ribosylation factor 4
3528,-1,-0.594364200795043,-0.955171745617904,-0.233556655972182,0.00124362577594948,0,1,10.424380330987,0.00124362577594948,FALSE,0.00932740019421204,629,,
16794,-1,-1.34554197673596,-2.29571078447151,-0.395373169000408,0.0055113280257154,0,1,7.70351877666342,0.00551132802571541,FALSE,0.028650888845029,630,,
2299,-1,-0.788744661457303,-1.30614825995978,-0.271341062954831,0.00280970878000899,0,1,8.92709502868436,0.00280970878000899,FALSE,0.0173550914277385,631,FOXI1,forkhead box I1
2651,-1,-0.767385913669972,-1.26812232616431,-0.26664950117563,0.0026674130499992,0,1,9.02205521852891,0.0026674130499992,FALSE,0.0168092654410525,632,GCNT2,glucosaminyl (N-acetyl) transferase 2 (I blood group)
2144,-1,-0.795276418458903,-1.31878398415688,-0.271768852760925,0.00290665133737445,0,1,8.86515772963377,0.00290665133737446,FALSE,0.0178721566298047,633,,
1025,1,0.657554256920579,0.244062369634427,1.07104614420673,0.00182808840657,0,1,9.71461028969684,0.00182808840657,FALSE,0.0123620167549668,634,CDK9,cyclin dependent kinase 9
1180,1,0.732475573506773,0.258721592710917,1.20622955430263,0.00244295471258055,0,1,9.182833936375,0.00244295471258055,FALSE,0.0156474546223555,635,CLCN1,chloride voltage-gated channel 1
12986,-1,-0.725590979114427,-1.19501906470399,-0.256162893524868,0.00244959247052269,0,1,9.17786768505475,0.00244959247052269,FALSE,0.0156557550324257,636,,
865,-1,-0.601901733174511,-0.972071108023824,-0.231732358325198,0.00143789108481206,0,1,10.1565543949432,0.00143789108481206,FALSE,0.010393355640399,637,CBFB,core-binding factor subunit beta
15537,-1,-0.627416206689926,-1.01837098818641,-0.236461425193444,0.0016585408703445,0,1,9.89360550280048,0.0016585408703445,FALSE,0.0114812811681107,638,,
2737,1,0.705862868590474,0.251063030407023,1.16066270677393,0.00235072513085486,0,1,9.25329168930603,0.00235072513085485,FALSE,0.0151504915845684,639,GLI3,GLI family zinc finger 3
698,1,1.08850890721295,0.332043155823632,1.84497465860227,0.00479831406537962,0,1,7.95392727456781,0.00479831406537962,FALSE,0.0260976759636486,640,,
5120,-1,-0.605707171336092,-0.980838887744638,-0.230575454927546,0.00155264406166531,0,1,10.0150712848439,0.00155264406166531,FALSE,0.010884625844062,641,,
1775,1,0.549709920621692,0.219374402937929,0.880045438305455,0.00110797981578872,0,1,10.6378236982324,0.00110797981578872,FALSE,0.00856781338468681,642,DNASE1L2,deoxyribonuclease 1 like 2
2688,-1,-0.664184905214035,-1.0872719567175,-0.24109785371057,0.00209195404633419,0,1,9.46705099496732,0.00209195404633419,FALSE,0.0138242544391281,643,GH1,growth hormone 1
14261,-1,-0.765777824161734,-1.27026696240121,-0.261288685922258,0.00292909479496184,0,1,8.85111763799905,0.00292909479496184,FALSE,0.017955661284698,644,,
1230,-1,-0.744149101410935,-1.23154026069979,-0.256757942122083,0.00276726114783781,0,1,8.95490144979486,0.00276726114783781,FALSE,0.0171714275207333,645,CCR1,C-C motif chemokine receptor 1
60154,-1,-0.517256328524815,-0.82183874497258,-0.21267391207705,0.00087313768443598,0,1,11.0789385110071,0.00087313768443598,FALSE,0.00719096320596462,646,,
15936,-1,-0.639982235182343,-1.04478729802285,-0.235177172341834,0.00194416001210763,0,1,9.60152348978522,0.00194416001210764,FALSE,0.0130341895556754,647,,
1145,1,0.585242217642167,0.222607888688168,0.947876546596166,0.00156091274738142,0,1,10.0052892352344,0.00156091274738142,FALSE,0.0109236933547315,648,CHRNE,cholinergic receptor nicotinic epsilon subunit
2067,-1,-0.785001018371054,-1.30812917431553,-0.261872862426575,0.00327045897164476,0,1,8.65008612574976,0.00327045897164476,FALSE,0.0195744457209817,649,ERCC1,"ERCC excision repair 1, endonuclease non-catalytic subunit"
7294,-1,-0.577417908569331,-0.934171226874297,-0.220664590264365,0.00151251648533401,0,1,10.0633050582769,0.00151251648533401,FALSE,0.0106547743705307,650,TXK,TXK tyrosine kinase
6708,-1,-1.28545001271254,-2.19878996586134,-0.372110059563744,0.00580697429352239,0,1,7.60924655155011,0.00580697429352239,FALSE,0.0296345841780261,651,SPTA1,"spectrin alpha, erythrocytic 1"
16786,-1,-0.557278176143114,-0.89787184610055,-0.216684506185678,0.00134180044102429,0,1,10.284119375002,0.00134180044102429,FALSE,0.00983178189336424,652,,
771,-1,-0.700909152951522,-1.15805166928566,-0.243766636617385,0.00265497899229859,0,1,9.03059603917524,0.00265497899229859,FALSE,0.0167569702130746,653,CA12,carbonic anhydrase 12
1385,-1,-0.605582377842693,-0.985943973620312,-0.225220782065074,0.00180542217966119,0,1,9.73754142659167,0.00180542217966119,FALSE,0.0122950767596423,654,CREB1,cAMP responsive element binding protein 1
1597,-1,-0.605532821471608,-0.986057764312673,-0.225007878630543,0.00181522253069382,0,1,9.72759093383495,0.00181522253069382,FALSE,0.0123204048481932,655,,
4098,-1,-0.807881290453067,-1.35136622626245,-0.264396354643682,0.0035745476429075,0,1,8.48821284740903,0.0035745476429075,FALSE,0.0210524230364261,656,,
1455,1,0.791896646297036,0.260912683079722,1.32288060951435,0.00346628749439227,0,1,8.54417982302958,0.00346628749439228,FALSE,0.0206549954812904,657,CSNK1G2,casein kinase 1 gamma 2
11158,-1,-0.519938535273646,-0.831749921051571,-0.208127149495721,0.00108235285069296,0,1,10.681106762141,0.00108235285069296,FALSE,0.00843402644424592,658,RABL2B,"RAB, member of RAS oncogene family like 2B"
8630,-1,-0.489661444855603,-0.777166003092479,-0.202156886618727,0.0008435356409796,0,1,11.1429076782874,0.0008435356409796,FALSE,0.00700411151075685,659,HSD17B6,hydroxysteroid 17-beta dehydrogenase 6
3014,1,0.62243255002324,0.226216542995303,1.01864855705118,0.00207703200571034,0,1,9.48018342017049,0.00207703200571035,FALSE,0.0137518524299646,660,H2AX,H2A.X variant histone
1647,1,0.639685431198265,0.228858806133914,1.05051205626262,0.00227474141345576,0,1,9.31347896437282,0.00227474141345577,FALSE,0.0148187334522874,661,GADD45A,growth arrest and DNA damage inducible alpha
5695,-1,-0.555779747925873,-0.899124832608684,-0.212434663243062,0.00151062829704213,0,1,10.0656064956255,0.00151062829704213,FALSE,0.0106547743705307,662,PSMB7,proteasome 20S subunit beta 7
1969,1,0.676103904457925,0.235378953650364,1.11682885526549,0.00264077409105513,0,1,9.04040306883342,0.00264077409105513,FALSE,0.0166933176551566,663,EPHA2,EPH receptor A2
3972,1,0.581942701944333,0.217052811551123,0.946832592337543,0.0017729910672499,0,1,9.77086408750668,0.0017729910672499,FALSE,0.0121149406483922,664,LHB,luteinizing hormone subunit beta
1138,-1,-0.723109377508277,-1.20189718243978,-0.244321572576776,0.00307521361349041,0,1,8.76229779790791,0.00307521361349041,FALSE,0.0186704904226399,665,CHRNA5,cholinergic receptor nicotinic alpha 5 subunit
1192,1,0.775260552069095,0.254603049687813,1.29591805445038,0.00351841578180649,0,1,8.51701266160931,0.00351841578180649,FALSE,0.020873529645505,666,CLIC1,chloride intracellular channel 1
1053,-1,-0.540804074474561,-0.872962598350592,-0.20864555059853,0.00141724176226524,0,1,10.1832237961509,0.00141724176226525,FALSE,0.0102731012892643,667,CEBPE,CCAAT enhancer binding protein epsilon
3887,-1,-0.482549308028188,-0.769042238290459,-0.196056377765917,0.000962616859602355,0,1,10.8981243140389,0.000962616859602356,FALSE,0.00767819589588335,668,KRT81,keratin 81
1169,-1,-0.641836824290278,-1.0580812966564,-0.225592351924158,0.00250938681469184,0,1,9.13373662424353,0.00250938681469184,FALSE,0.0159874770017788,669,,
907,1,0.711472422062513,0.238319241339808,1.18462560278522,0.00320702404136015,0,1,8.68577941161028,0.00320702404136015,FALSE,0.0192802098154174,670,,
780,1,0.764284184646577,0.248720194425551,1.2798481748676,0.00366670707305378,0,1,8.44191111467955,0.00366670707305378,FALSE,0.0214703714740086,671,DDR1,discoidin domain receptor tyrosine kinase 1
714,2,0.414327901796583,0.181674718237272,0.646981085355894,0.000482180992361209,0.197610587880426,0.656656462808629,12.1833450448285,0.000482180992361209,FALSE,0.00461147925511668,672,C1QC,complement C1q C chain
3380,-1,-0.65142940101881,-1.07767849554571,-0.225180306491912,0.00274102809785865,0,1,8.97230347653039,0.00274102809785865,FALSE,0.0171134758898663,673,,
1591,1,0.582639465148905,0.211984762753961,0.953294167543848,0.00206371655771201,0,1,9.49198296325617,0.00206371655771201,FALSE,0.0136860548148103,674,CYP24A1,cytochrome P450 family 24 subfamily A member 1
1682,-1,-0.540277530595383,-0.876592772273936,-0.20396228891683,0.00164050690781737,0,1,9.9137256185455,0.00164050690781737,FALSE,0.01142153606611,675,,
1476,1,0.763419809269681,0.24728556567683,1.27955405286253,0.00374349899744644,0,1,8.40422525403775,0.00374349899744643,FALSE,0.0216547106701607,676,CSTB,cystatin B
3256,1,0.968936842519283,0.290738361325914,1.64713532371265,0.00510733035581622,0,1,7.84103686471417,0.00510733035581621,FALSE,0.0272271597328432,677,,
112,2,0.66529239529341,0.227154869946375,1.10342992064045,0.00291922170207827,0.62353071880182,0.429738266876892,8.85728050051607,0.00291922170207827,FALSE,0.0179222520254866,678,ADCY6,adenylate cyclase 6
819,-1,-0.769226610725447,-1.2910024206057,-0.247450800845196,0.00385889700541143,0,1,8.34904688871237,0.00385889700541143,FALSE,0.0220850998106315,679,CAMLG,calcium modulating ligand
831,-1,-0.741323127292511,-1.24198904097313,-0.240657213611888,0.00370707817223887,0,1,8.42199987783421,0.00370707817223887,FALSE,0.0215820125774596,680,CAST,calpastatin
2356,-1,-0.636279659884877,-1.05297291374674,-0.219586406023013,0.00276418560633065,0,1,8.95693296112864,0.00276418560633065,FALSE,0.0171714275207333,681,FPGS,folylpolyglutamate synthase
403,-1,-0.84830946751216,-1.43427882761251,-0.26234010741181,0.00454761389449026,0,1,8.05109580441566,0.00454761389449027,FALSE,0.0250026207604811,682,ARL3,ADP ribosylation factor like GTPase 3
3254,-1,-0.473464104107295,-0.757788146090811,-0.189140062123779,0.00109934488324566,0,1,10.6522936433174,0.00109934488324566,FALSE,0.008517295347823,683,,
613,1,0.960314566377992,0.286040703697001,1.63458842905898,0.00524772278125105,0,1,7.79202907871581,0.00524772278125105,FALSE,0.0276203206650411,684,BCR,BCR activator of RhoGEF and GTPase
1758,1,0.660434167054952,0.223837964461482,1.09703036964842,0.00302864524304465,0,1,8.79013085257296,0.00302864524304465,FALSE,0.0184820339229171,685,DMP1,dentin matrix acidic phosphoprotein 1
885,1,0.767302354601798,0.244162661944747,1.29044204725885,0.00404374081395585,0,1,8.26406830427295,0.00404374081395584,FALSE,0.0227980649407329,686,CCK,cholecystokinin
563,1,0.811958669260189,0.253233031380629,1.37068430713975,0.00439555678380397,0,1,8.11272637269313,0.00439555678380397,FALSE,0.0242226221738578,687,AZGP1,"alpha-2-glycoprotein 1, zinc-binding"
695,-1,-0.693781175560684,-1.15926432769528,-0.228298023426086,0.00348645675233339,0,1,8.53361946447561,0.00348645675233339,FALSE,0.0207142562470013,688,BTK,Bruton tyrosine kinase
4837,-1,-0.522566764820643,-0.849915329155769,-0.195218200485517,0.00175514707490639,0,1,9.78946304586266,0.00175514707490639,FALSE,0.0120335972039267,689,NNMT,nicotinamide N-methyltransferase
911,-1,-0.582443102349626,-0.958844086735176,-0.206042117964076,0.00242256458514011,0,1,9.19817554747457,0.0024225645851401,FALSE,0.0155566270982372,690,CD1C,CD1c molecule
2926,-1,-0.484794595131599,-0.7823795178585,-0.187209672404698,0.001408172220827,0,1,10.19506204833,0.00140817222082699,FALSE,0.0102256520408441,691,GRSF1,G-rich RNA sequence binding factor 1
2883,-1,-0.873287215586865,-1.48386076045583,-0.262713670717898,0.00505849901616229,0,1,7.85840523921885,0.00505849901616228,FALSE,0.0271124841448275,692,,
498,-1,-0.710842500396659,-1.1932730294447,-0.228411971348617,0.00387785901658582,0,1,8.34014090254453,0.00387785901658582,FALSE,0.0221623197957768,693,ATP5F1A,ATP synthase F1 subunit alpha
957,-1,-0.769962886463516,-1.29951738370808,-0.240408389218952,0.00437531899948161,0,1,8.12109226556783,0.00437531899948161,FALSE,0.0241866201717592,694,ENTPD5,ectonucleoside triphosphate diphosphohydrolase 5 (inactive)
646,-1,-1.43254199689299,-2.47586876648867,-0.389215227297314,0.00712098771410664,0,1,7.24219486753625,0.00712098771410665,FALSE,0.0345146438009092,695,BNC1,basonuclin zinc finger protein 1
1994,1,0.835218328100214,0.25278572314385,1.41765093305658,0.00494458524201911,0,1,7.89959553752836,0.00494458524201911,FALSE,0.0266783747012802,696,ELAVL1,ELAV like RNA binding protein 1
880,1,0.936732584247621,0.274467235939078,1.59899793255616,0.00556710336997578,0,1,7.68534508394085,0.0055671033699758,FALSE,0.0288464230884167,697,,
1598,-1,-1.08048091011094,-1.85462482983084,-0.306336990391042,0.00622775250177488,0,1,7.48319330846932,0.00622775250177487,FALSE,0.0315041861887538,698,,
1039,1,0.745223225843709,0.233845859786418,1.256600591901,0.00428706279775937,0,1,8.15804209216719,0.00428706279775937,FALSE,0.0238615088688475,699,CDR2,cerebellar degeneration related protein 2
2276,1,0.694352371917251,0.223448258399677,1.16525648543482,0.00385260685137007,0,1,8.35201105446053,0.00385260685137007,FALSE,0.0220802870746132,700,,
25365,-1,-0.451174041783614,-0.724731110751768,-0.17761697281546,0.00122693850617124,0,1,10.4493315115593,0.00122693850617124,FALSE,0.00924080822863544,701,,
1535,-1,-0.637905023752134,-1.06508506193261,-0.210724985571657,0.00342468167096031,0,1,8.56616284916866,0.0034246816709603,FALSE,0.0204672715792495,702,CYBA,cytochrome b-245 alpha chain
1974,-1,-0.577827153268087,-0.956501343980265,-0.199152962555909,0.00278291845250061,0,1,8.94459462654266,0.00278291845250061,FALSE,0.0172158558313473,703,EIF4A2,eukaryotic translation initiation factor 4A2
8578,1,0.710403890930432,0.224832796602068,1.1959749852588,0.00413753233583958,0,1,8.22244909907964,0.00413753233583958,FALSE,0.0231564655038977,704,SCARF1,scavenger receptor class F member 1
402,1,0.683919567990071,0.219082870400792,1.14875626557935,0.00393011137058759,0,1,8.31582664589067,0.00393011137058758,FALSE,0.0223349386726801,705,ARL2,ADP ribosylation factor like GTPase 2
606,1,0.819437468352441,0.246381747346836,1.39249318935805,0.00506864754903707,0,1,7.85478157589401,0.00506864754903708,FALSE,0.0271309905795221,706,,
2709,-1,-0.558376879460292,-0.923194511146109,-0.193559247774475,0.00270111616666823,0,1,8.99910661937447,0.00270111616666823,FALSE,0.0169426048101233,707,GJB5,gap junction protein beta 5
732,-1,-0.633386074912876,-1.05897601501262,-0.207796134813128,0.00353500871529947,0,1,8.50845089515872,0.00353500871529947,FALSE,0.0209139531750584,708,C8B,complement C8 beta chain
4186,-1,-0.709533970326335,-1.1962132549215,-0.222854685731165,0.00427061830567477,0,1,8.16501235171034,0.00427061830567477,FALSE,0.023802675893527,709,,
630,-1,-0.671048364143814,-1.12704979589496,-0.215046932392672,0.0039232392941268,0,1,8.31900553976161,0.0039232392941268,FALSE,0.0223349386726801,710,,
11473,-1,-0.502613429652068,-0.822821184372899,-0.182405674931237,0.00209479077631408,0,1,9.46456522543551,0.00209479077631408,FALSE,0.0138242544391281,711,,
7198,1,0.866247293591041,0.254596968825821,1.47789761835626,0.00550675865018078,0,1,7.70501595263242,0.00550675865018078,FALSE,0.028650888845029,712,,
1151,1,0.553872180339255,0.191257086866176,0.916487273812334,0.00275595080994245,0,1,8.96238367566416,0.00275595080994245,FALSE,0.0171537829214851,713,,
522,1,0.744303358584012,0.22830888213914,1.26029783502888,0.00469603462433934,0,1,7.99293045191332,0.00469603462433934,FALSE,0.0256446526924838,714,ATP5PF,ATP synthase peripheral stalk subunit F6
4621,-1,-0.462864720665147,-0.751961870214623,-0.173767571115671,0.0017008214048194,0,1,9.84728989750115,0.00170082140481939,FALSE,0.0117206264155242,715,MYH3,myosin heavy chain 3
439,1,0.649798110058659,0.20816428403699,1.09143193608033,0.00392915927955244,0,1,8.31626672774513,0.00392915927955244,FALSE,0.0223349386726801,716,GET3,"guided entry of tail-anchored proteins factor 3, ATPase"
2052,1,0.544713693570008,0.187781083892254,0.901646303247762,0.00277979312822584,0,1,8.94664723987363,0.00277979312822584,FALSE,0.0172158558313473,717,EPHX1,epoxide hydrolase 1
597,-1,-1.04773009139923,-1.80316761984617,-0.292292562952286,0.00656163668024187,0,1,7.38920822488287,0.00656163668024188,FALSE,0.0326230083783314,718,BCL2A1,BCL2 related protein A1
381,1,0.621360509314173,0.201918601466489,1.04080241716186,0.00369032030069735,0,1,8.43023804643707,0.00369032030069736,FALSE,0.0215477677573619,719,ARF5,ADP ribosylation factor 5
3480,1,0.722943446494111,0.222010121888838,1.22387677109938,0.00467511838185827,0,1,8.00101315012612,0.00467511838185827,FALSE,0.0255648848627392,720,IGF1R,insulin like growth factor 1 receptor
6224,-1,-0.566599714767086,-0.941793611939436,-0.191405817594736,0.00307795844084982,0,1,8.76067065416314,0.00307795844084981,FALSE,0.0186704904226399,721,RPS20,ribosomal protein S20
1216,1,0.626406367803409,0.202436212399716,1.0503765232071,0.00378190093984002,0,1,8.38567327519351,0.00378190093984002,FALSE,0.0217674184776019,722,,
610,1,0.887526322002747,0.25577138919187,1.51928125481362,0.00589667831604898,0,1,7.58160899708127,0.005896678316049,FALSE,0.0300545163982773,723,HCN2,hyperpolarization activated cyclic nucleotide gated potassium and sodium channel 2
827,-1,-0.796223561972989,-1.35634882645778,-0.236098297488197,0.00533450879624882,0,1,7.7623980336428,0.00533450879624881,FALSE,0.0279992611948189,724,CAPN6,calpain 6
6471,-1,-0.757297002778209,-1.2874400220049,-0.227153983551519,0.00511401260172325,0,1,7.83867329034519,0.00511401260172325,FALSE,0.0272271597328432,725,,
4079,-1,-0.619982581276332,-1.04025915805711,-0.199706004495551,0.00383657903118344,0,1,8.35958629931765,0.00383657903118344,FALSE,0.0220195725699083,726,,
5729,-1,-0.56287900361433,-0.937465692751192,-0.188292314477468,0.00322774210475405,0,1,8.67404355542636,0.00322774210475405,FALSE,0.0193473535628157,727,PTGDR,prostaglandin D2 receptor
4572,1,0.709095216379005,0.216129727594824,1.20206070516319,0.00481335375763299,0,1,7.94826356973745,0.00481335375763298,FALSE,0.0261443826084837,728,,
436,1,1.08165306222078,0.296598857269702,1.86670726717186,0.00692453686175348,0,1,7.29243995757546,0.0069245368617535,FALSE,0.0337644083800543,729,,
1732,1,0.867019391330408,0.248902571465313,1.4851362111955,0.00597409160309911,0,1,7.55810081552698,0.00597409160309912,FALSE,0.0303346104959368,730,,
574,-1,-0.753927965158364,-1.28310141194064,-0.224754518376091,0.0052316275389399,0,1,7.7975792974575,0.00523162753893991,FALSE,0.0276022848799277,731,,
1114,-1,-0.572370659939035,-0.956092721625695,-0.188648598252375,0.00346078413487519,0,1,8.54707215952624,0.00346078413487519,FALSE,0.0206525733645276,732,CHGB,chromogranin B
1004,-1,-0.587341534196638,-0.983484475306398,-0.191198593086879,0.00366149775377196,0,1,8.44449660509723,0.00366149775377196,FALSE,0.0214703714740086,733,CDH6,cadherin 6
1460,-1,-0.593877050701113,-0.995582918677845,-0.192171182724381,0.00376045633693401,0,1,8.39600940905529,0.00376045633693402,FALSE,0.021674778203779,734,CSNK2B,casein kinase 2 beta
781,1,0.700321876433094,0.212637304501938,1.18800644836425,0.00488477463203953,0,1,7.92161140689265,0.00488477463203954,FALSE,0.0264967962637539,735,CACNA2D1,calcium voltage-gated channel auxiliary subunit alpha2delta 1
800,1,0.608211323966704,0.194466059068456,1.02195658886495,0.00396196274923392,0,1,8.30116626607885,0.00396196274923391,FALSE,0.0224844160502743,736,CALD1,caldesmon 1
33970,-1,-0.436637016705116,-0.710581636535866,-0.162692396874366,0.0017843295771277,0,1,9.75914415617466,0.0017843295771277,FALSE,0.0121718913241102,737,,
7778,-1,-0.47588440303913,-0.782320605089096,-0.169448200989164,0.00233646427244462,0,1,9.26443592985814,0.00233646427244461,FALSE,0.0151235674631719,738,,
518,1,1.2353506897225,0.329221237568354,2.14148014187665,0.00753845405088271,0,1,7.13996713747494,0.00753845405088272,FALSE,0.0357697196987268,739,ATP5MC3,ATP synthase membrane subunit c locus 3
4997,-1,-1.0436376429581,-1.8024734849559,-0.284801800960298,0.00702691281917022,0,1,7.26607675544032,0.00702691281917022,FALSE,0.0342224167587473,740,,
536,1,0.786624888311518,0.228795064402079,1.34445471222096,0.00571242658737095,0,1,7.63885187553871,0.00571242658737095,FALSE,0.0293368219670812,741,,
5792,-1,-0.501455544550884,-0.830502046812051,-0.172409042289717,0.00281805615563386,0,1,8.92167708224906,0.00281805615563387,FALSE,0.01738015759913,742,PTPRF,protein tyrosine phosphatase receptor type F
241,2,0.678029265852973,0.205633701999619,1.15042482970633,0.0049060904655916,1.27766522041201,0.258333599784863,7.91373385221554,0.00490609046559159,FALSE,0.02653563029663,743,ALOX5AP,arachidonate 5-lipoxygenase activating protein
2016,-1,-0.92425710585923,-1.59106310208512,-0.257451109633342,0.00659367054398697,0,1,7.38044903038133,0.00659367054398697,FALSE,0.0327420993189157,744,EMX1,empty spiracles homeobox 1
1506,1,0.76274884609655,0.222789151928911,1.30270854026419,0.00562887927148548,0,1,7.66543164532576,0.00562887927148547,FALSE,0.0290550558064448,745,CTRL,chymotrypsin like
1803,1,0.764788741723694,0.223018343159039,1.30655914028835,0.00566133024139233,0,1,7.65506019241981,0.00566133024139233,FALSE,0.0291113072818803,746,DPP4,dipeptidyl peptidase 4
1872,1,0.86168718645217,0.243320567383952,1.48005380552039,0.00631063495415298,0,1,7.45939108720305,0.00631063495415298,FALSE,0.031804344321179,747,,
2622,-1,-0.545112027836003,-0.910755957063636,-0.17946809860837,0.00347827026187643,0,1,8.53789829561696,0.00347827026187642,FALSE,0.0206959634377728,748,GAS8,growth arrest specific 8
10699,-1,-0.552226368213406,-0.923690756807548,-0.180761979619264,0.00357148315233414,0,1,8.48977325379248,0.00357148315233414,FALSE,0.0210524230364261,749,CORIN,"corin, serine peptidase"
2548,-1,-0.505214923175541,-0.838376138996431,-0.172053707354651,0.0029572810453686,0,1,8.83363897973008,0.0029572810453686,FALSE,0.0181010616251262,750,GAA,alpha glucosidase
9346,-1,-0.546591223522245,-0.913867297617154,-0.179315149427336,0.0035355523013117,0,1,8.50817110261087,0.0035355523013117,FALSE,0.0209139531750584,751,,
479,1,0.712498145200433,0.210899151919385,1.21409713848148,0.00536867288866704,0,1,7.75086809150337,0.00536867288866704,FALSE,0.0281421248963504,752,ATP12A,ATPase H+/K+ transporting non-gastric alpha2 subunit
1983,-1,-0.474484230534495,-0.784386217231923,-0.164582243837067,0.00269219659563548,0,1,9.00515158464557,0.00269219659563549,FALSE,0.0169391003191226,753,EIF5,eukaryotic translation initiation factor 5
953,-1,-0.716904667230899,-1.22322943241652,-0.210579902045275,0.00551829027907528,0,1,7.70123999554438,0.00551829027907527,FALSE,0.028650888845029,754,ENTPD1,ectonucleoside triphosphate diphosphohydrolase 1
1361,1,0.564124649250828,0.179482791393339,0.948766507108317,0.00404631207794913,0,1,8.26291428591657,0.00404631207794913,FALSE,0.0227980649407329,755,CPB2,carboxypeptidase B2
7,2,2.01397633721482,0.507922671782979,3.52003000264667,0.00876800436975984,3.19828756355962,0.0737154177215249,6.86948238754638,0.00876800436975987,FALSE,0.0397117644518386,756,,
1608,-1,-0.532764328801434,-0.892500519031704,-0.173028138571164,0.0036998495880663,0,1,8.42554879466143,0.0036998495880663,FALSE,0.0215709216271146,757,DGKG,diacylglycerol kinase gamma
6132,-1,-0.832821491545477,-1.43268500458939,-0.23295797850156,0.00650612943829871,0,1,7.40448975737332,0.0065061294382987,FALSE,0.0324266131414347,758,RPL8,ribosomal protein L8
351,1,1.1126006752665,0.294725333583081,1.93047601694992,0.00767034333334761,0,1,7.10887030420732,0.00767034333334761,FALSE,0.0362240456721731,759,APP,amyloid beta precursor protein
1171,1,0.553468845109534,0.176239855924767,0.930697834294301,0.00403194960833794,0,1,8.26936993925705,0.00403194960833794,FALSE,0.0227858574797564,760,,
2986,-1,-0.476426789776408,-0.790858481670423,-0.161995097882393,0.00298055049900088,0,1,8.8193363350116,0.00298055049900088,FALSE,0.0182159737887656,761,GUCY2F,"guanylate cyclase 2F, retinal"
1052,-1,-0.516709685970818,-0.864511130547652,-0.168908241393984,0.0035933898823153,0,1,8.47864837035564,0.0035933898823153,FALSE,0.021102051888611,762,CEBPD,CCAAT enhancer binding protein delta
4499,1,0.530827219604307,0.171459840068457,0.890194599140157,0.00379045383250579,0,1,8.38156746665799,0.00379045383250579,FALSE,0.0217857006089552,763,MT1M,metallothionein 1M
84,2,1.33793511355997,0.345827435085153,2.3300427920348,0.0082134914403922,3.51911936261607,0.0606646730213996,6.98632305153789,0.0082134914403922,FALSE,0.0379920859777046,764,,
28195,-1,-0.54943853351197,-0.924549115499754,-0.174327951524186,0.00409392089292118,0,1,8.2416805829575,0.00409392089292118,FALSE,0.0229440767055555,765,,
4099,-1,-0.650460522296816,-1.10718356721252,-0.193737477381113,0.00524867890229063,0,1,7.79169991998261,0.00524867890229063,FALSE,0.0276203206650411,766,MAG,myelin associated glycoprotein
1970,-1,-0.704699603242989,-1.20484205405323,-0.204557152432748,0.00575215583502579,0,1,7.62635118496908,0.0057521558350258,FALSE,0.0294661636454166,767,,
554,1,0.726895318445256,0.208948577240964,1.24484205964955,0.00594777004433777,0,1,7.56605886369782,0.00594777004433777,FALSE,0.030270583482385,768,AVPR2,arginine vasopressin receptor 2
497,1,0.825895951142008,0.229449968457189,1.42234193382683,0.00664856132841552,0,1,7.3655404782408,0.00664856132841552,FALSE,0.0328193901698453,769,,
2055,1,0.621320995402871,0.187667968563159,1.05497402224258,0.00498255754070498,0,1,7.88575857044863,0.00498255754070499,FALSE,0.0267762906564146,770,CLN8,CLN8 transmembrane ER and ERGIC protein
13307,-1,-0.517623896057589,-0.867330633005937,-0.167917159109241,0.00371889196112963,0,1,8.41621495037082,0.00371889196112963,FALSE,0.0216197277281166,771,,
1302,-1,-0.481872426894716,-0.802412361224571,-0.161332492564861,0.00321451800477099,0,1,8.68152554573002,0.00321451800477099,FALSE,0.0192966325264178,772,COL11A2,collagen type XI alpha 2 chain
2830,1,0.555622730340996,0.174608755787763,0.936636704894229,0.00426099700086301,0,1,8.16910317466129,0.00426099700086302,FALSE,0.0237817628753401,773,GPR6,G protein-coupled receptor 6
2099,1,0.622436529267943,0.187294568326244,1.05757849020964,0.00505394557054369,0,1,7.86003351357103,0.00505394557054369,FALSE,0.0271124841448275,774,ESR1,estrogen receptor 1
1306,-1,-0.506472181479037,-0.848362510170158,-0.164581852787916,0.00369056042043662,0,1,8.43011973512265,0.00369056042043662,FALSE,0.0215477677573619,775,COL15A1,collagen type XV alpha 1 chain
860,-1,-0.895467531506558,-1.54774426112119,-0.243190801891929,0.0071301261234219,0,1,7.23989218688739,0.0071301261234219,FALSE,0.0345176476130293,776,RUNX2,RUNX family transcription factor 2
1291,1,0.725694020395055,0.207231337212812,1.2441567035773,0.00608124172525173,0,1,7.52607020086085,0.00608124172525172,FALSE,0.0308400393876345,777,COL6A1,collagen type VI alpha 1 chain
605,1,0.601658958556304,0.181785869866202,1.02153204724641,0.00497668743405824,0,1,7.88789058019546,0.00497668743405824,FALSE,0.0267762906564146,778,BCL7A,BAF chromatin remodeling complex subunit BCL7A
2573,1,0.525892829066171,0.167138824765787,0.884646833366555,0.00406483815614979,0,1,8.25462152162217,0.00406483815614979,FALSE,0.0228273851245445,779,,
884,1,0.597757690918695,0.180701709967131,1.01481367187026,0.00496685248326192,0,1,7.89146836206832,0.00496685248326194,FALSE,0.026762880667789,780,,
1071,-1,-1.53436970267068,-2.68183213338736,-0.386907271953999,0.00877147808104531,0,1,6.86877452853997,0.00877147808104529,FALSE,0.0397117644518386,781,CETP,cholesteryl ester transfer protein
2000,1,0.548207789530979,0.171000703767288,0.92541487529467,0.00439283640413573,0,1,8.11384863887742,0.00439283640413573,FALSE,0.0242226221738578,782,ELF4,E74 like ETS transcription factor 4
3183,1,0.578545721124496,0.175528406354769,0.981563035894223,0.00489904258305451,0,1,7.91633462731157,0.00489904258305451,FALSE,0.02653563029663,783,HNRNPC,heterogeneous nuclear ribonucleoprotein C
10821,-1,-0.532294140488835,-0.898117926802208,-0.166470354175462,0.00434645671914259,0,1,8.13309175947144,0.00434645671914259,FALSE,0.0240598942977674,784,,
10792,-1,-0.960024786291612,-1.66561526897636,-0.254434303606869,0.0076594890193227,0,1,7.1114088121551,0.0076594890193227,FALSE,0.0362240456721731,785,,
2313,-1,-0.593351604909463,-1.00905672443355,-0.177646485385374,0.00514948955400794,0,1,7.82617723379064,0.00514948955400793,FALSE,0.0272777717962539,786,FLI1,"Fli-1 proto-oncogene, ETS transcription factor"
537,1,0.73011478997904,0.204681516835485,1.25554806312259,0.0064601222626772,0,1,7.41725708326941,0.00646012226267721,FALSE,0.0323165622325531,787,ATP6AP1,ATPase H+ transporting accessory protein 1
11028,1,0.443083938878937,0.148636203147924,0.73753167460995,0.00318446148609249,0,1,8.69864805286416,0.00318446148609249,FALSE,0.0191730132862508,788,,
496,-1,-10.6392228873126,-18.7040940873253,-2.57435168729991,0.00972109737368881,0,1,6.68530344828906,0.00972109737368883,FALSE,0.042583661143986,789,ATP4B,ATPase H+/K+ transporting subunit beta
1375,1,0.62242015926454,0.181562605003054,1.06327771352603,0.00565478977822618,0,1,7.65714566229769,0.00565478977822619,FALSE,0.0291113072818803,790,CPT1B,carnitine palmitoyltransferase 1B
2449,1,0.528539380886284,0.16307207110132,0.894006690671248,0.00458970407750436,0,1,8.03440671349279,0.00458970407750436,FALSE,0.025199838647761,791,,
1017,-1,-0.576806607261243,-0.981414354147017,-0.172198860375469,0.0052042126476394,0,1,7.80707313055501,0.0052042126476394,FALSE,0.0274934415231223,792,CDK2,cyclin dependent kinase 2
5812,-1,-0.625191224302267,-1.06887298809174,-0.181509460512792,0.00574868583984719,0,1,7.62743949334545,0.00574868583984719,FALSE,0.0294661636454166,793,,
1683,-1,-0.70571309238894,-1.21368012102965,-0.197746063748231,0.00647005293843008,0,1,7.41449340968809,0.00647005293843008,FALSE,0.0323263310807875,794,,
1097,1,0.59670587955983,0.175877084328751,1.01753467479091,0.00545110460584116,0,1,7.72335360057302,0.00545110460584117,FALSE,0.0284271246626363,795,,
5061,-1,-0.424174449605558,-0.704647924721902,-0.143700974489214,0.00303516100991385,0,1,8.78621044126784,0.00303516100991385,FALSE,0.0184939434769487,796,,
562,-1,-0.602400770624853,-1.02875454408985,-0.176046997159856,0.00561840374973617,0,1,7.66879268540394,0.00561840374973616,FALSE,0.0290480099829394,797,,
2871,-1,-0.477334330765904,-0.802840523680523,-0.151828137851285,0.00405098883448363,0,1,8.2608172054797,0.00405098883448363,FALSE,0.0227980649407329,798,,
1044,1,0.520595263210571,0.159507064304119,0.881683462117023,0.00471688444158477,0,1,7.98490983421076,0.00471688444158476,FALSE,0.0257238435495309,799,CDX1,caudal type homeobox 1
4134,-1,-0.474514834187459,-0.798242760669168,-0.15078690770575,0.00406746595753236,0,1,8.25344836356135,0.00406746595753236,FALSE,0.0228273851245445,800,MAP4,microtubule associated protein 4
1268,1,0.452420094795257,0.146475295303524,0.75836489428699,0.00375163052577808,0,1,8.4002808084901,0.00375163052577808,FALSE,0.0216547106701607,801,CNR1,cannabinoid receptor 1
2951,-1,-0.449023187680279,-0.752431416008137,-0.145614959352421,0.00372435781345442,0,1,8.41354477557669,0.00372435781345442,FALSE,0.0216204840402827,802,,
1152,1,0.480917112688194,0.151257814602917,0.810576410773471,0.00424636378306728,0,1,8.1753430419246,0.00424636378306729,FALSE,0.0237327807572257,803,CKB,creatine kinase B
1042,1,0.505409332062903,0.155700610062285,0.855118054063521,0.00461714678928703,0,1,8.02360919034797,0.00461714678928704,FALSE,0.0253162094589865,804,,
423,-1,-0.885209874287981,-1.53754904371877,-0.232870704857189,0.00782270163564656,0,1,7.07362070575298,0.00782270163564659,FALSE,0.0366724647266612,805,,
708,-1,-0.510956039872643,-0.866028195968342,-0.155883883776944,0.00479596411516037,0,1,7.95481386108813,0.00479596411516037,FALSE,0.0260976759636486,806,C1QBP,complement C1q binding protein
1221,1,0.788213302395848,0.211157873522584,1.36526873126911,0.00742491788782886,0,1,7.16718541385879,0.00742491788782885,FALSE,0.0354367105788958,807,,
2991,-1,-0.672560496618878,-1.15830084009186,-0.186820153145898,0.00665195320471217,0,1,7.36462335870854,0.00665195320471216,FALSE,0.0328193901698453,808,,
1248,1,0.653459642988621,0.182534454859074,1.12438483111817,0.00653486648340754,0,1,7.39656170158945,0.00653486648340755,FALSE,0.0325298267699845,809,,
277,-1,-0.830430246651838,-1.44181826638381,-0.219042226919868,0.00776407197633693,0,1,7.08710147828506,0.00776407197633694,FALSE,0.0364965425152172,810,AMY1B,amylase alpha 1B
29103,-1,-0.538968679453316,-0.918772853340216,-0.159164505566415,0.00541373531660233,0,1,7.73577397824402,0.00541373531660233,FALSE,0.0283051038746744,811,DNAJC15,DnaJ heat shock protein family (Hsp40) member C15
5855,-1,-0.461580617281661,-0.778717827803782,-0.14444340675954,0.00433563784057269,0,1,8.13761062355939,0.00433563784057269,FALSE,0.0240598942977674,812,,
248,1,0.858270075906387,0.224456381207164,1.49208377060561,0.00795301068763384,0,1,7.0440249632925,0.00795301068763384,FALSE,0.0370002932331464,813,ALPI,"alkaline phosphatase, intestinal"
3637,-1,-0.532979593860145,-0.908415216397666,-0.157543971322624,0.00539546235944933,0,1,7.7418791930413,0.00539546235944933,FALSE,0.0282460122486934,814,,
2596,1,0.807660609262119,0.213252812398321,1.40206840612592,0.00774173169569755,0,1,7.09226560680897,0.00774173169569756,FALSE,0.0364337942287648,815,GAP43,growth associated protein 43
842,-1,-0.508220741104755,-0.864170236537116,-0.152271245672395,0.00513541100670979,0,1,7.83112559241,0.00513541100670978,FALSE,0.0272721958049647,816,CASP9,caspase 9
3306,-1,-0.729516275278881,-1.26378198407661,-0.195250566481156,0.0074452324982383,0,1,7.16228423280107,0.0074452324982383,FALSE,0.0354918612739548,817,HSPA2,heat shock protein family A (Hsp70) member 2
2155,-1,-0.900923863888792,-1.56986620726316,-0.231981520514424,0.00829899783414505,0,1,6.96778897308073,0.00829899783414506,FALSE,0.0383438303579883,818,F7,coagulation factor VII
7476,-1,-0.615328291736987,-1.05940460980521,-0.171251973668768,0.0066116373104383,0,1,7.37555527887086,0.00661163731043834,FALSE,0.0327911314343892,819,WNT7A,Wnt family member 7A
1314,1,0.525619110279469,0.153593023568101,0.897645196990837,0.00562034546560327,0,1,7.66816920937175,0.00562034546560328,FALSE,0.0290480099829394,820,COPA,COPI coat complex subunit alpha
6274,-1,-0.440588950253277,-0.743382244080506,-0.137795656426048,0.00434577406121711,0,1,8.1333765555897,0.00434577406121711,FALSE,0.0240598942977674,821,S100A3,S100 calcium binding protein A3
2765,-1,-0.469068977614828,-0.797888281714552,-0.140249673515104,0.00517493683469691,0,1,7.81726785305005,0.00517493683469691,FALSE,0.0273744700446369,822,GML,glycosylphosphatidylinositol anchored molecule like
7420,1,0.688711026707229,0.182286588246059,1.1951354651684,0.00768854593913814,0,1,7.10462147724576,0.00768854593913816,FALSE,0.0362677394009171,823,,
3121,-1,-0.469488517217108,-0.801100085510768,-0.137876948923448,0.00552229619643821,0,1,7.69993016662169,0.0055222961964382,FALSE,0.028650888845029,824,,
5719,-1,-0.440790007360187,-0.749612718355181,-0.131967296365193,0.00514992483320193,0,1,7.82602446073359,0.00514992483320193,FALSE,0.0272777717962539,825,PSMD13,"proteasome 26S subunit, non-ATPase 13"
3252,1,0.43827038969609,0.131417931815793,0.745122847576387,0.00512021118371829,0,1,7.83648360484589,0.0051202111837183,FALSE,0.0272271597328432,826,,
636,1,0.532658047625366,0.149462630197565,0.915853465053167,0.0064411820341777,0,1,7.42254013030247,0.0064411820341777,FALSE,0.0322973700856312,827,BICD1,BICD cargo adaptor 1
1805,-1,-0.598369752218978,-1.03410706071281,-0.162632443725149,0.00711333590548813,0,1,7.24412528073554,0.00711333590548814,FALSE,0.0345146438009092,828,DPT,dermatopontin
1427,-1,-0.648614829918323,-1.12430178384021,-0.172927875996433,0.00752938835305734,0,1,7.14212503351518,0.00752938835305735,FALSE,0.0357697196987268,829,CRYGS,crystallin gamma S
2364,1,0.505235726230371,0.143951860425143,0.866519592035599,0.0061270698320508,0,1,7.51254615216071,0.00612706983205081,FALSE,0.0310336086993373,830,,
790,1,0.54840999430619,0.152278748182707,0.944541240429673,0.00665959980902958,0,1,7.36255756622953,0.00665959980902959,FALSE,0.0328193901698453,831,CAD,"carbamoyl-phosphate synthetase 2, aspartate transcarbamylase, and dihydroorotase"
723,1,0.599101296445792,0.162152001334692,1.03605059155689,0.00720306834455203,0,1,7.22161970842237,0.00720306834455203,FALSE,0.0347876435424611,832,,
298,1,0.669528266270842,0.176157185250254,1.16289934729143,0.00781951161432592,0,1,7.07435152871825,0.00781951161432592,FALSE,0.0366724647266612,833,,
1308,1,0.51226769214692,0.144147382533951,0.880388001759889,0.00638277751794121,0,1,7.43893146973956,0.00638277751794121,FALSE,0.0320483451086713,834,COL17A1,collagen type XVII alpha 1 chain
1176,1,0.814947942381164,0.207167400900566,1.42272848386176,0.00858796454497051,0,1,6.90656866181586,0.00858796454497052,FALSE,0.0392312687869815,835,AP3S1,adaptor related protein complex 3 subunit sigma 1
811,1,0.670538430165852,0.175614818881986,1.16546204144972,0.00792091887846368,0,1,7.05126736787596,0.00792091887846368,FALSE,0.0369339048280032,836,CALR,calreticulin
2129,-1,-0.491229559148383,-0.84346510414457,-0.138994014152196,0.00626886911380913,0,1,7.47134527357486,0.00626886911380913,FALSE,0.0316726404602925,837,,
2065,-1,-0.65105755654782,-1.1308886530939,-0.17122646000174,0.00782864807220186,0,1,7.07225921061257,0.00782864807220189,FALSE,0.0366724647266612,838,ERBB3,erb-b2 receptor tyrosine kinase 3
203,-1,-1.36126778139442,-2.39333905894662,-0.329196503842224,0.0097342997879011,0,1,6.68288410753342,0.0097342997879011,FALSE,0.0425954457241634,839,AK1,adenylate kinase 1
2309,-1,-0.452643956741328,-0.773999473822219,-0.131288439660437,0.00576778082118292,0,1,7.62145894081856,0.00576778082118291,FALSE,0.0295088988477692,840,FOXO3,forkhead box O3
18627,-1,-0.589898651864481,-1.02149890266552,-0.158298401063442,0.00738817263011267,0,1,7.17608563350539,0.00738817263011266,FALSE,0.0353029192184157,841,,
791,1,0.860330379858005,0.215652416154547,1.50500834356146,0.00890720982187466,0,1,6.84133802240039,0.00890720982187465,FALSE,0.040191552559283,842,,
111,2,0.500119634921525,0.14001379956618,0.860225470276871,0.00648835686508609,1.6458053136819,0.19953081322392,7.40941081708382,0.00648835686508609,FALSE,0.0323778596272523,843,ADCY5,adenylate cyclase 5
4581,1,0.571988990099414,0.154128046731138,0.98984993346769,0.0072987492381338,0,1,7.19793565473858,0.00729874923813381,FALSE,0.0350409145887656,844,,
6731,1,0.510615227906905,0.141794464365793,0.879435991448017,0.00665807553978756,0,1,7.36296916663273,0.00665807553978757,FALSE,0.0328193901698453,845,SRP72,signal recognition particle 72
889,1,0.548054110395387,0.148925068965869,0.947183151824905,0.00711793298812797,0,1,7.24296526548943,0.00711793298812797,FALSE,0.0345146438009092,846,KRIT1,KRIT1 ankyrin repeat containing
997,-1,-0.991457299388875,-1.73916019831718,-0.243754400460573,0.00935173532017525,0,1,6.75438920486956,0.00935173532017522,FALSE,0.041458677808917,847,CDC34,"cell division cycle 34, ubiqiutin conjugating enzyme"
692,-1,-0.835487757190921,-1.46170026259819,-0.209275251783651,0.00892357108635899,0,1,6.83805973544986,0.00892357108635899,FALSE,0.0402205895905747,848,,
3019,-1,-0.499904887540916,-0.861212332289889,-0.138597442791943,0.00669178122289028,0,1,7.35388996170589,0.00669178122289028,FALSE,0.0329066717416886,849,,
5073,-1,-0.50141631072773,-0.864117227782315,-0.138715393673145,0.0067373630630241,0,1,7.34168571289755,0.00673736306302411,FALSE,0.0330505994326557,850,PARN,poly(A)-specific ribonuclease
3809,-1,-0.533402336788782,-0.922105774019971,-0.144698899557593,0.0071541788065022,0,1,7.23384581667301,0.00715417880650219,FALSE,0.0345927595751156,851,KIR2DS4,"killer cell immunoglobulin like receptor, two Ig domains and short cytoplasmic tail 4"
2319,-1,-0.723950859344289,-1.26394479262422,-0.183956926064355,0.00859757321886465,0,1,6.9045693600169,0.00859757321886465,FALSE,0.0392312687869815,852,FLOT2,flotillin 2
7740,-1,-0.469315551350677,-0.806987534080177,-0.131643568621178,0.00644831500475707,0,1,7.4205486529304,0.00644831500475706,FALSE,0.0322973700856312,853,,
406,-1,-0.576981479379793,-1.00104252553302,-0.152920433226563,0.0076589627956272,0,1,7.11153197400755,0.0076589627956272,FALSE,0.0362240456721731,854,BMAL1,basic helix-loop-helix ARNT like 1
3270,-1,-0.479019656734806,-0.824918262814528,-0.133121050655084,0.00664225474432932,0,1,7.36724696783262,0.00664225474432932,FALSE,0.0328193901698453,855,HRC,histidine rich calcium binding protein
3578,-1,-0.524166107383315,-0.906684206297039,-0.141648008469591,0.00723679449803604,0,1,7.21323492287076,0.00723679449803606,FALSE,0.0348712235108562,856,IL9,interleukin 9
2190,1,0.741192334314865,0.18639370473141,1.29599096389832,0.00883312576138374,0,1,6.85625972333124,0.00883312576138374,FALSE,0.039946233911972,857,,
1718,1,1.32641393515498,0.316753779666392,2.33607409064357,0.0100283541126477,0,1,6.62985298223237,0.0100283541126478,FALSE,0.0434597763256136,858,DHCR24,24-dehydrocholesterol reductase
834,1,1.33793053343907,0.319200836571537,2.3566602303066,0.010050591262212,0,1,6.62590766245916,0.010050591262212,FALSE,0.0435096108915417,859,CASP1,caspase 1
1028,-1,-0.778962655784565,-1.363613091517,-0.194312220052126,0.00901802026692873,0,1,6.81925454790847,0.00901802026692872,FALSE,0.0405560689473865,860,CDKN1C,cyclin dependent kinase inhibitor 1C
372,2,0.419991480570284,0.12069061468205,0.719292346458519,0.0059540116079617,0.0359412170674921,0.849636936498374,7.56416854681408,0.0059540116079617,FALSE,0.030270583482385,861,ARCN1,archain 1
4349,-1,-0.476395304153443,-0.82145716413115,-0.131333444175736,0.00681107867548069,0,1,7.32212616998773,0.0068110786754807,FALSE,0.0332913037310588,862,,
1630,1,0.569140390982915,0.149212679528964,0.989068102436866,0.007898059868503,0,1,7.0564444592468,0.007898059868503,FALSE,0.0368697449160993,863,DCC,DCC netrin 1 receptor
1372,-1,-1.1345780635986,-1.99700419543245,-0.272151931764746,0.00992415028846239,0,1,6.64846110453104,0.00992415028846239,FALSE,0.0431466276489802,864,,
7352,1,0.65305442522488,0.166123644615802,1.13998520583396,0.00857283926304855,0,1,6.90972046138554,0.00857283926304854,FALSE,0.0392067095867638,865,UCP3,uncoupling protein 3
707,1,0.824905642693029,0.202961181288084,1.44685010409797,0.00933418694951271,0,1,6.75774066789403,0.00933418694951271,FALSE,0.041458677808917,866,,
357,1,0.563623231839667,0.147336354290286,0.979910109389048,0.00796254853363715,0,1,7.04187824491939,0.00796254853363715,FALSE,0.0370002932331464,867,SHROOM2,shroom family member 2
1701,-1,-0.423497054797283,-0.727335155027264,-0.119658954567302,0.00629805239263985,0,1,7.46298393797392,0.00629805239263986,FALSE,0.0317804586487879,868,,
2178,1,0.663418392068358,0.167861238291896,1.15897554584482,0.00869376785832959,0,1,6.88467901563248,0.00869376785832959,FALSE,0.0395366412592048,869,FANCE,FA complementation group E
8482,1,0.614336011334137,0.157453578866643,1.07121844380163,0.00840335807708603,0,1,6.94543115203531,0.00840335807708604,FALSE,0.0387376643098437,870,SEMA7A,semaphorin 7A (JohnMiltonHagen blood group)
2784,-1,-0.714072313280532,-1.24969675605689,-0.178447870504172,0.00897663318547728,0,1,6.82746993099617,0.00897663318547727,FALSE,0.0404147974083933,871,GNB3,G protein subunit beta 3
1574,-1,-0.496639252102742,-0.859880848566356,-0.133397655639127,0.00736781452651728,0,1,7.18103614977232,0.00736781452651728,FALSE,0.0352472071563731,872,,
975,-1,-0.626490989864096,-1.09325794277021,-0.159724036957985,0.0085222132472303,0,1,6.92031144331364,0.00852221324723033,FALSE,0.039107596917075,873,CD81,CD81 molecule
8932,-1,-0.422652323942035,-0.726197125599934,-0.119107522284136,0.00635206312218015,0,1,7.44761306326187,0.00635206312218016,FALSE,0.0319336969864441,874,MBD2,methyl-CpG binding domain protein 2
178,-2,-0.630766821368529,-1.10137779502909,-0.160155847707971,0.00861492822707559,1.67301458371956,0.195855241897667,6.90096404663581,0.00861492822707559,FALSE,0.0392662420428687,875,AGL,"amylo-alpha-1, 6-glucosidase, 4-alpha-glucanotransferase"
2377,1,0.480863457727006,0.129889446907935,0.831837468546077,0.00724619205235463,0,1,7.21090567402709,0.00724619205235463,FALSE,0.0348712235108562,876,,
21,2,1.84372474232111,0.429804686038328,3.25764479860389,0.0105957512596478,3.11103144529519,0.0777636997915745,6.53188665279629,0.0105957512596477,FALSE,0.0455507157427436,877,ABCA3,ATP binding cassette subfamily A member 3
1088,-1,-1.05208933255647,-1.8528636295915,-0.251315035521443,0.0100217148747214,0,1,6.63103265563966,0.0100217148747214,FALSE,0.0434597763256136,878,CEACAM8,CEA cell adhesion molecule 8
1636,-1,-0.477011721901316,-0.825124850179087,-0.128898593623545,0.00723790593158137,0,1,7.21295928527159,0.00723790593158137,FALSE,0.0348712235108562,879,ACE,angiotensin I converting enzyme
3041,1,0.764230342755535,0.187946134241596,1.34051455126947,0.00934479121066348,0,1,6.7557146498936,0.00934479121066347,FALSE,0.041458677808917,880,,
414,2,0.498928170154757,0.132962175826688,0.864894164482826,0.00753883036098537,0.512829196832922,0.473916676589142,7.13987762223037,0.00753883036098539,FALSE,0.0357697196987268,881,ARSD,arylsulfatase D
63759,-1,-0.475441580910131,-0.822522152180005,-0.128361009640257,0.00725691799498902,0,1,7.20825094418706,0.00725691799498903,FALSE,0.0348814136603743,882,,
2152,-1,-0.432390892656027,-0.744754684737964,-0.12002710057409,0.00666593240616553,0,1,7.36084859623277,0.00666593240616552,FALSE,0.0328193901698453,883,F3,"coagulation factor III, tissue factor"
17774,-1,-0.868489067048068,-1.52676115017458,-0.21021698392156,0.00971330182859092,0,1,6.68673356232268,0.00971330182859094,FALSE,0.042583661143986,884,,
1429,-1,-0.71001015854724,-1.24399067301282,-0.17602964408166,0.00915858689784981,0,1,6.79163735153238,0.00915858689784984,FALSE,0.0409609206513106,885,CRYZ,crystallin zeta
68390,-1,-0.37837466835248,-0.647160665249073,-0.109588671455887,0.00579652311543728,0,1,7.61249481960901,0.00579652311543728,FALSE,0.0296185519088926,886,,
3269,1,0.42962429787428,0.118857536161094,0.740391059587466,0.00673679672264876,0,1,7.34183682901653,0.00673679672264877,FALSE,0.0330505994326557,887,HRH1,histamine receptor H1
3509,-1,-0.428452824535898,-0.738548540299488,-0.118357108772308,0.00676815336746881,0,1,7.33348942776179,0.0067681533674688,FALSE,0.0331214461895937,888,,
1602,-1,-0.447354271383985,-0.773112422501212,-0.121596120266758,0.00711182782825872,0,1,7.2445059916705,0.00711182782825872,FALSE,0.0345146438009092,889,DACH1,dachshund family transcription factor 1
2740,-1,-0.474026268321329,-0.821610740395703,-0.126441796246956,0.00751884240010007,0,1,7.14463861698883,0.00751884240010006,FALSE,0.0357697196987268,890,GLP1R,glucagon like peptide 1 receptor
7416,-1,-0.666197894370166,-1.16694914007968,-0.165446648660654,0.0091198087255447,0,1,6.79921253236281,0.0091198087255447,FALSE,0.0408777267211362,891,VDAC1,voltage dependent anion channel 1
1125,-1,-0.506918238981861,-0.88132334948416,-0.132513128479562,0.00796255076488244,0,1,7.04187774303247,0.00796255076488243,FALSE,0.0370002932331464,892,,
1045,1,0.515718293827115,0.133612279198318,0.897824308455912,0.00816158421668279,0,1,6.99767081848692,0.00816158421668279,FALSE,0.0378383744233394,893,CDX2,caudal type homeobox 2
11125,-1,-0.481985455433341,-0.837443332786132,-0.12652757808055,0.00786931438063343,0,1,7.06297650860655,0.00786931438063343,FALSE,0.0367779260326721,894,,
3272,-1,-0.402705206944227,-0.694146139276129,-0.111264274612325,0.00676440876295281,0,1,7.33448419379671,0.00676440876295281,FALSE,0.0331214461895937,895,,
1975,-1,-0.462835834775764,-0.803034492159,-0.122637177392528,0.0076644368454193,0,1,7.11025120389159,0.0076644368454193,FALSE,0.0362240456721731,896,EIF4B,eukaryotic translation initiation factor 4B
1109,-1,-0.535422750033253,-0.93397148674183,-0.136874013324676,0.0084615290302263,0,1,6.93309177341227,0.0084615290302263,FALSE,0.0389172708631974,897,AKR1C4,aldo-keto reductase family 1 member C4
3229,1,0.539636412292943,0.13733189451609,0.941940930069796,0.00856305049409537,0,1,6.91176327550944,0.00856305049409538,FALSE,0.0392061927707056,898,HOXC13,homeobox C13
1502,-1,-0.528870422468238,-0.922691990786662,-0.135048854149814,0.00848657124424417,0,1,6.92780645593343,0.00848657124424415,FALSE,0.038988193516641,899,,
7506,-1,-0.401477013796146,-0.692764113337435,-0.110189914254857,0.00690500107169263,0,1,7.29751590459364,0.00690500107169264,FALSE,0.0337097160752994,900,,
2314,-1,-0.42619763166616,-0.737649971265078,-0.114745292067242,0.00731716368281951,0,1,7.19341391952076,0.00731716368281951,FALSE,0.0350877482163132,901,FLII,FLII actin remodeling protein
2985,1,0.454865788433285,0.120142829397385,0.789588747469185,0.00773420523794291,0,1,7.09400883765645,0.00773420523794292,FALSE,0.0364337942287648,902,,
869,1,0.723026837253262,0.175071904007867,1.27098177049866,0.00970480490316755,0,1,6.68829368661047,0.00970480490316756,FALSE,0.042583661143986,903,CBLN1,cerebellin 1 precursor
1576,1,0.466914105322727,0.121844791444486,0.811983419200968,0.00800089808902797,0,1,7.03327323228132,0.00800089808902796,FALSE,0.0371358981176877,904,CYP3A4,cytochrome P450 family 3 subfamily A member 4
2897,-1,-0.51769901057124,-0.904086257639989,-0.131311763502491,0.00863826624510555,0,1,6.89612752959709,0.00863826624510555,FALSE,0.0393283762080536,905,GRIK1,glutamate ionotropic receptor kainate type subunit 1
363,-1,-0.610552910781319,-1.07079044859464,-0.150315372967995,0.00931977229803869,0,1,6.76049847104797,0.00931977229803869,FALSE,0.041458677808917,906,AQP6,aquaporin 6
1903,-1,-0.434700061347785,-0.755185761205071,-0.114214361490499,0.00785000852430077,0,1,7.06737723198007,0.00785000852430077,FALSE,0.0367300629797537,907,S1PR3,sphingosine-1-phosphate receptor 3
1067,1,0.570984863644281,0.141415986268672,1.00055374101989,0.00918225603923218,0,1,6.78702979222692,0.00918225603923218,FALSE,0.0409763232059128,908,,
21278,-1,-0.393459478574152,-0.681114041138143,-0.105804916010161,0.00734295716391298,0,1,7.18709974928258,0.00734295716391297,FALSE,0.0351698137448882,909,,
24450,-1,-0.554060699987362,-0.970675766459084,-0.13744563351564,0.009145240849227,0,1,6.79424074269415,0.00914524084922698,FALSE,0.0409464264321191,910,,
1450,1,0.462594987849031,0.118808160579138,0.806381815118924,0.00835685186341982,0,1,6.95535920763603,0.00835685186341982,FALSE,0.0385671568913179,911,,
1765,-1,-0.635810234057124,-1.11748987913055,-0.1541305889837,0.0096780646295213,0,1,6.69321262886143,0.0096780646295213,FALSE,0.0425792810844955,912,,
6972,-1,-0.509826656707967,-0.891594845595689,-0.128058467820245,0.00886012023246173,0,1,6.85080782431757,0.00886012023246172,FALSE,0.0400236423432942,913,,
757,-1,-0.652268327174307,-1.1477528486557,-0.156783805692911,0.00987585386225046,0,1,6.65715362455709,0.00987585386225045,FALSE,0.0430289890858482,914,TMEM50B,transmembrane protein 50B
527,-1,-0.510044142254384,-0.893337657504343,-0.126750627004425,0.00910461214352202,0,1,6.80219013115769,0.00910461214352202,FALSE,0.0408548044358264,915,ATP6V0C,ATPase H+ transporting V0 subunit c
1092,2,0.315448636173018,0.0890176123895844,0.541879659956452,0.00632399807562092,0.0857251236728933,0.769683795508538,7.4555833514968,0.00632399807562091,FALSE,0.0318320996303304,916,,
8885,-1,-0.498994701326322,-0.873651269608797,-0.124338133043847,0.00904306659521155,0,1,6.81430155193735,0.00904306659521155,FALSE,0.0406236206693982,917,,
2729,-1,-0.720031893227171,-1.26958582635438,-0.170477960099965,0.0102296779402385,0,1,6.59445650795904,0.0102296779402385,FALSE,0.0441434025706565,918,GCLC,glutamate-cysteine ligase catalytic subunit
2654,-1,-0.443331387939733,-0.773744663021837,-0.112918112857629,0.00854406486662811,0,1,6.91573219969728,0.0085440648666281,FALSE,0.0391635190492954,919,,
376,2,0.598575861199772,0.144608332746347,1.0525433896532,0.00975775976514833,2.52070926746465,0.112360036975344,6.67859335335931,0.00975775976514833,FALSE,0.0426520416055891,920,,
2033,1,0.572909341850878,0.139016448722667,1.00680223497909,0.00965563818758737,0,1,6.69734877935135,0.00965563818758734,FALSE,0.0425730641306899,921,EP300,E1A binding protein p300
5068,1,0.453695835484139,0.114434447142828,0.79295722382545,0.00876545268703283,0,1,6.87000254216226,0.00876545268703282,FALSE,0.0397117644518386,922,REG3A,regenerating family member 3 alpha
2542,-1,-0.444555184660121,-0.776708995626572,-0.11240137369367,0.00871032917949757,0,1,6.88127734108894,0.00871032917949756,FALSE,0.0395675491427401,923,SLC37A4,solute carrier family 37 member 4
1541,1,0.506493702052027,0.124806490269991,0.888180913834063,0.0092994362231894,0,1,6.76439659595094,0.00929943622318939,FALSE,0.0414535924932491,924,,
844,-1,-0.516058566445137,-0.905957017449571,-0.126160115440703,0.00948243014810324,0,1,6.729629358628,0.00948243014810325,FALSE,0.0419921387542233,925,CASQ1,calsequestrin 1
2583,-1,-0.392585089612475,-0.683681338046767,-0.101488841178183,0.00821039845734649,0,1,6.98699717003731,0.0082103984573465,FALSE,0.0379920859777046,926,B4GALNT1,"beta-1,4-N-acetyl-galactosaminyltransferase 1"
1553,-1,-0.579048031011832,-1.01899691670553,-0.13909914531813,0.00989010538802625,0,1,6.65458407386078,0.00989010538802625,FALSE,0.04304479810127,927,CYP2A13,cytochrome P450 family 2 subfamily A member 13
615,1,0.587583142091595,0.140740357896485,1.0344259262867,0.00995794271979476,0,1,6.64240479285821,0.00995794271979477,FALSE,0.043247142444382,928,,
299,2,0.387121978880551,0.0990032207714019,0.6752407369897,0.00845233224559991,0.218356499681454,0.640295046508777,6.93503683246652,0.00845233224559993,FALSE,0.0389172708631974,929,,
1654,-1,-0.541987591450583,-0.953528135282428,-0.130447047618737,0.00984521819447417,0,1,6.66269012479716,0.00984521819447417,FALSE,0.0429416836641651,930,DDX3X,DEAD-box helicase 3 X-linked
3403,-1,-0.447540454227128,-0.784174649185643,-0.110906259268613,0.00916903455747955,0,1,6.78960205374001,0.00916903455747955,FALSE,0.0409624344287841,931,,
3471,-1,-0.446927795506458,-0.783909290270286,-0.10994630074263,0.0093376641439535,0,1,6.75707606600165,0.00933766414395352,FALSE,0.041458677808917,932,,
1489,1,0.838745623980923,0.192895138047295,1.48459610991455,0.0109170346292642,0,1,6.47877257807189,0.0109170346292642,FALSE,0.0466879028136449,933,CTF1,cardiotrophin 1
877,1,0.484213739039076,0.116616125965029,0.851811352113123,0.00983035918368499,0,1,6.66538181750813,0.00983035918368497,FALSE,0.0429230769529004,934,,
5448,1,0.465109801035487,0.112619216931431,0.817600385139543,0.00970507412079176,0,1,6.68824423397541,0.00970507412079175,FALSE,0.042583661143986,935,,
2642,-1,-0.455409047467928,-0.800384354056422,-0.110433740879434,0.00967063335778299,0,1,6.69458210331063,0.00967063335778301,FALSE,0.0425792810844955,936,GCGR,glucagon receptor
12310,-1,-0.442063457802526,-0.776573266474062,-0.10755364913099,0.00959358901140423,0,1,6.7088441180478,0.00959358901140424,FALSE,0.0423917368311995,937,,
1181,-1,-0.445968318005757,-0.783676418273912,-0.108260217737602,0.00964576011336327,0,1,6.69917373448219,0.00964576011336326,FALSE,0.0425730641306899,938,CLCN2,chloride voltage-gated channel 2
1514,1,0.509561448035649,0.120963502723565,0.898159393347733,0.0101679353470418,0,1,6.60523552936142,0.0101679353470418,FALSE,0.0439706232937176,939,CTSL,cathepsin L
2882,-1,-0.496699407787814,-0.875557841776174,-0.117840973799454,0.0101817305688206,0,1,6.6028213495877,0.0101817305688206,FALSE,0.0439833393015578,940,GPX7,glutathione peroxidase 7
657,1,0.708542441767621,0.162909827541275,1.25417505599397,0.0109230335309317,0,1,6.47779616574678,0.0109230335309317,FALSE,0.0466879028136449,941,BMPR1A,bone morphogenetic protein receptor type 1A
1046,-1,-0.581911986898174,-1.02819883181727,-0.135625141979074,0.0106007712106138,0,1,6.53104412466937,0.0106007712106138,FALSE,0.0455507157427436,942,CDX4,caudal type homeobox 4
420,1,0.726023942971625,0.166588829624606,1.28545905631864,0.0109715733794526,0,1,6.46991574441403,0.0109715733794526,FALSE,0.0467474398880568,943,ART4,ADP-ribosyltransferase 4 (inactive) (Dombrock blood group)
1776,-1,-0.498248232285846,-0.878772236542549,-0.117724228029143,0.010278222123021,0,1,6.58602839497082,0.010278222123021,FALSE,0.0443056979175329,944,DNASE1L3,deoxyribonuclease 1 like 3
5443,-1,-0.390362756717361,-0.685566546723685,-0.0951589667110374,0.00954867636817153,0,1,6.71721233462413,0.00954867636817155,FALSE,0.042239341314226,945,POMC,proopiomelanocortin
769,-1,-0.677842849188113,-1.20006492329126,-0.155620775084971,0.0109582304338475,0,1,6.47207839512333,0.0109582304338474,FALSE,0.0467397365452104,946,,
15348,-1,-0.709024325134597,-1.25573876977509,-0.162309880494107,0.0110269774877073,0,1,6.46096450990726,0.0110269774877073,FALSE,0.0468849032320985,947,,
1698,1,0.827105972846389,0.187928278606461,1.46628366708632,0.0112054977918415,0,1,6.43243304938604,0.0112054977918415,FALSE,0.0474448036076716,948,,
1916,1,0.547560594262211,0.12725736453329,0.967863823991132,0.0106679255233134,0,1,6.51981240357829,0.0106679255233135,FALSE,0.0457907142165954,949,,
517,-1,-0.564117403669889,-0.997762205545421,-0.130472601794357,0.0107825888817405,0,1,6.50080126034064,0.0107825888817405,FALSE,0.0461850424406051,950,ATP5MC2,ATP synthase membrane subunit c locus 2
14036,-1,-0.465900179059513,-0.822255178057017,-0.109545180062009,0.0103931761174052,0,1,6.56623203691238,0.0103931761174053,FALSE,0.0447536127818555,951,,
909,-1,-0.501386158549915,-0.887648075628882,-0.115124241470948,0.0109551699473359,0,1,6.47257482565156,0.0109551699473359,FALSE,0.0467397365452104,952,CD1A,CD1a molecule
2077,-1,-0.419488897758055,-0.741560948595069,-0.0974168469210406,0.0106863124049822,0,1,6.51674979668136,0.0106863124049822,FALSE,0.0458210982698285,953,ERF,ETS2 repressor factor
1231,-1,-0.632254063081057,-1.12149578875816,-0.143012337403952,0.0113126632970366,0,1,6.41552883391014,0.0113126632970366,FALSE,0.0476032210581919,954,,
972,-1,-0.587103382484136,-1.04102375773137,-0.133183007236899,0.0112437897273173,0,1,6.42637392884896,0.0112437897273173,FALSE,0.0474581624740519,955,CD74,CD74 molecule
901,-1,-0.579917220237964,-1.02870646491965,-0.131127975556277,0.0113210553767474,0,1,6.41421201855548,0.0113210553767474,FALSE,0.0476032210581919,956,CCNG2,cyclin G2
3958,1,0.455756320765706,0.104386516560833,0.807126124970579,0.0110144869548759,0,1,6.46297847840966,0.0110144869548759,FALSE,0.0468809885936525,957,LGALS3,galectin 3
4634,-1,-0.556226073369631,-0.986702639251237,-0.125749507488025,0.0113251493336863,0,1,6.41356999239387,0.0113251493336863,FALSE,0.0476032210581919,958,MYL3,myosin light chain 3
2128,1,0.504940613039536,0.11458080695665,0.895300419122422,0.0112362403309764,0,1,6.42756682925445,0.0112362403309764,FALSE,0.0474581624740519,959,EVX1,even-skipped homeobox 1
3223,-1,-0.557329265774117,-0.988894297121723,-0.12576423442651,0.0113697134938887,0,1,6.40659668026437,0.0113697134938887,FALSE,0.0477410145878104,960,HOXC6,homeobox C6
1933,1,0.442694857037244,0.101094547282446,0.784295166792042,0.0110851365515173,0,1,6.45161768417979,0.0110851365515174,FALSE,0.047082781243971,961,EEF1B2,eukaryotic translation elongation factor 1 beta 2
2217,-1,-0.581650093199866,-1.03252857129092,-0.130771615108811,0.0114574970754353,0,1,6.39294215841054,0.0114574970754353,FALSE,0.0479605146174215,962,FCGRT,Fc gamma receptor and transporter
1333,-1,-0.463611314284676,-0.821948462821788,-0.105274165747564,0.0112199604654904,0,1,6.43014205618884,0.0112199604654904,FALSE,0.0474564507371265,963,,
728,1,0.60171858524008,0.13501983763005,1.06841733285011,0.0115042190091937,0,1,6.38571839478889,0.0115042190091937,FALSE,0.0480567994074773,964,C5AR1,complement C5a receptor 1
2828,-1,-0.51128990114439,-0.907414553314661,-0.115165248974119,0.0114132777526042,0,1,6.39980689297298,0.0114132777526042,FALSE,0.0478248205310776,965,GPR4,G protein-coupled receptor 4
1084,-1,-0.442231817262649,-0.784371986998248,-0.10009164752705,0.0112980310168144,0,1,6.41782720930182,0.0112980310168144,FALSE,0.0476032210581919,966,CEACAM3,CEA cell adhesion molecule 3
338,-1,-0.614092618079374,-1.09109866541628,-0.137086570742464,0.0116279929643763,0,1,6.3667260874566,0.0116279929643763,FALSE,0.0484240775864878,967,APOB,apolipoprotein B
4177,-1,-0.399061235971579,-0.707351699615993,-0.0907707723271647,0.011179375278777,0,1,6.43657874665995,0.011179375278777,FALSE,0.0474155844781823,968,,
456,-2,-0.37980006485304,-0.673237745579206,-0.086362384126873,0.0111868950545761,0.297426661006943,0.585500188718647,6.4353843245181,0.011186895054576,FALSE,0.0474155844781823,969,,
8787,-1,-0.588626021775536,-1.04600021066401,-0.131251832887066,0.011655335440754,0,1,6.362558553076,0.011655335440754,FALSE,0.0484881100676952,970,RGS9,regulator of G protein signaling 9
1412,1,0.427047098377126,0.0962220542473171,0.757872142506935,0.0114053122075417,0,1,6.40104638823617,0.0114053122075417,FALSE,0.0478248205310776,971,CRYBA2,crystallin beta A2
1367,1,0.457721213874169,0.102750000156379,0.812692427591959,0.0114944796075227,0,1,6.38722173402238,0.0114944796075227,FALSE,0.0480567994074773,972,,
1648,-1,-0.560432353345644,-0.996349988715008,-0.12451471797628,0.0117420023499111,0,1,6.34941482337151,0.0117420023499111,FALSE,0.0486488686317381,973,,
2168,-1,-0.458767711216796,-0.81501562699105,-0.102519795442542,0.0116029362969012,0,1,6.37055406274311,0.0116029362969012,FALSE,0.0483694422582754,974,FABP1,fatty acid binding protein 1
1500,-1,-0.885910157062126,-1.57654226857466,-0.19527804554959,0.0119320025782235,0,1,6.32094496742744,0.0119320025782235,FALSE,0.0491346285030099,975,CTNND1,catenin delta 1
3145,1,0.495157064222085,0.110192886564337,0.880121241879832,0.0117025894501475,0,1,6.35537971372448,0.0117025894501475,FALSE,0.0485849307909813,976,HMBS,hydroxymethylbilane synthase
325,-1,-1.12030186646399,-1.99427700534201,-0.246326727585972,0.0119922350725587,0,1,6.31201676013166,0.0119922350725587,FALSE,0.0492824913935172,977,APCS,"amyloid P component, serum"
1458,-1,-0.494335522267404,-0.878763222477891,-0.109907822056917,0.0117249056515817,0,1,6.35199977104886,0.0117249056515817,FALSE,0.0486277560902856,978,,
1595,-1,-0.454934620690442,-0.80852354647909,-0.101345694901794,0.0116779614320594,0,1,6.35911748654134,0.0116779614320594,FALSE,0.0485324099720046,979,CYP51A1,cytochrome P450 family 51 subfamily A member 1
5070,-1,-0.412541430206684,-0.732872126647742,-0.0922107337656262,0.0115974703377424,0,1,6.37139023969054,0.0115974703377424,FALSE,0.0483694422582754,980,,
4895,-1,-0.544251292825277,-0.968049022480946,-0.120453563169608,0.011834769509292,0,1,6.33545585490344,0.011834769509292,FALSE,0.0489331490322973,981,,
515,-1,-0.560792231313509,-0.997764293476213,-0.123820169150805,0.0118918204335022,0,1,6.32692690386012,0.0118918204335022,FALSE,0.0490688965341659,982,ATP5PB,ATP synthase peripheral stalk-membrane subunit b
1320,-1,-0.711921022928949,-1.26746875323927,-0.156373292618629,0.0120169363881586,0,1,6.30836861441142,0.0120169363881586,FALSE,0.0493339678265639,983,,
271,2,0.646387376239438,0.142171190573315,1.15060356190556,0.0119843524382079,1.50931832284825,0.219243133725524,6.31318257350278,0.0119843524382079,FALSE,0.0492824913935172,984,AMPD2,adenosine monophosphate deaminase 2
89919,-1,-0.450197817559263,-0.800659869262507,-0.099735765856019,0.0118111254291816,0,1,6.33900295849911,0.0118111254291817,FALSE,0.0488852709285434,985,,
8961,-1,-0.48075345702448,-0.855344218547993,-0.106162695500968,0.0118884922779687,0,1,6.32742329850703,0.0118884922779687,FALSE,0.0490688965341659,986,,
912609,-1,-0.436317691060304,-0.77637369388012,-0.0962616882404884,0.0119105762480796,0,1,6.32413213727553,0.0119105762480796,FALSE,0.0490962919198562,987,,
1638,1,0.589537081191828,0.128624588489428,1.05044957389423,0.0121787748903373,0,1,6.28465550628993,0.0121787748903373,FALSE,0.0499477690846625,988,DCT,dopachrome tautomerase
10359,1,0.730654023282595,0.158904370737623,1.30240367582757,0.0122558799460452,0,1,6.2734714139892,0.0122558799460453,FALSE,0.0502131704159507,989,,
1855,1,0.561168654503745,0.121486484792143,1.00085082421535,0.0123664149496649,0,1,6.25756374672371,0.0123664149496649,FALSE,0.0506148619960022,990,DVL1,dishevelled segment polarity protein 1
762,-1,-0.577981213018891,-1.03094823301875,-0.125014193019032,0.0123880359594732,0,1,6.25446923942892,0.0123880359594733,FALSE,0.0506521914306615,991,CA4,carbonic anhydrase 4
449,1,0.632036133973661,0.136587790049126,1.1274844778982,0.0124089190610324,0,1,6.25148560847463,0.0124089190610324,FALSE,0.050686431487201,992,,
8280,-1,-0.435548478250381,-0.777169195604899,-0.0939277608958626,0.0124596624398752,0,1,6.24425719372059,0.0124596624398752,FALSE,0.0508424493518372,993,,
1753,1,1.03901716243458,0.223410015018255,1.8546243098509,0.0125307357437702,0,1,6.23418346067543,0.0125307357437702,FALSE,0.0510810273981455,994,,
5618,1,0.452963690344651,0.0970495936556358,0.808877787033666,0.0126169876204543,0,1,6.22203691907311,0.0126169876204543,FALSE,0.0513809385307345,995,PRLR,prolactin receptor
2184,-1,-0.442061279404655,-0.789477084649571,-0.0946454741597389,0.0126344128824561,0,1,6.21959334390539,0.0126344128824561,FALSE,0.0514002419675822,996,FAH,fumarylacetoacetate hydrolase
1784,-1,-0.587539629284233,-1.05053814187437,-0.124541116694094,0.0128763459614721,0,1,6.18602000579049,0.0128763459614721,FALSE,0.0523319496849398,997,,
266,-1,-0.820926401732436,-1.46799807004171,-0.173854733423158,0.0128982770282235,0,1,6.18300871521736,0.0128982770282236,FALSE,0.0523685556296209,998,AMELY,amelogenin Y-linked
209,-1,-1.24856685996022,-2.23362267671125,-0.263511043209191,0.0129816796155536,0,1,6.17160481685513,0.0129816796155536,FALSE,0.0526544202224456,999,,
1144,1,1.20836428010958,0.253492063057938,2.16323649716122,0.0131279245397493,0,1,6.15178891326155,0.0131279245397493,FALSE,0.0531943502350641,1000,CHRND,cholinergic receptor nicotinic delta subunit
655,-1,-0.564997167156376,-1.01154112930084,-0.118453205011912,0.0131427712798271,0,1,6.14978991050178,0.0131427712798271,FALSE,0.0532013079179414,1001,BMP7,bone morphogenetic protein 7
2422,-1,-0.437896680289897,-0.784117365447142,-0.0916759951326525,0.0131771958579669,0,1,6.1451638158313,0.0131771958579669,FALSE,0.0532830740572099,1002,,
2263,-1,-0.423201616670705,-0.757847831593584,-0.0885554017478257,0.0131892703058691,0,1,6.14354415220705,0.0131892703058691,FALSE,0.0532830740572099,1003,FGFR2,fibroblast growth factor receptor 2
1547,-1,-0.473544796148849,-0.848083508968895,-0.0990060833288027,0.0132097601638388,0,1,6.1407991327054,0.0132097601638388,FALSE,0.0532949961072397,1004,,
14139,-1,-0.613283078472194,-1.09839071914163,-0.128175437802761,0.0132185269219585,0,1,6.1396259899335,0.0132185269219585,FALSE,0.0532949961072397,1005,,
116,-2,-0.600101574118508,-1.07524364155536,-0.124959506681661,0.0133078556171656,1.6979839309245,0.192551846161067,6.12771767788089,0.0133078556171656,FALSE,0.0536018200405119,1006,ADCYAP1,adenylate cyclase activating polypeptide 1
1417,-1,-0.653378524011487,-1.17083275535787,-0.135924292665103,0.0133308899268169,0,1,6.12466032681276,0.0133308899268169,FALSE,0.0536412770441529,1007,CRYBB3,crystallin beta B3
1155,1,0.43153722994344,0.0896938678371902,0.77338059204969,0.0133525534539855,0,1,6.12178987276627,0.0133525534539855,FALSE,0.0536751454320925,1008,TBCB,tubulin folding cofactor B
1623,-1,-0.504146952279985,-0.903604394832341,-0.104689509727629,0.013374817540029,0,1,6.1188448290347,0.013374817540029,FALSE,0.0537113584461817,1009,,
239,2,1.21165551474269,0.251448059264088,2.1718629702213,0.0133902899938002,5.52531426584879,0.0187432358207702,6.11680113472456,0.0133902899938002,FALSE,0.0537202525295824,1010,ALOX12,"arachidonate 12-lipoxygenase, 12S type"
868,1,0.668425391862843,0.138562772399948,1.19828801132574,0.0134168619383698,0,1,6.11329701285707,0.0134168619383698,FALSE,0.0537736148113496,1011,CBLB,Cbl proto-oncogene B
1469,1,0.689220002888705,0.142402244059146,1.23603776171826,0.0134970471413224,0,1,6.10276585153982,0.0134970471413224,FALSE,0.0540415365777058,1012,CST1,cystatin SN
1287,-1,-0.432614170056757,-0.776366935604759,-0.0888614045087554,0.0136394191538795,0,1,6.08422492972806,0.0136394191538795,FALSE,0.0545576766155178,1013,COL4A5,collagen type IV alpha 5 chain
1376,-1,-0.446570041006465,-0.801499017252093,-0.0916410647608376,0.0136624519070958,0,1,6.08124412049539,0.0136624519070958,FALSE,0.0545959123545878,1014,CPT2,carnitine palmitoyltransferase 2
1492,-1,-0.402630998979984,-0.722949105902477,-0.0823128920574912,0.013754165111517,0,1,6.06942600377967,0.013754165111517,FALSE,0.0548709174978384,1015,,
577,1,0.627405487030766,0.128143112891465,1.12666786117007,0.013777304207733,0,1,6.06645711633828,0.013777304207733,FALSE,0.0548709174978384,1016,ADGRB3,adhesion G protein-coupled receptor B3
3883,-1,-0.402833174590763,-0.723415648409768,-0.0822507007717578,0.0137847199401457,0,1,6.0655067177742,0.0137847199401457,FALSE,0.0548709174978384,1017,KRT33A,keratin 33A
755,-1,-0.534503410738833,-0.9598748440118,-0.109131977465867,0.0137854378116484,0,1,6.06541474344944,0.0137854378116484,FALSE,0.0548709174978384,1018,CFAP410,cilia and flagella associated protein 410
21480,-1,-0.893975291736367,-1.60576468981828,-0.182185893654453,0.0138308760570096,0,1,6.05960315891623,0.0138308760570096,FALSE,0.0549977524857731,1019,,
845,-1,-0.882277626019864,-1.5852212371332,-0.179334014906526,0.0138941923856994,0,1,6.05153762401383,0.0138941923856994,FALSE,0.0551953603400528,1020,CASQ2,calsequestrin 2
2638,-1,-0.382606831442086,-0.687537728659504,-0.0776759342246684,0.0139234876752434,0,1,6.04781863676193,0.0139234876752434,FALSE,0.0552575632322097,1021,GC,GC vitamin D binding protein
3986,-1,-0.409063314101858,-0.73519925602163,-0.082927372182086,0.013958533008535,0,1,6.04338025222032,0.0139585330085351,FALSE,0.0553424420260118,1022,,
3225,1,0.486973651896088,0.0983758781879412,0.875571425604235,0.0140438148930246,0,1,6.03262727980536,0.0140438148930246,FALSE,0.0556248058734502,1023,HOXC9,homeobox C9
1273,-1,-0.879024554222439,-1.58057098401669,-0.177478124428188,0.0140572066175748,0,1,6.03094485721282,0.0140572066175748,FALSE,0.0556248058734502,1024,,
10926,-1,-0.578903569484904,-1.04104593826214,-0.11676120070767,0.0140824701926812,0,1,6.02777544145593,0.0140824701926812,FALSE,0.0556704089958482,1025,DBF4,DBF4-CDC7 kinase regulatory subunit
12097,1,0.628978273245268,0.126252651287542,1.13170389520299,0.0141992790515753,0,1,6.01319696612928,0.0141992790515753,FALSE,0.056009375880343,1026,,
1158,-1,-0.61572365117411,-1.10788212394961,-0.123565178398612,0.0142045726860885,0,1,6.01253921373339,0.0142045726860885,FALSE,0.056009375880343,1027,CKM,"creatine kinase, M-type"
283,2,0.395834414012352,0.0794204746997713,0.712248353324934,0.0142096837129794,0.589660475611234,0.442550440728296,6.01190439026886,0.0142096837129794,FALSE,0.056009375880343,1028,ANG,angiogenin
2193,-1,-1.07259571996681,-1.93064099004444,-0.21455044988918,0.0142838612942672,0,1,6.00271740324982,0.0142838612942672,FALSE,0.0562470417535186,1029,FARSA,phenylalanyl-tRNA synthetase subunit alpha
896,1,0.577651676750608,0.115239045687114,1.0400643078141,0.0143487607630662,0,1,5.99471970355883,0.0143487607630662,FALSE,0.0564477462251886,1030,CCND3,cyclin D3
2308,1,0.775235232767843,0.154469017839785,1.3960014476959,0.0143781803293047,0,1,5.99110652308873,0.0143781803293047,FALSE,0.0565086194901481,1031,FOXO1,forkhead box O1
1149,-1,-0.541259190762381,-0.97492723784679,-0.107591143677972,0.0144361892913438,0,1,5.98400436028554,0.0144361892913438,FALSE,0.0566816269462453,1032,CIDEA,cell death inducing DFFA like effector a
2132,-1,-0.521243142494297,-0.939453551764744,-0.10303273322385,0.0145725176121733,0,1,5.96742836688814,0.0145725176121733,FALSE,0.0570633095756515,1033,EXT2,exostosin glycosyltransferase 2
1157,-1,-0.613780960251351,-1.10631989728429,-0.121242023218415,0.0145890292588173,0,1,5.96543158156569,0.0145890292588173,FALSE,0.0570633095756515,1034,,
1712,-1,-0.7930963686153,-1.42955846814955,-0.156634269081052,0.0145934460239779,0,1,5.96489784799414,0.0145934460239779,FALSE,0.0570633095756515,1035,,
2156,1,1.23728741689142,0.244336866224867,2.23023796755797,0.0145958194877594,0,1,5.9646111010453,0.0145958194877594,FALSE,0.0570633095756515,1036,,
4184,-1,-0.483573378861019,-0.871683134464342,-0.095463623257696,0.0146038134328605,0,1,5.963645675901,0.0146038134328605,FALSE,0.0570633095756515,1037,SMCP,sperm mitochondria associated cysteine rich protein
438,1,0.60901489320811,0.119726522508245,1.09830326390798,0.0147052503809495,0,1,5.95144221512871,0.0147052503809495,FALSE,0.0574043107356525,1038,ASMT,acetylserotonin O-methyltransferase
5009,-1,-0.432573983405746,-0.780389606353701,-0.0847583604577913,0.0147858219503096,0,1,5.94181058042083,0.0147858219503096,FALSE,0.0576632825242102,1039,OTC,ornithine transcarbamylase
1359,-1,-0.532471341147844,-0.961533511305865,-0.103409170989823,0.015001659101608,0,1,5.9162730284894,0.0150016591016079,FALSE,0.0584487718074187,1040,CPA3,carboxypeptidase A3
4168,-1,-0.411289096917454,-0.742892148784436,-0.0796860450504724,0.0150591198243519,0,1,5.90953811024352,0.0150591198243519,FALSE,0.0586162858100615,1041,MCF2,MCF.2 cell line derived transforming sequence
1674,-1,-0.60375830149421,-1.09083237081766,-0.116684232170756,0.0151198297723411,0,1,5.90245104516383,0.0151198297723412,FALSE,0.0587773039563,1042,DES,desmin
1214,-1,-0.403223110316624,-0.728549083658129,-0.0778971369751192,0.0151294985257702,0,1,5.90132505498834,0.0151294985257702,FALSE,0.0587773039563,1043,,
3038,-1,-0.477297673878902,-0.862708725964373,-0.0918866217934311,0.0152140647405336,0,1,5.89150823353996,0.0152140647405336,FALSE,0.0590492244527224,1044,HAS3,hyaluronan synthase 3
938,-1,-0.654640984318694,-1.18349158944137,-0.125790379196013,0.0152598140049578,0,1,5.88622085577791,0.0152598140049577,FALSE,0.0591701113378841,1045,,
5309,-1,-0.51533568549066,-0.931778652983063,-0.0988927179982573,0.0152916685004361,0,1,5.8825489708422,0.0152916685004361,FALSE,0.0592259180128852,1046,PITX3,paired like homeodomain 3
2845,-1,-0.399075736062724,-0.721606137149382,-0.0765453349760659,0.0153034393286009,0,1,5.88119413433841,0.0153034393286009,FALSE,0.0592259180128852,1047,GPR22,G protein-coupled receptor 22
1880,-1,-0.454925378660935,-0.822910613013102,-0.0869401443087682,0.0153918748428346,0,1,5.87104929940484,0.0153918748428346,FALSE,0.0594234562138132,1048,GPR183,G protein-coupled receptor 183
3629,1,0.577899680127425,0.110384292099013,1.04541506815584,0.0154044613554145,0,1,5.86961032685812,0.0154044613554145,FALSE,0.0594234562138132,1049,,
333,2,0.455493179312737,0.0869994808734856,0.823986877751988,0.0154055805144361,1.57687782255691,0.209210991742778,5.86948243591037,0.0154055805144361,FALSE,0.0594234562138132,1050,APLP1,amyloid beta precursor like protein 1
3767,1,0.479651953524732,0.0915851779545508,0.867718729094913,0.0154131648379488,0,1,5.86861599589974,0.0154131648379488,FALSE,0.0594234562138132,1051,KCNJ11,potassium inwardly rectifying channel subfamily J member 11
2725,-1,-0.414678019620263,-0.750224833019587,-0.0791312062209388,0.0154278074869031,0,1,5.86694444820874,0.0154278074869031,FALSE,0.0594234562138132,1052,,
1564,-1,-0.479789170677461,-0.868170918573799,-0.0914074227811231,0.0154672153862092,0,1,5.86245390164932,0.0154672153862092,FALSE,0.0595186673740929,1053,CYP2D7,cytochrome P450 family 2 subfamily D member 7 (gene/pseudogene)
2215,-1,-0.504167538197487,-0.912641351206319,-0.0956937251886547,0.0155577877703685,0,1,5.85217765944334,0.0155577877703685,FALSE,0.0598103947301074,1054,FCGR3B,Fc gamma receptor IIIb
900,-1,-0.462448634002683,-0.83729796043624,-0.0875993075691264,0.0156064205184032,0,1,5.84668524527834,0.0156064205184032,FALSE,0.0599404890431941,1055,CCNG1,cyclin G1
795,-1,-0.566681467042091,-1.02652201436052,-0.106840919723661,0.0157201522197216,0,1,5.83390932090865,0.0157201522197217,FALSE,0.0603201295400682,1056,S100G,S100 calcium binding protein G
3802,-1,-0.428284046235373,-0.776083428623322,-0.0804846638474242,0.0157991933994608,0,1,5.82508629041811,0.0157991933994608,FALSE,0.060566065898406,1057,KIR2DL1,"killer cell immunoglobulin like receptor, two Ig domains and long cytoplasmic tail 1"
26,-2,-1.97700190388739,-3.58275842207876,-0.371245385696021,0.0158174392760693,2.54852868038956,0.110397019944351,5.82305604302017,0.0158174392760694,FALSE,0.0605786993824508,1058,AOC1,amine oxidase copper containing 1
520,1,0.636165903276837,0.119145969420174,1.1531858371335,0.0158812647451191,0,1,5.81597302205705,0.0158812647451191,FALSE,0.060765707976603,1059,,
1878,-1,-0.39007267702128,-0.70717986760668,-0.0729654864358801,0.015911192269098,0,1,5.81266191656514,0.015911192269098,FALSE,0.0608227840324389,1060,,
1269,-1,-0.402165309263725,-0.729223218389239,-0.0751074001382107,0.0159498521101148,0,1,5.80839417792827,0.0159498521101147,FALSE,0.0608587122163924,1061,CNR2,cannabinoid receptor 2
8652,-1,-0.340949341548391,-0.618225872744932,-0.0636728103518497,0.0159506299046912,0,1,5.80830842504288,0.0159506299046912,FALSE,0.0608587122163924,1062,,
1009,1,0.402036630081269,0.0745731467435665,0.729500113418971,0.0161147643697635,0,1,5.79030813485885,0.0161147643697635,FALSE,0.0614271168638586,1063,CDH11,cadherin 11
564,-1,-0.543589929753483,-0.986536006565093,-0.100643852941873,0.0161593454390225,0,1,5.7854516485778,0.0161593454390225,FALSE,0.0615391613899615,1064,,
1419,1,0.592462771058326,0.109392020754716,1.07553352136194,0.0162256270080927,0,1,5.77825666804424,0.0162256270080927,FALSE,0.0617335592833726,1065,CRYGB,crystallin gamma B
35334,-1,-0.426131137962849,-0.773702029858347,-0.0785602460673515,0.0162626165701465,0,1,5.77425454728016,0.0162626165701465,FALSE,0.0617929520520243,1066,,
1912,-1,-0.482821433396293,-0.876664976198085,-0.0889778905945015,0.0162717373740153,0,1,5.77326915550263,0.0162717373740153,FALSE,0.0617929520520243,1067,PHC2,polyhomeotic homolog 2
1861,-1,-0.472942059732832,-0.859195577888749,-0.086688541576915,0.0164019192142407,0,1,5.7592663325099,0.0164019192142407,FALSE,0.0621963771331785,1068,TOR1A,torsin family 1 member A
1512,1,0.552148021590226,0.101178399191215,1.00311764398924,0.0164086690906633,0,1,5.75854341955121,0.0164086690906633,FALSE,0.0621963771331785,1069,CTSH,cathepsin H
2958,1,0.783106312200234,0.143332961421002,1.42287966297947,0.0164368342623647,0,1,5.75553023005714,0.0164368342623647,FALSE,0.0622216642513523,1070,GTF2A2,general transcription factor IIA subunit 2
2317,-1,-0.454034578118217,-0.824998363923962,-0.0830707923124721,0.0164460519282326,0,1,5.75454525429317,0.0164460519282325,FALSE,0.0622216642513523,1071,FLNB,filamin B
1066,-1,-0.473579927633115,-0.860600363756005,-0.0865594915102249,0.016470382234982,0,1,5.75194811276613,0.016470382234982,FALSE,0.0622555865822267,1072,CES1,carboxylesterase 1
669,1,0.56105482553728,0.102359173145879,1.01975047792868,0.016514806322751,0,1,5.74721624764394,0.016514806322751,FALSE,0.0623653263930912,1073,BPGM,bisphosphoglycerate mutase
2509,-1,-0.502594504783397,-0.913564078061328,-0.0916249315054662,0.0165328810578225,0,1,5.74529475889778,0.0165328810578225,FALSE,0.0623754506948761,1074,,
876,-1,-1.03433969649162,-1.88099173967794,-0.187687653305296,0.0166451750847748,0,1,5.73340532837712,0.0166451750847749,FALSE,0.0627406971567512,1075,,
8552,1,0.490539837891022,0.0886444217059738,0.89243525407607,0.0167447386159646,0,1,5.72293275224383,0.0167447386159646,FALSE,0.063013246606414,1076,,
1343,1,0.864972376841809,0.156282366564405,1.57366238711921,0.0167485850432152,0,1,5.72252945579686,0.0167485850432152,FALSE,0.063013246606414,1077,,
4728,-1,-0.641360099970156,-1.16693621138757,-0.115783988552738,0.0167686046069687,0,1,5.72043195331683,0.0167686046069687,FALSE,0.0630300425486429,1078,NDUFS8,NADH:ubiquinone oxidoreductase core subunit S8
19804,1,0.379857290966644,0.0685095370187884,0.6912050449145,0.0167916595869712,0,1,5.71801961971023,0.0167916595869713,FALSE,0.0630582063451413,1079,,
3617,1,0.866135364783664,0.155908729567093,1.57636200000024,0.0168385275178631,0,1,5.71312615652094,0.0168385275178632,FALSE,0.0631269781894181,1080,IMPG1,interphotoreceptor matrix proteoglycan 1
4362,-1,-0.340719623645951,-0.620139643516786,-0.0612996037751165,0.0168509433988705,0,1,5.71183217263205,0.0168509433988705,FALSE,0.0631269781894181,1081,,
2106,1,0.638231822169719,0.114795469546633,1.16166817479281,0.0168572702481617,0,1,5.71117316619121,0.0168572702481618,FALSE,0.0631269781894181,1082,,
3785,-1,-0.490864018955256,-0.893522514557895,-0.0882055233526171,0.0168800720490227,0,1,5.70880023878297,0.0168800720490227,FALSE,0.0631269781894181,1083,KCNQ2,potassium voltage-gated channel subfamily Q member 2
635,1,0.628750553836984,0.112946341249179,1.14455476642479,0.0168878687949973,0,1,5.70798960905164,0.0168878687949974,FALSE,0.0631269781894181,1084,BHMT,betaine--homocysteine S-methyltransferase
11871,-1,-0.47292039404575,-0.861274871103473,-0.0845659169880272,0.0169978206681722,0,1,5.69659881537285,0.0169978206681722,FALSE,0.0634794187533952,1085,,
2775,-1,-0.545151976741644,-0.992919439845312,-0.0973845136379758,0.0170218857799401,0,1,5.69411585723444,0.0170218857799401,FALSE,0.0635107561513052,1086,GNAO1,G protein subunit alpha o1
4834,-1,-0.481984581457127,-0.878037675848908,-0.0859314870653458,0.0170690675129532,0,1,5.68925829558351,0.0170690675129532,FALSE,0.0636282075091871,1087,,
15567,-1,-0.342147565307493,-0.623453535890345,-0.0608415947246409,0.0171316462112917,0,1,5.68283687700242,0.0171316462112917,FALSE,0.0637492431329511,1088,,
1725,1,0.508189641214634,0.090362534374499,0.926016748054769,0.0171330024115952,0,1,5.68269798060525,0.0171330024115952,FALSE,0.0637492431329511,1089,DHPS,deoxyhypusine synthase
3726,-1,-0.620494294996858,-1.13082963130583,-0.110158958687889,0.0171706071933458,0,1,5.67885116638399,0.0171706071933458,FALSE,0.0638305507774652,1090,JUNB,"JunB proto-oncogene, AP-1 transcription factor subunit"
2177,1,0.862092984457487,0.152352702423975,1.571833266491,0.0172802729489161,0,1,5.66768225186785,0.0172802729489161,FALSE,0.0641793455444619,1091,FANCD2,FA complementation group D2
1592,1,0.601590137596041,0.106121670025168,1.09705860516691,0.0173240153561864,0,1,5.66324769373669,0.0173240153561864,FALSE,0.0642828848198418,1092,CYP26A1,cytochrome P450 family 26 subfamily A member 1
3792,-1,-0.397428293638649,-0.725050456525005,-0.0698061307522925,0.0174270604516307,0,1,5.65284659643003,0.0174270604516307,FALSE,0.064606083211352,1093,KEL,Kell metallo-endopeptidase (Kell blood group)
1722,1,0.451569976263006,0.0791093465967908,0.824030605929221,0.0174894407503286,0,1,5.64658088917128,0.0174894407503286,FALSE,0.0647780748814729,1094,,
1016,1,0.475373370743367,0.083171728484404,0.86757501300233,0.0175203879978327,0,1,5.64348098723047,0.0175203879978327,FALSE,0.0648081145141004,1095,CDH18,cadherin 18
6240,-1,-0.497948378829372,-0.908836958527592,-0.0870597991311521,0.0175373233678007,0,1,5.64178700851594,0.0175373233678007,FALSE,0.0648081145141004,1096,RRM1,ribonucleotide reductase catalytic subunit M1
1103,-1,-0.439217555749507,-0.801669994017895,-0.076765117481119,0.0175455334703771,0,1,5.64096639163087,0.0175455334703771,FALSE,0.0648081145141004,1097,CHAT,choline O-acetyltransferase
1793,1,0.371708319482288,0.0648887004468033,0.678527938517773,0.0175740187190478,0,1,5.63812230121161,0.0175740187190478,FALSE,0.0648277617695134,1098,DOCK1,dedicator of cytokinesis 1
3423,-1,-0.345816337350047,-0.631286208408495,-0.060346466291599,0.0175828504898063,0,1,5.63724146519074,0.0175828504898063,FALSE,0.0648277617695134,1099,IDS,iduronate 2-sulfatase
359,-1,-0.571073404285044,-1.04275681232619,-0.0993899962439024,0.0176464336034798,0,1,5.63091345389714,0.0176464336034798,FALSE,0.0649835157128458,1100,AQP2,aquaporin 2
14,-2,-2.16387975035407,-3.95132564990156,-0.376433850806583,0.0176571694965062,2.97149022172219,0.0847437565383065,5.62984730334797,0.0176571694965062,FALSE,0.0649835157128458,1101,AAMP,angio associated migratory cell protein
547,-1,-0.921106134997659,-1.68252795260186,-0.159684317393454,0.0177397965304584,0,1,5.62166417371893,0.0177397965304584,FALSE,0.06522836256027,1102,KIF1A,kinesin family member 1A
1272,1,0.450872939024749,0.0779084032941981,0.8238374747553,0.017817934750321,0,1,5.61396171683081,0.017817934750321,FALSE,0.0654562752568456,1103,CNTN1,contactin 1
3069,-1,-0.344733682619805,-0.630073318227535,-0.0593940470120751,0.0178876964929633,0,1,5.60711437420357,0.0178876964929633,FALSE,0.0656530309687385,1104,HDLBP,high density lipoprotein binding protein
684,1,0.549404052787919,0.0937200705349971,1.00508803504084,0.0181243522664286,0,1,5.58408954134886,0.0181243522664286,FALSE,0.0664614256864875,1105,BST2,bone marrow stromal cell antigen 2
857,-1,-0.751481289876143,-1.3760278117806,-0.12693476797169,0.0183582001254088,0,1,5.56164082147034,0.0183582001254088,FALSE,0.0672399713985468,1106,CAV1,caveolin 1
835,-1,-0.507486094020828,-0.929293450968652,-0.0856787370730034,0.0183698539827718,0,1,5.56052982229181,0.0183698539827718,FALSE,0.0672399713985468,1107,CASP2,caspase 2
7025,1,0.668355719943651,0.112695671397113,1.22401576849019,0.0183998309108861,0,1,5.55767536767716,0.0183998309108861,FALSE,0.0672889123203163,1108,NR2F1,nuclear receptor subfamily 2 group F member 1
899,-1,-0.797338405054578,-1.46053095872933,-0.134145851379823,0.0184524641828998,0,1,5.55267513746328,0.0184524641828999,FALSE,0.0674205454184943,1109,CCNF,cyclin F
27558,1,2.05017768533674,0.341932424338618,3.75842294633486,0.0186586277936477,0,1,5.53323018377888,0.0186586277936476,FALSE,0.0681062164252645,1110,,
22417,-1,-0.525424499563194,-0.963273793231001,-0.0875752058953867,0.0186737429537189,0,1,5.53181329400025,0.0186737429537188,FALSE,0.0681062164252645,1111,,
4360,-1,-0.693476827402599,-1.27166496748599,-0.11528868731921,0.0187344123200581,0,1,5.52613806573091,0.018734412320058,FALSE,0.0682660420151758,1112,MRC1,mannose receptor C-type 1
1335,1,0.802581443925373,0.132812199793579,1.47235068805717,0.0188433316137501,0,1,5.51599684669612,0.0188433316137501,FALSE,0.0686012396216671,1113,,
1143,-1,-0.464309951542345,-0.851858261739054,-0.0767616413456361,0.0188657166952556,0,1,5.513920127731,0.0188657166952557,FALSE,0.0686210808340896,1114,CHRNB4,cholinergic receptor nicotinic beta 4 subunit
3316,-1,-0.374618058859845,-0.687546733083236,-0.0616893846364544,0.0189586679610906,0,1,5.50532395995445,0.0189586679610906,FALSE,0.0688973296666719,1115,HSPB2,heat shock protein family B (small) member 2
878,1,0.528241408454168,0.0869145298834481,0.969568287024888,0.0189782673183514,0,1,5.50351696367408,0.0189782673183515,FALSE,0.0689067555322222,1116,,
8227,-1,-0.388023257791488,-0.712280618262091,-0.063765897320885,0.0190069284171184,0,1,5.50087797327849,0.0190069284171184,FALSE,0.0689490366572638,1117,AKAP17A,A-kinase anchoring protein 17A
10,2,1.83124403491943,0.300290134952308,3.36219793488655,0.0190575857053023,3.68259988099914,0.0549830517852572,5.49622370948044,0.0190575857053023,FALSE,0.0690454775094627,1118,NAT2,N-acetyltransferase 2
10493,-1,-0.388042830675122,-0.712480913016455,-0.063604748333789,0.0190675936162608,0,1,5.4953057202805,0.0190675936162608,FALSE,0.0690454775094627,1119,VAT1,vesicle amine transport 1
696,-1,-0.518754666224463,-0.952673070594417,-0.0848362618545093,0.0191211558539061,0,1,5.49040109926912,0.0191211558539061,FALSE,0.0691776102857389,1120,BTN1A1,butyrophilin subfamily 1 member A1
2035,-1,-0.493489212965778,-0.906470585374833,-0.0805078405567228,0.0191783867507117,0,1,5.4851762091851,0.0191783867507116,FALSE,0.0693227681658196,1121,EPB41,erythrocyte membrane protein band 4.1
5531,1,0.419059952643448,0.0679856583401265,0.770134246946769,0.0193089674365625,0,1,5.4733149338271,0.0193089674365625,FALSE,0.0697051791440802,1122,PPP4C,protein phosphatase 4 catalytic subunit
608,-1,-0.46022351487592,-0.845863552116003,-0.0745834776358371,0.0193341630413803,0,1,5.47103583856119,0.0193341630413803,FALSE,0.0697051791440802,1123,TNFRSF17,TNF receptor superfamily member 17
6702,1,0.507937900110553,0.08223059797134,0.933645202249766,0.0193584698858481,0,1,5.46884004445005,0.0193584698858481,FALSE,0.0697051791440802,1124,,
427,1,0.862661445905195,0.139608872664258,1.58571401914613,0.0193665631085713,0,1,5.4681095637491,0.0193665631085713,FALSE,0.0697051791440802,1125,ASAH1,N-acylsphingosine amidohydrolase 1
587,1,1.85034894718101,0.299404865337572,3.40129302902445,0.0193701953890015,0,1,5.46778182278904,0.0193701953890016,FALSE,0.0697051791440802,1126,BCAT2,branched chain amino acid transaminase 2
1203,1,0.457214429140313,0.0738218566818565,0.840607001598769,0.0194208320997932,0,1,5.46321947231012,0.0194208320997933,FALSE,0.0697745664973033,1127,CLN5,CLN5 intracellular trafficking protein
718,1,0.595737363306229,0.096175084916498,1.09529964169596,0.0194239168334053,0,1,5.46294193631984,0.0194239168334053,FALSE,0.0697745664973033,1128,C3,complement C3
1767,-1,-0.483750281478383,-0.889741000757543,-0.077759562199223,0.0195247966438205,0,1,5.45389071838469,0.0195247966438206,FALSE,0.070074823738495,1129,DNAH5,dynein axonemal heavy chain 5
20213,-1,-0.498179608229282,-0.916564380906424,-0.0797948355521402,0.0196077360347858,0,1,5.44648530267392,0.0196077360347858,FALSE,0.0703102180645594,1130,,
711,-1,-0.684308059739657,-1.25923457145772,-0.109381548021593,0.0196558514824878,0,1,5.44220404296227,0.0196558514824878,FALSE,0.0704204334279756,1131,,
513,1,0.984461075465817,0.157044347330607,1.81187780360103,0.0197024433592793,0,1,5.43806866206512,0.0197024433592793,FALSE,0.0704670462377359,1132,ATP5F1D,ATP synthase F1 subunit delta
1509,1,0.415445082095799,0.0662670611744963,0.764623103017102,0.0197045704330863,0,1,5.43788010960349,0.0197045704330863,FALSE,0.0704670462377359,1133,CTSD,cathepsin D
6573,-1,-0.643608856381531,-1.18470858050021,-0.102509132262852,0.0197390662301321,0,1,5.43482519660536,0.0197390662301321,FALSE,0.0704670462377359,1134,SLC19A1,solute carrier family 19 member 1
3404,-1,-2.2212015781143,-4.08892431689769,-0.353478839330906,0.0197586286686569,0,1,5.43309521853551,0.0197586286686569,FALSE,0.0704670462377359,1135,,
1061,-1,-0.534912986437222,-0.98478722689452,-0.0850387459799241,0.019782290011946,0,1,5.43100512416592,0.019782290011946,FALSE,0.0704670462377359,1136,,
2565,1,0.895308319428112,0.142214131377708,1.64840250747852,0.0198017579983675,0,1,5.42928738194893,0.0198017579983676,FALSE,0.0704670462377359,1137,GABRG1,gamma-aminobutyric acid type A receptor subunit gamma1
1977,1,0.587378135232471,0.0932873878802137,1.08146888258473,0.0198052366454476,0,1,5.42898063019483,0.0198052366454476,FALSE,0.0704670462377359,1138,EIF4E,eukaryotic translation initiation factor 4E
1734,-1,-0.991301942331235,-1.82518395011621,-0.157419934546259,0.0198079875776854,0,1,5.42873808875385,0.0198079875776855,FALSE,0.0704670462377359,1139,DIO2,iodothyronine deiodinase 2
1167,1,0.654523095966941,0.103623211442927,1.20542298049096,0.0198787045148046,0,1,5.42251511575086,0.0198787045148046,FALSE,0.0706565883280599,1140,,
1690,-1,-0.439653551288937,-0.809945427179039,-0.0693616753988348,0.0199601013312797,0,1,5.41538060694994,0.0199601013312797,FALSE,0.0708837253237032,1141,COCH,cochlin
578,1,0.637870235178927,0.10042009278158,1.17532037757627,0.0200092561933757,0,1,5.41108669206537,0.0200092561933757,FALSE,0.0709960648822751,1142,BAK1,BCL2 antagonist/killer 1
4513,-1,-0.388686148469584,-0.716314516452731,-0.0610577804864372,0.0200597396872542,0,1,5.40668805480907,0.0200597396872542,FALSE,0.0711110474724496,1143,COX2,cytochrome c oxidase subunit II
16070,-1,-0.528007899680066,-0.973133247074311,-0.0828825522858216,0.0200767616753411,0,1,5.40520750586069,0.0200767616753411,FALSE,0.0711110474724496,1144,,
944,1,0.739747499858098,0.115971606751298,1.3635233929649,0.020106317197806,0,1,5.40263988877767,0.0201063171978059,FALSE,0.0711163491627867,1145,TNFSF8,TNF superfamily member 8
451,2,0.479353075315718,0.0750756073993796,0.883630543232057,0.0201289507226056,1.6034508683592,0.205414857183606,5.40067625364632,0.0201289507226056,FALSE,0.0711163491627867,1146,,
2398,-1,-0.40923886652041,-0.754388746663775,-0.0640889863770455,0.0201309112758431,0,1,5.4005062678163,0.0201309112758431,FALSE,0.0711163491627867,1147,,
918,-1,-0.418476793213801,-0.771511359626266,-0.0654422268013362,0.0201639184962326,0,1,5.39764701093667,0.0201639184962326,FALSE,0.0711488821514542,1148,,
16058,-1,-0.571088585406141,-1.05291292905107,-0.0892642417612076,0.0201752383001039,0,1,5.39666754535625,0.0201752383001039,FALSE,0.0711488821514542,1149,,
3156,-1,-0.405908510108567,-0.7484533549052,-0.0633636653119343,0.0202051399469896,0,1,5.39408298499609,0.0202051399469896,FALSE,0.0711678808759591,1150,HMGCR,3-hydroxy-3-methylglutaryl-CoA reductase
5913,1,0.32604996050958,0.0508741052919483,0.601225815727212,0.0202157529339163,0,1,5.39316659853161,0.0202157529339164,FALSE,0.0711678808759591,1151,RAPSN,receptor associated protein of the synapse
912,1,0.480404298937965,0.0745097358745362,0.886298862001394,0.0203542437828752,0,1,5.38125390770116,0.0203542437828752,FALSE,0.0715932255279603,1152,CD1D,CD1d molecule
3294,-1,-0.471098608860528,-0.869200061308691,-0.072997156412365,0.0203761068366671,0,1,5.37938095948547,0.0203761068366671,FALSE,0.0716079660903514,1153,HSD17B2,hydroxysteroid 17-beta dehydrogenase 2
1825,1,0.457078406853785,0.0707258159571554,0.843430997750415,0.0204082944482816,0,1,5.3766273144107,0.0204082944482816,FALSE,0.0716589333660633,1154,DSC3,desmocollin 3
588,1,0.626601293208479,0.0964123660429954,1.15679022037396,0.0205378446020823,0,1,5.36558956849186,0.0205378446020823,FALSE,0.0720082657188016,1155,,
5867,1,0.975320937738665,0.149983783480337,1.80065809199699,0.0205507902654659,0,1,5.36449055160016,0.0205507902654659,FALSE,0.0720082657188016,1156,RAB4A,"RAB4A, member RAS oncogene family"
5533,1,0.64433199843158,0.0990402230857573,1.1896237737774,0.0205610966033202,0,1,5.36361611117061,0.0205610966033202,FALSE,0.0720082657188016,1157,PPP3CC,protein phosphatase 3 catalytic subunit gamma
559,2,0.573096552737225,0.0877492076027938,1.05844389787166,0.0206502280069431,1.57841434078283,0.208989242812399,5.35607263007363,0.0206502280069432,FALSE,0.0722579653576283,1158,,
101,2,1.33463911503535,0.20060255036834,2.46867567970235,0.0210733973205102,7.99460159162073,0.00469170228079223,5.32071214980639,0.0210733973205102,FALSE,0.0736750698384016,1159,ADAM8,ADAM metallopeptidase domain 8
5503,-1,-0.417377160914654,-0.772300256019662,-0.0624540658096457,0.0211750218593332,0,1,5.31232972496706,0.0211750218593333,FALSE,0.0739665418741537,1160,,
5368,-1,-0.653069417897729,-1.20860275544441,-0.0975360803510496,0.0212182253400895,0,1,5.30877872466614,0.0212182253400895,FALSE,0.0739853319857379,1161,PNOC,prepronociceptin
891,-1,-0.436602181182968,-0.807998891676341,-0.0652054706895945,0.0212186340804081,0,1,5.3087451650451,0.0212186340804081,FALSE,0.0739853319857379,1162,CCNB1,cyclin B1
806,-1,-0.447133935121956,-0.827538157326444,-0.066729712917468,0.0212351779613557,0,1,5.30738739121571,0.0212351779613557,FALSE,0.0739853319857379,1163,,
585,-1,-0.504979348470292,-0.934727016604825,-0.0752316803357592,0.0212745941668687,0,1,5.30415686883583,0.0212745941668688,FALSE,0.0740170603424214,1164,BBS4,Bardet-Biedl syndrome 4
1667,-1,-0.430704241143729,-0.797259893614768,-0.0641485886726898,0.0212808181882826,0,1,5.30364731923468,0.0212808181882826,FALSE,0.0740170603424214,1165,DEFA1,defensin alpha 1
2080,-1,-0.717430509739139,-1.3281217717706,-0.106739247707683,0.021305024091599,0,1,5.30166709049066,0.0213050240915991,FALSE,0.0740376995018519,1166,,
3871,1,0.378479002175038,0.0561753600479248,0.700782644302151,0.0213592900410415,0,1,5.29723616982127,0.0213592900410415,FALSE,0.074125945240761,1167,,
2409,1,0.406459456935335,0.0602920168872115,0.752626896983458,0.0213729229540568,0,1,5.29612484750105,0.0213729229540568,FALSE,0.074125945240761,1168,,
13382,-1,-0.426606562684803,-0.789967182108124,-0.0632459432614824,0.0213852986146223,0,1,5.2951166486721,0.0213852986146223,FALSE,0.074125945240761,1169,,
705,1,0.480686128334954,0.0709528716580221,0.890419385011886,0.0214840569270038,0,1,5.2870927557026,0.0214840569270037,FALSE,0.0744046142463413,1170,BYSL,bystin like
8635,-1,-0.397892395886151,-0.737146763950327,-0.0586380278219753,0.0215201800587508,0,1,5.28416736660796,0.0215201800587508,FALSE,0.0744660713903144,1171,RNASET2,ribonuclease T2
1853,1,0.867632745606339,0.126858552937616,1.60840693827506,0.0216981681775155,0,1,5.26982706181968,0.0216981681775155,FALSE,0.0749938025319029,1172,,
1736,-1,-0.540912034206877,-1.00283006033695,-0.0789940080768004,0.0217249079820079,0,1,5.26768319512449,0.021724907982008,FALSE,0.0749938025319029,1173,DKC1,dyskerin pseudouridine synthase 1
1928,-1,-0.475936590118214,-0.882378310980798,-0.0694948692556305,0.0217282142577626,0,1,5.26741830395414,0.0217282142577626,FALSE,0.0749938025319029,1174,,
425,-1,-0.701866108313862,-1.30285029005191,-0.100881926575816,0.0220813341515906,0,1,5.2393648595729,0.0220813341515907,FALSE,0.0761477157295703,1175,,
7996,-1,-0.572862430447154,-1.06362656404967,-0.0820982968446389,0.0221468504043929,0,1,5.23421108569469,0.0221468504043929,FALSE,0.0763070076145524,1176,,
3749,-1,-0.533242778906588,-0.990128091997284,-0.0763574658158919,0.0221651895267345,0,1,5.23277128496982,0.0221651895267345,FALSE,0.0763070076145524,1177,KCNC4,potassium voltage-gated channel subfamily C member 4
6259,-1,-0.524553748632935,-0.974062753913162,-0.0750447433527084,0.0221855202642253,0,1,5.23117656461419,0.0221855202642253,FALSE,0.0763121630820383,1178,RYK,receptor like tyrosine kinase
6194,-1,-1.09662680134721,-2.03684009116925,-0.156413511525167,0.0222529236388233,0,1,5.2259003283159,0.0222529236388233,FALSE,0.0763891181346009,1179,RPS6,ribosomal protein S6
2252,1,0.512956245107441,0.0731547750422379,0.952757715172644,0.0222556412723746,0,1,5.22568794335716,0.0222556412723745,FALSE,0.0763891181346009,1180,FGF7,fibroblast growth factor 7
14043,-1,-0.562065238388689,-1.04400380275635,-0.0801266740210284,0.0222644492884905,0,1,5.22499977536163,0.0222644492884906,FALSE,0.0763891181346009,1181,,
2521,1,0.524149331955718,0.0744383632352087,0.973860300676227,0.0223488070294079,0,1,5.21842317792515,0.0223488070294079,FALSE,0.0766136768893069,1182,FUS,FUS RNA binding protein
758,-1,-0.483770259698421,-0.899127308369526,-0.0684132110273166,0.0224428308722795,0,1,5.21112324450092,0.0224428308722795,FALSE,0.0768709642387798,1183,MPPED1,metallophosphoesterase domain containing 1
531,-1,-0.846211192648782,-1.57349911479622,-0.118923270501348,0.0225810359427064,0,1,5.20045043934835,0.0225810359427064,FALSE,0.0772419377040703,1184,,
516,1,0.506205483062117,0.0710505178710418,0.941360448253192,0.0226088885844692,0,1,5.19830773199001,0.0226088885844692,FALSE,0.0772419377040703,1185,ATP5MC1,ATP synthase membrane subunit c locus 1
1006,1,0.477351689363524,0.0669063938796763,0.887796984847372,0.0226399542128899,0,1,5.19592107376819,0.0226399542128899,FALSE,0.0772419377040703,1186,CDH8,cadherin 8
1206,-1,-0.449320829109013,-0.835744828580216,-0.0628968296378103,0.0226682424891547,0,1,5.1937507396974,0.0226682424891548,FALSE,0.0772419377040703,1187,,
3747,-1,-0.616767195867196,-1.14722948676314,-0.086304904971252,0.0226762638511796,0,1,5.1931358352603,0.0226762638511796,FALSE,0.0772419377040703,1188,KCNC2,potassium voltage-gated channel subfamily C member 2
1658,1,0.658544600495947,0.0921208489059928,1.2249683520859,0.022683445406852,0,1,5.19258550022037,0.022683445406852,FALSE,0.0772419377040703,1189,,
676,-1,-0.454410870267998,-0.845305755972166,-0.0635159845638301,0.0227006196387275,0,1,5.19127014101291,0.0227006196387275,FALSE,0.0772419377040703,1190,BRDT,bromodomain testis associated
5687,1,0.560302581015554,0.0783064298340369,1.04229873219707,0.0227036396361174,0,1,5.19103894871193,0.0227036396361175,FALSE,0.0772419377040703,1191,PSMA6,proteasome 20S subunit alpha 6
673,2,0.436875149065951,0.0609032338528031,0.812847064279098,0.0227589991529797,1.33523287438827,0.247876413244537,5.18680660458624,0.0227589991529797,FALSE,0.0773653226240551,1192,BRAF,"B-Raf proto-oncogene, serine/threonine kinase"
2041,-1,-0.609232035653936,-1.13375259930428,-0.0847114720035921,0.0228158971588264,0,1,5.18246774401164,0.0228158971588264,FALSE,0.0774937261421329,1193,EPHA1,EPH receptor A1
2518,-1,-0.381209100333182,-0.709559388273547,-0.0528588123928173,0.022876860207214,0,1,5.17783132379262,0.022876860207214,FALSE,0.0775456261708792,1194,,
63632,-1,-0.604528872565738,-1.12526685499015,-0.0837908901413219,0.0228856732390602,0,1,5.17716212628328,0.0228856732390602,FALSE,0.0775456261708792,1195,,
1435,-1,-0.899486766535753,-1.67441451383851,-0.124559019232997,0.0229058491797644,0,1,5.17563111733787,0.0229058491797643,FALSE,0.0775456261708792,1196,CSF1,colony stimulating factor 1
228,2,3.08144784823528,0.426451910324949,5.73644378614562,0.0229192403798743,11.6929484003952,0.000627374064037914,5.17461572576301,0.0229192403798743,FALSE,0.0775456261708792,1197,,
649,-1,-0.54373462514998,-1.01224615396278,-0.0752230963371788,0.0229268657829993,0,1,5.17403780214087,0.0229268657829994,FALSE,0.0775456261708792,1198,BMP1,bone morphogenetic protein 1
5288,-1,-0.558064271821197,-1.03942210181228,-0.0767064418301148,0.0230688386039077,0,1,5.1633140262128,0.0230688386039077,FALSE,0.077960745640562,1199,PIK3C2G,phosphatidylinositol-4-phosphate 3-kinase catalytic subunit type 2 gamma
8274,-1,-0.46511645875253,-0.866504059632428,-0.0637288578726321,0.0231378902980818,0,1,5.15812297923446,0.0231378902980818,FALSE,0.0781289429065227,1200,,
1545,1,0.624390720734861,0.0849867868187572,1.16379465465096,0.0232823318193669,0,1,5.14731615009448,0.0232823318193669,FALSE,0.0785512144313694,1201,CYP1B1,cytochrome P450 family 1 subfamily B member 1
1813,1,0.622881344570419,0.0846838037713824,1.16107888536946,0.02330736099086,0,1,5.14545058502687,0.02330736099086,FALSE,0.0785702385482235,1202,DRD2,dopamine receptor D2
1260,-1,-0.415346839566798,-0.774730658312928,-0.0559630208206686,0.0235023514331454,0,1,5.13098758977366,0.0235023514331453,FALSE,0.0791473513951515,1203,CNGA2,cyclic nucleotide gated channel subunit alpha 2
9658,1,0.517242129146434,0.0696430105898985,0.964841247702969,0.0235176236623303,0,1,5.12986006430858,0.0235176236623302,FALSE,0.0791473513951515,1204,ZNF516,zinc finger protein 516
1212,1,0.458183852282099,0.0614409823811431,0.854926722183055,0.023605449117886,0,1,5.12339074755846,0.023605449117886,FALSE,0.0793769957059534,1205,CLTB,clathrin light chain B
4678,1,0.948861063900348,0.125948048589052,1.77177407921164,0.0238250147670063,0,1,5.1073259021922,0.0238250147670063,FALSE,0.080048888752827,1206,NASP,nuclear autoantigenic sperm protein
874,1,0.412353204380345,0.054671509906044,0.770034898854646,0.0238495834233153,0,1,5.10553786032775,0.0238495834233153,FALSE,0.0800650472504337,1207,CBR3,carbonyl reductase 3
44,-2,-1.94374612103046,-3.63163265394046,-0.255859588120464,0.024003910776423,5.49605467647411,0.0190594280939907,5.09434983551405,0.0240039107764229,FALSE,0.0805164291937632,1208,,
1705,1,0.6773271058869,0.0890582144258096,1.26559599734799,0.0240278551501621,0,1,5.09262066750525,0.0240278551501621,FALSE,0.0805300819424788,1209,,
1313,-1,-1.15979281145819,-2.16854456157882,-0.151041061337565,0.0242320070529062,0,1,5.07794981956192,0.0242320070529061,FALSE,0.0811471839490711,1210,,
881,1,0.400982861012792,0.0512500333806977,0.750715688644886,0.0246286444825396,0,1,5.0498096045582,0.0246286444825396,FALSE,0.0824073224139147,1211,CCIN,calicin
36494,-1,-0.450003974181872,-0.842624005771582,-0.0573839425921615,0.0246767776699741,0,1,5.04642674344401,0.0246767776699742,FALSE,0.0825002500979663,1212,,
2298,-1,-0.337217919501956,-0.631594631723672,-0.0428412072802395,0.024755212650414,0,1,5.04092888050287,0.024755212650414,FALSE,0.082694247039965,1213,FOXD4,forkhead box D4
4298,-1,-0.899305812324511,-1.68481933578572,-0.113792288863298,0.024839392621242,0,1,5.03504840569299,0.024839392621242,FALSE,0.0828610874881288,1214,MLLT1,MLLT1 super elongation complex subunit
1656,1,1.13747173228732,0.143882404920102,2.13106105965454,0.0248460565888639,0,1,5.03458377163682,0.0248460565888639,FALSE,0.0828610874881288,1215,DDX6,DEAD-box helicase 6
2224,1,0.430701449592545,0.0540722675797458,0.807330631605344,0.0250031526925938,0,1,5.023667820795,0.0250031526925938,FALSE,0.0832851991762614,1216,FDPS,farnesyl diphosphate synthase
3412,-1,-0.396614537902817,-0.743462969986369,-0.0497661058192652,0.0250143354880331,0,1,5.02289349171876,0.0250143354880331,FALSE,0.0832851991762614,1217,,
1035,-1,-3.28522926826749,-6.1586736126335,-0.411784923901476,0.0250363953040719,0,1,5.02136705949788,0.0250363953040719,FALSE,0.0832902083514771,1218,,
797,-1,-0.956550530674142,-1.79345773180141,-0.119643329546872,0.0250806495898457,0,1,5.01830908367627,0.0250806495898457,FALSE,0.0833169301597886,1219,CALCB,calcitonin related polypeptide beta
5340,1,2.24814902626383,0.281127435901059,4.2151706166266,0.0250855515288603,0,1,5.01797070385864,0.0250855515288603,FALSE,0.0833169301597886,1220,PLG,plasminogen
468,1,0.497712515439789,0.0620962470437597,0.933328783835818,0.025132955795178,0,1,5.01470193505433,0.025132955795178,FALSE,0.0833512856071842,1221,ATF4,activating transcription factor 4
3776,1,0.341061454148276,0.0425435804701203,0.639579327826432,0.0251370362813374,0,1,5.01442086376114,0.0251370362813374,FALSE,0.0833512856071842,1222,KCNK2,potassium two pore domain channel subfamily K member 2
3716,1,0.450027829305759,0.0560519258712883,0.84400373274023,0.0251680921455641,0,1,5.01228323054892,0.0251680921455641,FALSE,0.0833860256531689,1223,JAK1,Janus kinase 1
3765,1,0.3357290948589,0.0416023621368714,0.629855827580929,0.0252740247695431,0,1,5.00501223997447,0.0252740247695431,FALSE,0.0836685852664941,1224,KCNJ9,potassium inwardly rectifying channel subfamily J member 9
10663,-1,-0.380535876387033,-0.713964435372279,-0.0471073174017876,0.0252947845169241,0,1,5.00359104383559,0.025294784516924,FALSE,0.0836689525408786,1225,CXCR6,C-X-C motif chemokine receptor 6
2545,-1,-0.594353195881836,-1.11580429195927,-0.0729020998044069,0.0254844472928164,0,1,4.9906626853466,0.0254844472928164,FALSE,0.08422755336908,1226,,
1224,-1,-0.445867272804,-0.837308053020527,-0.0544264925874728,0.0255832415344516,0,1,4.98396790356105,0.0255832415344516,FALSE,0.0844851627527286,1227,,
19607,-1,-0.616386749742203,-1.15801094583579,-0.0747625536486114,0.0257138927271426,0,1,4.97515545862679,0.0257138927271426,FALSE,0.08484426705118,1228,,
1554,-1,-0.486537699329309,-0.914120152468217,-0.0589552461904013,0.0257338608602913,0,1,4.97381270324504,0.0257338608602914,FALSE,0.08484426705118,1229,,
2602,-1,-0.56673786671398,-1.06494974731934,-0.0685259861086213,0.0257776646615903,0,1,4.9708709078322,0.0257776646615902,FALSE,0.0849195912266373,1230,,
3025,1,0.360348416759204,0.0435145793542859,0.677182254164122,0.025803974317654,0,1,4.96910648724184,0.025803974317654,FALSE,0.0849372087206613,1231,,
10985,-1,-0.417574635557979,-0.78492943507641,-0.0502198360395478,0.0258869138926695,0,1,4.96355646712942,0.0258869138926696,FALSE,0.0851410512119291,1232,GCN1,GCN1 activator of EIF2AK4
1193,-1,-0.453449749317325,-0.852756806831549,-0.0541426918031008,0.0260330306496434,0,1,4.95382364802395,0.0260330306496433,FALSE,0.0855521818267274,1233,CLIC2,chloride intracellular channel 2
4015,1,0.433764115987202,0.0514620971863868,0.816066134788017,0.0261621119252957,0,1,4.9452726623124,0.0261621119252957,FALSE,0.0859067078778753,1234,LOX,lysyl oxidase
5766,-1,-0.445810007077875,-0.839007168639305,-0.0526128455164448,0.0262682763188769,0,1,4.93827259605738,0.0262682763188769,FALSE,0.0861854701571571,1235,,
542,-1,-0.546121228037484,-1.02798970021359,-0.064252755861377,0.0263301571200428,0,1,4.93420596671283,0.0263301571200428,FALSE,0.08629718017941,1236,,
1420,-1,-0.563543344893681,-1.06089132286698,-0.0661953669203772,0.0263625664108587,0,1,4.93208008213569,0.0263625664108587,FALSE,0.08629718017941,1237,CRYGC,crystallin gamma C
1516,-1,-0.595387669209643,-1.12085219392309,-0.0699231444962002,0.0263662164516559,0,1,4.93184082822201,0.0263662164516558,FALSE,0.08629718017941,1238,,
442,1,0.593034701406685,0.0695115738376971,1.11655782897567,0.0264051154566642,0,1,4.92929320124765,0.0264051154566642,FALSE,0.0863547440116249,1239,,
5124,-1,-0.597870273700793,-1.12578545408439,-0.0699550933171947,0.0264403126056923,0,1,4.92699138047293,0.0264403126056923,FALSE,0.0863573082650019,1240,,
1875,1,0.427018115299486,0.0499436377037451,0.804092592895227,0.0264485240762259,0,1,4.92645482543517,0.0264485240762259,FALSE,0.0863573082650019,1241,E2F5,E2F transcription factor 5
1293,1,0.368710568743173,0.0428487729549126,0.694572364531433,0.0265761881279195,0,1,4.9181351826994,0.0265761881279194,FALSE,0.0867042788199112,1242,COL6A3,collagen type VI alpha 3 chain
263,1,0.822968883472906,0.0950722646180408,1.55086550232777,0.0266942811976436,0,1,4.91047616732184,0.0266942811976437,FALSE,0.0869697477250821,1243,,
1277,-1,-0.427736862188105,-0.80612789578387,-0.0493458285923403,0.0267215047891027,0,1,4.90871555636966,0.0267215047891027,FALSE,0.0869697477250821,1244,COL1A1,collagen type I alpha 1 chain
582,-1,-0.468875127070628,-0.883687757087212,-0.0540624970540437,0.026732214360485,0,1,4.90802345526702,0.0267322143604851,FALSE,0.0869697477250821,1245,BBS1,Bardet-Biedl syndrome 1
480,2,0.373571013965236,0.0430493331158527,0.70409269481462,0.0267434120595884,0.353469643357988,0.552155590011248,4.90730011731373,0.0267434120595884,FALSE,0.0869697477250821,1246,ATP1A4,ATPase Na+/K+ transporting subunit alpha 4
4468,-1,-0.350019427756491,-0.660297560879746,-0.0397412946332358,0.027035721014135,0,1,4.88852841028251,0.0270357210141349,FALSE,0.0878161537576185,1247,,
633,-1,-0.807051175255392,-1.52252238584616,-0.0915799646646258,0.0270470286005696,0,1,4.88780649712026,0.0270470286005697,FALSE,0.0878161537576185,1248,BGN,biglycan
12188,-1,-0.385318832298394,-0.727070663294501,-0.0435670013022867,0.0271174534107546,0,1,4.88331739960898,0.0271174534107546,FALSE,0.0879743164294457,1249,,
1110,1,0.464919824805197,0.0519970179078653,0.877842631702529,0.0273300558322687,0,1,4.86983863996341,0.0273300558322686,FALSE,0.0885268272895446,1250,,
9125,-1,-0.535204231554128,-1.01060567536487,-0.0598027877433906,0.0273478726684344,0,1,4.8687140281426,0.0273478726684344,FALSE,0.0885268272895446,1251,CNOT9,CCR4-NOT transcription complex subunit 9
1332,-1,-0.81027364310094,-1.53003405207409,-0.0905132341277911,0.0273533039897606,0,1,4.86837135068652,0.0273533039897606,FALSE,0.0885268272895446,1252,,
6966,-1,-0.416476029146786,-0.786726769784144,-0.0462252885094278,0.0274777686031641,0,1,4.86053785920661,0.0274777686031641,FALSE,0.0888586738866886,1253,,
433,1,0.481326059454283,0.0532158401852949,0.909436278723271,0.027552805909348,0,1,4.8558330109403,0.027552805909348,FALSE,0.0890302787437623,1254,ASGR2,asialoglycoprotein receptor 2
3939,-1,-0.561856885495185,-1.06169959870032,-0.0620141722900506,0.0275854768555878,0,1,4.85378870185786,0.0275854768555878,FALSE,0.0890648224851328,1255,LDHA,lactate dehydrogenase A
5460,-1,-0.420249573006927,-0.794204890212439,-0.0462942558014147,0.0276229452594546,0,1,4.8514473011157,0.0276229452594546,FALSE,0.0891147883688775,1256,POU5F1,POU class 5 homeobox 1
2163,1,0.33400202059583,0.0367059619057962,0.631298079285864,0.0276686326903844,0,1,4.848596759581,0.0276686326903844,FALSE,0.0891270101812858,1257,,
71628,-1,-0.676378145524177,-1.27843217343677,-0.0743241176115863,0.0276707252734594,0,1,4.84846631591343,0.0276707252734594,FALSE,0.0891270101812858,1258,,
993,1,0.521939796748618,0.0570634466257153,0.986816146871521,0.0277679649484953,0,1,4.84241605608483,0.0277679649484953,FALSE,0.0893691771019087,1259,CDC25A,cell division cycle 25A
1965,-1,-0.340229323192736,-0.643454883907098,-0.0370037624783744,0.0278675564096783,0,1,4.83624227351212,0.0278675564096781,FALSE,0.0896185226762034,1260,EIF2S1,eukaryotic translation initiation factor 2 subunit alpha
1529,-1,-0.429196116364893,-0.811787668580147,-0.046604564149639,0.0278983525778327,0,1,4.83433783151164,0.0278983525778327,FALSE,0.0896464112968898,1261,,
1339,-1,-0.435414803797142,-0.823693621482653,-0.047135986111631,0.0279563576711553,0,1,4.83075671593699,0.0279563576711554,FALSE,0.0897616174988283,1262,COX6A2,cytochrome c oxidase subunit 6A2
4121,1,0.382390015713529,0.0409746158721675,0.723805415554891,0.0281501839977304,0,1,4.81884611303988,0.0281501839977303,FALSE,0.0903060505087843,1263,MAN1A1,mannosidase alpha class 1A member 1
1475,1,0.40614762071148,0.04347355251165,0.76882168891131,0.0281704955190285,0,1,4.81760291575788,0.0281704955190284,FALSE,0.0903060505087843,1264,CSTA,cystatin A
1286,-1,-0.458075083234514,-0.867413370401795,-0.0487367960672334,0.0282841886035844,0,1,4.81066133854959,0.0282841886035845,FALSE,0.0905353565442252,1265,COL4A4,collagen type IV alpha 4 chain
1026,1,0.435790874044622,0.0463596472575166,0.825222100831727,0.0282867130762559,0,1,4.81050753559923,0.0282867130762559,FALSE,0.0905353565442252,1266,CDKN1A,cyclin dependent kinase inhibitor 1A
1964,-1,-0.517256398013434,-0.979575285824064,-0.0549375102028037,0.0283169507292699,0,1,4.80866642268732,0.0283169507292698,FALSE,0.0905606032794014,1267,EIF1AX,eukaryotic translation initiation factor 1A X-linked
1581,-1,-0.729962782158384,-1.38265185430703,-0.0772737100097352,0.0283788078011341,0,1,4.80490642985897,0.0283788078011341,FALSE,0.0906868526894286,1268,CYP7A1,cytochrome P450 family 7 subfamily A member 1
1341,1,0.35911775264792,0.0378762327717219,0.680359272524118,0.0284478074177867,0,1,4.80072232767963,0.0284478074177867,FALSE,0.0908357097374875,1269,,
910,-1,-0.454525641005961,-0.8611852448432,-0.047866037168722,0.0284762350100653,0,1,4.79900156434727,0.0284762350100653,FALSE,0.0908548852447124,1270,CD1B,CD1b molecule
722,-1,-0.623790331860781,-1.18260578277628,-0.0649748809452821,0.0286802435299048,0,1,4.7867048497209,0.0286802435299048,FALSE,0.0914337897585951,1271,C4BPA,complement component 4 binding protein alpha
1064,-1,-1.53704550572855,-2.91501364736927,-0.159077364087832,0.0287988597604523,0,1,4.77959699133861,0.0287988597604522,FALSE,0.0917397639538937,1272,,
3010,-1,-0.572229404141586,-1.08539430717665,-0.0590645011065236,0.0288483344232184,0,1,4.77664131690724,0.0288483344232182,FALSE,0.0917846107548987,1273,H1-6,"H1.6 linker histone, cluster member"
1900,-1,-0.593799925023249,-1.1264045037958,-0.0611953462506967,0.0288770834149571,0,1,4.77492624185062,0.0288770834149571,FALSE,0.0917846107548987,1274,,
4973,-1,-0.361641592881189,-0.686032573473756,-0.0372506122886219,0.0288865401114787,0,1,4.77436247342765,0.0288865401114786,FALSE,0.0917846107548987,1275,OLR1,oxidized low density lipoprotein receptor 1
493,1,0.52700403311789,0.054233471776874,0.999774594458906,0.0289035447490747,0,1,4.77334921183134,0.0289035447490747,FALSE,0.0917846107548987,1276,ATP2B4,ATPase plasma membrane Ca2+ transporting 4
3093,1,0.510378096312213,0.0522398667960893,0.968516325828336,0.0290025636020371,0,1,4.76746124233436,0.029002563602037,FALSE,0.092026928516409,1277,UBE2K,ubiquitin conjugating enzyme E2 K
46,2,0.863352789775386,0.0882575052864415,1.63844807426433,0.0290256104675607,2.26631516878017,0.132213929332607,4.76609380693646,0.0290256104675607,FALSE,0.0920279918736743,1278,,
1401,1,0.426275524677668,0.0433574610042037,0.809193588351132,0.0291177326553949,0,1,4.760639207505,0.0291177326553949,FALSE,0.0922478911021582,1279,CRP,C-reactive protein
1561,1,0.417727337110219,0.0424317751364274,0.793022899084011,0.0291418741094152,0,1,4.75921275197543,0.0291418741094152,FALSE,0.0922522452276174,1280,,
1858,1,0.689207740011403,0.0695218482888825,1.30889363173392,0.0292685753966718,0,1,4.75174642504279,0.0292685753966719,FALSE,0.0925810050798706,1281,,
124523,-1,-0.50596023136327,-0.961121356005652,-0.0507991067208881,0.029353261331676,0,1,4.74677474833656,0.029353261331676,FALSE,0.0927406467039668,1282,,
1632,-1,-0.467049063258148,-0.887235738046703,-0.046862388469593,0.0293648197732452,0,1,4.74609734314414,0.0293648197732451,FALSE,0.0927406467039668,1283,ECI1,enoyl-CoA delta isomerase 1
2394,-1,-0.360722394557907,-0.685509937657454,-0.0359348514583598,0.0294942570989655,0,1,4.7385303285142,0.0294942570989656,FALSE,0.0930768923403491,1284,,
1680,-1,-0.454273085705472,-0.863388140148846,-0.0451580312620978,0.0295325078490334,0,1,4.73630077802114,0.0295325078490333,FALSE,0.0931250753340726,1285,,
855,-1,-0.617567360418116,-1.1739959986971,-0.0611387221391286,0.0296062202977506,0,1,4.73201271622088,0.0296062202977506,FALSE,0.0932849180765826,1286,,
2169,-1,-0.581036289065624,-1.10473026454656,-0.0573423135846848,0.0296622124013857,0,1,4.72876292334946,0.0296622124013857,FALSE,0.093388721562094,1287,FABP2,fatty acid binding protein 2
2992,-1,-0.730502845800952,-1.38928810758516,-0.0717175840167478,0.0297553184116329,0,1,4.72337315541344,0.0297553184116328,FALSE,0.0936091228291433,1288,GYG1,glycogenin 1
1531,1,0.530095688499226,0.0515304097217965,1.00866096727666,0.0299306609895352,0,1,4.71327037456978,0.0299306609895351,FALSE,0.0940876945923947,1289,,
2104,-1,-0.411367552419563,-0.783249009661805,-0.0394860951773214,0.0301532472204349,0,1,4.70053400958597,0.030153247220435,FALSE,0.0947139207265133,1290,ESRRG,estrogen related receptor gamma
3694,-1,-0.396576340496694,-0.755313648904239,-0.0378390320891495,0.0302579028496534,0,1,4.6945794482048,0.0302579028496534,FALSE,0.094969033576139,1291,ITGB6,integrin subunit beta 6
1242,-1,-0.535145564833228,-1.01934379001236,-0.0509473396540958,0.0302965636780672,0,1,4.69238520184484,0.0302965636780671,FALSE,0.095016777107994,1292,,
1090,1,0.46732422854988,0.0442070424618655,0.890441414637895,0.0304076092925111,0,1,4.68609885471026,0.030407609292511,FALSE,0.0952912860427339,1293,,
5593,-1,-0.329297251000577,-0.627593461272715,-0.031001040728439,0.0304906657401328,0,1,4.68141261085002,0.0304906657401327,FALSE,0.0954777261043415,1294,PRKG2,protein kinase cGMP-dependent 2
749,-1,-0.586375292855193,-1.11781198889299,-0.0549385968173959,0.0305734855419295,0,1,4.67675295064759,0.0305734855419295,FALSE,0.095566649738003,1295,,
2752,-1,-0.327038815377791,-0.623439252216646,-0.0306383785389355,0.0305748892874824,0,1,4.67667408567652,0.0305748892874825,FALSE,0.095566649738003,1296,GLUL,glutamate-ammonia ligase
2846,-1,-0.741410063842024,-1.41342194707172,-0.0693981806123321,0.030589818536572,0,1,4.67583556686215,0.030589818536572,FALSE,0.095566649738003,1297,LPAR4,lysophosphatidic acid receptor 4
3197,-1,-0.333773254592821,-0.636498198363911,-0.0310483108217316,0.0306966268998698,0,1,4.66984896596009,0.0306966268998698,FALSE,0.0958205296335403,1298,,
838,-1,-0.470750496764689,-0.89777338524426,-0.0437276082851179,0.0307211159773431,0,1,4.66847941549205,0.030721115977343,FALSE,0.0958205296335403,1299,CASP5,caspase 5
3283,1,0.333437331715658,0.0308900516378812,0.635984611793435,0.0307667756839721,0,1,4.66592893553681,0.0307667756839722,FALSE,0.0958205296335403,1300,HSD3B1,"hydroxy-delta-5-steroid dehydrogenase, 3 beta- and steroid delta-isomerase 1"
2435,-1,-0.506407208222375,-0.965948445034813,-0.0468659714099371,0.0307843257526495,0,1,4.66494966589463,0.0307843257526493,FALSE,0.0958205296335403,1301,,
801,1,0.458324535388349,0.0423532371019226,0.874295833674775,0.0308096155696018,0,1,4.66353955225594,0.0308096155696017,FALSE,0.0958205296335403,1302,CALM1,calmodulin 1
2078,1,0.547227678902102,0.0505203762022363,1.04393498160197,0.0308258913148566,0,1,4.66263268480391,0.0308258913148565,FALSE,0.0958205296335403,1303,ERG,ETS transcription factor ERG
2911,-1,-0.39997753994156,-0.763052179322725,-0.0369029005603957,0.0308366166441601,0,1,4.66203535356521,0.03083661664416,FALSE,0.0958205296335403,1304,GRM1,glutamate metabotropic receptor 1
754,1,0.58436184662702,0.0534379664614975,1.11528572679254,0.0309872711505118,0,1,4.65366769421081,0.0309872711505118,FALSE,0.0961952542670167,1305,PTTG1IP,PTTG1 interacting protein
1646,1,0.565636809263193,0.0516723476519754,1.07960127087441,0.0310046895539792,0,1,4.65270297748919,0.0310046895539792,FALSE,0.0961952542670167,1306,AKR1C2,aldo-keto reductase family 1 member C2
2086,-1,-0.41218025871282,-0.78710068174682,-0.0372598356788196,0.0311816783396354,0,1,4.64293239770356,0.0311816783396353,FALSE,0.0966703600858474,1307,ERV3-1,"endogenous retrovirus group 3 member 1, envelope"
1498,1,0.440774646128517,0.0396171498085648,0.841932142448469,0.0312774934479141,0,1,4.63766707450992,0.0312774934479141,FALSE,0.0968932748095931,1308,,
4467,1,0.589151417733717,0.0528076483048987,1.12549518716254,0.0313234521641259,0,1,4.63514747442254,0.031323452164126,FALSE,0.0969615188457128,1309,,
2011,-1,-0.98969192824589,-1.8918509350613,-0.0875329214304835,0.0315448113843351,0,1,4.62306564170069,0.0315448113843351,FALSE,0.0975721952132257,1310,MARK2,microtubule affinity regulating kinase 2
3771,-1,-0.47141453874851,-0.901265986051641,-0.0415630914453793,0.0315966592798815,0,1,4.62024855664993,0.0315966592798816,FALSE,0.0976580193761097,1311,,
1198,-1,-0.484334481227193,-0.926276164083934,-0.0423927983704519,0.0317160195501035,0,1,4.6137815671245,0.0317160195501035,FALSE,0.0979522189154111,1312,CLK3,CDC like kinase 3
1350,1,0.552372296387842,0.0482601062492765,1.05648448652641,0.0317457871483272,0,1,4.61217270206727,0.0317457871483273,FALSE,0.0979694817403061,1313,COX7C,cytochrome c oxidase subunit 7C
1345,1,0.429681462791689,0.0373563256827591,0.822006599900619,0.0318261447392125,0,1,4.60783742069816,0.0318261447392126,FALSE,0.0980671233191944,1314,COX6C,cytochrome c oxidase subunit 6C
3246,1,0.710959116522715,0.0617452232974416,1.36017300974799,0.0318433432708391,0,1,4.60691104608517,0.031843343270839,FALSE,0.0980671233191944,1315,,
86,-2,-0.687689184671774,-1.31569342549536,-0.0596849438481933,0.0318540627391109,1.91831151963413,0.166042916924285,4.6063339211366,0.0318540627391109,FALSE,0.0980671233191944,1316,ACTL6A,actin like 6A
1380,-1,-0.365341839314977,-0.699016576990162,-0.0316671016397925,0.0318751641491361,0,1,4.6051984351924,0.0318751641491361,FALSE,0.0980671233191944,1317,CR2,complement C3d receptor 2
810,-1,-0.661444809760165,-1.26563900273236,-0.0572506167879721,0.0318984374468653,0,1,4.6039469872861,0.0318984374468653,FALSE,0.0980671233191944,1318,CALML3,calmodulin like 3
813,-1,-0.451094139687817,-0.863473264223584,-0.0387150151520502,0.0320353303112974,0,1,4.59660523755807,0.0320353303112973,FALSE,0.0983905383327229,1319,CALU,calumenin
2031,-1,-0.557044834222031,-1.0663314629156,-0.047758205528463,0.0320521990619927,0,1,4.59570281010123,0.0320521990619926,FALSE,0.0983905383327229,1320,,
19,2,1.36545183367998,0.116363705839587,2.61453996152037,0.0321490792938113,4.15805214402753,0.0414370306638281,4.59052958782791,0.0321490792938113,FALSE,0.0986132242986552,1321,ABCA1,ATP binding cassette subfamily A member 1
5940,-1,-0.480385688938231,-0.920012112725113,-0.040759265151349,0.0322193273350092,0,1,4.58678864029502,0.0322193273350092,FALSE,0.0987539442976226,1322,RBMY1A1,RNA binding motif protein Y-linked family 1 member A1
4057,-1,-0.767036090863287,-1.47001690124017,-0.0640552804864083,0.0324717268912914,0,1,4.57341740283888,0.0324717268912915,FALSE,0.0994123429506385,1323,LTF,lactotransferrin
1518,1,0.380195080768011,0.0317270732149455,0.728663088321077,0.0324832038663982,0,1,4.57281197462621,0.0324832038663982,FALSE,0.0994123429506385,1324,,
4417,-1,-0.36235653293688,-0.694753130492863,-0.0299599353808972,0.0326287803397236,0,1,4.56515191319597,0.0326287803397236,FALSE,0.0997439237777579,1325,,
2519,-1,-0.392625380822327,-0.75281302118044,-0.0324377404642137,0.0326407805847253,0,1,4.56452206710435,0.0326407805847253,FALSE,0.0997439237777579,1326,FUCA2,alpha-L-fucosidase 2
154,2,0.777200835239009,0.0640466191398922,1.49035505133813,0.0326807579124653,2.1389149601004,0.143603428936439,4.56242555587977,0.0326807579124652,FALSE,0.0997852994564671,1327,ADRB2,adrenoceptor beta 2
476,1,0.963931611956269,0.0793186169099602,1.84854460700258,0.032703572970925,0,1,4.56123027683715,0.032703572970925,FALSE,0.0997852994564671,1328,ATP1A1,ATPase Na+/K+ transporting subunit alpha 1
3374,-1,-1.12529770073205,-2.15829125856042,-0.0923041429036802,0.0327529675595366,0,1,4.55864547858611,0.0327529675595365,FALSE,0.0998119146772427,1329,,
1449,1,0.634091909524198,0.0519836033532329,1.21620021569516,0.0327615613328561,0,1,4.55819618570041,0.0327615613328561,FALSE,0.0998119146772427,1330,,
1395,-1,-0.474770358471371,-0.911049389771364,-0.0384913271713774,0.0329341983973952,0,1,4.54919648585628,0.0329341983973952,FALSE,0.100219673704354,1331,CRHR2,corticotropin releasing hormone receptor 2
4475,1,0.546753041534439,0.0441697636973364,1.04933631937154,0.0329890669975339,0,1,4.54634645803007,0.0329890669975338,FALSE,0.100219673704354,1332,,
4502,1,0.422685178334418,0.0341352344270355,0.8112351222418,0.0329943135644397,0,1,4.54607419608645,0.0329943135644397,FALSE,0.100219673704354,1333,MT2A,metallothionein 2A
1316,-1,-0.434176205129004,-0.833289231247156,-0.0350631790108521,0.0329943348276426,0,1,4.54607309275956,0.0329943348276426,FALSE,0.100219673704354,1334,KLF6,KLF transcription factor 6
2501,-1,-0.464418070834169,-0.891490305572633,-0.0373458360957051,0.0330598782898112,0,1,4.5426756305514,0.0330598782898111,FALSE,0.100343540696865,1335,,
3258,-1,-0.650255196839936,-1.24848687686585,-0.0520235168140241,0.0331380528901441,0,1,4.53863261685721,0.0331380528901438,FALSE,0.100438902839456,1336,,
2083,-1,-0.436120102900791,-0.83735495398501,-0.0348852518165723,0.0331408719388828,0,1,4.53848700816833,0.0331408719388827,FALSE,0.100438902839456,1337,,
5112,-1,-0.382443587718152,-0.734407136002413,-0.0304800394338913,0.0331966497093622,0,1,4.53560864809183,0.0331966497093624,FALSE,0.100469554867914,1338,,
14051,1,0.485894530509768,0.0387149074623672,0.933074153557168,0.0332005760039826,0,1,4.53540622563727,0.0332005760039826,FALSE,0.100469554867914,1339,,
2949,-1,-0.377324847104584,-0.724878198215435,-0.0297714959937337,0.0333491135772559,0,1,4.52776659330284,0.0333491135772559,FALSE,0.100714747220059,1340,GSTM5,glutathione S-transferase mu 5
1789,-1,-0.567656634207462,-1.09055254788604,-0.0447607205288797,0.0333586453425606,0,1,4.52727756669529,0.0333586453425606,FALSE,0.100714747220059,1341,DNMT3B,DNA methyltransferase 3 beta
3289,-1,-0.356921486503391,-0.685716188851462,-0.0281267841553199,0.0333678267889287,0,1,4.52680665117394,0.0333678267889287,FALSE,0.100714747220059,1342,,
3639,-1,-0.431081350185871,-0.82827122505889,-0.0338914753128516,0.0334031306218459,0,1,4.52499718090163,0.0334031306218458,FALSE,0.100714747220059,1343,,
8566,-1,-0.415817892973707,-0.798950277967029,-0.0326855079803854,0.0334058786435733,0,1,4.52485641701648,0.0334058786435732,FALSE,0.100714747220059,1344,PDXK,pyridoxal kinase
4914,-1,-0.744992473756603,-1.43184579320912,-0.0581391543040868,0.0335143824105931,0,1,4.51930809775054,0.0335143824105931,FALSE,0.100966749091244,1345,NTRK1,neurotrophic receptor tyrosine kinase 1
1935,-1,-0.429074557545469,-0.824942902807576,-0.0332062122833623,0.0336392497079499,0,1,4.51294621022389,0.0336392497079499,FALSE,0.101267637308033,1346,,
1373,1,1.02080335943793,0.0785449749109156,1.96306174396495,0.0337251132368291,0,1,4.5085858328529,0.0337251132368291,FALSE,0.101450748949986,1347,CPS1,carbamoyl-phosphate synthase 1
383,2,0.486513172682053,0.0371753551740717,0.935850990190033,0.0338277506410651,1.96987127984183,0.160461525545448,4.50338882827509,0.0338277506410652,FALSE,0.101684010087237,1348,ARG1,arginase 1
1207,-1,-0.491889155414829,-0.946410959374023,-0.0373673514556355,0.0339136044213579,0,1,4.49905429581205,0.0339136044213578,FALSE,0.101866512316784,1349,CLNS1A,chloride nucleotide-sensitive channel 1A
1112,-1,-0.42097492259936,-0.810155149776747,-0.0317946954219726,0.0339987640136249,0,1,4.49476612449002,0.0339987640136249,FALSE,0.102046660580154,1350,FOXN3,forkhead box N3
846,2,0.475911082640221,0.0357909294932083,0.916031235787233,0.0340609114406933,2.08480654365217,0.148771068476042,4.49164379887026,0.0340609114406933,FALSE,0.10215752269259,1351,CASR,calcium sensing receptor
3876,1,0.364005700679944,0.0270132532765976,0.700998148083291,0.0342535389791566,0,1,4.48200376521429,0.0342535389791565,FALSE,0.10265927510617,1352,,
7487,-1,-0.323062427758913,-0.622314379479938,-0.0238104760378877,0.034352313253139,0,1,4.47708256643465,0.0343523132531389,FALSE,0.102829772883202,1353,,
717,1,0.407030807852227,0.0299805691290562,0.784081046575398,0.0343611827452752,0,1,4.47664138851861,0.0343611827452753,FALSE,0.102829772883202,1354,C2,complement C2
2347,-1,-0.819051612815752,-1.57793256119493,-0.0601706644365727,0.0343986860016707,0,1,4.47477725182666,0.0343986860016708,FALSE,0.102866033711269,1355,,
13,-2,-1.72191714367813,-3.3175787873098,-0.126255500046458,0.0344261439377649,2.42699822191352,0.119261078620901,4.47341377446153,0.0344261439377649,FALSE,0.102872223625238,1356,AADAC,arylacetamide deacetylase
485,-1,-0.46383229685182,-0.894079889801681,-0.033584703901959,0.0346044617010264,0,1,4.46458663008835,0.0346044617010264,FALSE,0.103100622988304,1357,,
2367,-1,-0.381211540082123,-0.734845569355714,-0.0275775108085323,0.0346171845952112,0,1,4.46395863581106,0.0346171845952112,FALSE,0.103100622988304,1358,,
1081,1,0.644400234179397,0.0466129267716763,1.24218754158712,0.0346184300590041,0,1,4.46389717344781,0.034618430059004,FALSE,0.103100622988304,1359,CGA,"glycoprotein hormones, alpha polypeptide"
1808,-1,-0.439873546709298,-0.847935702855612,-0.0318113905629837,0.0346215440200312,0,1,4.46374351277445,0.0346215440200313,FALSE,0.103100622988304,1360,DPYSL2,dihydropyrimidinase like 2
1611,1,0.386841550265392,0.0279597744979659,0.745723326032818,0.0346297995772659,0,1,4.46333620621924,0.0346297995772659,FALSE,0.103100622988304,1361,DAP,death associated protein
1069,-1,-0.489560314657292,-0.944365137879255,-0.0347554914353288,0.0348806325338223,0,1,4.4510089652249,0.0348806325338224,FALSE,0.103771162281239,1362,CETN2,centrin 2
987,1,0.45460760571744,0.0319074831723074,0.877307728262573,0.035038627916174,0,1,4.4432917389848,0.035038627916174,FALSE,0.104164725103696,1363,LRBA,LPS responsive beige-like anchor protein
773,1,0.511334766232045,0.0357542403490417,0.986915292115048,0.0350903295314867,0,1,4.4407742933245,0.0350903295314867,FALSE,0.104220353485863,1364,CACNA1A,calcium voltage-gated channel subunit alpha1 A
6759,-1,-0.379325869613224,-0.732163660890317,-0.0264880783361313,0.0351087814679671,0,1,4.43987677417558,0.0351087814679671,FALSE,0.104220353485863,1365,SSX4,SSX family member 4
981,1,0.455890201842975,0.0315509685161632,0.880229435169787,0.0352309825441323,0,1,4.43394522616137,0.0352309825441323,FALSE,0.104506545584791,1366,,
15788,-1,-0.694152627413765,-1.34085070510484,-0.0474545497226917,0.0353971472604694,0,1,4.42591415077432,0.0353971472604693,FALSE,0.104922634015671,1367,,
467,-1,-0.408012135092405,-0.788394437393689,-0.0276298327911208,0.0355243865632207,0,1,4.41979103582058,0.0355243865632207,FALSE,0.105222817510358,1368,ATF3,activating transcription factor 3
2843,-1,-0.391146426681558,-0.756435901604216,-0.0258569517589001,0.0358433817381669,0,1,4.40454040255973,0.0358433817381669,FALSE,0.106057291670462,1369,GPR20,G protein-coupled receptor 20
1348,1,0.567696081563694,0.0374846795751254,1.09790748355226,0.0358584623861138,0,1,4.40382294132043,0.0358584623861137,FALSE,0.106057291670462,1370,,
637,1,0.729444473333546,0.0478349675698543,1.41105397909724,0.0359481749889138,0,1,4.3995613833496,0.0359481749889137,FALSE,0.106135589924732,1371,BID,BH3 interacting domain death agonist
2822,1,0.73352050983547,0.0480841574174528,1.41895686225349,0.0359530745755303,0,1,4.39932896216556,0.0359530745755303,FALSE,0.106135589924732,1372,GPLD1,glycosylphosphatidylinositol specific phospholipase D1
1040,-1,-0.488093899531129,-0.944217658390871,-0.0319701406713875,0.0359635155396488,0,1,4.39883378579016,0.0359635155396487,FALSE,0.106135589924732,1373,CDS1,CDP-diacylglycerol synthase 1
11177,-1,-0.361687561538773,-0.69977967293262,-0.0235954501449258,0.0360157223835209,0,1,4.39636006272958,0.0360157223835209,FALSE,0.106212305020398,1374,BAZ1A,bromodomain adjacent to zinc finger domain 1A
3133,-1,-0.429944549500853,-0.831995101930614,-0.0278939970710924,0.0360870730061028,0,1,4.39298531017939,0.0360870730061027,FALSE,0.106345323505984,1375,HLA-E,"major histocompatibility complex, class I, E"
5243,-1,-0.591798453317154,-1.14608699154238,-0.0375099150919256,0.0363849636923988,0,1,4.37897067904845,0.0363849636923988,FALSE,0.107145256454651,1376,ABCB1,ATP binding cassette subfamily B member 1
2327,1,0.456276480484688,0.0288178111229932,0.883735149846383,0.0364297413594438,0,1,4.37687444771502,0.0364297413594439,FALSE,0.107199209868167,1377,FMO2,flavin containing dimethylaniline monoxygenase 2
1124,1,0.405487371626959,0.0255014274930856,0.785473315760832,0.036483256431444,0,1,4.37437271695734,0.0364832564314439,FALSE,0.107278777257047,1378,CHN2,chimerin 2
3911,1,0.426250155262315,0.0265469665402875,0.825953343984342,0.0366053759744549,0,1,4.3686782107953,0.0366053759744549,FALSE,0.107559813958297,1379,LAMA5,laminin subunit alpha 5
1925,-1,-0.40271187853841,-0.780511834601148,-0.0249119224756719,0.0366894591069258,0,1,4.3647689150331,0.0366894591069256,FALSE,0.107728759638597,1380,,
3825,1,0.409945435924923,0.0252536181225223,0.794637253727324,0.0367411786443148,0,1,4.36236896389109,0.0367411786443148,FALSE,0.107802502437917,1381,,
1083,-1,-0.440494945772123,-0.853985696203561,-0.0270041953406858,0.0368009888632889,0,1,4.35959798625682,0.036800988863289,FALSE,0.107866168649315,1382,,
3168,-1,-0.418707002265711,-0.811809954057419,-0.0256040504740029,0.0368318829282124,0,1,4.35816852606468,0.0368318829282125,FALSE,0.107866168649315,1383,,
2264,-1,-0.336981042954622,-0.653373823196114,-0.02058826271313,0.0368427387489271,0,1,4.35766652820505,0.0368427387489272,FALSE,0.107866168649315,1384,FGFR4,fibroblast growth factor receptor 4
3351,-1,-0.437720268868712,-0.849489090886543,-0.0259514468508813,0.0372066399208784,0,1,4.34092794189201,0.0372066399208785,FALSE,0.108852927768519,1385,HTR1B,5-hydroxytryptamine receptor 1B
1505,1,0.391340398476702,0.0229231355253804,0.759757661428024,0.0373503185452309,0,1,4.3343662326197,0.0373503185452308,FALSE,0.109194437767154,1386,,
24434,-1,-0.589538440851346,-1.14507471789612,-0.0340021638065728,0.0375323596370369,0,1,4.32609040581201,0.0375323596370368,FALSE,0.109647527937472,1387,,
929,-1,-0.36371964178873,-0.706514747469806,-0.0209245361076538,0.0375620504514093,0,1,4.32474461200448,0.0375620504514094,FALSE,0.109655207801953,1388,CD14,CD14 molecule
2292,-1,-0.399642535846948,-0.776351759510723,-0.0229333121831736,0.0375913729875971,0,1,4.32341660453862,0.0375913729875972,FALSE,0.109661802264754,1389,,
5962,-1,-0.429007536089145,-0.833664051335947,-0.0243510208423426,0.0377177630843292,0,1,4.3177048355129,0.0377177630843292,FALSE,0.109881165132019,1390,RDX,radixin
1019,-1,-0.453541475700693,-0.881346149998008,-0.0257368014033775,0.0377208047133856,0,1,4.31756762670154,0.0377208047133856,FALSE,0.109881165132019,1391,CDK4,cyclin dependent kinase 4
286,2,0.217956374122099,0.0122639814453592,0.423648766798838,0.0378179203887367,0.097660633418786,0.754655233861466,4.31319279281763,0.0378179203887365,FALSE,0.110084923430432,1392,ANK1,ankyrin 1
2148,-1,-0.472176102688574,-0.917866321143265,-0.0264858842338832,0.0378534494582978,0,1,4.31159523189611,0.0378534494582978,FALSE,0.110109244224711,1393,,
3221,-1,-2.54618051138746,-4.95016460842209,-0.142196414352833,0.0379035272967107,0,1,4.30934615327227,0.0379035272967108,FALSE,0.110175819660166,1394,HOXC4,homeobox C4
1091,-1,-0.416138853440427,-0.809354538865022,-0.0229231680158318,0.0380585704965288,0,1,4.30240260081589,0.0380585704965287,FALSE,0.110547188280957,1395,,
10226,1,0.396779431288417,0.0216175119717319,0.771941350605102,0.0381815243723671,0,1,4.29691720118532,0.0381815243723671,FALSE,0.110824883063633,1396,PLIN3,perilipin 3
18978,-1,-0.465858464541365,-0.906521896884923,-0.0251950321978072,0.038263075096738,0,1,4.29328914283004,0.0382630750967378,FALSE,0.110982090402278,1397,,
386,-1,-0.678966458641831,-1.32141642253603,-0.0365164947476349,0.038324490368248,0,1,4.29056222423905,0.038324490368248,FALSE,0.111035731112181,1398,,
314,1,0.964671214718956,0.0517999512169366,1.87754247822097,0.0383419641706469,0,1,4.28978720150605,0.0383419641706468,FALSE,0.111035731112181,1399,AOC2,amine oxidase copper containing 2
1569,-1,-0.447306084737917,-0.870650118697931,-0.0239620507779028,0.038367997292935,0,1,4.28863323019248,0.0383679972929351,FALSE,0.111035731112181,1400,,
2482,-1,-0.376413100893148,-0.732704525876669,-0.0201216759096276,0.0383911794886884,0,1,4.28760632268878,0.0383911794886884,FALSE,0.111035731112181,1401,,
3158,-1,-0.427415726653408,-0.832105733974638,-0.0227257193321785,0.0384497723986564,0,1,4.28501371302262,0.0384497723986564,FALSE,0.111106136780057,1402,HMGCS2,3-hydroxy-3-methylglutaryl-CoA synthase 2
2182,-1,-0.435421891508461,-0.847736163543195,-0.0231076194737266,0.0384703627597284,0,1,4.28410361739013,0.0384703627597284,FALSE,0.111106136780057,1403,ACSL4,acyl-CoA synthetase long chain family member 4
3782,-1,-0.373582582951855,-0.727401959099476,-0.0197632068042343,0.0385047001344659,0,1,4.28258703792992,0.038504700134466,FALSE,0.111126100388074,1404,KCNN3,potassium calcium-activated channel subfamily N member 3
1074,1,0.467664989767812,0.0246456338864388,0.910684345649185,0.0385461948418914,0,1,4.28075623129679,0.0385461948418914,FALSE,0.111166677223732,1405,,
1285,-1,-0.415604747543162,-0.809695543549984,-0.0215139515363406,0.0387378215485221,0,1,4.27232810262775,0.0387378215485222,FALSE,0.111639866937846,1406,COL4A3,collagen type IV alpha 3 chain
600,-1,-0.564952872514781,-1.10079773349038,-0.0291080115391857,0.0387876514824329,0,1,4.27014364274692,0.038787651482433,FALSE,0.111704025449053,1407,,
19964,1,0.704616813227311,0.0360076207146721,1.37322600573995,0.0388741195504808,0,1,4.26636000361549,0.0388741195504808,FALSE,0.111873531547264,1408,,
784,1,0.420322030768844,0.0213781467146396,0.819265914823049,0.03892373040028,0,1,4.26419313188994,0.03892373040028,FALSE,0.111936803109961,1409,CACNB3,calcium voltage-gated channel auxiliary subunit beta 3
1357,1,0.433477137718037,0.0217619677607928,0.845192307675281,0.0390593100938464,0,1,4.25828610797918,0.0390593100938465,FALSE,0.112247038652671,1410,CPA1,carboxypeptidase A1
233,2,0.554961685520572,0.0274034927484267,1.08251987829272,0.0392294107951914,1.88440530722474,0.169834299438269,4.25090539163719,0.0392294107951915,FALSE,0.112655969200649,1411,,
1710,1,0.562920309800276,0.0275477014335465,1.09829291816701,0.0393207585856555,0,1,4.24695562700233,0.0393207585856557,FALSE,0.112838324213227,1412,,
739,-1,-0.485088025309348,-0.946671254103048,-0.0235047965156484,0.0394205811251152,0,1,4.24265041595268,0.0394205811251151,FALSE,0.112973786276534,1413,,
2631,-1,-0.498318074689831,-0.972497861641537,-0.0241382877381248,0.0394237250234499,0,1,4.24251500970062,0.0394237250234499,FALSE,0.112973786276534,1414,NIPSNAP2,nipsnap homolog 2
1018,1,0.510849727999358,0.024304767472801,0.997394688525915,0.0396024582440118,0,1,4.23483562359688,0.0396024582440117,FALSE,0.11340576735317,1415,CDK3,cyclin dependent kinase 3
2015,-1,-0.331260627858865,-0.647000466095285,-0.0155207896224449,0.0397526714582607,0,1,4.22840968726604,0.0397526714582606,FALSE,0.113731115058453,1416,ADGRE1,adhesion G protein-coupled receptor E1
995,-1,-0.350483053094637,-0.684577620649755,-0.0163884855395193,0.0397722087951204,0,1,4.22757577691195,0.0397722087951204,FALSE,0.113731115058453,1417,CDC25C,cell division cycle 25C
1104,-1,-0.496367750713047,-0.969841344317851,-0.0228941571082426,0.0399045767808685,0,1,4.22193722325717,0.0399045767808685,FALSE,0.113966695787047,1418,RCC1,regulator of chromosome condensation 1
690,1,0.459411621781745,0.0211757842799241,0.897647459283566,0.0399108443538548,0,1,4.2216707267932,0.0399108443538549,FALSE,0.113966695787047,1419,,
6431,1,0.655899442020391,0.0300876669400908,1.28171121710069,0.0399568430951986,0,1,4.21971620867058,0.0399568430951984,FALSE,0.114017695930806,1420,SRSF6,serine and arginine rich splicing factor 6
2735,1,0.339117711667224,0.0152983040411654,0.662937119293283,0.0401153488377552,0,1,4.21299923307017,0.0401153488377551,FALSE,0.114348460506695,1421,GLI1,GLI family zinc finger 1
1163,-1,-0.422131543067078,-0.825247871407762,-0.0190152147263945,0.0401291981343831,0,1,4.21241366709969,0.0401291981343832,FALSE,0.114348460506695,1422,CKS1B,CDC28 protein kinase regulatory subunit 1B
552,1,0.474192937745008,0.0209166245828277,0.927469250907188,0.0403246974909556,0,1,4.2041702612611,0.0403246974909556,FALSE,0.114767090827348,1423,AVPR1A,arginine vasopressin receptor 1A
1153,1,0.432663389671587,0.0190680833036059,0.846258696039568,0.0403327584743692,0,1,4.20383126374156,0.0403327584743692,FALSE,0.114767090827348,1424,CIRBP,cold inducible RNA binding protein
2222,-1,-0.604284249918542,-1.18215437372206,-0.0264141261150235,0.0404080843183041,0,1,4.20066693526272,0.0404080843183041,FALSE,0.114900742215978,1425,FDFT1,farnesyl-diphosphate farnesyltransferase 1
2601,-1,-0.453445606385009,-0.887300702262937,-0.0195905105070807,0.0405144404663872,0,1,4.19620959736511,0.0405144404663872,FALSE,0.115122379221459,1426,,
1650,-1,-0.537226730003293,-1.05138644302886,-0.0230670169777272,0.0405703009435273,0,1,4.19387342783099,0.0405703009435273,FALSE,0.115200321950366,1427,DDOST,dolichyl-diphosphooligosaccharide--protein glycosyltransferase non-catalytic subunit
4156,-1,-0.366707682855159,-0.717890321251902,-0.0155250444584159,0.0406964057295651,0,1,4.18861192891748,0.0406964057295651,FALSE,0.115477476201819,1428,,
2448,-1,-0.510174142504404,-0.998853758151565,-0.0214945268572436,0.0407393709028182,0,1,4.1868231919466,0.0407393709028182,FALSE,0.11551849607993,1429,,
11113,1,0.248543665545471,0.0101794716988987,0.486907859392043,0.0409866229081181,0,1,4.17656788119549,0.0409866229081181,FALSE,0.116138318897689,1430,CIT,citron rho-interacting serine/threonine kinase
858,-1,-1.03265553325335,-2.02329810821399,-0.0420129582927077,0.0410439577518639,0,1,4.17419907400993,0.0410439577518638,FALSE,0.116219508602762,1431,CAV2,caveolin 2
621,2,0.576284914172292,0.0228881491851927,1.12968167915939,0.0412481546616959,2.8653498820055,0.090506026784023,4.16579075414998,0.0412481546616958,FALSE,0.116716147129324,1432,,
654,-1,-0.578158383011415,-1.13356674038386,-0.0227500256389714,0.0413258430397184,0,1,4.16260321570673,0.0413258430397183,FALSE,0.116854372642665,1433,BMP6,bone morphogenetic protein 6
1951,-1,-0.356151156479423,-0.698525275094471,-0.0137770378643754,0.0414667592886373,0,1,4.15683748142599,0.0414667592886373,FALSE,0.117171065995508,1434,CELSR3,cadherin EGF LAG seven-pass G-type receptor 3
3028,-1,-0.409203639232427,-0.802711144699015,-0.0156961337658391,0.0415356777504298,0,1,4.15402510179678,0.0415356777504296,FALSE,0.117284018289018,1435,HSD17B10,hydroxysteroid 17-beta dehydrogenase 10
5055,1,0.459805160254897,0.0171499784567456,0.902460342053048,0.0417604274724065,0,1,4.14488760850347,0.0417604274724066,FALSE,0.117836526544701,1436,SERPINB2,serpin family B member 2
3474,1,0.316421304244167,0.0115957224001009,0.621246886088233,0.0418989901680741,0,1,4.13927987307429,0.041898990168074,FALSE,0.118145238803783,1437,,
1189,-1,-0.38130217206776,-0.748877754498057,-0.0137265896374629,0.042036758304268,0,1,4.13372358150052,0.042036758304268,FALSE,0.118451282787826,1438,,
1999,1,0.544096278068767,0.0192881256352235,1.06890443050231,0.0421538597672179,0,1,4.12901581786277,0.0421538597672179,FALSE,0.118645956161358,1439,ELF3,E74 like ETS transcription factor 3
6154,1,0.586570759629087,0.0207648324933819,1.15237668676479,0.0421644069280247,0,1,4.12859247126903,0.0421644069280248,FALSE,0.118645956161358,1440,RPL26,ribosomal protein L26
1010,-1,-0.406969125038978,-0.799919722824474,-0.0140185272534824,0.0423681515656558,0,1,4.12043625100992,0.042368151565656,FALSE,0.119136537226952,1441,CDH12,cadherin 12
294,1,1.10076584018405,0.0375768580247418,2.16395482234336,0.0424342541646879,0,1,4.1177989146013,0.0424342541646878,FALSE,0.119239665655559,1442,,
9270,-1,-0.402201702748178,-0.790807099356222,-0.0135963061401347,0.0425053591256349,0,1,4.11496681294211,0.0425053591256348,FALSE,0.119356697974409,1443,ITGB1BP1,integrin subunit beta 1 binding protein 1
898,-1,-0.512175167337525,-1.0072579900508,-0.0170923446242454,0.0425980045870156,0,1,4.11128421912724,0.0425980045870156,FALSE,0.119534012871598,1444,CCNE1,cyclin E1
533,2,0.816265393994345,0.0261345668168281,1.60639622117186,0.0428887013817903,7.23138580285792,0.00716398854391304,4.09978364899826,0.0428887013817902,FALSE,0.120266448442224,1445,ATP6V0B,ATPase H+ transporting V0 subunit b
3466,-1,-0.404193266507758,-0.79630550062486,-0.0120810323906558,0.0433470184223869,0,1,4.0818171413412,0.0433470184223872,FALSE,0.121467578594407,1446,,
761,1,0.808979148896697,0.0238469009029665,1.59411139689043,0.0434358828415355,0,1,4.07835669535418,0.0434358828415355,FALSE,0.121632479111197,1447,CA3,carbonic anhydrase 3
5732,1,0.510368981137779,0.0146763688255748,1.00606159344998,0.0435918642828257,0,1,4.07230063379716,0.0435918642828257,FALSE,0.121984968283156,1448,PTGER2,prostaglandin E receptor 2
1521,-1,-0.428973156067906,-0.84612285616149,-0.0118234559743223,0.0438506009549869,0,1,4.0623051452889,0.0438506009549868,FALSE,0.122546851278815,1449,CTSW,cathepsin W
4142,-1,-0.405653900103398,-0.800131827598884,-0.0111759726079119,0.0438531427330409,0,1,4.06220725965867,0.0438531427330409,FALSE,0.122546851278815,1450,MAS1,"MAS1 proto-oncogene, G protein-coupled receptor"
3781,-1,-0.294119979389325,-0.580239537573634,-0.00800042120501598,0.0439289499805512,0,1,4.0592906111475,0.043928949980551,FALSE,0.122674090503924,1451,KCNN2,potassium calcium-activated channel subfamily N member 2
384,2,0.485337078430711,0.0128003658171365,0.957873791044286,0.0441086650337028,2.20914532811147,0.137194660392094,4.0523972668784,0.0441086650337029,FALSE,0.123091123083033,1452,ARG2,arginase 2
2619,-1,-0.604791399583167,-1.19427179715909,-0.0153110020072422,0.0443390260113684,0,1,4.0436043945187,0.0443390260113685,FALSE,0.123569601341098,1453,GAS1,growth arrest specific 1
7121,-1,-0.866388511808489,-1.71085169003741,-0.0219253335795659,0.0443411155848858,0,1,4.04352485578255,0.0443411155848856,FALSE,0.123569601341098,1454,,
1410,1,0.618841925423428,0.0155187803098781,1.22216507053698,0.0443911431058312,0,1,4.04162175634514,0.0443911431058313,FALSE,0.123623994408816,1455,CRYAB,crystallin alpha B
14532,1,0.294025660900057,0.007214608571051,0.580836713229063,0.0445089279074078,0,1,4.03714999922835,0.0445089279074079,FALSE,0.123844863940681,1456,,
4823,-1,-0.423275560733877,-0.836208976967016,-0.0103421445007378,0.04453158113563,0,1,4.03629138685967,0.0445315811356299,FALSE,0.123844863940681,1457,,
803,-1,-0.436173819741145,-0.861916625609249,-0.0104310138730414,0.0446449331742719,0,1,4.0320019646893,0.044644933174272,FALSE,0.124074944596811,1458,,
1958,1,0.53080805111877,0.0125558219422016,1.04906028029534,0.0447019284609167,0,1,4.02984950195637,0.0447019284609169,FALSE,0.1241131060928,1459,EGR1,early growth response 1
974,-1,-0.344829061568083,-0.681529847786313,-0.00812827534985305,0.0447199247027364,0,1,4.0291704627599,0.0447199247027365,FALSE,0.1241131060928,1460,CD79B,CD79b molecule
8500,-1,-0.83077424150853,-1.64272986168416,-0.018818621332901,0.0449213815761232,0,1,4.02158861492231,0.0449213815761232,FALSE,0.124586884426044,1461,PPFIA1,PTPRF interacting protein alpha 1
2267,-1,-0.536458914012176,-1.06172985369835,-0.0111879743260046,0.0453159183945317,0,1,4.0068433659268,0.0453159183945318,FALSE,0.125595144551739,1462,FGL1,fibrinogen like 1
8259,-1,-0.532341432156796,-1.05371027462784,-0.0109725896857534,0.0453694552332611,0,1,4.00485292753003,0.0453694552332612,FALSE,0.125657575259859,1463,,
592,-2,-0.23999197245228,-0.475147205740035,-0.00483673916452518,0.0454703529195702,0.778559257414838,0.377582132543293,4.00110838312341,0.0454703529195702,FALSE,0.12585100411892,1464,,
4836,-1,-0.421941563462591,-0.835842828385125,-0.00804029854005717,0.0457125896612138,0,1,3.99215403826774,0.0457125896612138,FALSE,0.126384702564455,1465,NMT1,N-myristoyltransferase 1
1907,2,0.673365066467627,0.0126802404286741,1.33404989250658,0.0457621338492997,3.62931583393671,0.0567701493801163,3.99032878269464,0.0457621338492999,FALSE,0.126384702564455,1466,EDN2,endothelin 2
8803,-1,-0.396354108331454,-0.785336638275885,-0.00737157838702274,0.045813548393706,0,1,3.98843682150759,0.0458135483937062,FALSE,0.126384702564455,1467,SUCLA2,succinate-CoA ligase ADP-forming subunit beta
1187,1,0.425293605627114,0.00789990815776642,0.842687303096461,0.0458186935013099,0,1,3.98824761411004,0.0458186935013097,FALSE,0.126384702564455,1468,CLCNKA,chloride voltage-gated channel Ka
504,1,0.51408816856625,0.00954826083776561,1.01862807629473,0.0458191332841028,0,1,3.98823144247269,0.0458191332841028,FALSE,0.126384702564455,1469,,
7532,1,0.347457456917406,0.00630815115019801,0.688606762684614,0.0459115650297561,0,1,3.98483617850163,0.045911565029756,FALSE,0.126553511224879,1470,YWHAG,tyrosine 3-monooxygenase/tryptophan 5-monooxygenase activation protein gamma
2426,-1,-0.414035046690592,-0.820743336945982,-0.0073267564352022,0.0460131908858007,0,1,3.9811114934929,0.046013190885801,FALSE,0.126724931818958,1471,,
694,-1,-0.387045005504115,-0.767281266542905,-0.00680874446532537,0.0460363029707569,0,1,3.98026562335774,0.0460363029707568,FALSE,0.126724931818958,1472,BTG1,BTG anti-proliferation factor 1
407,1,0.457090838841326,0.00746218131802062,0.906719496364632,0.046317082889513,0,1,3.97002506762465,0.0463170828895131,FALSE,0.127411283006318,1473,ARR3,arrestin 3
486,1,0.488519856532004,0.00706999355920257,0.969969719504805,0.0467292836208178,0,1,3.95510929224317,0.0467292836208178,FALSE,0.12840473157095,1474,FXYD2,FXYD domain containing ion transport regulator 2
1135,-1,-0.691951920771059,-1.37392797611942,-0.00997586542269691,0.0467416039158813,0,1,3.95466561106597,0.0467416039158813,FALSE,0.12840473157095,1475,CHRNA2,cholinergic receptor nicotinic alpha 2 subunit
3903,-1,-0.490978883143897,-0.975006796868098,-0.00695096941969559,0.0467994816526963,0,1,3.95258295409687,0.0467994816526963,FALSE,0.128476625783689,1476,LAIR1,leukocyte associated immunoglobulin like receptor 1
3172,1,0.388280559846274,0.005318596500408,0.77124252319214,0.0469020024428929,0,1,3.94890053033368,0.0469020024428928,FALSE,0.128670896342994,1477,HNF4A,hepatocyte nuclear factor 4 alpha
12578,-1,-0.429689480910185,-0.853578815435266,-0.00580014638510329,0.0469465059502555,0,1,3.94730465870369,0.0469465059502555,FALSE,0.128705847165382,1478,,
4822,-1,-0.426286263101088,-0.847018751563139,-0.00555377463903733,0.0470515367726767,0,1,3.94354462668178,0.0470515367726766,FALSE,0.128873501662461,1479,,
2315,1,0.308277812953298,0.0039891114780507,0.612566514428545,0.0470712691165948,0,1,3.94283920986354,0.0470712691165947,FALSE,0.128873501662461,1480,MLANA,melan-A
1352,1,0.445423780566582,0.00539896163266645,0.885448599500498,0.0472544903675258,0,1,3.9363040373211,0.0472544903675258,FALSE,0.129275391392932,1481,COX10,cytochrome c oxidase assembly factor heme A:farnesyltransferase COX10
1857,-1,-1.24867103650244,-2.48235966404486,-0.0149824089600181,0.0472818682241672,0,1,3.93532981381793,0.0472818682241671,FALSE,0.129275391392932,1482,DVL3,dishevelled segment polarity protein 3
864,-1,-0.44093410423498,-0.876787679724932,-0.00508052874502807,0.0473886217696054,0,1,3.93153673203099,0.0473886217696053,FALSE,0.129452369947323,1483,RUNX3,RUNX family transcription factor 3
1497,1,0.652367245939585,0.00745305403200525,1.29728143784716,0.0474104928434914,0,1,3.93076073890023,0.0474104928434914,FALSE,0.129452369947323,1484,CTNS,"cystinosin, lysosomal cystine transporter"
1399,-1,-0.830308381777909,-1.65146132911315,-0.00915543444267131,0.0474997732986007,0,1,3.92759695001291,0.0474997732986007,FALSE,0.129608809027562,1485,CRKL,"CRK like proto-oncogene, adaptor protein"
441,1,0.420259696070754,0.00443544280124308,0.836083949340265,0.0476058326316088,0,1,3.92384671793707,0.0476058326316089,FALSE,0.129810789921453,1486,,
5115,-1,-0.282633467395031,-0.562464962788094,-0.00280197200196813,0.0477497031808325,0,1,3.91877355384244,0.0477497031808325,FALSE,0.130115532810177,1487,,
1457,2,0.207997297935048,0.0019395456267986,0.414055050243297,0.0478822016964765,0.656360719797933,0.417847693722876,3.91411563506533,0.0478822016964766,FALSE,0.130388898705728,1488,CSNK2A1,casein kinase 2 alpha 1
1113,-1,-0.516043910778565,-1.0273720136669,-0.0047158078902273,0.047924185772618,0,1,3.91264254279597,0.0479241857726181,FALSE,0.130415581430925,1489,CHGA,chromogranin A
2912,1,0.528847219166783,0.00461711523606156,1.0530773230975,0.0480160659296503,0,1,3.90942349553011,0.0480160659296505,FALSE,0.130577918890566,1490,GRM2,glutamate metabotropic receptor 2
7103,-1,-0.335431216802945,-0.668146734987156,-0.00271569861873378,0.0481591208672693,0,1,3.90442444146707,0.0481591208672692,FALSE,0.130796924660341,1491,TSPAN8,tetraspanin 8
21041,1,0.377077923792083,0.00304947217335483,0.751106375410811,0.0481611578463052,0,1,3.90435337245025,0.0481611578463053,FALSE,0.130796924660341,1492,,
640,1,0.493757019612161,0.00387436991755347,0.983639669306768,0.0482154149976942,0,1,3.90246153857323,0.0482154149976943,FALSE,0.130856571715109,1493,BLK,"BLK proto-oncogene, Src family tyrosine kinase"
35226,-1,-0.472779486336301,-0.941979866383938,-0.0035791062886647,0.0482778197053754,0,1,3.90028839256249,0.0482778197053757,FALSE,0.130938236577096,1494,,
7900,-1,-0.395736684858155,-0.78871611110493,-0.00275725861138043,0.0484140829079351,0,1,3.89555352704276,0.0484140829079351,FALSE,0.131219975881574,1495,,
3109,-1,-0.358296166371499,-0.714213187386919,-0.00237914535607936,0.0484881044978568,0,1,3.89298732158874,0.0484881044978568,FALSE,0.131246901056775,1496,HLA-DMB,"major histocompatibility complex, class II, DM beta"
663,1,0.418011239142276,0.002731816518804,0.833290661765748,0.0485118409647738,0,1,3.89216529327201,0.0485118409647735,FALSE,0.131246901056775,1497,BNIP2,BCL2 interacting protein 2
477,-1,-0.552160771977983,-1.10074385201693,-0.00357769193903845,0.048524477094697,0,1,3.89172785889395,0.0485244770946968,FALSE,0.131246901056775,1498,ATP1A2,ATPase Na+/K+ transporting subunit alpha 2
941,-1,-0.476709475796528,-0.950391429659542,-0.00302752193351369,0.0485535796357617,0,1,3.89072085162499,0.0485535796357617,FALSE,0.131246901056775,1499,CD80,CD80 molecule
309,-2,-0.417993993415583,-0.833700801286539,-0.00228718554462692,0.0487527588056836,1.81686920289423,0.177686396488935,3.883845903163,0.0487527588056836,FALSE,0.131491796495535,1500,ANXA6,annexin A6
5314,-1,-0.418219724060081,-0.834237838868043,-0.00220160925211882,0.0487998397736732,0,1,3.88222517031916,0.0487998397736731,FALSE,0.131491796495535,1501,PKHD1,PKHD1 ciliary IPT domain containing fibrocystin/polyductin
3063,-1,-0.326331977713196,-0.650987800892249,-0.00167615453414266,0.0488288570647647,0,1,3.88122709030837,0.0488288570647649,FALSE,0.131491796495535,1502,,
3769,1,0.584709868337935,0.00290376881191501,1.16651596786396,0.048867479097329,0,1,3.87989961619528,0.0488674790973289,FALSE,0.131491796495535,1503,KCNJ13,potassium inwardly rectifying channel subfamily J member 13
4729,-1,-0.409914976296989,-0.81780859914602,-0.00202135344795823,0.0488754278893358,0,1,3.879626546492,0.0488754278893359,FALSE,0.131491796495535,1504,NDUFV2,NADH:ubiquinone oxidoreductase core subunit V2
671,1,0.65160545933942,0.00316585849852469,1.30004506018032,0.0488919098356491,0,1,3.87906048151358,0.0488919098356492,FALSE,0.131491796495535,1505,BPI,bactericidal permeability increasing protein
3940,1,0.420618829337877,0.00202410567644395,0.83921355299931,0.0489024315848573,0,1,3.87869922215984,0.0489024315848574,FALSE,0.131491796495535,1506,,
1239,-1,-0.355627712255173,-0.709546189659391,-0.0017092348509552,0.0489037851230925,0,1,3.87865275501344,0.0489037851230923,FALSE,0.131491796495535,1507,,
2865,-1,-0.584897313291426,-1.16728080357412,-0.00251382300873193,0.0490192669383214,0,1,3.87469324136225,0.0490192669383214,FALSE,0.13171490028785,1508,FFAR3,free fatty acid receptor 3
1096,1,0.814707899621951,0.00305366256558137,1.62636213667832,0.0491442686002007,0,1,3.87041840755404,0.0491442686002007,FALSE,0.131963271284303,1509,,
205,1,0.683543407444495,0.00224915870081721,1.36483765618817,0.0492484508059988,0,1,3.86686432575578,0.049248450805999,FALSE,0.132155445474111,1510,AK4,adenylate kinase 4
1226,-1,-0.498675302987878,-0.996310863470323,-0.00103974250543304,0.0495232425977526,0,1,3.85752801241847,0.0495232425977525,FALSE,0.132624191829556,1511,,
1570,1,0.332066970963041,0.000672895804342821,0.663461046121739,0.0495366221829468,0,1,3.85707482616168,0.0495366221829466,FALSE,0.132624191829556,1512,,
104,2,1.99852766251595,0.00403247685492669,3.99302284817698,0.049538599240865,6.02558465144354,0.0140999603951479,3.85700787126244,0.049538599240865,FALSE,0.132624191829556,1513,ADARB1,adenosine deaminase RNA specific B1
1539,-1,-0.419205751089328,-0.837624597485565,-0.00078690469309084,0.0495706929196119,0,1,3.85592138370807,0.0495706929196118,FALSE,0.132624191829556,1514,CYLC2,cylicin 2
2303,-1,-0.342938938432244,-0.68525830461908,-0.000619572245408206,0.0495867844574968,0,1,3.85537690636627,0.0495867844574968,FALSE,0.132624191829556,1515,FOXC2,forkhead box C2
1416,1,0.467815235851951,0.000596887701086624,0.935033584002815,0.0497080335022325,0,1,3.85128028500789,0.0497080335022323,FALSE,0.132860786115466,1516,,
3472,-1,-0.393593404716386,-0.787007399393636,-0.000179410039136296,0.0498956139422722,0,1,3.84496328893904,0.0498956139422724,FALSE,0.133193861615813,1517,,
4666,-1,-0.371855269088348,-0.743545548792367,-0.000164989384329184,0.0498983913950652,0,1,3.84486994349669,0.0498983913950651,FALSE,0.133193861615813,1518,NACA,nascent polypeptide associated complex subunit alpha
2285,-1,-0.402713106036674,-0.805478998550081,5.27864767330133e-05,0.0500300334541365,0,1,3.84045196389492,0.0500300334541365,FALSE,0.133411696601738,1519,,
2165,-1,-0.519820892419956,-1.03975499647938,0.000113211639467092,0.0500499057256509,0,1,3.83978610678744,0.0500499057256509,FALSE,0.133411696601738,1520,F13B,coagulation factor XIII B chain
740,1,0.472038803466477,-0.000162253817285407,0.94423986075024,0.0500787735763189,0,1,3.83881933370916,0.0500787735763188,FALSE,0.133411696601738,1521,MRPL49,mitochondrial ribosomal protein L49
16600,-1,-0.378780859349577,-0.758084633983944,0.000522915284789483,0.0503166796163609,0,1,3.83087430763572,0.0503166796163608,FALSE,0.133898539960957,1522,,
817,-1,-1.01495411476579,-2.03135769550324,0.00144946597165818,0.0503276101580793,0,1,3.83051022957524,0.0503276101580795,FALSE,0.133898539960957,1523,CAMK2D,calcium/calmodulin dependent protein kinase II delta
553,-1,-0.816331733761661,-1.63421834804953,0.00155488052620845,0.0504371350926546,0,1,3.82686674453672,0.0504371350926546,FALSE,0.134075206011528,1524,AVPR1B,arginine vasopressin receptor 1B
11,2,1.8701717877513,-0.00374967247795177,3.74409324798056,0.0504601898241808,7.41488172885961,0.00646865665519691,3.82610086522318,0.0504601898241809,FALSE,0.134075206011528,1525,,
5877,-1,-0.370707893693919,-0.742533366652388,0.00111757926455014,0.0506925836932814,0,1,3.81840132090745,0.0506925836932814,FALSE,0.134604422755686,1526,RABIF,RAB interacting factor
15544,1,0.497262233883787,-0.00163227809245969,0.996156745860034,0.0507542936815404,0,1,3.81636304863916,0.0507542936815402,FALSE,0.134680024883826,1527,,
1887,1,0.477077301878938,-0.00174488270564332,0.955899486463519,0.0508407319765099,0,1,3.81351240459791,0.0508407319765097,FALSE,0.134821103382734,1528,,
979,-1,-0.425076875678162,-0.85229992675691,0.00214617540058598,0.0511620548975197,0,1,3.80296026017675,0.0511620548975196,FALSE,0.135584464646664,1529,,
475,1,0.526535558194466,-0.0028946048502505,1.05596572123918,0.0512658052597726,0,1,3.79956809087262,0.0512658052597726,FALSE,0.135770616282744,1530,ATOX1,antioxidant 1 copper chaperone
1300,-1,-0.314164754054178,-0.63026455469259,0.00193504658423371,0.0514190546808706,0,1,3.79457078419267,0.0514190546808704,FALSE,0.136078922886082,1531,COL10A1,collagen type X alpha 1 chain
4275,1,0.504742601045335,-0.00317495347489905,1.01266015556557,0.0514493854544613,0,1,3.79358359614463,0.0514493854544611,FALSE,0.136078922886082,1532,,
4385,-1,-0.33856133113752,-0.679450009437026,0.00232734716198557,0.051584780186016,0,1,3.78918434251772,0.0515847801860159,FALSE,0.136348029558863,1533,,
2901,-1,-0.510597405822628,-1.02512762991061,0.00393281826534975,0.0517770273903056,0,1,3.78295877332624,0.0517770273903056,FALSE,0.136684256197716,1534,GRIK5,glutamate ionotropic receptor kainate type subunit 5
1606,-1,-0.427532238112428,-0.858361953807916,0.00329747758306037,0.051779450459895,0,1,3.78288046283729,0.051779450459895,FALSE,0.136684256197716,1535,DGKA,diacylglycerol kinase alpha
691,-2,-0.394363731019674,-0.792260833659097,0.00353337161974804,0.0520694307940052,0.84333406821406,0.358444963377151,3.77353656012291,0.0520694307940051,FALSE,0.137360243214394,1536,,
6294,-1,-0.515462107216921,-1.03584953597552,0.00492532154167624,0.0522081453542902,0,1,3.76908627440332,0.0522081453542903,FALSE,0.137636567973704,1537,SAFB,scaffold attachment factor B
4223,-1,-0.350991356127848,-0.705791275401145,0.00380856314544892,0.0525104769854567,0,1,3.75942997439424,0.0525104769854564,FALSE,0.138343597363505,1538,MEOX2,mesenchyme homeobox 2
4286,-1,-0.315514324643515,-0.63481598610726,0.00378733682023019,0.0527800396014566,0,1,3.7508697905428,0.0527800396014564,FALSE,0.138963431101431,1539,MITF,melanocyte inducing transcription factor
2325,-1,-0.421788024937028,-0.849075039076405,0.00549898920234893,0.0530221918773644,0,1,3.74321941322722,0.0530221918773645,FALSE,0.139510338627974,1540,,
2653,1,0.291639589167007,-0.00412627956120215,0.587405457895216,0.0532830026210039,0,1,3.73502082253295,0.053283002621004,FALSE,0.140105598066391,1541,GCSH,glycine cleavage system protein H
867,-1,-0.413872759122747,-0.833703145633324,0.00595762738782973,0.0533408708065609,0,1,3.73320749541643,0.0533408708065608,FALSE,0.140166801885982,1542,CBL,Cbl proto-oncogene
3040,-1,-0.515222103400685,-1.03825265065525,0.00780844385387769,0.0535197633213195,0,1,3.72761496034841,0.0535197633213196,FALSE,0.140455403453866,1543,HBA2,hemoglobin subunit alpha 2
8511,-2,-0.435628196584088,-0.877859037442414,0.0066026442742384,0.053520025402954,1.53620906362265,0.215182961641355,3.7276067816871,0.0535200254029541,FALSE,0.140455403453866,1544,,
991,-1,-0.564533813342466,-1.13783164447615,0.00876401779121905,0.0536065939383265,0,1,3.72490759559611,0.0536065939383268,FALSE,0.140551146376242,1545,CDC20,cell division cycle 20
6148,1,0.344120941848238,-0.00537043655426811,0.693612320250744,0.0536258816134428,0,1,3.72430683943339,0.0536258816134428,FALSE,0.140551146376242,1546,,
5169,1,0.45741796436737,-0.00720887976364587,0.922044808498386,0.0536620829522737,0,1,3.72317988845475,0.0536620829522737,FALSE,0.140555113201431,1547,ENPP3,ectonucleotide pyrophosphatase/phosphodiesterase 3
4364,-1,-0.308037617048358,-0.621213940641916,0.00513870654519938,0.0538794837958038,0,1,3.7164290745848,0.0538794837958038,FALSE,0.141033377481006,1548,,
5814,-1,-0.565127726446189,-1.13987892743623,0.00962347454384716,0.0539613263251017,0,1,3.71389514226102,0.0539613263251017,FALSE,0.141156419799427,1549,PURB,purine rich element binding protein B
1692,1,0.359680887719969,-0.00623730096731312,0.725599076407251,0.0540350874891199,0,1,3.7116149035661,0.05403508748912,FALSE,0.14125817710059,1550,,
1328,-1,-0.440803506911554,-0.889851204771675,0.00824419094856721,0.0543570323472241,0,1,3.70170082344187,0.0543570323472244,FALSE,0.142008185087654,1551,,
9396,-1,-0.608518136149876,-1.22852885799744,0.0114925856976904,0.0544004911630551,0,1,3.70036730604589,0.0544004911630552,FALSE,0.142030148320038,1552,,
33031,-1,-0.58038216865065,-1.17216146772117,0.0113971304198667,0.0545784758410797,0,1,3.69491766825122,0.0545784758410798,FALSE,0.142403080558954,1553,,
1893,-1,-0.793342777285692,-1.60298289036275,0.0162973357913688,0.0547933028163871,0,1,3.6883650044423,0.0547933028163872,FALSE,0.14287159781982,1554,ECM1,extracellular matrix protein 1
913,-1,-0.355468438425199,-0.718333533296271,0.00739665644587262,0.0548563835212924,0,1,3.68644608459382,0.0548563835212924,FALSE,0.142910380178344,1555,CD1E,CD1e molecule
2697,-1,-0.459526524594345,-0.928658157050022,0.00960510786133162,0.0548787145995813,0,1,3.68576733203807,0.0548787145995813,FALSE,0.142910380178344,1556,GJA1,gap junction protein alpha 1
256,1,0.830225414691233,-0.0194473867533052,1.67989821613577,0.0554792221396807,0,1,3.66762392182836,0.0554792221396807,FALSE,0.144381379646748,1557,,
1365,1,0.387942281087444,-0.00928598059271113,0.785170542767599,0.0556014998178208,0,1,3.66395501368719,0.055601499817821,FALSE,0.144606724815026,1558,CLDN3,claudin 3
1668,-1,-0.436636757853795,-0.883930329051559,0.0106568133439689,0.0557137969423927,0,1,3.66059309963074,0.0557137969423926,FALSE,0.144805840417303,1559,DEFA3,defensin alpha 3
2220,-1,-0.521435210668812,-1.05594427044491,0.0130738491072869,0.0558730959460231,0,1,3.65583636804207,0.0558730959460231,FALSE,0.145126785111081,1560,FCN2,ficolin 2
1671,1,0.481081271985824,-0.0121897683370403,0.974352312308688,0.0559366159092825,0,1,3.6539436471297,0.0559366159092828,FALSE,0.145154244259902,1561,DEFA6,defensin alpha 6
424,-1,-0.604181110830396,-1.22371832388302,0.0153561022222237,0.0559553133104559,0,1,3.65338695010877,0.0559553133104559,FALSE,0.145154244259902,1562,,
102,-2,-0.80892680769756,-1.63876008700093,0.0209064716058058,0.0560578725692185,4.84502030540426,0.0277260659926555,3.65033685317145,0.0560578725692183,FALSE,0.145327255054685,1563,ADAM10,ADAM metallopeptidase domain 10
38186,1,2.22751635787652,-0.0581971594604589,4.5132298752135,0.0561253828075814,0,1,3.64833233810808,0.0561253828075814,FALSE,0.145409239856982,1564,,
2578,1,0.467617170171332,-0.0125321709772108,0.947766511319875,0.0562868890686749,0,1,3.64354725343112,0.0562868890686748,FALSE,0.145734488502409,1565,GAGE6,G antigen 6
1362,-1,-0.666495143450638,-1.35114854351579,0.0181582566145114,0.0563935213566762,0,1,3.64039594476267,0.0563935213566764,FALSE,0.145882265248838,1566,CPD,carboxypeptidase D
8116,1,0.478684630931257,-0.0130862303077655,0.970455492170279,0.0564159698037831,0,1,3.63973333050721,0.056415969803783,FALSE,0.145882265248838,1567,,
2028,1,0.301217711632741,-0.00829214663518846,0.610727569900671,0.0564618018436099,0,1,3.63838136746716,0.0564618018436101,FALSE,0.145907666498921,1568,ENPEP,glutamyl aminopeptidase
775,-1,-0.428841728309916,-0.8697511850564,0.0120677284365683,0.0566087518384134,0,1,3.63405444617545,0.0566087518384133,FALSE,0.146194176194551,1569,CACNA1C,calcium voltage-gated channel subunit alpha1 C
1371,-1,-0.630706559766877,-1.27926158751628,0.0178484679825265,0.0566469531479867,0,1,3.63293156624199,0.0566469531479866,FALSE,0.146199652328434,1570,CPOX,coproporphyrinogen oxidase
33142,-1,-0.333327454978132,-0.676192979324468,0.00953806936820356,0.0567228535637956,0,1,3.63070295077276,0.0567228535637957,FALSE,0.146300574500339,1571,,
44282,-1,-0.402999213966504,-0.817589447941955,0.0115910200089469,0.056758268290852,0,1,3.62966417344517,0.0567582682908519,FALSE,0.146300574500339,1572,,
2975,-1,-0.454842768361939,-0.923007318134244,0.0133217814103661,0.0568851125422599,0,1,3.62594924117896,0.0568851125422598,FALSE,0.146534314063088,1573,GTF3C1,general transcription factor IIIC subunit 1
2174,-1,-0.484149826727998,-0.982921472025929,0.0146218185699335,0.0571049891942377,0,1,3.6195304204026,0.0571049891942377,FALSE,0.147007252995585,1574,,
2084,1,0.418158281648269,-0.0130723220415068,0.849388885338045,0.0573610261394661,0,1,3.61208896291161,0.0573610261394662,FALSE,0.147572620899757,1575,,
2898,1,0.335192267874206,-0.0107684186072401,0.681152954355652,0.0575700137528181,0,1,3.60604104280985,0.0575700137528182,FALSE,0.148003963685957,1576,GRIK2,glutamate ionotropic receptor kainate type subunit 2
72,2,1.03045724234885,-0.0332396886590671,2.09415417335677,0.0576017400623778,2.81533322825483,0.0933675058803473,3.60512494966579,0.057601740062378,FALSE,0.148003963685957,1577,ACTG2,"actin gamma 2, smooth muscle"
1618,1,0.490973027583676,-0.0159390201131741,0.997885075280526,0.057651818301875,0,1,3.60368003676871,0.0576518183018748,FALSE,0.148038762838528,1578,DAZL,deleted in azoospermia like
2336,-1,-0.344158653985662,-0.699747543111311,0.0114302351399873,0.0578329697108524,0,1,3.59846436517644,0.0578329697108525,FALSE,0.148325253251785,1579,,
560,-1,-0.38012180165808,-0.772873943673484,0.0126303403573241,0.0578365992442796,0,1,3.59836004183909,0.0578365992442796,FALSE,0.148325253251785,1580,,
1386,1,0.405859033901128,-0.013681752486697,0.825399820288953,0.0579538173564393,0,1,3.59499458629326,0.0579538173564395,FALSE,0.148480587524921,1581,ATF2,activating transcription factor 2
4947,-1,-0.480564742256206,-0.977362580826059,0.0162330963136472,0.0579704564324841,0,1,3.59451744698185,0.057970456432484,FALSE,0.148480587524921,1582,OAZ2,ornithine decarboxylase antizyme 2
1021,1,0.510331482106039,-0.0174135259128626,1.03807649012494,0.0580536187186406,0,1,3.592134877966,0.0580536187186408,FALSE,0.148599660800968,1583,CDK6,cyclin dependent kinase 6
3499,1,0.275228770146649,-0.00968253179452056,0.560140072087819,0.0583105640675799,0,1,3.58479633133801,0.0583105640675797,FALSE,0.149026218202258,1584,,
1235,1,0.344763832342257,-0.0121499352997831,0.701677599984297,0.0583254860754025,0,1,3.58437120399541,0.0583254860754026,FALSE,0.149026218202258,1585,CCR6,C-C motif chemokine receptor 6
4464,-1,-0.296364520136247,-0.603179551335385,0.0104505110628915,0.0583305977464908,0,1,3.58422559928557,0.0583305977464908,FALSE,0.149026218202258,1586,,
113,-2,-0.93521466190603,-1.90411958240726,0.033690258595196,0.0585158826020646,3.77754937740092,0.0519446863734719,3.57895693767758,0.0585158826020644,FALSE,0.149405391495631,1587,ADCY7,adenylate cyclase 7
3087,-1,-0.305653368042003,-0.622442508972047,0.0111357728880407,0.0586153577039282,0,1,3.57613562515238,0.0586153577039284,FALSE,0.149545217974653,1588,HHEX,hematopoietically expressed homeobox
1049,-1,-0.403599093418175,-0.821950611123568,0.0147524242872176,0.0586444598622222,0,1,3.57531119178892,0.0586444598622221,FALSE,0.149545217974653,1589,,
2395,-1,-0.318441718833267,-0.648691165275565,0.0118077276090305,0.0587730079290273,0,1,3.57167475550318,0.0587730079290271,FALSE,0.149778759829194,1590,FXN,frataxin
45719,1,0.460831084518297,-0.0173654077198157,0.93902757675641,0.0589200921093744,0,1,3.5675243149535,0.0589200921093744,FALSE,0.15005921635901,1591,,
3652,-1,-0.337524976017404,-0.687990658009602,0.0129407059747944,0.0590805228351676,0,1,3.5630097983511,0.0590805228351678,FALSE,0.150373290532726,1592,IPP,intracisternal A particle-promoted polypeptide
1123,1,0.353636820938168,-0.0136259637180524,0.720899605594388,0.0591271684572124,0,1,3.56169963668513,0.0591271684572124,FALSE,0.150397543370135,1593,CHN1,chimerin 1
4692,1,0.317407242068505,-0.012445805852058,0.647260289989068,0.0592933554686298,0,1,3.55704076409043,0.0592933554686296,FALSE,0.150725643888888,1594,NDN,"necdin, MAGE family member"
1882,-1,-1.10390371351509,-2.25130634633918,0.0434989193090012,0.0593407544013256,0,1,3.55571453053389,0.0593407544013256,FALSE,0.150751559143681,1595,,
1034,-1,-0.750882790232071,-1.53189853180324,0.0301329513390971,0.0595183037943297,0,1,3.55075664800796,0.0595183037943299,FALSE,0.151107874044251,1596,,
2047,-1,-0.41760815085225,-0.852248982054957,0.0170326803504567,0.0596790908597652,0,1,3.54628038678216,0.0596790908597651,FALSE,0.15142121237556,1597,EPHB1,EPH receptor B1
1909,1,0.339526457839452,-0.0139298779012035,0.692982793580108,0.0597382020672654,0,1,3.54463797267459,0.0597382020672657,FALSE,0.151476342163054,1598,EDNRA,endothelin receptor type A
1174,-1,-0.401539101394169,-0.819718769434777,0.0166405666464393,0.0598398983321227,0,1,3.54181636664843,0.0598398983321226,FALSE,0.15158488193078,1599,AP1S1,adaptor related protein complex 1 subunit sigma 1
8073,-1,-0.794656877960759,-1.62233056193442,0.0330168060129015,0.0598660440719128,0,1,3.54109176611296,0.059866044071913,FALSE,0.15158488193078,1600,PTP4A2,protein tyrosine phosphatase 4A2
2748,-1,-0.326349130463828,-0.666293738229412,0.0135954773017556,0.0598932369129265,0,1,3.54033850329735,0.0598932369129266,FALSE,0.15158488193078,1601,,
3916,1,0.388105056780837,-0.0162880318335769,0.792498145395251,0.0599690482633601,0,1,3.53824038916153,0.05996904826336,FALSE,0.151682012211695,1602,LAMP1,lysosomal associated membrane protein 1
1490,1,0.402657374020206,-0.0175184337864187,0.822833181826831,0.0603473830292025,0,1,3.52781179930036,0.0603473830292025,FALSE,0.152543728031396,1603,CCN2,cellular communication network factor 2
2249,1,0.422934625651761,-0.0184933979804183,0.86436264928394,0.0604013718530221,0,1,3.52632930000973,0.060401371853022,FALSE,0.152585011688557,1604,FGF4,fibroblast growth factor 4
7715,-1,-0.524434713958982,-1.07206590703104,0.0231964791130753,0.0605257520687248,0,1,3.52291925590426,0.0605257520687247,FALSE,0.152803954755435,1605,,
1723,1,0.448365169402708,-0.0200372225657975,0.916767561371214,0.0606386608522073,0,1,3.51983016628802,0.0606386608522075,FALSE,0.152894817502351,1606,DHODH,dihydroorotate dehydrogenase (quinone)
394,1,0.549374270351099,-0.0246123413041648,1.12336088200636,0.0606660698513895,0,1,3.51908120227714,0.0606660698513896,FALSE,0.152894817502351,1607,ARHGAP5,Rho GTPase activating protein 5
601,-1,-0.707007683208962,-1.445715230806,0.0316998643880738,0.0606749423849409,0,1,3.51883883320007,0.0606749423849405,FALSE,0.152894817502351,1608,,
3119,-1,-0.31853721960133,-0.651851840901195,0.014777401698535,0.0610587771987131,0,1,3.50838965633322,0.0610587771987131,FALSE,0.153694810364911,1609,HLA-DQB1,"major histocompatibility complex, class II, DQ beta 1"
1262,2,0.309761903746204,-0.0143822039325959,0.633906011425005,0.0610682736148834,0.0336695090548412,0.854411578423366,3.50813202138665,0.0610682736148833,FALSE,0.153694810364911,1610,CNGA4,cyclic nucleotide gated channel subunit alpha 4
2095,-1,-0.586269688374859,-1.20038257965413,0.0278432029044079,0.0613310312430626,0,1,3.50102035043491,0.0613310312430625,FALSE,0.154260297080627,1611,,
1820,-1,-0.308983854088167,-0.633046015023651,0.0150783068473173,0.0616550001711125,0,1,3.49229648416253,0.0616550001711123,FALSE,0.154978945839546,1612,ARID3A,AT-rich interaction domain 3A
2054,-1,-0.423619016587181,-0.868092165627461,0.0208541324530986,0.0617613893948438,0,1,3.48944226735095,0.0617613893948439,FALSE,0.155150123885869,1613,STX2,syntaxin 2
159,-2,-0.547922809974512,-1.12306913480053,0.0272235148515019,0.061874693663814,2.48116126057536,0.115217156290784,3.48640828487537,0.0618746936638139,FALSE,0.155332427199854,1614,ADSS2,adenylosuccinate synthase 2
1179,-1,-0.38676595688422,-0.792804325001552,0.0192724112331117,0.0619106293010275,0,1,3.48544726124383,0.0619106293010274,FALSE,0.155332427199854,1615,CLCA1,chloride channel accessory 1
1467,-1,-0.341690885592385,-0.700558895203984,0.0171771240192143,0.0620202678346055,0,1,3.48251887464796,0.0620202678346056,FALSE,0.15551121612984,1616,,
3368,1,0.548278866470224,-0.028004991367057,1.1245627243075,0.0622209547887662,0,1,3.4771728891362,0.0622209547887666,FALSE,0.15587556947097,1617,,
4949,-1,-0.347860644747797,-0.71354912569757,0.0178278362019756,0.062263737303635,0,1,3.47603560526045,0.0622637373036352,FALSE,0.15587556947097,1618,,
3224,-1,-0.305545065288852,-0.626770469565269,0.0156803389875645,0.0622809839519991,0,1,3.47557737451477,0.0622809839519992,FALSE,0.15587556947097,1619,HOXC8,homeobox C8
292,2,0.60718220580196,-0.0314174038031363,1.24578181540706,0.0623864757702149,3.08124669423286,0.079199796265113,3.47277747344612,0.0623864757702148,FALSE,0.156043209765994,1620,SLC25A5,solute carrier family 25 member 5
4743,-1,-0.288148328405253,-0.591292382390812,0.014995725580306,0.0624608862947316,0,1,3.47080554553678,0.0624608862947315,FALSE,0.156132949578194,1621,,
848,-1,-0.328485213149505,-0.674235586812981,0.0172651605139711,0.062590049106351,0,1,3.4673885814873,0.062590049106351,FALSE,0.156359358186766,1622,,
5713,-1,-0.391850262802746,-0.804456494917334,0.0207559693118418,0.0626921013689774,0,1,3.46469412794769,0.0626921013689775,FALSE,0.156517803294576,1623,PSMD7,"proteasome 26S subunit, non-ATPase 7"
1022,-1,-0.424723979857357,-0.872247137722923,0.0227991780082089,0.0628695213025281,0,1,3.46002087274271,0.0628695213025283,FALSE,0.156864101180938,1624,CDK7,cyclin dependent kinase 7
634,-1,-0.327565653721498,-0.67299353566054,0.0178622282175442,0.0630819589153105,0,1,3.45444370351956,0.0630819589153103,FALSE,0.157297290784516,1625,CEACAM1,CEA cell adhesion molecule 1
2436,-1,-0.366998444658759,-0.754109481555175,0.0201125922376575,0.0631501510262525,0,1,3.45265768497159,0.0631501510262528,FALSE,0.157370487059271,1626,,
6464,-1,-0.413476601205887,-0.85023366453657,0.0232804621247965,0.0635259973622974,0,1,3.44285064584118,0.0635259973622972,FALSE,0.158173766252056,1627,SHC1,SHC adaptor protein 1
1883,-1,-0.393999600846021,-0.810221649209506,0.0222224475174636,0.0635505655129188,0,1,3.44221173907249,0.0635505655129187,FALSE,0.158173766252056,1628,,
24496,-1,-0.638556977432738,-1.31373536393563,0.0366214090701585,0.063788345727016,0,1,3.43604172289583,0.0637883457270158,FALSE,0.158668125774014,1629,,
667,-1,-0.36236978701623,-0.745744428664648,0.0210048546321884,0.0639427541288193,0,1,3.43204819147758,0.063942754128819,FALSE,0.158954625601212,1630,DST,dystonin
2023,-1,-0.68477457691117,-1.40981779087356,0.0402686370512209,0.0641539748575943,0,1,3.42660192326605,0.0641539748575941,FALSE,0.15938191669097,1631,ENO1,enolase 1
2695,-1,-0.353238250407223,-0.727475147652511,0.0209986468380652,0.0643150944171578,0,1,3.4224603427969,0.0643150944171577,FALSE,0.159661387599636,1632,GIP,gastric inhibitory polypeptide
431,-1,-0.706030259090029,-1.45411593583771,0.0420554176576547,0.06434527293934,0,1,3.42168583415478,0.0643452729393399,FALSE,0.159661387599636,1633,,
120,2,0.822735132350796,-0.049324866551877,1.69479513125347,0.0644425327012774,4.30096666644693,0.0380907164593248,3.41919237114484,0.0644425327012774,FALSE,0.159749300037588,1634,ADD3,adducin 3
2130,-1,-0.411594517002974,-0.847892886624983,0.0247038526190357,0.0644595522116131,0,1,3.4187564521644,0.0644595522116131,FALSE,0.159749300037588,1635,EWSR1,EWS RNA binding protein 1
39,-2,-1.23878689863018,-2.5521883810445,0.0746145837841314,0.0645129824231267,7.3444307189906,0.0067270831342293,3.4173887469968,0.0645129824231271,FALSE,0.159783988250923,1636,ACAT2,acetyl-CoA acetyltransferase 2
1901,-1,-0.60447956487354,-1.2457206204909,0.0367614907438207,0.0646599583036663,0,1,3.41363268767927,0.0646599583036661,FALSE,0.160050183901317,1637,S1PR1,sphingosine-1-phosphate receptor 1
4322,-1,-0.359917049897365,-0.741783185060831,0.0219490852661007,0.0647024804771382,0,1,3.41254770605881,0.0647024804771385,FALSE,0.160057662328061,1638,MMP13,matrix metallopeptidase 13
145,2,1.18475473145981,-0.0729855474926036,2.44249501041222,0.0648589587828457,5.32668843256994,0.0210012520586708,3.40856159884007,0.0648589587828457,FALSE,0.160346858443009,1639,,
1794,-1,-0.37028352038711,-0.763821855291692,0.023254814517472,0.0651617849463733,0,1,3.40087651118916,0.0651617849463735,FALSE,0.160997288172381,1640,DOCK2,dedicator of cytokinesis 2
894,-1,-0.51518807248299,-1.06301571193421,0.0326395669682302,0.0653013701905588,0,1,3.39734695747251,0.0653013701905588,FALSE,0.161243846442501,1641,CCND2,cyclin D2
2382,-1,-0.39493925489489,-0.815097551852717,0.0252190420629364,0.0654281186723562,0,1,3.39414896351004,0.0654281186723561,FALSE,0.161458426833366,1642,,
1821,1,0.49967138071275,-0.0320778660912894,1.03142062751679,0.065514827082419,0,1,3.39196502875528,0.0655148270824191,FALSE,0.16157399837977,1643,DRP2,dystrophin related protein 2
5138,-1,-0.390255877987011,-0.805631850131807,0.0251200941577847,0.0655579743852952,0,1,3.39087942212337,0.0655579743852954,FALSE,0.161582063387601,1644,PDE2A,phosphodiesterase 2A
765,-1,-0.37210516674707,-0.768446749298033,0.0242364158038931,0.0657518613879147,0,1,3.38601053026227,0.0657518613879146,FALSE,0.161954630237922,1645,CA6,carbonic anhydrase 6
5135,-1,-0.389708475107533,-0.804873888739575,0.025456938524509,0.0657999941623866,0,1,3.38480419463721,0.0657999941623866,FALSE,0.161954630237922,1646,,
1070,-1,-0.913101887586327,-1.8859549180315,0.059751142858849,0.0658290414614655,0,1,3.38407664769064,0.0658290414614653,FALSE,0.161954630237922,1647,CETN3,centrin 3
1431,1,0.497900453462359,-0.0328547760900345,1.02865568301475,0.0659683863646124,0,1,3.38059123951004,0.0659683863646121,FALSE,0.162168836247965,1648,CS,citrate synthase
68793,-1,-0.279103271458939,-0.576654153913234,0.0184476109953556,0.0659961527573775,0,1,3.37989766327577,0.0659961527573775,FALSE,0.162168836247965,1649,,
1834,-1,-0.478909702977659,-0.989573314615004,0.0317539086596864,0.0660491180168211,0,1,3.37857550872575,0.0660491180168207,FALSE,0.162200621941915,1650,DSPP,dentin sialophosphoprotein
2043,1,0.483296255731167,-0.0322357340303422,0.998828245492676,0.0661494998967307,0,1,3.37607281212941,0.0661494998967308,FALSE,0.162348742326804,1651,EPHA4,EPH receptor A4
1032,1,0.528507485216024,-0.0354843723049108,1.09249934273696,0.0662615831992138,0,1,3.37328316692697,0.0662615831992137,FALSE,0.162477935787422,1652,CDKN2D,cyclin dependent kinase inhibitor 2D
2534,-1,-0.590846546017794,-1.22146720231414,0.0397741102785544,0.0663064464376204,0,1,3.37216797633158,0.0663064464376205,FALSE,0.162477935787422,1653,FYN,"FYN proto-oncogene, Src family tyrosine kinase"
2153,-1,-2.12662662491409,-4.39654541089932,0.143292161071144,0.0663224347957541,0,1,3.37177073955148,0.066322434795754,FALSE,0.162477935787422,1654,F5,coagulation factor V
3695,-1,-0.406225994370226,-0.840012845660674,0.0275608569202215,0.0664410061125418,0,1,3.36882797883265,0.0664410061125419,FALSE,0.162670064512398,1655,ITGB7,integrin subunit beta 7
276047,-1,-0.361052131080155,-0.746724188879254,0.0246199267189435,0.0665283796568293,0,1,3.36666308734386,0.0665283796568296,FALSE,0.162785624619247,1656,,
1731,-1,-0.390288053193412,-0.807252837892779,0.0266767315059548,0.0665696252963051,0,1,3.3656421816493,0.0665696252963053,FALSE,0.162788244840452,1657,SEPTIN1,septin 1
23347,-1,-0.500316352707193,-1.03497019698383,0.0343374915694487,0.0666409789872848,0,1,3.36387764077514,0.0666409789872849,FALSE,0.162864443218624,1658,SMCHD1,structural maintenance of chromosomes flexible hinge domain containing 1
7876,-1,-0.47988848057785,-0.992946835780129,0.0331698746244294,0.0667654277169231,0,1,3.3608049111354,0.0667654277169231,FALSE,0.163070230927651,1659,,
1075,1,0.366863297514352,-0.0256476411245129,0.759374236153217,0.0669670563601467,0,1,3.35583951915271,0.0669670563601467,FALSE,0.163464164079105,1660,CTSC,cathepsin C
539,-1,-0.640983411912104,-1.32701244477883,0.0450456209546175,0.0670602498277544,0,1,3.35354989307465,0.0670602498277547,FALSE,0.163570143170584,1661,ATP5PO,ATP synthase peripheral stalk subunit OSCP
3931,-1,-0.28142941183044,-0.582698948367471,0.0198401247065911,0.067116898993019,0,1,3.35215976765943,0.0671168989930191,FALSE,0.163570143170584,1662,LCAT,lecithin-cholesterol acyltransferase
2009,-1,-0.462927036429903,-0.958562769891342,0.0327086970315356,0.0671573920079454,0,1,3.35116686957033,0.0671573920079457,FALSE,0.163570143170584,1663,EML1,EMAP like 1
4734,-1,-0.380635731796934,-0.788187452798147,0.026915989204279,0.0671719442832802,0,1,3.35081020068697,0.0671719442832798,FALSE,0.163570143170584,1664,NEDD4,NEDD4 E3 ubiquitin protein ligase
16,-2,-1.52688713956557,-3.16254191788544,0.108767638754296,0.067305216000223,3.72408501200666,0.0536330053881645,3.34754761467273,0.0673052160002229,FALSE,0.163796237377119,1665,AARS1,alanyl-tRNA synthetase 1
4413,-1,-0.354529119549241,-0.734743804556618,0.0256855654581356,0.0676159470307426,0,1,3.33996744050486,0.0676159470307427,FALSE,0.164453671889897,1666,,
1522,-1,-0.44890142170169,-0.931171252918447,0.0333684095150669,0.0680986581660362,0,1,3.32826542528369,0.068098658166036,FALSE,0.165528352062855,1667,CTSZ,cathepsin Z
950,1,0.41011897098084,-0.0306076047509364,0.850845546712616,0.068175010698503,0,1,3.32642259315552,0.068175010698503,FALSE,0.165614594334733,1668,SCARB2,scavenger receptor class B member 2
1716,1,0.32414857359924,-0.0246879714623232,0.672985118660803,0.0685684396713496,0,1,3.31696171408967,0.0685684396713499,FALSE,0.166470531784487,1669,DGUOK,deoxyguanosine kinase
6995,-1,-0.530191789777434,-1.10096272089706,0.0405791413421961,0.068664683064093,0,1,3.31465616525761,0.068664683064093,FALSE,0.166604368727967,1670,,
3104,-1,-0.304270636492949,-0.632005486416895,0.0234642134309967,0.0688138242680292,0,1,3.3110902488796,0.0688138242680287,FALSE,0.166866317135879,1671,ZBTB48,zinc finger and BTB domain containing 48
1508,1,0.39549717803815,-0.0306009502503122,0.821595306326612,0.0688800244953387,0,1,3.30951007227415,0.0688800244953387,FALSE,0.166926949315259,1672,CTSB,cathepsin B
6855,1,0.443483871811568,-0.0345961424203898,0.921563886043526,0.0690440099603732,0,1,3.30560278319245,0.069044009960373,FALSE,0.167224344506534,1673,SYP,synaptophysin
2389,-1,-0.332321874497352,-0.69101156384524,0.0263678148505356,0.0693881521601667,0,1,3.29743508051789,0.0693881521601667,FALSE,0.167957462695935,1674,,
18821,-1,-0.643909567319906,-1.33920055205854,0.0513814174187235,0.0695048097794707,0,1,3.29467622067959,0.0695048097794704,FALSE,0.168069595405623,1675,,
5164,-1,-0.405685522206234,-0.843762961381723,0.0323919169692548,0.0695174338350996,0,1,3.29437796903729,0.0695174338350995,FALSE,0.168069595405623,1676,PDK2,pyruvate dehydrogenase kinase 2
551,1,0.493461275812463,-0.0403662874570036,1.02728883908193,0.0700236060530476,0,1,3.28246684681896,0.0700236060530477,FALSE,0.169192398167531,1677,AVP,arginine vasopressin
1244,1,0.442330352907754,-0.0362608598765884,0.920921565692096,0.070068795619812,0,1,3.28140794206357,0.0700687956198122,FALSE,0.169200691210654,1678,ABCC2,ATP binding cassette subfamily C member 2
2421,-1,-0.437151534348231,-0.910223761198571,0.0359206925021088,0.0701187806529719,0,1,3.28023751893937,0.0701187806529721,FALSE,0.169220547472211,1679,,
1201,1,0.40249618694882,-0.0331470653198397,0.83813943921748,0.0701664032407789,0,1,3.27912324436238,0.070166403240779,FALSE,0.169234682102164,1680,CLN3,"CLN3 lysosomal/endosomal transmembrane protein, battenin"
976,-1,-0.621821176426764,-1.29505861802707,0.0514162651735459,0.070252645201388,0,1,3.27710741236765,0.070252645201388,FALSE,0.169341890753138,1681,ADGRE5,adhesion G protein-coupled receptor E5
3401,1,0.299718578917743,-0.0249149184308596,0.624352076266345,0.0703669980798453,0,1,3.27443859445617,0.0703669980798457,FALSE,0.169415450357202,1682,,
3176,-1,-0.633069084386763,-1.3188278986222,0.052689729848674,0.0703932736162591,0,1,3.27382602063693,0.0703932736162589,FALSE,0.169415450357202,1683,HNMT,histamine N-methyltransferase
2814,-1,-0.379750768838299,-0.791130260669601,0.0316287229930028,0.0704085928927758,0,1,3.27346898820429,0.0704085928927759,FALSE,0.169415450357202,1684,GP5,glycoprotein V platelet
4910,-1,-0.281184252301656,-0.585890866292211,0.0235223616888986,0.0705036658367441,0,1,3.27125506836247,0.0705036658367438,FALSE,0.169543533513642,1685,,
2021,-1,-0.483033864636015,-1.00665734731658,0.0405896180445544,0.0706012333937172,0,1,3.2689863796694,0.0706012333937173,FALSE,0.169573428329515,1686,ENDOG,endonuclease G
1443,-1,-0.341309127073308,-0.711327732363228,0.0287094782166117,0.070623344640116,0,1,3.2684727048798,0.0706233446401161,FALSE,0.169573428329515,1687,CSH2,chorionic somatomammotropin hormone 2
1480,-2,-0.467636893143002,-0.974642386834905,0.0393686005489018,0.0706416453653062,6.4700455612956,0.0109707719758331,3.26804768403676,0.070641645365306,FALSE,0.169573428329515,1688,,
1551,-1,-0.347396854137324,-0.724369402218455,0.0295756939438067,0.0708881379329562,0,1,3.26233454191856,0.0708881379329563,FALSE,0.170064378273735,1689,CYP3A7,cytochrome P450 family 3 subfamily A member 7
1137,-1,-0.30082967038858,-0.62769432100843,0.0260349802312702,0.0712545758881986,0,1,3.25388055551448,0.0712545758881987,FALSE,0.170842332247918,1690,CHRNA4,cholinergic receptor nicotinic alpha 4 subunit
1346,-1,-0.296662431016201,-0.619296356037938,0.0259714940055359,0.0715154945656244,0,1,3.24788932142761,0.0715154945656246,FALSE,0.171313883213883,1691,COX7A1,cytochrome c oxidase subunit 7A1
2329,1,0.454880772924482,-0.0398582657989098,0.949619811647874,0.0715358071070803,0,1,3.24742388655541,0.0715358071070804,FALSE,0.171313883213883,1692,FMO4,flavin containing dimethylaniline monoxygenase 4
20122,-1,-0.393542624904802,-0.821673314170726,0.0345880643611221,0.0716050069244683,0,1,3.24583932737847,0.0716050069244681,FALSE,0.171367532025871,1693,,
371,-1,-0.382288775770828,-0.798262041261606,0.0336844897199506,0.0716633379103392,0,1,3.24450492048453,0.0716633379103394,FALSE,0.171367532025871,1694,,
7173,-1,-0.379653725558191,-0.79285014850687,0.0335426973904882,0.0717254379969854,0,1,3.24308556876918,0.0717254379969854,FALSE,0.171367532025871,1695,TPO,thyroid peroxidase
2419,-1,-0.454625130096671,-0.949479526983369,0.0402292667900272,0.0717614695921038,0,1,3.2422626389419,0.0717614695921038,FALSE,0.171367532025871,1696,,
1511,-1,-0.592196619968904,-1.23685721681311,0.0524639768753059,0.0717884186917933,0,1,3.24164743476273,0.0717884186917932,FALSE,0.171367532025871,1697,CTSG,cathepsin G
14262,-1,-0.494449360977753,-1.03274766701567,0.0438489450601641,0.0718119618410484,0,1,3.24111018547619,0.0718119618410483,FALSE,0.171367532025871,1698,,
1087,-1,-0.358203826704048,-0.74834618147703,0.0319385280689341,0.0719374234814833,0,1,3.23825035997834,0.0719374234814829,FALSE,0.171565885783973,1699,CEACAM7,CEA cell adhesion molecule 7
2470,-1,-0.345359448931347,-0.72183696659816,0.0311180687354657,0.0721831093750116,0,1,3.23266554827604,0.0721831093750123,FALSE,0.172050564227969,1700,,
1871,-1,-0.387742896448732,-0.810595079267466,0.0351092863700019,0.0722993074848496,0,1,3.23003128471153,0.0722993074848493,FALSE,0.172226216301358,1701,E2F3,E2F transcription factor 3
9363,-1,-0.371402251449349,-0.77707689742402,0.0342723945253219,0.0727523146463327,0,1,3.21980458592432,0.0727523146463328,FALSE,0.173203512894794,1702,RAB33A,"RAB33A, member RAS oncogene family"
967,1,0.434105550735659,-0.0403824557935352,0.908593557264853,0.072947906208547,0,1,3.21541017189945,0.072947906208547,FALSE,0.173567184942474,1703,CD63,CD63 molecule
735,1,0.421995787777549,-0.039683160596364,0.883674736151462,0.0732135427042857,0,1,3.20946223592947,0.0732135427042861,FALSE,0.174096992393055,1704,C9,complement C9
165,-2,-0.502489680960641,-1.05234323196427,0.0473638700429865,0.0732717104899045,2.46073152897124,0.116724409499448,3.20816287615421,0.0732717104899051,FALSE,0.174133120765451,1705,AEBP1,AE binding protein 1
3868,-1,-0.347411158893844,-0.727778262082953,0.0329559442952652,0.0734301430704496,0,1,3.204629393333,0.0734301430704494,FALSE,0.17440735036428,1706,KRT16,keratin 16
10974,-1,-0.323009197080316,-0.676765793947267,0.0307473997866344,0.0735166071991379,0,1,3.20270445427982,0.0735166071991378,FALSE,0.174510423181551,1707,ADIRF,adipogenesis regulatory factor
41,2,3.17026951039407,-0.303357157358199,6.64389617814633,0.0736474632839305,4.95300919716966,0.0260452966175568,3.19979583937311,0.0736474632839307,FALSE,0.174686229065444,1708,ASIC1,acid sensing ion channel subunit 1
1384,1,0.469791262176872,-0.0450060072543612,0.984588531608105,0.0736768917751344,0,1,3.19914247899873,0.0736768917751345,FALSE,0.174686229065444,1709,CRAT,carnitine O-acetyltransferase
100522,-1,-0.240367920378651,-0.503821982944465,0.0230861421871629,0.073741351344306,0,1,3.19771234986817,0.0737413513443067,FALSE,0.174736816167911,1710,,
2597,1,0.258898116713084,-0.0250811687659654,0.542877402192133,0.0739602564697505,0,1,3.19286561884535,0.0739602564697507,FALSE,0.17515310298973,1711,GAPDH,glyceraldehyde-3-phosphate dehydrogenase
4674,-1,-0.355319819989373,-0.745530157799549,0.0348905178208032,0.0743076368397361,0,1,3.18520586693382,0.0743076368397359,FALSE,0.175872981585637,1712,NAP1L2,nucleosome assembly protein 1 like 2
2439,1,0.35197250277098,-0.0346294383701352,0.738574443912095,0.074358302484655,0,1,3.1840919007801,0.074358302484655,FALSE,0.17589015859184,1713,,
737,-1,-0.65131074618827,-1.3677187039528,0.0650972115762612,0.0747704889597356,0,1,3.17505949094783,0.0747704889597356,FALSE,0.176761972733284,1714,,
1826,-1,-0.315681829221222,-0.663032474142831,0.0316688157003867,0.0748684786664458,0,1,3.17292007002994,0.074868478666446,FALSE,0.176807241017136,1715,DSCAM,DS cell adhesion molecule
2659,-1,-0.67521359419861,-1.41824317863567,0.0678159902384451,0.0748995596453567,0,1,3.17224210356251,0.0748995596453568,FALSE,0.176807241017136,1716,,
1436,-1,-0.811498852955579,-1.70456609127618,0.0815683853650207,0.0749205411713775,0,1,3.17178460634592,0.0749205411713774,FALSE,0.176807241017136,1717,CSF1R,colony stimulating factor 1 receptor
2428,-1,-0.373259810903606,-0.784153675992177,0.0376340541849646,0.0750024231308992,0,1,3.1700005052225,0.0750024231308994,FALSE,0.176897449666126,1718,,
1233,-1,-0.454314229321638,-0.954741039004488,0.0461125803612124,0.0751807340417657,0,1,3.16612257180503,0.0751807340417656,FALSE,0.177214854181056,1719,CCR4,C-C motif chemokine receptor 4
768,1,0.504786222740085,-0.0514315529963236,1.06100399847649,0.0752835746530646,0,1,3.16389046856381,0.0752835746530645,FALSE,0.177354095636173,1720,CA9,carbonic anhydrase 9
647,-1,-0.345991236197277,-0.727543132919855,0.0355606605253008,0.0755196798431584,0,1,3.15877829611128,0.0755196798431582,FALSE,0.177740404714942,1721,,
3160,-1,-0.301620030275007,-0.634258049210211,0.0310179886601971,0.0755352855180481,0,1,3.15844100582172,0.0755352855180485,FALSE,0.177740404714942,1722,,
1727,-1,-0.304690244567573,-0.641230618372953,0.0318501292378066,0.0759848956525337,0,1,3.14875547241335,0.0759848956525337,FALSE,0.178694600803289,1723,CYB5R3,cytochrome b5 reductase 3
1755,1,3.66912103643229,-0.387627376919888,7.72586944978447,0.0762805900359997,0,1,3.14241912280451,0.0762805900359997,FALSE,0.179285934353753,1724,DMBT1,deleted in malignant brain tumors 1
1484,1,0.357455051603481,-0.0378297929123294,0.752739896119292,0.076329789560405,0,1,3.14136740313564,0.076329789560405,FALSE,0.17929754007094,1725,,
2064,-1,-0.376382857880672,-0.792661274195689,0.0398955584343447,0.0763740262000103,0,1,3.14042239527998,0.0763740262000102,FALSE,0.17929754007094,1726,ERBB2,erb-b2 receptor tyrosine kinase 2
6931,-1,-0.552450867510553,-1.16446293353581,0.0595611985147002,0.0768572179468533,0,1,3.13013834512789,0.0768572179468535,FALSE,0.180327415819716,1727,,
960,1,0.783208131621351,-0.0849246464664138,1.65134090970912,0.0770222089989969,0,1,3.12664266195043,0.077022208998997,FALSE,0.180609948416629,1728,CD44,CD44 molecule (IN blood group)
1147,1,0.440073681553551,-0.0480524914888358,0.928199854595938,0.0772249282793213,0,1,3.12235863855891,0.077224928279321,FALSE,0.180939583901972,1729,CHUK,component of inhibitor of nuclear factor kappa B kinase complex
1801,-1,-0.33014889376213,-0.696416638347955,0.036118850823695,0.0772809003207006,0,1,3.12117792440484,0.0772809003207005,FALSE,0.180939583901972,1730,DPH1,diphthamide biosynthesis 1
2296,-1,-0.497183537709732,-1.04880291507699,0.0544358396575301,0.0773040412734547,0,1,3.12069004143095,0.0773040412734546,FALSE,0.180939583901972,1731,FOXC1,forkhead box C1
1100,1,0.803652733984049,-0.0881031682020397,1.69540863617014,0.0773414016086416,0,1,3.1199027013443,0.0773414016086415,FALSE,0.180939583901972,1732,,
43104,-1,-0.416955471923494,-0.879743910102525,0.0458329662555371,0.0774200222870055,0,1,3.1182471672948,0.0774200222870051,FALSE,0.181019001908221,1733,,
9931,1,0.511186295120189,-0.0574616578327598,1.07983424807314,0.0780844414735627,0,1,3.10432816826676,0.0780844414735627,FALSE,0.182467218483781,1734,HELZ,helicase with zinc finger
1202,2,0.270786457845681,-0.0306022803456061,0.572175196036968,0.0782461885686885,0.14595798923693,0.702428367809983,3.10095899953235,0.0782461885686888,FALSE,0.18264014403832,1735,,
246,1,0.553665688380519,-0.0625761627303668,1.16990753949141,0.0782485908318171,0,1,3.10090901725547,0.0782485908318169,FALSE,0.18264014403832,1736,ALOX15,arachidonate 15-lipoxygenase
1126,1,0.335543089778827,-0.038033354112941,0.709119533670595,0.0783361999320341,0,1,3.09908732130526,0.0783361999320342,FALSE,0.182739367947382,1737,,
9668,1,0.6738863477191,-0.0766520404978204,1.42442473593602,0.0784427365084094,0,1,3.0968750108262,0.0784427365084093,FALSE,0.182882605484508,1738,ZNF432,zinc finger protein 432
849,1,0.75167325687546,-0.0861679671509673,1.58951448090189,0.0786809945289786,0,1,3.09193909298364,0.0786809945289787,FALSE,0.183332599098,1739,,
285,1,0.482459593519466,-0.0570656578954297,1.02198484493436,0.0796606720460239,0,1,3.07181122923108,0.0796606720460236,FALSE,0.185508645477293,1740,ANGPT2,angiopoietin 2
9135,-1,-0.667318997685876,-1.41392521472108,0.0792872193493261,0.0798044188158769,0,1,3.06888034467127,0.0798044188158769,FALSE,0.185736648501972,1741,RABEP1,"rabaptin, RAB GTPase binding effector protein 1"
3192,-1,-0.330438837798037,-0.700207957037224,0.0393302814411496,0.0798609342193231,0,1,3.06772959734285,0.0798609342193231,FALSE,0.18576148418869,1742,HNRNPU,heterogeneous nuclear ribonucleoprotein U
1589,-1,-0.373590518412955,-0.792280235616928,0.0450991987910183,0.080317591781636,0,1,3.05846336661174,0.0803175917816361,FALSE,0.18671651285094,1743,CYP21A2,cytochrome P450 family 21 subfamily A member 2
458,1,0.350519633452553,-0.042494600059228,0.743533866964334,0.0804565476393289,0,1,3.05565502059502,0.0804565476393288,FALSE,0.186932299905138,1744,,
1681,-1,-0.331255002675278,-0.702760475102448,0.0402504697518917,0.0805310246008394,0,1,3.05415196696523,0.0805310246008392,FALSE,0.186998115577422,1745,,
1566,-1,-0.322807203296206,-0.684895838310778,0.0392814317183658,0.0805790789885919,0,1,3.05318295462279,0.0805790789885922,FALSE,0.187002536117855,1746,,
1055,-1,-0.348297816573945,-0.739270960126572,0.0426753269786824,0.0808055885605082,0,1,3.04862378465792,0.0808055885605084,FALSE,0.18732401709763,1747,,
799,1,0.310558601938575,-0.0380584702972067,0.659175674174357,0.0808118157603004,0,1,3.04849863869347,0.0808118157603009,FALSE,0.18732401709763,1748,CALCR,calcitonin receptor
3728,1,0.31791368020295,-0.03901213845198,0.67483949885788,0.0808562946455465,0,1,3.04760506361841,0.0808562946455467,FALSE,0.18732401709763,1749,JUP,junction plakoglobin
668,1,1.01971615350499,-0.125740866175843,2.16517317318582,0.0810176324468076,0,1,3.04436825090488,0.0810176324468078,FALSE,0.187464048102833,1750,FOXL2,forkhead box L2
1185,-1,-0.317462614448835,-0.674115417591619,0.0391901886939491,0.0810551018522828,0,1,3.04361752188397,0.0810551018522823,FALSE,0.187464048102833,1751,CLCN6,chloride voltage-gated channel 6
2502,1,0.474373335072942,-0.058575720461149,1.00732239060703,0.0810637612149849,0,1,3.04344407798368,0.0810637612149848,FALSE,0.187464048102833,1752,,
2440,-1,-0.703100590842905,-1.49311904436521,0.0869178626793954,0.0811017957364924,0,1,3.04268249685306,0.0811017957364923,FALSE,0.187464048102833,1753,,
977,1,0.414972086717265,-0.0514588649523158,0.881403038386846,0.0812059193346043,0,1,3.04059955571171,0.0812059193346043,FALSE,0.187555888952443,1754,CD151,CD151 molecule (Raph blood group)
8965,-1,-1.59540861916217,-3.388822982775,0.198005744450657,0.0812341029396686,0,1,3.04003625199243,0.0812341029396686,FALSE,0.187555888952443,1755,,
4994,1,0.369981033565112,-0.0460037046494247,0.785965771779649,0.0812966265054825,0,1,3.03878735011602,0.0812966265054827,FALSE,0.187593354555931,1756,OR3A1,olfactory receptor family 3 subfamily A member 1
550,2,0.233124856923089,-0.0291622483158446,0.495411962162023,0.0815003147457736,0.65678087264638,0.417698721921584,3.03472587258667,0.0815003147457737,FALSE,0.187956332014726,1757,AUP1,AUP1 lipid droplet regulating VLDL assembly factor
2454,1,0.34610471672152,-0.0435336429590513,0.735743076402091,0.0816869996428785,0,1,3.03101304238001,0.0816869996428786,FALSE,0.188279705661515,1758,,
1993,-1,-0.337303722610865,-0.717206779242829,0.0425993340210991,0.081825823584553,0,1,3.02825801178886,0.081825823584553,FALSE,0.188447459941222,1759,ELAVL2,ELAV like RNA binding protein 2
1663,-1,-0.313126730433213,-0.665830532820738,0.0395770719543117,0.0818527960258021,0,1,3.02772331537482,0.0818527960258025,FALSE,0.188447459941222,1760,DDX11,DEAD/H-box helicase 11
220,2,0.765680365788871,-0.0981252453430102,1.62948597692075,0.0823308714838152,2.50419602502361,0.113543416694678,3.01827746902054,0.0823308714838154,FALSE,0.189440483391493,1761,ALDH1A3,aldehyde dehydrogenase 1 family member A3
2359,1,0.511063660260453,-0.0657663695500893,1.087893690071,0.0824751516253089,0,1,3.01543839819178,0.0824751516253089,FALSE,0.189664764123582,1762,FPR3,formyl peptide receptor 3
546,-1,-0.446490043728757,-0.950883360327504,0.0579032728699897,0.0827471260351567,0,1,3.01010117529173,0.0827471260351567,FALSE,0.190182277194813,1763,ATRX,ATRX chromatin remodeler
1234,-1,-0.507147597294356,-1.08042950787978,0.0661343132910728,0.0829427866803068,0,1,3.00627323403408,0.0829427866803069,FALSE,0.190523906818936,1764,CCR5,C-C motif chemokine receptor 5
664,-1,-0.481359434571808,-1.0266289749922,0.063910105848579,0.0835874091321468,0,1,2.99373036724259,0.0835874091321466,FALSE,0.191895853713008,1765,BNIP3,BCL2 interacting protein 3
1208,-1,-0.275283040481926,-0.587272475519266,0.036706394555414,0.0837430816452857,0,1,2.99071700089508,0.0837430816452853,FALSE,0.192124598953026,1766,CLPS,colipase
1421,1,0.658664567895599,-0.0880295067953227,1.40535864258652,0.0838271270721237,0,1,2.98909264098747,0.0838271270721236,FALSE,0.192124598953026,1767,CRYGD,crystallin gamma D
822,-1,-0.415225312983349,-0.885948143362496,0.0554975173957977,0.0838292919419918,0,1,2.98905082343811,0.083829291941992,FALSE,0.192124598953026,1768,CAPG,"capping actin protein, gelsolin like"
6,2,2.31251975603209,-0.309947991801238,4.93498750386542,0.0839314174714592,10.3976157287854,0.00126178131432293,2.98707944795946,0.0839314174714596,FALSE,0.192249917238187,1769,,
2768,-1,-0.27123365539356,-0.578883537594437,0.0364162268073169,0.0839945185874321,0,1,2.9858626735504,0.0839945185874315,FALSE,0.192285756675861,1770,GNA12,G protein subunit alpha 12
444,2,0.569673692866357,-0.07739428954368,1.21674167527639,0.0844306928777197,4.20718005651225,0.0402532020307255,2.9774788759499,0.0844306928777195,FALSE,0.193148746198149,1771,ASPH,aspartate beta-hydroxylase
11038,-1,-0.478819297660264,-1.02277252683972,0.0651339315191923,0.0844780340361436,0,1,2.97657173890532,0.0844780340361437,FALSE,0.193148746198149,1772,,
11204,-1,-0.528091908110387,-1.12809069393893,0.071906877718154,0.0845144933389236,0,1,2.97587349118811,0.0845144933389235,FALSE,0.193148746198149,1773,,
21445,-1,-0.248939579217798,-0.531866548121175,0.0339873896855789,0.0846143984528732,0,1,2.97396183292739,0.0846143984528734,FALSE,0.1932431283831,1774,,
677,1,0.427624444625095,-0.0584404539673327,0.913689343217523,0.0846511729713726,0,1,2.97325877643252,0.0846511729713725,FALSE,0.1932431283831,1775,ZFP36L1,ZFP36 ring finger protein like 1
214,2,0.496235212259138,-0.0681003909874829,1.06057081550576,0.0848075163507042,2.14393607573345,0.143134232770795,2.9702734798925,0.0848075163507046,FALSE,0.193491022665007,1776,ALCAM,activated leukocyte cell adhesion molecule
1141,-1,-0.364366285575247,-0.779134398946933,0.0504018277964395,0.085107039401707,0,1,2.96457082501489,0.085107039401707,FALSE,0.194065123047674,1777,CHRNB2,cholinergic receptor nicotinic beta 2 subunit
1047,1,0.387797055556448,-0.0538264445369385,0.829420555649835,0.0852367645548553,0,1,2.96210770425846,0.085236764554855,FALSE,0.194251614159884,1778,CLGN,calmegin
557,1,0.453813438905828,-0.0634814339281908,0.971108311739847,0.0855341082343317,0,1,2.95647723624453,0.0855341082343315,FALSE,0.194819677664706,1779,,
1637,1,0.414135529442336,-0.0581080799157403,0.886379138800412,0.0856514101134126,0,1,2.95426184162674,0.0856514101134128,FALSE,0.19497725493233,1780,,
4627,-1,-0.334836554686358,-0.716742080747067,0.0470689713743512,0.0857231401190336,0,1,2.95290874616236,0.0857231401190334,FALSE,0.195030973476881,1781,MYH9,myosin heavy chain 9
3554,1,0.533842260529612,-0.0753910517575378,1.14307557281676,0.0859018219760304,0,1,2.94954345895025,0.0859018219760307,FALSE,0.195327824156496,1782,IL1R1,interleukin 1 receptor type 1
422,1,0.361703575523672,-0.0515984192502676,0.775005570297612,0.0862950850001452,0,1,2.94216336218465,0.0862950850001455,FALSE,0.196111993505658,1783,,
2930,1,0.596463453376206,-0.0854864688201645,1.27841337557258,0.0864789903611194,0,1,2.93872461719732,0.0864789903611194,FALSE,0.196419769587027,1784,,
1414,-1,-0.50971172093791,-1.09273901623012,0.073315574354297,0.0866207998476981,0,1,2.93607840026171,0.0866207998476981,FALSE,0.196631642007212,1785,CRYBB1,crystallin beta B1
4165,-1,-0.418825855126796,-0.898294295623678,0.0606425853700862,0.086883746530423,0,1,2.93118410568784,0.0868837465304232,FALSE,0.197118108029829,1786,,
9731,-1,-0.408304550096832,-0.875858809465525,0.0592497092718607,0.0869718508976467,0,1,2.92954778223558,0.086971850897647,FALSE,0.197207576853533,1787,CEP104,centrosomal protein 104
2512,1,0.518913439482478,-0.0759747932421704,1.11380167220713,0.0873303073213338,0,1,2.92290878639736,0.0873303073213338,FALSE,0.197909622632016,1788,FTL,ferritin light chain
3054,-1,-0.406441322960304,-0.872501753625544,0.0596191077049357,0.0874060158755337,0,1,2.92151035780718,0.0874060158755341,FALSE,0.197970473073037,1789,HCFC1,host cell factor C1
25,-2,-2.05440523245599,-4.41134690955585,0.302536444643867,0.0875652073169108,8.07912913576856,0.00447779592050336,2.91857417385915,0.0875652073169109,FALSE,0.198159431966723,1790,ABL1,"ABL proto-oncogene 1, non-receptor tyrosine kinase"
4582,-1,-0.307564743798744,-0.660473409063369,0.0453439214658812,0.0876112024543611,0,1,2.91772689956135,0.0876112024543611,FALSE,0.198159431966723,1791,MUC1,"mucin 1, cell surface associated"
2278,1,0.558402222848203,-0.0824273685237744,1.19923181422018,0.0876620274410855,0,1,2.91679121502131,0.0876620274410854,FALSE,0.198159431966723,1792,,
333853,-1,-0.516312852607708,-1.1089010813127,0.0762753760972832,0.0876946294048746,0,1,2.91619132441079,0.0876946294048741,FALSE,0.198159431966723,1793,,
10013,-1,-0.33539558888732,-0.720387236098608,0.0495960583239679,0.0877339637088601,0,1,2.91546787724044,0.0877339637088604,FALSE,0.198159431966723,1794,HDAC6,histone deacetylase 6
859,1,0.387696246784395,-0.0578227205201445,0.833215214088935,0.0880852851303391,0,1,2.90902182146736,0.088085285130339,FALSE,0.198712742198969,1795,CAV3,caveolin 3
1440,-1,-0.320807481177568,-0.689476991286426,0.0478620289312898,0.0880985538423992,0,1,2.90877891290955,0.0880985538423993,FALSE,0.198712742198969,1796,CSF3,colony stimulating factor 3
665,-1,-0.387100866431772,-0.831992730673226,0.0577909978096818,0.0881260606445081,0,1,2.90827547576586,0.0881260606445084,FALSE,0.198712742198969,1797,BNIP3L,BCL2 interacting protein 3 like
678,-1,-0.333637114081333,-0.717571870147469,0.050297641984803,0.0885311091118388,0,1,2.90088181991914,0.088531109111839,FALSE,0.199515046785968,1798,ZFP36L2,ZFP36 ring finger protein like 2
1657,-1,-0.615919055057691,-1.32517265385026,0.0933345437348736,0.0887475609295094,0,1,2.89694577712372,0.088747560929509,FALSE,0.199891671420996,1799,DMXL1,Dmx like 1
658,-1,-0.372230143587599,-0.800937179891341,0.0564768927161424,0.088799847447698,0,1,2.89599653943497,0.0887998474476979,FALSE,0.199898323254485,1800,BMPR1B,bone morphogenetic protein receptor type 1B
3250,-1,-0.341276860666274,-0.73449225021245,0.0519385288799022,0.0889281947261591,0,1,2.89366902040693,0.0889281947261591,FALSE,0.200076093853635,1801,HPR,haptoglobin-related protein
1,2,2.61592812354976,-0.399146243578051,5.63100249067757,0.0890374807041724,26.5433862617198,2.57685383637432e-07,2.89169003823909,0.0890374807041722,FALSE,0.200210805667762,1802,A1BG,alpha-1-B glycoprotein
1118,-1,-0.326843083935387,-0.703665527106995,0.0499793592362208,0.0891296677588211,0,1,2.89002273499611,0.0891296677588207,FALSE,0.200306940520656,1803,CHIT1,chitinase 1
847,-1,-0.413176255118995,-0.890268182919768,0.0639156726817783,0.0896231451617925,0,1,2.88112933949478,0.0896231451617923,FALSE,0.201304314964292,1804,CAT,catalase
2826,-1,-0.580090389312891,-1.25006792514235,0.0898871465165708,0.0896954210236617,0,1,2.87983125189606,0.0896954210236618,FALSE,0.201355039328464,1805,CCR10,C-C motif chemokine receptor 10
4046,-1,-0.409838060397442,-0.883877452016472,0.0642013312215877,0.0901670720296235,0,1,2.87138807851506,0.0901670720296231,FALSE,0.20222647512548,1806,LSP1,lymphocyte specific protein 1
1351,-1,-0.417452271553913,-0.900323187907147,0.0654186447993211,0.0901834256050699,0,1,2.87109618807669,0.0901834256050699,FALSE,0.20222647512548,1807,COX8A,cytochrome c oxidase subunit 8A
1587,-1,-0.626672006837359,-1.35176359034077,0.0984195766660525,0.0902785389383618,0,1,2.86939967412815,0.0902785389383615,FALSE,0.202327787487966,1808,,
190,-2,-0.384934213807871,-0.830417323362338,0.060548895746596,0.0903468666897673,2.80205846198503,0.0941433700706721,2.86818212491291,0.0903468666897671,FALSE,0.202368990506875,1809,NR0B1,nuclear receptor subfamily 0 group B member 1
1134,1,0.477783358133665,-0.0752688108141804,1.03083552708151,0.0904138808796327,0,1,2.86698895258844,0.0904138808796324,FALSE,0.202392660495796,1810,CHRNA1,cholinergic receptor nicotinic alpha 1 subunit
2525,-1,-0.342578336607659,-0.739179096495069,0.0540224232797508,0.0904573317270203,0,1,2.86621583294284,0.0904573317270202,FALSE,0.202392660495796,1811,FUT3,fucosyltransferase 3 (Lewis blood group)
3039,1,0.305471695515931,-0.0483757339890104,0.659319125020872,0.0906439956710002,0,1,2.86289910545599,0.0906439956710004,FALSE,0.20269838325546,1812,HBA1,hemoglobin subunit alpha 1
2867,-1,-0.296411962540273,-0.639866024097806,0.0470420990172603,0.0907389997527365,0,1,2.86121387638032,0.0907389997527364,FALSE,0.202798911747429,1813,FFAR2,free fatty acid receptor 2
887,-1,-0.41243574365525,-0.890650479311314,0.065778992000814,0.0909574463034973,0,1,2.85734621800788,0.0909574463034969,FALSE,0.203175067487195,1814,CCKBR,cholecystokinin B receptor
1249,-1,-0.678191638873926,-1.46579083279183,0.10940755504398,0.0914688251657541,0,1,2.84833140671558,0.0914688251657537,FALSE,0.204035641601193,1815,,
6197,-1,-0.271358995362993,-0.586555877494589,0.0438378867686024,0.0915321708630479,0,1,2.84721853179517,0.0915321708630473,FALSE,0.204035641601193,1816,RPS6KA3,ribosomal protein S6 kinase A3
11703,1,0.592434256846666,-0.0957263155368495,1.28059482923018,0.0915410806044788,0,1,2.84706207006448,0.0915410806044784,FALSE,0.204035641601193,1817,,
118867,1,0.28033757731931,-0.0453003764466929,0.605975531085313,0.091544125476547,0,1,2.84700860362283,0.0915441254765466,FALSE,0.204035641601193,1818,,
10913,-1,-0.341606063895851,-0.738744594473644,0.0555324666819417,0.0918151912584912,0,1,2.84225654680276,0.0918151912584908,FALSE,0.204527297954594,1819,EDAR,ectodysplasin A receptor
2103,-1,-0.326734191793692,-0.706656273874521,0.0531878902871372,0.0918776447318227,0,1,2.841163834232,0.0918776447318225,FALSE,0.204553965084256,1820,ESRRB,estrogen related receptor beta
826,-1,-0.5502062017639,-1.19008406390908,0.0896716603812831,0.0919312546919803,0,1,2.84022649489398,0.0919312546919802,FALSE,0.204560924773149,1821,CAPNS1,calpain small subunit 1
850,1,1.63154436800128,-0.266539384724978,3.52962812072754,0.0920397035453573,0,1,2.83833214326807,0.0920397035453579,FALSE,0.20468983466838,1822,,
1513,1,0.323254931519152,-0.0529630686040269,0.699472931642331,0.0921729818302437,0,1,2.83600739716534,0.0921729818302433,FALSE,0.204832002842834,1823,CTSK,cathepsin K
4479,-1,-0.326371387292755,-0.706284277304952,0.0535415027194422,0.0922310951085008,0,1,2.83499488217391,0.0922310951085008,FALSE,0.204832002842834,1824,,
5662,-1,-0.474428629566797,-1.02690668924939,0.078049430115794,0.0923602171592174,0,1,2.83274765132888,0.092360217159218,FALSE,0.204832002842834,1825,PSD,pleckstrin and Sec7 domain containing
4224,-1,-0.259314926832745,-0.561291581384894,0.042661727719404,0.0923614968344788,0,1,2.83272539704006,0.0923614968344786,FALSE,0.204832002842834,1826,MEP1A,meprin A subunit alpha
914,-1,-0.476451560227906,-1.03131157351695,0.0784084530611349,0.0923756161358391,0,1,2.83247987650816,0.0923756161358392,FALSE,0.204832002842834,1827,CD2,CD2 molecule
3896,-1,-0.29041229856232,-0.628649539354067,0.0478249422294273,0.092406935142325,0,1,2.83193541581748,0.0924069351423249,FALSE,0.204832002842834,1828,,
14883,1,0.377632606305043,-0.0622679017921548,0.817533114402241,0.0924658898268224,0,1,2.83091107050242,0.0924658898268226,FALSE,0.204850620873857,1829,,
1814,-1,-0.290716433950755,-0.629493579377324,0.0480607114758139,0.0925856798144052,0,1,2.82883188827863,0.0925856798144055,FALSE,0.205003920550803,1830,DRD3,dopamine receptor D3
2594,-1,-0.339464235483857,-0.735307625502908,0.0563791545351938,0.0927997533909036,0,1,2.82512350625015,0.0927997533909033,FALSE,0.205267116494409,1831,,
389,-2,-0.481742500582162,-1.04350463083752,0.0800196296731905,0.0928058631337011,3.97291962387226,0.0462375362038209,2.82501780410102,0.0928058631337013,FALSE,0.205267116494409,1832,RHOC,ras homolog family member C
2677,-1,-0.281163785640645,-0.609206581136358,0.0468790098550679,0.0929816373481205,0,1,2.82198004152902,0.0929816373481204,FALSE,0.205543695872659,1833,GGCX,gamma-glutamyl carboxylase
2352,-1,-0.284537053479482,-0.616676482924906,0.047602375965942,0.0931401474490092,0,1,2.81924598875783,0.0931401474490093,FALSE,0.205713359363807,1834,FOLR3,folate receptor gamma
1060,1,0.600489136828104,-0.10050277879527,1.30148105245148,0.093159924588496,0,1,2.81890521883125,0.0931599245884958,FALSE,0.205713359363807,1835,CENPC,centromere protein C
2175,-1,-0.377959786889728,-0.819487149511879,0.0635675757324232,0.0933892627499213,0,1,2.81495934322751,0.093389262749921,FALSE,0.206107457877277,1836,FANCA,FA complementation group A
5562,1,0.371922133470588,-0.0628533852615308,0.806697652202707,0.093616517856576,0,1,2.81105968723917,0.0936165178565753,FALSE,0.206496532582932,1837,PRKAA1,protein kinase AMP-activated catalytic subunit alpha 1
3336,1,0.32534277358086,-0.0551241445710375,0.705809691732758,0.0937394467240838,0,1,2.80895453855896,0.093739446724084,FALSE,0.206655189404781,1838,HSPE1,heat shock protein family E (Hsp10) member 1
2747,-1,-0.511938720098862,-1.11118675644909,0.0873093162513688,0.0940518353033014,0,1,2.80361838675858,0.0940518353033016,FALSE,0.207231123789547,1839,GLUD2,glutamate dehydrogenase 2
1913,-1,-0.285821683823181,-0.620457952659911,0.0488145850135492,0.0941193869887089,0,1,2.80246701928337,0.0941193869887089,FALSE,0.207240036218231,1840,,
6415,-1,-0.395801667557281,-0.859255683591375,0.0676523484768127,0.0941581704535447,0,1,2.80180639056482,0.0941581704535446,FALSE,0.207240036218231,1841,SELENOW,selenoprotein W
352,1,0.43230280422429,-0.0741819500233298,0.93878755847191,0.0943471465780024,0,1,2.79859164419549,0.094347146578003,FALSE,0.207543234491892,1842,,
1007,-1,-0.408130790224769,-0.886577121574597,0.0703155411250586,0.0945410631554479,0,1,2.79530012885814,0.0945410631554481,FALSE,0.207793436249803,1843,CDH9,cadherin 9
1161,1,0.587789200128798,-0.101315090676168,1.27689349093376,0.0945634492706408,0,1,2.79492062285118,0.0945634492706411,FALSE,0.207793436249803,1844,ERCC8,"ERCC excision repair 8, CSA ubiquitin ligase complex subunit"
1510,1,0.383317100459001,-0.0661448373073585,0.83277903822536,0.0946176534457168,0,1,2.79400211833222,0.0946176534457164,FALSE,0.207799854613574,1845,CTSE,cathepsin E
2012,1,0.494563011409401,-0.0857043852313541,1.07483040805016,0.094824225488562,0,1,2.79050694086693,0.0948242254885614,FALSE,0.208140715969476,1846,EMP1,epithelial membrane protein 1
1139,1,0.442925780993065,-0.076962817363986,0.962814379350116,0.0949556676325762,0,1,2.78828726490254,0.0949556676325764,FALSE,0.208263842043775,1847,CHRNA7,cholinergic receptor nicotinic alpha 7 subunit
1056,1,0.31093976756314,-0.0540592282591971,0.675938763385477,0.0949831145352654,0,1,2.78782418854517,0.0949831145352655,FALSE,0.208263842043775,1848,CEL,carboxyl ester lipase
965,-1,-0.402997936937484,-0.876174239748184,0.0701783658732158,0.0950628633572614,0,1,2.78647951505247,0.0950628633572611,FALSE,0.208325972051716,1849,CD58,CD58 molecule
2595,-1,-0.290661726779267,-0.632090829393909,0.0507673758353752,0.0952095069960692,0,1,2.78401010610375,0.0952095069960696,FALSE,0.20853455262058,1850,GANC,"glucosidase alpha, neutral C"
2636,-1,-0.300369920123557,-0.65330916624141,0.0525693259942959,0.0953092233167955,0,1,2.78233329473846,0.0953092233167954,FALSE,0.208640179837739,1851,GBX1,gastrulation brain homeobox 1
495,1,0.453962059538576,-0.0795895093685726,0.987513628445725,0.095395645714612,0,1,2.78088157585795,0.095395645714612,FALSE,0.208716607146657,1852,ATP4A,ATPase H+/K+ transporting subunit alpha
6780,1,0.348391064979744,-0.0613592358196978,0.758141365779186,0.0956211227957802,0,1,2.77710075544254,0.0956211227957801,FALSE,0.209008006015584,1853,STAU1,staufen double-stranded RNA binding protein 1
3081,-1,-0.242902948340975,-0.528601143093471,0.0427952464115209,0.0956382584403386,0,1,2.77681382039923,0.0956382584403384,FALSE,0.209008006015584,1854,HGD,"homogentisate 1,2-dioxygenase"
1856,-1,-0.452352090970382,-0.984473387776672,0.0797692058359079,0.0956835762978547,0,1,2.77605524611558,0.0956835762978547,FALSE,0.209008006015584,1855,DVL2,dishevelled segment polarity protein 2
3557,1,0.326288796564426,-0.0576236899880215,0.710201283116874,0.0957569566613154,0,1,2.77482776369004,0.0957569566613151,FALSE,0.209055597193777,1856,IL1RN,interleukin 1 receptor antagonist
1481,-1,-0.354963184669495,-0.772689826666558,0.0627634573275683,0.0958171784248124,0,1,2.77382115906546,0.0958171784248124,FALSE,0.209074424866634,1857,,
1426,1,0.36474858105561,-0.06463482599906,0.79413198811028,0.0959263660302152,0,1,2.77199784811523,0.0959263660302149,FALSE,0.20919915497461,1858,,
2004,1,0.380854904797155,-0.0675580668175198,0.82926787641183,0.0959775984940278,0,1,2.77114310223922,0.0959775984940278,FALSE,0.20919915497461,1859,ELK3,ETS transcription factor ELK3
6078,-1,-0.258169876982934,-0.562351590506709,0.046011836540841,0.0962141133543866,0,1,2.7672035973574,0.0962141133543871,FALSE,0.209601928662352,1860,,
3055,1,0.541957634614134,-0.0967221230559717,1.18063739228424,0.0962832888280461,0,1,2.76605337123326,0.0962832888280457,FALSE,0.209628004769981,1861,HCK,"HCK proto-oncogene, Src family tyrosine kinase"
1305,-1,-0.295451609735019,-0.643680286118591,0.0527770666485532,0.0963295520438562,0,1,2.76528462457781,0.0963295520438555,FALSE,0.209628004769981,1862,COL13A1,collagen type XIII alpha 1 chain
38835,-1,-0.383271426641013,-0.835538761875625,0.0689959085935995,0.0967213742241009,0,1,2.75878987991669,0.0967213742241004,FALSE,0.210365943769116,1863,,
7857,1,0.29994902233461,-0.0540505689016154,0.653948613570836,0.0967724874594353,0,1,2.75794475442714,0.0967724874594356,FALSE,0.210365943769116,1864,SCG2,secretogranin II
4752,-1,-0.292884024506132,-0.638680910263642,0.0529128612513783,0.0969032195547231,0,1,2.75578539214467,0.0969032195547225,FALSE,0.210537182646508,1865,NEK3,NIMA related kinase 3
1992,-1,-0.33227359791438,-0.724717818932875,0.0601706231041144,0.0970237512710898,0,1,2.75379732551239,0.0970237512710902,FALSE,0.210686087969162,1866,SERPINB1,serpin family B member 1
52,-2,-1.37467985530042,-2.99942183894678,0.25006212834594,0.0972552682702461,6.27765821989004,0.0122269568347427,2.74998619294114,0.0972552682702463,FALSE,0.211075708104466,1867,ACP1,acid phosphatase 1
2006,1,0.346451660099102,-0.0632035004745731,0.756106820672777,0.0974039579171174,0,1,2.74754374037099,0.0974039579171177,FALSE,0.211123037359669,1868,ELN,elastin
5571,-1,-0.449881453117401,-0.981878616571772,0.0821157103369703,0.0974312841390615,0,1,2.74709530799061,0.0974312841390615,FALSE,0.211123037359669,1869,PRKAG1,protein kinase AMP-activated non-catalytic subunit gamma 1
1774,-1,-0.442189721664871,-0.965170398049433,0.0807909547196907,0.097482002254914,0,1,2.74626337018651,0.0974820022549146,FALSE,0.211123037359669,1870,DNASE1L1,deoxyribonuclease 1 like 1
4773,1,0.292229044535289,-0.0533957563373337,0.637853845407912,0.0974854893632626,0,1,2.74620618790062,0.0974854893632624,FALSE,0.211123037359669,1871,NFATC2,nuclear factor of activated T cells 2
2717,-1,-0.459638692761824,-1.00419047796108,0.0849130924374318,0.0980578968176832,0,1,2.7368498486258,0.0980578968176835,FALSE,0.212249251017763,1872,GLA,galactosidase alpha
983,1,0.333664383859086,-0.0621167331123986,0.729445500830571,0.098462580264361,0,1,2.73027093189079,0.0984625802643612,FALSE,0.213011412296418,1873,CDK1,cyclin dependent kinase 1
17288,-1,-0.879818500633,-1.92401207550384,0.164375074237837,0.0986508073999577,0,1,2.72722097791803,0.0986508073999581,FALSE,0.213129405060085,1874,,
4797,1,0.438316994480026,-0.0818953550327896,0.958529343992842,0.0986542382898602,0,1,2.72716544414887,0.0986542382898599,FALSE,0.213129405060085,1875,,
1027,1,0.447358305020647,-0.083617218699957,0.978333828741251,0.0986749170515103,0,1,2.72683077398652,0.0986749170515109,FALSE,0.213129405060085,1876,CDKN1B,cyclin dependent kinase inhibitor 1B
617,1,0.342657934958356,-0.0641170572648731,0.749432927181585,0.0987327021942389,0,1,2.72589597061636,0.0987327021942387,FALSE,0.213140601646807,1877,BCS1L,"BCS1 homolog, ubiquinol-cytochrome c reductase complex chaperone"
1528,-1,-0.50758589465112,-1.11079604491325,0.0956242556110113,0.0990944823721167,0,1,2.72005690796709,0.0990944823721167,FALSE,0.213807690400329,1878,CYB5A,cytochrome b5 type A
2673,1,0.307687796596763,-0.0580495079081059,0.673425101101632,0.0991721802559446,0,1,2.71880591406648,0.0991721802559448,FALSE,0.2138614552406,1879,GFPT1,glutamine--fructose-6-phosphate transaminase 1
645,1,0.539573375249086,-0.102500842454409,1.18164759295258,0.0995426340756038,0,1,2.71285600627459,0.0995426340756034,FALSE,0.214546145358695,1880,BLVRB,biliverdin reductase B
6140,-1,-0.348452730807713,-0.763182884261961,0.0662774226465349,0.0996104724348141,0,1,2.71176906443305,0.0996104724348149,FALSE,0.214578221321567,1881,,
3383,-1,-0.418886190721814,-0.91762775723666,0.0798553757930323,0.0997335334555493,0,1,2.70979937752419,0.0997335334555494,FALSE,0.214729159172097,1882,ICAM1,intercellular adhesion molecule 1
1388,-1,-0.357058263196657,-0.782416608624349,0.0683000822310353,0.099918015030542,0,1,2.70685157301092,0.0999180150305419,FALSE,0.215012106693445,1883,ATF6B,activating transcription factor 6 beta
2527,1,0.356928958129048,-0.0684677544036419,0.782325670661738,0.100071504318892,0,1,2.70440351609574,0.100071504318892,FALSE,0.215228097399232,1884,FUT5,fucosyltransferase 5
985,1,0.339319889172134,-0.0652760288162633,0.743915807160532,0.1002277399527,0,1,2.70191586489139,0.1002277399527,FALSE,0.215449762487183,1885,,
1709,1,0.322995515105932,-0.0622372811632965,0.70822831137516,0.100317376900069,0,1,2.70049053818449,0.100317376900068,FALSE,0.215528107740762,1886,,
2664,-1,-0.292781627177637,-0.642511774822425,0.0569485204671512,0.100836433697507,0,1,2.69226422189069,0.100836433697506,FALSE,0.216496392705869,1887,GDI1,GDP dissociation inhibitor 1
6692,-1,-0.372440267200832,-0.817387943294967,0.0725074088933033,0.100885912494369,0,1,2.69148246946046,0.100885912494369,FALSE,0.216496392705869,1888,SPINT1,"serine peptidase inhibitor, Kunitz type 1"
2227,1,0.985589010291186,-0.192023049954435,2.16320107053681,0.100928352868062,0,1,2.69081225608052,0.100928352868062,FALSE,0.216496392705869,1889,,
2665,-1,-0.637632332852695,-1.40022318225214,0.124958516546754,0.101254229726665,0,1,2.68567628713921,0.101254229726665,FALSE,0.217080496747326,1890,GDI2,GDP dissociation inhibitor 2
245,2,0.514154683775883,-0.10092198371243,1.1292313512642,0.10134402393734,4.19023500472572,0.0406574608816119,2.68426426378343,0.10134402393734,FALSE,0.217158109462772,1891,,
1146,1,0.444848175572322,-0.0883010956268414,0.977997446771485,0.101975405968913,0,1,2.67437417476891,0.101975405968912,FALSE,0.218395531176551,1892,CHRNG,cholinergic receptor nicotinic gamma subunit
962,1,0.411592082779517,-0.0817889803082492,0.904973145867283,0.102037312582509,0,1,2.6734080640255,0.102037312582509,FALSE,0.218412673314488,1893,CD48,CD48 molecule
10260,-1,-0.328807426498556,-0.724661132869009,0.0670462798718975,0.103524414497334,0,1,2.65039123671589,0.103524414497334,FALSE,0.22147884241985,1894,DENND4A,DENN domain containing 4A
4842,-1,-0.26311868845788,-0.579985235469204,0.0537478585534439,0.103629041408688,0,1,2.64878550375472,0.103629041408689,FALSE,0.221585686431664,1895,NOS1,nitric oxide synthase 1
1038,-1,-0.525404981078248,-1.15836969892352,0.107559736767019,0.10375681415184,0,1,2.64682695209279,0.10375681415184,FALSE,0.22174188340889,1896,,
158,2,3.18017924083155,-0.652148569879516,7.01250705154261,0.103856889976794,35.7632688125163,2.22809284130283e-09,2.64529479314035,0.103856889976793,FALSE,0.221838754974153,1897,ADSL,adenylosuccinate lyase
25930,1,0.473606943637198,-0.0974605054800597,1.04467439275446,0.10406262042223,0,1,2.64215013548676,0.104062620422229,FALSE,0.22216108427338,1898,PTPN23,protein tyrosine phosphatase non-receptor type 23
5296,-1,-0.252426956792583,-0.556900845261236,0.0520469316760701,0.104178183019604,0,1,2.64038670795178,0.104178183019603,FALSE,0.22229067803867,1899,PIK3R2,phosphoinositide-3-kinase regulatory subunit 2
1740,1,0.28269530827568,-0.0583516544210204,0.62374227097238,0.104242986348376,0,1,2.63939877878756,0.104242986348376,FALSE,0.22230788856707,1900,DLG2,discs large MAGUK scaffold protein 2
8846,-1,-0.227752420270453,-0.502557664885676,0.0470528243447698,0.104295976348963,0,1,2.63859144402627,0.104295976348963,FALSE,0.22230788856707,1901,ALKBH1,"alkB homolog 1, histone H2A dioxygenase"
666,-1,-0.346089581412544,-0.763904922874939,0.0717257600498505,0.104482610328485,0,1,2.63575153603546,0.104482610328485,FALSE,0.22258861043692,1902,BOK,BCL2 family apoptosis regulator BOK
829,1,0.375424964341605,-0.0781325350713549,0.828982463754565,0.104732958085608,0,1,2.63195084442737,0.104732958085608,FALSE,0.223004701084017,1903,CAPZA1,capping actin protein of muscle Z-line subunit alpha 1
9965,-1,-0.46165230449372,-1.01967699078955,0.0963723818021099,0.104916263594097,0,1,2.62917427145079,0.104916263594096,FALSE,0.223277678615169,1904,FGF19,fibroblast growth factor 19
4978,-1,-0.262635992146635,-0.580210842333426,0.0549388580401565,0.10503907945053,0,1,2.62731692212023,0.105039079450531,FALSE,0.223311288723963,1905,OPCML,opioid binding protein/cell adhesion molecule like
2183,-1,-0.725444292238967,-1.60264692138595,0.151758336908019,0.105042279444194,0,1,2.6272685602981,0.105042279444194,FALSE,0.223311288723963,1906,,
902,-1,-0.325194290623087,-0.71919928583218,0.0688107045860058,0.105734261585486,0,1,2.61684832130488,0.105734261585487,FALSE,0.224663444486794,1907,CCNH,cyclin H
66,-2,-1.7727473620779,-3.92094414359421,0.375449419438407,0.105789203376309,38.7254852269405,4.87798297347274e-10,2.61602418370063,0.105789203376308,FALSE,0.224663444486794,1908,,
391,2,0.253012172320704,-0.0536855358959074,0.559709880537316,0.105903232543839,1.36092215036472,0.243377728820652,2.61431522061314,0.105903232543839,FALSE,0.22472156344765,1909,RHOG,ras homolog family member G
3108,-1,-0.295071847730241,-0.652778541880003,0.0626348464195211,0.105927489186824,0,1,2.61395194485968,0.105927489186824,FALSE,0.22472156344765,1910,HLA-DMA,"major histocompatibility complex, class II, DM alpha"
3207,1,0.271978971137599,-0.05782502552513,0.601782967800328,0.106025019001334,0,1,2.6124922252683,0.106025019001335,FALSE,0.22481076765746,1911,HOXA11,homeobox A11
7284,-1,-0.472056272114184,-1.04476310720511,0.100650562976738,0.106200420137085,0,1,2.6098707144991,0.106200420137084,FALSE,0.2250649071106,1912,TUFM,"Tu translation elongation factor, mitochondrial"
1609,-1,-0.265337670828247,-0.587507229857844,0.0568318882013499,0.106479895056923,0,1,2.6057035326945,0.106479895056923,FALSE,0.225539223612469,1913,DGKQ,diacylglycerol kinase theta
10527,1,0.531438896188264,-0.114330954069298,1.17720874644583,0.106753144893193,0,1,2.60164075508595,0.106753144893193,FALSE,0.225907846789365,1914,IPO7,importin 7
1439,1,0.484512749410861,-0.104256151298135,1.07328165011986,0.1067654310468,0,1,2.60145834819833,0.1067654310468,FALSE,0.225907846789365,1915,CSF2RB,colony stimulating factor 2 receptor subunit beta
13608,-1,-0.566763552883186,-1.25566741957095,0.122140313804582,0.106859913423197,0,1,2.60005638075966,0.106859913423197,FALSE,0.225989754274944,1916,,
832,-1,-0.38731984094256,-0.85831577236103,0.0836760904759103,0.107013927689445,0,1,2.59777396821735,0.107013927689445,FALSE,0.226079743160267,1917,CAPZB,capping actin protein of muscle Z-line subunit beta
1524,-1,-0.325977995158378,-0.722380008573578,0.0704240182568215,0.107014054141509,0,1,2.59777209574375,0.107014054141509,FALSE,0.226079743160267,1918,CX3CR1,C-X3-C motif chemokine receptor 1
6532,1,0.461035202335191,-0.100038196577685,1.02210860124807,0.107287313500006,0,1,2.59373139467991,0.107287313500006,FALSE,0.226538923554989,1919,SLC6A4,solute carrier family 6 member 4
1955,-1,-0.264848800879199,-0.587262454744043,0.0575648529856453,0.10739235262067,0,1,2.5921811798441,0.10739235262067,FALSE,0.226642610843205,1920,MEGF9,multiple EGF like domains 9
3021,-1,-0.265819198461228,-0.589584922355742,0.0579465254332859,0.107577847264468,0,1,2.58944762630869,0.107577847264467,FALSE,0.226915896468311,1921,H3-3B,H3.3 histone B
7774,-1,-0.294970859709984,-0.654567187258452,0.0646254678384839,0.107895264850873,0,1,2.58478196305816,0.107895264850873,FALSE,0.227467020382797,1922,,
56,-2,-1.85504846011662,-4.11733140596974,0.40723448573649,0.108021454158773,13.9549638348633,0.000187242594642062,2.58293131427855,0.108021454158773,FALSE,0.227614629355875,1923,ACRV1,acrosomal vesicle protein 1
3247,-1,-0.834344074257542,-1.85284509747211,0.184156948957028,0.108366338573335,0,1,2.57788544461201,0.108366338573335,FALSE,0.228222663149247,1924,,
3610,-1,-0.283922702396149,-0.630847719932926,0.0630023151406276,0.108707354117531,0,1,2.57291349120635,0.108707354117531,FALSE,0.228821921498305,1925,,
4906,-1,-0.308531179431075,-0.685733001033479,0.0686706421713286,0.108902185297413,0,1,2.5700805679327,0.108902185297413,FALSE,0.229113008735784,1926,,
1048,-1,-0.359065046869459,-0.798318914595573,0.0801888208566544,0.109120442578628,0,1,2.56691362548307,0.109120442578627,FALSE,0.229453053102543,1927,CEACAM5,CEA cell adhesion molecule 5
721,-1,-0.415699709247767,-0.924594930370259,0.0931955118747253,0.10937029966364,0,1,2.56329669995324,0.10937029966364,FALSE,0.229741578783764,1928,C4B,complement C4B (Chido/Rodgers blood group)
2101,-1,-0.447527389049482,-0.995432144390505,0.100377366291541,0.109400346497187,0,1,2.56286235444777,0.109400346497186,FALSE,0.229741578783764,1929,ESRRA,estrogen related receptor alpha
2877,1,0.271642686050173,-0.0609533158264352,0.604238687926781,0.109427751000164,0,1,2.56246631977014,0.109427751000164,FALSE,0.229741578783764,1930,GPX2,glutathione peroxidase 2
4210,-1,-0.417584747744755,-0.929104274065857,0.093934778576347,0.109589986183118,0,1,2.56012401762681,0.109589986183118,FALSE,0.229963036775761,1931,MEFV,"MEFV innate immunity regulator, pyrin"
2458,-1,-0.681525315870866,-1.51683055621865,0.15377992447692,0.109790814547352,0,1,2.55722979286228,0.109790814547352,FALSE,0.230265207321879,1932,,
1482,-1,-0.31912284356693,-0.710335473406578,0.0720897862727183,0.109865885698291,0,1,2.5561494040181,0.109865885698291,FALSE,0.230292813577176,1933,NKX2-5,NK2 homeobox 5
2125,1,0.426546872060758,-0.0964734314662234,0.949567175587739,0.109945117015992,0,1,2.55501002399737,0.109945117015992,FALSE,0.230292813577176,1934,EVPL,envoplakin
18608,-1,-0.288201302074811,-0.641615177206588,0.0652125730569661,0.10997448032375,0,1,2.55458799641572,0.10997448032375,FALSE,0.230292813577176,1935,,
729,-2,-0.351800712461202,-0.783374972555051,0.0797735476326476,0.110114644231243,3.26261117810375,0.0708761813076531,2.55257518004997,0.110114644231243,FALSE,0.230467220260845,1936,C6,complement C6
3758,-1,-0.802073644807896,-1.78627681339061,0.182129523774815,0.110206154943042,0,1,2.55126256486444,0.110206154943042,FALSE,0.23050050216266,1937,KCNJ1,potassium inwardly rectifying channel subfamily J member 1
22668,-1,-0.432147803965436,-0.962481703480541,0.0981860955496693,0.11024431717454,0,1,2.55071552594881,0.110244317174541,FALSE,0.23050050216266,1938,,
1383,1,0.341704605951766,-0.0780188550628138,0.761428066966346,0.11056856474694,0,1,2.54607596388014,0.11056856474694,FALSE,0.231059218336565,1939,,
774,-1,-0.973585020101056,-2.16980448163837,0.222634441436261,0.110670828410366,0,1,2.54461580706882,0.110670828410366,FALSE,0.231153709648868,1940,CACNA1B,calcium voltage-gated channel subunit alpha1 B
3596,-1,-0.46322504929774,-1.03264168851163,0.106191589916151,0.110836046451015,0,1,2.5422598985496,0.110836046451015,FALSE,0.231379526130609,1941,IL13,interleukin 13
130,2,0.498581182413704,-0.114539692982515,1.11170205780992,0.110977508701075,3.54561859800172,0.0597029014437973,2.54024580128934,0.110977508701074,FALSE,0.231555543386589,1942,ADH6,alcohol dehydrogenase 6 (class V)
1331,-1,-0.262682731462033,-0.586006441877329,0.0606409789532631,0.11130317902229,0,1,2.53561972222066,0.11130317902229,FALSE,0.231898322180111,1943,,
1534,-1,-0.324445350627215,-0.723790704145131,0.0749000028907011,0.111304043720174,0,1,2.53560745920278,0.111304043720174,FALSE,0.231898322180111,1944,CYB561,cytochrome b561
3569,-1,-0.283757940458968,-0.633032190635769,0.0655163097178328,0.111313483869772,0,1,2.53547358721332,0.111313483869772,FALSE,0.231898322180111,1945,IL6,interleukin 6
2442,-1,-0.358947026833767,-0.800976432888943,0.0830823792214091,0.111480082047793,0,1,2.53311309065172,0.111480082047792,FALSE,0.232098849387799,1946,,
11814,-1,-0.278660360726142,-0.62186223665376,0.0645415152014757,0.111524299051837,0,1,2.53248724062618,0.111524299051837,FALSE,0.232098849387799,1947,,
14365,-1,-0.342122781181905,-0.763762981040726,0.0795174186769159,0.111759760997092,0,1,2.52915909196466,0.111759760997092,FALSE,0.23246948232044,1948,,
1013,-1,-0.675673582236707,-1.508586211456,0.157239046982582,0.111844329787445,0,1,2.52796563376255,0.111844329787445,FALSE,0.232526025807454,1949,CDH15,cadherin 15
837,-1,-0.413406680930796,-0.923426957326254,0.0966135954646617,0.112131242429182,0,1,2.52392403372038,0.112131242429182,FALSE,0.233002971447715,1950,CASP4,caspase 4
3044,-1,-0.418159204942904,-0.934198649710403,0.0978802398245957,0.11223974768913,0,1,2.52239853896055,0.11223974768913,FALSE,0.233108896789521,1951,,
1744,-1,-0.255774017331043,-0.571514771499577,0.0599667368374908,0.112349702886455,0,1,2.52085431507036,0.112349702886455,FALSE,0.233217723409793,1952,,
5568,-1,-0.237590210372229,-0.531437812343532,0.0562573915990735,0.113028353937851,0,1,2.51135995229737,0.113028353937852,FALSE,0.234448270011079,1953,PRKACG,protein kinase cAMP-activated catalytic subunit gamma
3198,-1,-0.602715995686432,-1.34820687759875,0.142774886225884,0.113058223001394,0,1,2.51094352643946,0.113058223001394,FALSE,0.234448270011079,1954,HOXA1,homeobox A1
1689,-1,-0.32412255587794,-0.725252651780974,0.0770075400250941,0.113262684092232,0,1,2.50809623997498,0.113262684092232,FALSE,0.234752120686303,1955,,
8198,-1,-0.29728834458389,-0.665555980232229,0.070979291064449,0.113603055735539,0,1,2.50336882923067,0.113603055735539,FALSE,0.235337209529859,1956,,
1120,1,0.480429137349903,-0.115052829577046,1.07591110427685,0.11381399913844,0,1,2.50044687212844,0.113813999138441,FALSE,0.235645327990499,1957,CHKB,choline kinase beta
3443,1,0.389429755298165,-0.0933326214153234,0.872192132011653,0.113868102716041,0,1,2.49969839919387,0.113868102716041,FALSE,0.235645327990499,1958,IFNA6,interferon alpha 6
1240,1,0.395510733004766,-0.0950696258051315,0.886091091814664,0.114074274752932,0,1,2.49684978928248,0.114074274752932,FALSE,0.235951486114794,1959,CMKLR1,chemerin chemokine-like receptor 1
8271,-1,-0.320835688626499,-0.718882237307866,0.0772108600548683,0.114157016779115,0,1,2.49570816624326,0.114157016779114,FALSE,0.236002159178047,1960,,
5238,1,0.389006892951307,-0.0937843160226134,0.871798101925227,0.114282770236623,0,1,2.49397484417094,0.114282770236623,FALSE,0.236141654767361,1961,PGM3,phosphoglucomutase 3
421,2,0.265199713656276,-0.0641376510911766,0.594537078403728,0.114504567666895,1.5104603719579,0.219068851137507,2.49092282075782,0.114504567666895,FALSE,0.23647936197057,1962,ARVCF,ARVCF delta catenin family member
3216,1,0.36852756130367,-0.0892280642938533,0.826283186901193,0.114584496271377,0,1,2.48982456828701,0.114584496271376,FALSE,0.236523881248914,1963,HOXB6,homeobox B6
2269,1,0.302275892060611,-0.0732827782194496,0.677834562340672,0.114676812573896,0,1,2.4885571547368,0.114676812573896,FALSE,0.236590468621755,1964,,
1787,-1,-0.355543289894317,-0.797370885580206,0.0862843057915725,0.114748701244974,0,1,2.4875709719784,0.114748701244975,FALSE,0.236590468621755,1965,TRDMT1,tRNA aspartic acid methyltransferase 1
3030,-1,-0.508852867246689,-1.14135295097755,0.123647216484169,0.114838945696448,0,1,2.48633394539025,0.114838945696448,FALSE,0.236590468621755,1966,HADHA,hydroxyacyl-CoA dehydrogenase trifunctional multienzyme complex subunit alpha
6432,1,0.327389652385686,-0.0795658337802923,0.734345138551664,0.114850308928675,0,1,2.48617825980619,0.114850308928674,FALSE,0.236590468621755,1967,SRSF7,serine and arginine rich splicing factor 7
628,-1,-0.396215458878247,-0.889380850031513,0.096949932275019,0.115334844870371,0,1,2.47955548656993,0.115334844870371,FALSE,0.237404081903645,1968,,
105,2,1.36762623774344,-0.335101735820958,3.07035421130783,0.115432560713205,11.6107833836552,0.000655705279218345,2.47822359916917,0.115432560713205,FALSE,0.237404081903645,1969,ADARB2,adenosine deaminase RNA specific B2 (inactive)
2437,1,0.669117335466813,-0.164039671427598,1.50227434236122,0.115471703105232,0,1,2.47769042916724,0.115471703105232,FALSE,0.237404081903645,1970,,
2478,-1,-0.390901680396767,-0.877646752489946,0.0958433916964124,0.115479626217198,0,1,2.47758253040907,0.115479626217198,FALSE,0.237404081903645,1971,,
7424,-1,-0.315219048669589,-0.707917531947003,0.0774794346078253,0.115657939578063,0,1,2.47515637692255,0.115657939578063,FALSE,0.237540132951291,1972,VEGFC,vascular endothelial growth factor C
12336,1,0.367677980409275,-0.0903800353182557,0.825735996136806,0.115663050916312,0,1,2.47508689230633,0.115663050916312,FALSE,0.237540132951291,1973,,
1166,-1,-0.298146050865565,-0.669652807232204,0.0733607055010738,0.115734155273335,0,1,2.47412063597533,0.115734155273334,FALSE,0.237565753377687,1974,,
1588,-1,-0.543439423510606,-1.22086615599493,0.13398730897372,0.115879745318179,0,1,2.47214421642106,0.115879745318178,FALSE,0.237744166090765,1975,CYP19A1,cytochrome P450 family 19 subfamily A member 1
2332,-1,-0.389629296068752,-0.875857526858255,0.0965989347207514,0.116280691313704,0,1,2.46671541791291,0.116280691313704,FALSE,0.238446032997535,1976,FMR1,fragile X messenger ribonucleoprotein 1
1471,-1,-0.267976317938589,-0.602558010645997,0.0666053747688191,0.11646332342031,0,1,2.46424943160429,0.116463323420309,FALSE,0.238643904420239,1977,CST3,cystatin C
2726,1,0.375506906025711,-0.0933726673284512,0.844386479379873,0.116494976047195,0,1,2.46382247688332,0.116494976047194,FALSE,0.238643904420239,1978,,
60,2,1.37837953165178,-0.344107625250185,3.10086668855374,0.116784374339389,13.0419082835257,0.000304597575266136,2.4599247833897,0.116784374339389,FALSE,0.239115858930371,1979,ACTB,actin beta
167,2,1.10633926920851,-0.276836797550798,2.48951533596782,0.116954537396227,19.9555857000555,7.92620596838156e-06,2.4576379595752,0.116954537396227,FALSE,0.239343326025006,1980,CRISP1,cysteine rich secretory protein 1
6517,1,0.303984764277307,-0.0763158532980212,0.684285381852635,0.11719576912648,0,1,2.45440233431165,0.117195769126481,FALSE,0.23971592958127,1981,SLC2A4,solute carrier family 2 member 4
936,-1,-0.321035425050655,-0.722863979262318,0.0807931291610075,0.117375212712626,0,1,2.45200023866317,0.117375212712626,FALSE,0.239961837493219,1982,,
1265,1,0.366821260470821,-0.0928673532719379,0.82650987421358,0.11781579703095,0,1,2.44611959429897,0.11781579703095,FALSE,0.24074110417015,1983,CNN2,calponin 2
4174,-1,-0.407577927319772,-0.918826602463183,0.103670747823639,0.118164719186826,0,1,2.44147962194345,0.118164719186825,FALSE,0.241332380113416,1984,MCM5,minichromosome maintenance complex component 5
4427,1,0.330529923548202,-0.0850740130137478,0.746133860110152,0.119053221121276,0,1,2.42973239113512,0.119053221121277,FALSE,0.24302450981532,1985,,
392,1,0.365176312954354,-0.0941329910049791,0.824485616913687,0.119166929550926,0,1,2.42823601030853,0.119166929550925,FALSE,0.243134138237841,1986,ARHGAP1,Rho GTPase activating protein 1
1798,-1,-0.398725759670327,-0.900335213484649,0.102883694143995,0.119242416707281,0,1,2.42724348625201,0.119242416707279,FALSE,0.243165713385961,1987,DPAGT1,dolichyl-phosphate N-acetylglucosaminephosphotransferase 1
595,-1,-0.281829160901822,-0.637192317728329,0.0735339959246849,0.120090029958462,0,1,2.41614636180057,0.120090029958463,FALSE,0.244771026856987,1988,CCND1,cyclin D1
905,1,0.406556482810364,-0.106307500998872,0.9194204666196,0.120256322369821,0,1,2.41397940238052,0.120256322369821,FALSE,0.244986736170192,1989,CCNT2,cyclin T2
4849,1,0.37664472349582,-0.0989766391080327,0.852266086099673,0.120639215416383,0,1,2.40900250625186,0.120639215416383,FALSE,0.245548446839173,1990,CNOT3,CCR4-NOT transcription complex subunit 3
24924,-1,-0.341700780174667,-0.773259378946885,0.0898578185975509,0.120694230853107,0,1,2.40828884566057,0.120694230853108,FALSE,0.245548446839173,1991,,
6141,-1,-0.574307322116449,-1.29972593649705,0.15111129226415,0.120737453568773,0,1,2.40772841300853,0.120737453568773,FALSE,0.245548446839173,1992,RPL18,ribosomal protein L18
1041,1,3.62843068734375,-0.955166245190285,8.21202761987779,0.120774445841676,0,1,2.40724894172822,0.120774445841676,FALSE,0.245548446839173,1993,CDSN,corneodesmosin
4450,-1,-0.389038413380803,-0.880658014451152,0.102581187689546,0.120902036119081,0,1,2.40559644163759,0.120902036119081,FALSE,0.245630293131765,1994,,
35299,-1,-0.456927866268557,-1.034390600485,0.12053486794789,0.120935941460482,0,1,2.40515763759291,0.120935941460482,FALSE,0.245630293131765,1995,,
726,-1,-0.429927230237527,-0.973596140980378,0.113741680505324,0.121161350425581,0,1,2.40224384783688,0.121161350425581,FALSE,0.245964825613454,1996,CAPN5,calpain 5
964,1,0.385527956389093,-0.102295738254793,0.873351651032979,0.121390587156019,0,1,2.3992867311831,0.121390587156019,FALSE,0.246173915005562,1997,,
6945,-1,-0.241445219423859,-0.546958084216114,0.0640676453683963,0.121393911288698,0,1,2.39924389593716,0.121393911288698,FALSE,0.246173915005562,1998,MLX,MAX dimerization protein MLX
2965,-1,-0.373616352702645,-0.846438945802651,0.0992062403973608,0.121446608118489,0,1,2.39856501068074,0.121446608118489,FALSE,0.246173915005562,1999,GTF2H1,general transcription factor IIH subunit 1
1310,1,0.375989056465308,-0.0999668419120928,0.851944954842709,0.121548824575725,0,1,2.39724910181065,0.121548824575725,FALSE,0.246257918590418,2000,COL19A1,collagen type XIX alpha 1 chain
893,-1,-0.367897565563694,-0.833752845976651,0.0979577148492633,0.121662611308263,0,1,2.39578568186496,0.121662611308262,FALSE,0.246365267876602,2001,,
259,-2,-0.95681159340695,-2.16907336321496,0.255450176401064,0.121873727728388,11.1347283344677,0.00084726338208548,2.39307451130949,0.121873727728388,FALSE,0.24666950287484,2002,AMBP,alpha-1-microglobulin/bikunin precursor
4365,-1,-0.425824410195436,-0.965666171621141,0.114017351230269,0.122102266319675,0,1,2.39014546607724,0.122102266319675,FALSE,0.247008678545844,2003,,
21194,-1,-0.226328506033292,-0.513375438518679,0.0607184264520949,0.122255106074775,0,1,2.3881899980119,0.122255106074775,FALSE,0.247125119872442,2004,,
5459,-1,-0.897624268702143,-2.03614062258533,0.240892085181047,0.122281802898382,0,1,2.38784871060767,0.122281802898383,FALSE,0.247125119872442,2005,POU4F3,POU class 4 homeobox 3
1790,1,0.429196982965502,-0.115622179709264,0.974016145640268,0.122583956520257,0,1,2.38399178253894,0.122583956520258,FALSE,0.247564844984703,2006,,
1228,1,0.360524191334796,-0.0971757464637122,0.818224129133304,0.122627649744165,0,1,2.38343492024362,0.122627649744164,FALSE,0.247564844984703,2007,,
1704,-1,-0.276330575076333,-0.627225848474311,0.0745646983216451,0.122715642715317,0,1,2.38231413315495,0.122715642715317,FALSE,0.247564844984703,2008,,
523,2,0.697636540695796,-0.188315970200852,1.58358905159244,0.122743774327312,9.66128405932622,0.00188192034286,2.38195600224983,0.122743774327312,FALSE,0.247564844984703,2009,ATP6V1A,ATPase H+ transporting V1 subunit A
401,-1,-0.360556805425496,-0.818751730690947,0.0976381198399545,0.12299841903245,0,1,2.37871837113305,0.12299841903245,FALSE,0.24795502185049,2010,PHOX2A,paired like homeobox 2A
4426,1,0.457108461168841,-0.124094689005045,1.03831161134273,0.123198714294619,0,1,2.37617697580193,0.123198714294619,FALSE,0.248235301005368,2011,,
4571,1,0.270394049579868,-0.0735010230481558,0.614289122207892,0.123302425753433,0,1,2.37486286013538,0.123302425753434,FALSE,0.248320789837432,2012,,
2848,-1,-0.233500815990398,-0.530614272018698,0.0636126400379018,0.123479590307904,0,1,2.37262086349737,0.123479590307904,FALSE,0.248554048647603,2013,GPR25,G protein-coupled receptor 25
1973,-1,-0.27193411004597,-0.618183320075772,0.0743150999838323,0.123731318609842,0,1,2.36944140347343,0.123731318609842,FALSE,0.248750200581504,2014,EIF4A1,eukaryotic translation initiation factor 4A1
815,1,0.588975734619131,-0.160992467045091,1.33894393628335,0.123748913498755,0,1,2.36921943932036,0.123748913498754,FALSE,0.248750200581504,2015,CAMK2A,calcium/calmodulin dependent protein kinase II alpha
2621,-1,-0.362894895444252,-0.824999735804379,0.0992099449158754,0.123761205422585,0,1,2.3690643942497,0.123761205422585,FALSE,0.248750200581504,2016,GAS6,growth arrest specific 6
2102,-1,-0.3092466088367,-0.703120871941152,0.0846276542677517,0.123841660374158,0,1,2.36804999177887,0.123841660374158,FALSE,0.248788501653986,2017,,
108,2,0.646998667577862,-0.177490695529731,1.47148803068546,0.124039882650551,3.09167613993444,0.0786937091831691,2.3655538583805,0.124039882650551,FALSE,0.249063233151652,2018,ADCY2,adenylate cyclase 2
982,-1,-0.326894744799286,-0.743886336593851,0.0900968469952786,0.124419120895562,0,1,2.36079058145091,0.124419120895562,FALSE,0.24955690380514,2019,,
4504,-1,-0.218628587832269,-0.497562245698362,0.060305070033824,0.124483822187652,0,1,2.35997953559012,0.124483822187653,FALSE,0.24955690380514,2020,MT3,metallothionein 3
6493,1,0.264030163514141,-0.0729477859201797,0.601008112948462,0.124617382184452,0,1,2.35830680929515,0.124617382184452,FALSE,0.24955690380514,2021,SIM2,SIM bHLH transcription factor 2
4628,-1,-0.293060925895792,-0.667121894259149,0.0810000424675649,0.124649086943913,0,1,2.35791002633219,0.124649086943914,FALSE,0.24955690380514,2022,MYH10,myosin heavy chain 10
656,-1,-0.503295638716461,-1.14570328139587,0.139112003962944,0.124651738504177,0,1,2.35787684731042,0.124651738504177,FALSE,0.24955690380514,2023,BMP8B,bone morphogenetic protein 8b
114,2,1.49654029542229,-0.413664900576276,3.40674549142086,0.124655274753604,16.9864943458026,3.76466588716191e-05,2.35783259937685,0.124655274753604,FALSE,0.24955690380514,2024,ADCY8,adenylate cyclase 8
22914,-1,-0.299142531857536,-0.681172269122948,0.0828872054078757,0.124852678639405,0,1,2.35536475777192,0.124852678639405,FALSE,0.249828668566355,2025,KLRK1,killer cell lectin like receptor K1
1128,1,0.381532379177228,-0.106022865764191,0.869087624118647,0.125090226412603,0,1,2.35240079756151,0.125090226412604,FALSE,0.250180452825207,2026,CHRM1,cholinergic receptor muscarinic 1
1599,1,0.43350409407956,-0.120904103064892,0.987912291224012,0.125389380092542,0,1,2.34867704428497,0.125389380092543,FALSE,0.250655041013804,2027,,
76,-2,-1.04713289166327,-2.38662408622678,0.292358302900228,0.125477813233168,6.77294611182935,0.00925499336147765,2.34757815169281,0.125477813233168,FALSE,0.250708135710451,2028,,
2116,-1,-0.417749273396069,-0.952340751968533,0.116842205176395,0.125624303292118,0,1,2.3457597214345,0.125624303292119,FALSE,0.250877120226546,2029,ETV2,ETS variant transcription factor 2
11965,-1,-0.268555821782605,-0.612393134504335,0.0752814909391247,0.125809065597736,0,1,2.34346956268749,0.125809065597737,FALSE,0.251122331922181,2030,,
2197,-1,-0.304687021890368,-0.695167410246868,0.0857933664661315,0.126181249206641,0,1,2.33886761591754,0.126181249206641,FALSE,0.251654773888909,2031,FAU,FAU ubiquitin like and ribosomal protein S30 fusion
599,-1,-0.318213298702637,-0.726051998369385,0.0896254009641105,0.126202921147964,0,1,2.33860011347139,0.126202921147964,FALSE,0.251654773888909,2032,BCL2L2,BCL2 like 2
3567,-1,-0.491076846948824,-1.12056478735887,0.138411093461224,0.126262131124421,0,1,2.3378695295352,0.126262131124421,FALSE,0.251654773888909,2033,IL5,interleukin 5
2237,1,0.343626562749449,-0.0972088330367193,0.784461958535617,0.126569318289472,0,1,2.33408529352934,0.126569318289472,FALSE,0.252143007723176,2034,FEN1,flap structure-specific endonuclease 1
15524,1,0.611359991543776,-0.173760397942256,1.39648038102981,0.126962338234093,0,1,2.32925855118305,0.126962338234093,FALSE,0.25280166807103,2035,,
1867,1,0.406147564080019,-0.115550934398473,0.927846062558512,0.1270467744454,0,1,2.32822374507311,0.127046774445399,FALSE,0.252845545212553,2036,,
1924,1,0.348928271703612,-0.0995821984892713,0.797438741896495,0.127310057561987,0,1,2.32500199046088,0.127310057561987,FALSE,0.253245141502785,2037,,
2075,-1,-0.272885123619583,-0.623716793156431,0.0779465459172649,0.127382338541935,0,1,2.32411879617559,0.127382338541936,FALSE,0.253264590663357,2038,,
326,-2,-0.199659415693531,-0.456677281696483,0.0573584503094218,0.127868685388082,0.311332608365441,0.576863592620073,2.31819063448657,0.127868685388081,FALSE,0.254106872580925,2039,AIRE,autoimmune regulator
1033,-1,-0.273831017248221,-0.626418760089867,0.0787567255934247,0.127966172327858,0,1,2.31700536959058,0.127966172327857,FALSE,0.254175946212001,2040,CDKN3,cyclin dependent kinase inhibitor 3
3651,-1,-0.325049223510714,-0.743815848114605,0.0937174010931768,0.128175522756913,0,1,2.3144634405108,0.128175522756914,FALSE,0.254467034890256,2041,PDX1,pancreatic and duodenal homeobox 1
2989,1,0.27134763341244,-0.0783944871217439,0.621089753946624,0.128350396525607,0,1,2.31234366704012,0.128350396525606,FALSE,0.254600540121444,2042,,
1397,-1,-0.325278703854778,-0.744552818247842,0.093995410538286,0.128368436196473,0,1,2.31212517792809,0.128368436196472,FALSE,0.254600540121444,2043,CRIP2,cysteine rich protein 2
1811,-1,-0.290175234763048,-0.66431473255348,0.0839642630273835,0.128483454400884,0,1,2.31073292794381,0.128483454400884,FALSE,0.25470399081819,2044,SLC26A3,solute carrier family 26 member 3
2251,-1,-0.365669402229523,-0.837467545340653,0.106128740881606,0.128742501444576,0,1,2.30760234237673,0.128742501444575,FALSE,0.255092721688715,2045,FGF6,fibroblast growth factor 6
348,-1,-0.380897127671928,-0.87295519420116,0.111160938857304,0.129219195299292,0,1,2.30185978631015,0.129219195299292,FALSE,0.255912111120592,2046,APOE,apolipoprotein E
416,-2,-0.418316395408693,-0.959146393509398,0.122513602692013,0.129525527786261,2.54832510098789,0.110411247291951,2.2981819540634,0.129525527786262,FALSE,0.256393472686824,2047,ARSF,arylsulfatase F
1819,-1,-0.403986453306634,-0.926405675410849,0.118432768797581,0.129610683401949,0,1,2.29716129604807,0.129610683401949,FALSE,0.256436762277684,2048,DRG2,developmentally regulated GTP binding protein 2
174,-2,-0.448137441106638,-1.02821281610516,0.131937933891889,0.129982503658564,3.53428315214538,0.0601123134159747,2.292713472974,0.129982503658565,FALSE,0.256924430033547,2049,AFP,alpha fetoprotein
4310,1,0.325425421229345,-0.0958138924050948,0.746664734863785,0.129986235509582,0,1,2.2926689033902,0.129986235509581,FALSE,0.256924430033547,2050,,
12193,-1,-0.299871574355869,-0.688095130328604,0.088351981616866,0.130047385488353,0,1,2.29193879088609,0.130047385488353,FALSE,0.256924430033547,2051,,
916,1,0.462599709313866,-0.136502370432994,1.06170178906073,0.130179067209039,0,1,2.29036784907783,0.130179067209038,FALSE,0.257059249673989,2052,CD3E,CD3 epsilon subunit of T-cell receptor complex
1572,-1,-0.299448926892919,-0.687691819232522,0.0887939654466837,0.130608670191713,0,1,2.28525504688426,0.130608670191712,FALSE,0.257781944284861,2053,CYP2F1,cytochrome P450 family 2 subfamily F member 1
7858,1,0.678647855463524,-0.202408437339147,1.5597041482662,0.131121535736677,0,1,2.27917582280447,0.131121535736678,FALSE,0.258668190265344,2054,,
3984,-1,-0.286202654694497,-0.658403655315807,0.0859983459268132,0.131783121251431,0,1,2.27137282168629,0.131783121251431,FALSE,0.259846816209635,2055,LIMK1,LIM domain kinase 1
904,1,0.390720321352417,-0.117803223945715,0.899243866650549,0.132086711758739,0,1,2.26780677660851,0.132086711758738,FALSE,0.260249118546549,2056,CCNT1,cyclin T1
3653,1,0.409803739940466,-0.123596785836222,0.943204265717154,0.132115606330269,0,1,2.26746785116328,0.132115606330269,FALSE,0.260249118546549,2057,,
1549,-1,-0.28617556186422,-0.658908120543351,0.0865569968149113,0.13237147425775,0,1,2.26447019655821,0.13237147425775,FALSE,0.260504248224971,2058,CYP2A7,cytochrome P450 family 2 subfamily A member 7
281,2,0.469177775685922,-0.141911581844331,1.08026713321618,0.132373703626657,6.25924098587942,0.0123547124529237,2.26444410652991,0.132373703626657,FALSE,0.260504248224971,2059,,
1610,-1,-0.390053120043203,-0.898269434826823,0.118163194740417,0.132514133438967,0,1,2.26280166196173,0.132514133438967,FALSE,0.260654013929464,2060,DAO,D-amino acid oxidase
179,2,0.594757957954308,-0.180320518460046,1.36983643436866,0.132585968285482,4.13708057770077,0.0419534648300063,2.26196224438745,0.132585968285482,FALSE,0.260668774135261,2061,,
1342,-1,-0.335764366948694,-0.773861474415802,0.102332740518414,0.133059260482476,0,1,2.25644431229515,0.133059260482475,FALSE,0.261472416816194,2062,,
5883,-1,-0.261454408668745,-0.602689434119028,0.0797806167815377,0.133168102252276,0,1,2.25517846848205,0.133168102252276,FALSE,0.261552673731377,2063,RAD9A,RAD9 checkpoint clamp component A
3086,1,0.252967798266282,-0.0772429883144413,0.583178584847005,0.133229200044808,0,1,2.254468399723,0.133229200044809,FALSE,0.261552673731377,2064,,
734,-1,-0.527749965120496,-1.21739181700431,0.16189188676332,0.133648906862209,0,1,2.24960044796128,0.13364890686221,FALSE,0.262249574143183,2065,OSGIN2,oxidative stress induced growth inhibitor family member 2
419,-2,-0.486396097506473,-1.12227461050141,0.14948241548846,0.133817771724947,6.41356815537808,0.0113251610498179,2.24764669357362,0.133817771724946,FALSE,0.262453829152703,2066,ART3,ADP-ribosyltransferase 3 (inactive)
2371,1,0.441581315759183,-0.136057898466027,1.01922052998439,0.13405233868107,0,1,2.24493733862955,0.134052338681069,FALSE,0.262786684245619,2067,,
1368,-1,-0.347803925800103,-0.803048545676566,0.10744069407636,0.134289280010507,0,1,2.24220593405591,0.134289280010507,FALSE,0.263123869730452,2068,CPM,carboxypeptidase M
1627,1,0.491568489397564,-0.152525689068054,1.13566266786318,0.134697500029432,0,1,2.23751268475938,0.134697500029432,FALSE,0.263796167288187,2069,DBN1,drebrin 1
996,1,0.336195920317324,-0.104528015357097,0.776919855991745,0.134885066199829,0,1,2.23536159320342,0.134885066199829,FALSE,0.264035888039473,2070,CDC27,cell division cycle 27
4441,-1,-0.259591711929297,-0.600072881972134,0.0808894581135404,0.135090017423817,0,1,2.23301494444477,0.135090017423817,FALSE,0.26420240402229,2071,,
2443,1,0.293093587089707,-0.0913390904009956,0.67752626458041,0.13510053828583,0,1,2.23289459026197,0.135100538285831,FALSE,0.26420240402229,2072,,
2081,-1,-0.807042018706915,-1.86598627432072,0.251902236906892,0.13524707129968,0,1,2.23121940422879,0.135247071299679,FALSE,0.264361376221082,2073,ERN1,endoplasmic reticulum to nucleus signaling 1
14378,-1,-0.394109141431498,-0.913115309374928,0.124897026511932,0.136670350799203,0,1,2.21505319766713,0.136670350799203,FALSE,0.267014590857459,2074,,
14535,-1,-0.499092632023248,-1.15659859387071,0.158413329824216,0.136817201700953,0,1,2.21339593972408,0.136817201700953,FALSE,0.267172675321573,2075,,
3310,-1,-0.390835897631002,-0.905997777744969,0.124325982482964,0.137025799322861,0,1,2.2110452730948,0.13702579932286,FALSE,0.267451126616682,2076,HSPA6,heat shock protein family A (Hsp70) member 6
4208,-1,-0.309690593653772,-0.718325840587453,0.098944653279909,0.137440737179825,0,1,2.2063812745118,0.137440737179826,FALSE,0.268131857030646,2077,MEF2C,myocyte enhancer factor 2C
1381,1,0.380389525992561,-0.121852114642656,0.882631166627778,0.137691073605146,0,1,2.20357505937572,0.137691073605146,FALSE,0.268490967395597,2078,CRABP1,cellular retinoic acid binding protein 1
98,2,0.80828790888183,-0.259493377889984,1.87606919565364,0.137901428353033,8.49972401090973,0.00355200354179984,2.2012214476397,0.137901428353033,FALSE,0.26866997477804,2079,ACYP2,acylphosphatase 2
1082,1,0.359801292061513,-0.115584176272393,0.835186760395419,0.137962151714165,0,1,2.20054277615845,0.137962151714166,FALSE,0.26866997477804,2080,CGB3,chorionic gonadotropin subunit beta 3
2692,-1,-0.299621627864176,-0.695514786230561,0.0962715305022094,0.137981791094053,0,1,2.2003233493159,0.137981791094052,FALSE,0.26866997477804,2081,GHRHR,growth hormone releasing hormone receptor
13466,-1,-0.316628938754722,-0.735708470121734,0.10245059261229,0.138654567926123,0,1,2.19282762352455,0.138654567926123,FALSE,0.269850292620869,2082,,
1057,2,1.54425881563016,-0.501747730707574,3.5902653619679,0.139055690382138,19.5859123227432,9.61757504033989e-06,2.18837791211127,0.139055690382138,FALSE,0.27050103573136,2083,,
3648,-1,-0.367616332656053,-0.855716408162439,0.120483742850333,0.139900414378667,0,1,2.17905418053324,0.139900414378667,FALSE,0.272013665576947,2084,,
170,2,0.531735509485049,-0.174503054938292,1.23797407390839,0.140029694596681,2.23777667198581,0.134674501553917,2.17763281281195,0.140029694596681,FALSE,0.272121005811711,2085,,
24581,-1,-0.257973936547261,-0.600664466352196,0.0847165932576739,0.140094045575702,0,1,2.176925856848,0.140094045575702,FALSE,0.272121005811711,2086,,
1540,-1,-0.277554622295501,-0.646375423371066,0.0912661787800637,0.140222470546705,0,1,2.17551607711985,0.140222470546703,FALSE,0.272121005811711,2087,CYLD,CYLD lysine 63 deubiquitinase
341,1,0.466690397087443,-0.153487709699382,1.08686850387427,0.140241303141551,0,1,2.17530946498979,0.140241303141549,FALSE,0.272121005811711,2088,APOC1,apolipoprotein C1
2644,-1,-0.332225510433609,-0.773816441979109,0.109365421111891,0.140332269947802,0,1,2.17431190794638,0.140332269947802,FALSE,0.272121005811711,2089,GCHFR,GTP cyclohydrolase I feedback regulator
156,2,0.43455102748189,-0.143088275731421,1.0121903306952,0.140358564201993,1.70376449341061,0.191796398447786,2.17402369607873,0.140358564201993,FALSE,0.272121005811711,2090,GRK2,G protein-coupled receptor kinase 2
14530,-1,-0.333079704119445,-0.776033223991967,0.109873815753077,0.140535857852429,0,1,2.1720819580306,0.14053585785243,FALSE,0.272246295294054,2091,,
2678,-1,-0.304257398403835,-0.708975360337728,0.100460563530058,0.140628496913581,0,1,2.17106845962461,0.140628496913581,FALSE,0.272246295294054,2092,GGT1,gamma-glutamyltransferase 1
2013,1,0.442990189223148,-0.146447050141804,1.0324274285881,0.140749314462853,0,1,2.16974780645531,0.140749314462852,FALSE,0.272246295294054,2093,EMP2,epithelial membrane protein 2
6785,1,0.293502191177533,-0.097035877889725,0.684040260244791,0.140757147411439,0,1,2.16966222867555,0.140757147411439,FALSE,0.272246295294054,2094,ELOVL4,ELOVL fatty acid elongase 4
5656,-1,-0.345899131014514,-0.806159587506097,0.114361325477069,0.140759128489892,0,1,2.16964058552867,0.140759128489892,FALSE,0.272246295294054,2095,,
1102,-1,-0.286380676252116,-0.667602532857361,0.0948411803531294,0.140923689793413,0,1,2.16784395825338,0.140923689793413,FALSE,0.272434537711311,2096,RCBTB2,RCC1 and BTB domain containing protein 2
6578,1,0.344185573780924,-0.114347111717429,0.802718259279277,0.141238191846084,0,1,2.16441687364892,0.141238191846084,FALSE,0.272912328736449,2097,SLCO2A1,solute carrier organic anion transporter family member 2A1
1369,-1,-0.343249614953887,-0.801209491992511,0.114710262084737,0.141824602118382,0,1,2.15804968526381,0.141824602118383,FALSE,0.273881426841989,2098,CPN1,carboxypeptidase N subunit 1
1568,-1,-0.270634987270059,-0.631763714149146,0.0904937396090276,0.141880317129945,0,1,2.15744627660893,0.141880317129946,FALSE,0.273881426841989,2099,,
1897,0,0.158697669539134,-0.0531322943215693,0.370527633399838,0.142007651516002,0.915395062908871,0.338686990477601,2.15606821025861,0.142007651516002,FALSE,0.273881426841989,2100,,
7662,-1,-0.300426379963592,-0.701472076440308,0.100619316513124,0.142043408735201,0,1,2.1556814803893,0.1420434087352,FALSE,0.273881426841989,2101,,
3439,1,0.33706720931021,-0.112964735027918,0.787099153648339,0.142108631353369,0,1,2.1549763512506,0.142108631353368,FALSE,0.273881426841989,2102,IFNA1,interferon alpha 1
6912,-1,-0.307093519708889,-0.717144063164101,0.102957023746324,0.142145271630973,0,1,2.1545803886487,0.142145271630972,FALSE,0.273881426841989,2103,,
2376,1,0.42942846076062,-0.144169170469556,1.0030260919908,0.142282843909376,0,1,2.15309470210299,0.142282843909376,FALSE,0.273909645671239,2104,,
744,1,0.402837781505684,-0.135336784505699,0.941012347517067,0.142353080549933,0,1,2.15233681713849,0.142353080549933,FALSE,0.273909645671239,2105,MPPED2,metallophosphoesterase domain containing 2
2970,-1,-0.336818944770893,-0.786805945485211,0.113168055943425,0.142362713174637,0,1,2.15223290957299,0.142362713174636,FALSE,0.273909645671239,2106,,
1860,-1,-0.332797908334944,-0.777648918340607,0.112053101670719,0.142574607863386,0,1,2.14994918971936,0.142574607863386,FALSE,0.274187143361386,2107,,
1323,-1,-0.286703554134774,-0.670071693753015,0.0966645854834667,0.142711580490119,0,1,2.14847498157962,0.142711580490119,FALSE,0.274234993937183,2108,,
731,1,0.292160701327936,-0.0985272647731773,0.682848667429049,0.14273484753542,0,1,2.14822472130616,0.142734847535419,FALSE,0.274234993937183,2109,C8A,complement C8 alpha chain
1014,-1,-0.327556297257558,-0.765678010039614,0.110565415524498,0.142827384884484,0,1,2.14722984383287,0.142827384884484,FALSE,0.274282731541199,2110,CDH16,cadherin 16
9488,-1,-0.273097187778062,-0.638851580624821,0.0926572050686973,0.143346239899335,0,1,2.14166498527099,0.143346239899335,FALSE,0.274995482370054,2111,PIGB,phosphatidylinositol glycan anchor biosynthesis class B
1691,-1,-0.250771362416785,-0.586670905123646,0.085128180290076,0.143400748568435,0,1,2.14108168119032,0.143400748568436,FALSE,0.274995482370054,2112,,
917,-1,-0.312812430942099,-0.731815285464686,0.106190423580488,0.143402135796625,0,1,2.14106683954416,0.143402135796625,FALSE,0.274995482370054,2113,CD3G,CD3 gamma subunit of T-cell receptor complex
1762,1,0.411175824829941,-0.139676861664266,0.962028511324148,0.143471190158122,0,1,2.14032824641676,0.143471190158122,FALSE,0.274997758997498,2114,DMWD,"DM1 locus, WD repeat containing"
875,1,0.297898043039813,-0.101310316136709,0.697106402216335,0.143585580907524,0,1,2.1391056232728,0.143585580907526,FALSE,0.275004621597951,2115,CBS,cystathionine beta-synthase
4069,1,0.259395876968439,-0.0882379887202169,0.607029742657095,0.143610508218476,0,1,2.13883934242164,0.143610508218475,FALSE,0.275004621597951,2116,LYZ,lysozyme
12638,-1,-0.231482931079291,-0.541911034029166,0.0789451718705838,0.143871618834117,0,1,2.13605320498054,0.143871618834116,FALSE,0.275374491977251,2117,,
922,-1,-0.360769151149436,-0.844725770287461,0.123187467988589,0.143996206396379,0,1,2.13472581940042,0.143996206396379,FALSE,0.275377068811519,2118,CD5L,CD5 molecule like
152,-2,-1.05297519252864,-2.46554173223411,0.359591347176827,0.144008886676113,9.19403269313017,0.00242805366122321,2.13459079317923,0.144008886676113,FALSE,0.275377068811519,2119,ADRA2C,adrenoceptor alpha 2C
867718,-1,-1.23785812595534,-2.89876606199136,0.423049810080684,0.144086363261415,0,1,2.13376607281308,0.144086363261416,FALSE,0.275395256573234,2120,,
3862,-1,-0.366865177459041,-0.85925141306525,0.125521058147168,0.144201552370722,0,1,2.13254083392395,0.144201552370721,FALSE,0.275485473930299,2121,,
5902,-1,-0.315444594192599,-0.738921532170464,0.108032343785266,0.144300643522978,0,1,2.13148770662708,0.144300643522979,FALSE,0.275544866896847,2122,RANBP1,RAN binding protein 1
2056,-1,-0.307886933165615,-0.721485032428257,0.105711166097027,0.144560001330362,0,1,2.12873513803607,0.144560001330362,FALSE,0.275910092035151,2123,EPO,erythropoietin
7107,-1,-0.263258579277624,-0.617166333250486,0.0906491746952382,0.144856253799726,0,1,2.12559780323583,0.144856253799727,FALSE,0.276345358002113,2124,GPR137B,G protein-coupled receptor 137B
4329,-1,-0.341204146070364,-0.800253171043127,0.117844878902399,0.145168457247259,0,1,2.12229935954766,0.145168457247259,FALSE,0.276654640971013,2125,ALDH6A1,aldehyde dehydrogenase 6 family member A1
9510,-1,-0.406427920055832,-0.953245550053352,0.140389709941688,0.14518161336715,0,1,2.12216054008649,0.145181613367149,FALSE,0.276654640971013,2126,ADAMTS1,ADAM metallopeptidase with thrombospondin type 1 motif 1
1329,-1,-0.396027160236563,-0.928939425831733,0.136885105358607,0.145248096667279,0,1,2.12145924483818,0.145248096667278,FALSE,0.276654640971013,2127,COX5B,cytochrome c oxidase subunit 5B
11178,-1,-0.346043909712209,-0.811746636717275,0.119658817292857,0.145291479759703,0,1,2.12100181580134,0.145291479759703,FALSE,0.276654640971013,2128,LZTS1,leucine zipper tumor suppressor 1
7827,-1,-0.232264511394929,-0.544991972853345,0.0804629500634872,0.145482015546578,0,1,2.11899463747389,0.145482015546578,FALSE,0.276887330669204,2129,NPHS2,"NPHS2 stomatin family member, podocin"
3371,-1,-0.339088804668818,-0.795918421227217,0.117740811889581,0.145720929263124,0,1,2.11648200987509,0.145720929263124,FALSE,0.277078343861093,2130,TNC,tenascin C
2245,-1,-0.311008694942174,-0.730046069286785,0.108028679402436,0.145757506275464,0,1,2.11609774362144,0.145757506275464,FALSE,0.277078343861093,2131,FGD1,"FYVE, RhoGEF and PH domain containing 1"
2546,1,0.28415314465723,-0.0987458528553579,0.667052142169818,0.145805318485854,0,1,2.11559560790002,0.145805318485854,FALSE,0.277078343861093,2132,,
2330,1,2.74349473721612,-0.95385391349448,6.44084338792672,0.145855900161824,0,1,2.11506458858895,0.145855900161825,FALSE,0.277078343861093,2133,FMO5,flavin containing dimethylaniline monoxygenase 5
199,-2,-0.473277992566082,-1.11139722264293,0.164841237510765,0.146040845275556,3.02512502903539,0.0819840016884894,2.11312475358415,0.146040845275557,FALSE,0.277254310256309,2134,AIF1,allograft inflammatory factor 1
1289,-1,-0.394707245963201,-0.926992657432193,0.13757816550579,0.146118789733899,0,1,2.11230804652649,0.1461187897339,FALSE,0.277254310256309,2135,COL5A1,collagen type V alpha 1 chain
5012,1,0.336241140136766,-0.117238731114454,0.789721011387986,0.146153802247649,0,1,2.11194134302898,0.146153802247648,FALSE,0.277254310256309,2136,,
2540,-1,-0.387862841274172,-0.911185418307681,0.135459735759337,0.146324853195452,0,1,2.11015126426232,0.146324853195452,FALSE,0.277448902736533,2137,,
507,-1,-0.85862933527147,-2.01773264261647,0.300473972073528,0.146534095578917,0,1,2.10796471171238,0.146534095578916,FALSE,0.277715694708031,2138,,
30658,-1,-0.410866131837215,-0.96588587961549,0.14415361594106,0.146805365222884,0,1,2.10513521996327,0.146805365222885,FALSE,0.278037381668702,2139,,
2687,1,0.316504197788559,-0.111102853828124,0.744111249405242,0.146858673501037,0,1,2.10457987869246,0.146858673501037,FALSE,0.278037381668702,2140,GGT5,gamma-glutamyltransferase 5
1721,-1,-0.331619822445152,-0.779705104781179,0.116465459890875,0.146909682663547,0,1,2.10404870143978,0.146909682663547,FALSE,0.278037381668702,2141,,
3505,-1,-0.386432633173093,-0.909101767821694,0.136236501475508,0.147312756351438,0,1,2.09985865162756,0.147312756351439,FALSE,0.278619500743007,2142,,
437,0,-0.381550348436018,-0.897669556647248,0.134568859775211,0.147354785313984,1.44043373602681,0.230069165430684,2.09942249523958,0.147354785313982,FALSE,0.278619500743007,2143,,
14523,-1,-0.255033126087021,-0.600145264731421,0.0900790125573794,0.147509004896586,0,1,2.09782328044273,0.147509004896586,FALSE,0.278781011119854,2144,,
13135,-1,-0.358271180798569,-0.843210556319229,0.126668194722091,0.147613362374136,0,1,2.0967421922005,0.147613362374137,FALSE,0.278848179179487,2145,,
742,2,0.358924580441761,-0.127399878261405,0.845249039144928,0.148030717949087,3.56480472702534,0.0590166815735097,2.09242721818594,0.148030717949087,FALSE,0.279452940257533,2146,,
2118,-1,-0.468899284982158,-1.10429765787712,0.166499087912808,0.148071437002202,0,1,2.09200696584215,0.148071437002202,FALSE,0.279452940257533,2147,ETV4,ETS variant transcription factor 4
1023,1,0.342263538328784,-0.121770287107138,0.806297363764706,0.148279199741817,0,1,2.08986472228157,0.148279199741818,FALSE,0.279485290031908,2148,,
1768,-1,-0.36531569809946,-0.860608415891932,0.129977019693012,0.14828350078778,0,1,2.08982040997565,0.148283500787779,FALSE,0.279485290031908,2149,DNAH6,dynein axonemal heavy chain 6
3481,-1,-0.298733205891153,-0.703765782203507,0.106299370421201,0.148295501867868,0,1,2.08969677434732,0.148295501867867,FALSE,0.279485290031908,2150,IGF2,insulin like growth factor 2
488,2,0.774626712391261,-0.276197909523413,1.82545133430593,0.148511652939832,6.32140863955563,0.0119288829992342,2.08747190965051,0.148511652939832,FALSE,0.279762537290655,2151,ATP2A2,ATPase sarcoplasmic/endoplasmic reticulum Ca2+ transporting 2
3712,-1,-0.273606268457894,-0.645131710643571,0.0979191737277831,0.148908878292361,0,1,2.08339275076502,0.14890887829236,FALSE,0.280380471580226,2152,IVD,isovaleryl-CoA dehydrogenase
385,1,0.307175194513251,-0.110240496433322,0.724590885459824,0.149208527628732,0,1,2.08032373942797,0.149208527628731,FALSE,0.280814191338421,2153,,
405,2,0.292833918869207,-0.105204789782342,0.690872627520755,0.149322136703662,1.91299661049109,0.166630769923987,2.07916197470349,0.149322136703663,FALSE,0.280864268496812,2154,ARNT,aryl hydrocarbon receptor nuclear translocator
1243,-1,-0.303362954942409,-0.715765737928721,0.109039828043903,0.149373765698576,0,1,2.07863434746366,0.149373765698576,FALSE,0.280864268496812,2155,,
1827,1,0.448400374879873,-0.161775201111631,1.05857595087138,0.149776653910045,0,1,2.07452406198914,0.149776653910045,FALSE,0.281491188146337,2156,RCAN1,regulator of calcineurin 1
3546,-1,-0.292021035313715,-0.69086533880976,0.10682326818233,0.151280570038082,0,1,2.05929074433213,0.151280570038082,FALSE,0.284185845987162,2157,,
1702,-1,-0.355669044350544,-0.841734690438987,0.130396601737899,0.151525076736265,0,1,2.05683030954657,0.151525076736264,FALSE,0.284513258079399,2158,,
2060,1,0.336706251265415,-0.123673241735487,0.797085744266318,0.151728569958641,0,1,2.05478601158632,0.15172856995864,FALSE,0.284763392993243,2159,EPS15,epidermal growth factor receptor pathway substrate 15
2124,1,0.365871972325973,-0.134496944021627,0.866240888673573,0.151819442575989,0,1,2.05387410537137,0.151819442575989,FALSE,0.28480202838792,2160,EVI2B,ecotropic viral integration site 2B
624,1,0.343942674109212,-0.127025009882272,0.814910358100696,0.152332570677351,0,1,2.04873643968291,0.152332570677351,FALSE,0.285632381482937,2161,BDKRB2,bradykinin receptor B2
736,-1,-0.427017700324233,-1.01207879732852,0.158043396680051,0.152568950952908,0,1,2.04637628618875,0.152568950952909,FALSE,0.285943288279919,2162,,
2405,-1,-0.388313478945804,-0.920602779353503,0.143975821461895,0.15276731424946,0,1,2.04439891006256,0.152767314249459,FALSE,0.286182689477028,2163,,
6833,-1,-0.314303886631928,-0.745293364391193,0.116685591127337,0.152910668621911,0,1,2.04297169806003,0.152910668621912,FALSE,0.286318867493523,2164,ABCC8,ATP binding cassette subfamily C member 8
100,-2,-1.67001120423922,-3.96130883694125,0.621286428462805,0.153142578632237,4.21411863264919,0.040088887732442,2.04066604846006,0.153142578632237,FALSE,0.286599625051588,2165,ADA,adenosine deaminase
1703,-1,-0.229316416339699,-0.543989898918567,0.0853570662391688,0.153202070054723,0,1,2.04007522236362,0.153202070054723,FALSE,0.286599625051588,2166,,
23983,1,0.627763159124283,-0.234649704272465,1.49017602252103,0.15367014718792,0,1,2.03543566979169,0.153670147187919,FALSE,0.287342610247093,2167,,
623,-1,-0.305199802081004,-0.724574901781483,0.114175297619475,0.153763935589523,0,1,2.03450797146304,0.153763935589523,FALSE,0.287385363011415,2168,BDKRB1,bradykinin receptor B1
3127,-1,-0.264682696615827,-0.628492978570653,0.0991275853389993,0.153888106533659,0,1,2.03328073389515,0.153888106533659,FALSE,0.2874848352579,2169,HLA-DRB5,"major histocompatibility complex, class II, DR beta 5"
3952,1,0.252979136116767,-0.0953651006159606,0.601323372849495,0.154622886471251,0,1,2.02604148255222,0.154622886471249,FALSE,0.288612845886531,2170,LEP,leptin
8913,1,0.690379894433935,-0.260277779410621,1.64103756827849,0.154634375226964,0,1,2.02592860226427,0.154634375226962,FALSE,0.288612845886531,2171,CACNA1G,calcium voltage-gated channel subunit alpha1 G
2360,-1,-0.278567623700966,-0.662269573145887,0.105134325743955,0.154755319084739,0,1,2.02474087154276,0.154755319084739,FALSE,0.288705595272266,2172,,
2517,-1,-0.225114479124444,-0.535474799981168,0.0852458417322801,0.155134880872964,0,1,2.02102020889677,0.155134880872965,FALSE,0.289209930962529,2173,FUCA1,alpha-L-fucosidase 1
892,-1,-0.379343041547682,-0.902377312534401,0.143691229439037,0.1551684081719,0,1,2.0206920535151,0.1551684081719,FALSE,0.289209930962529,2174,CCNC,cyclin C
3237,1,0.534150279506567,-0.202646830142379,1.27094738915551,0.15534571578271,0,1,2.018957955768,0.155345715782709,FALSE,0.289407282920248,2175,HOXD11,homeobox D11
6178,-1,-0.471481071202509,-1.12208083194135,0.179118689536328,0.15550288252955,0,1,2.0174227164181,0.15550288252955,FALSE,0.289566948533887,2176,,
18184,-1,-0.320495740485091,-0.763189699691307,0.122198218721125,0.155913913009074,0,1,2.01341599425387,0.155913913009073,FALSE,0.290166400553795,2177,,
4903,1,0.421895482806145,-0.16093600291447,1.00472696852676,0.155968020830742,0,1,2.01288944512271,0.155968020830742,FALSE,0.290166400553795,2178,,
3475,1,0.589007490584265,-0.225202017132775,1.40321699830131,0.156232225222607,0,1,2.01032132201436,0.156232225222607,FALSE,0.29040245263766,2179,IFRD1,interferon related developmental regulator 1
713,1,0.433117632973441,-0.165607549646892,1.03184281559377,0.156238239573075,0,1,2.01026291868055,0.156238239573074,FALSE,0.29040245263766,2180,C1QB,complement C1q B chain
2459,1,0.282389753130984,-0.108188074760926,0.672967581022894,0.156464241627126,0,1,2.00807013799915,0.156464241627127,FALSE,0.290689182518622,2181,,
1817,1,0.35703222885217,-0.1371305940046,0.85119505170894,0.156754322593529,0,1,2.0052609005772,0.156754322593529,FALSE,0.291094644889542,2182,,
265,-2,-0.708045270512301,-1.68882447128082,0.272733930256213,0.157086236023468,4.70719733119284,0.0300365817741241,2.0020537819727,0.15708623602347,FALSE,0.291577383585476,2183,AMELX,amelogenin X-linked
1241,1,0.329058844079137,-0.127029289661893,0.785146977820167,0.157339460677311,0,1,1.99961217011884,0.15733946067731,FALSE,0.291725538031825,2184,LTB4R,leukotriene B4 receptor
140,2,3.0503221831748,-1.17756921807985,7.27821358442944,0.157342237515144,30.5861752903145,3.19361263133285e-08,1.99958542039847,0.157342237515144,FALSE,0.291725538031825,2185,ADORA3,adenosine A3 receptor
2235,-1,-0.418019784768058,-0.997470607053365,0.161431037517249,0.157382040014208,0,1,1.99920205556612,0.157382040014208,FALSE,0.291725538031825,2186,FECH,ferrochelatase
6546,-1,-0.294207987556896,-0.70223364650285,0.113817671389058,0.157585977775186,0,1,1.99723952061259,0.157585977775186,FALSE,0.291969996316897,2187,SLC8A1,solute carrier family 8 member A1
1318,-1,-0.36799139989765,-0.878632238118759,0.142649438323459,0.157820246920411,0,1,1.99498866150242,0.157820246920411,FALSE,0.292270402432133,2188,SLC31A2,solute carrier family 31 member 2
3317,-1,-0.306695243767943,-0.732361175372789,0.118970687836903,0.157900621526861,0,1,1.99421729717308,0.157900621526861,FALSE,0.292285663968406,2189,,
2127,-1,-0.227479960930601,-0.54350485459118,0.0885449327299776,0.158299291456182,0,1,1.99039780600879,0.158299291456182,FALSE,0.292889830584681,2190,,
374,-1,-0.306454082505953,-0.732409502746184,0.119501337734278,0.158510693379455,0,1,1.9883768890579,0.158510693379455,FALSE,0.293147115277751,2191,AREG,amphiregulin
3329,1,0.282436934101308,-0.110312681839869,0.675186550042485,0.158698181192125,0,1,1.98658714562745,0.158698181192125,FALSE,0.293359959028509,2192,HSPD1,heat shock protein family D (Hsp60) member 1
11362,-1,-0.530479467749774,-1.26842665400065,0.207467718501098,0.158853975346747,0,1,1.98510177672893,0.158853975346747,FALSE,0.293380708757904,2193,,
2302,-1,-0.400743682321041,-0.958216421842971,0.156729057200889,0.158854213972073,0,1,1.98509950290485,0.158854213972073,FALSE,0.293380708757904,2194,FOXJ1,forkhead box J1
42,2,1.78043345386443,-0.696871822586137,4.257738730315,0.15894712131508,10.4399072435149,0.00123321463133042,1.98421449838917,0.15894712131508,FALSE,0.293418558345651,2195,,
8978,-1,-0.309309408280102,-0.739885112584607,0.121266296024403,0.159141586238203,0,1,1.98236399457766,0.159141586238203,FALSE,0.293643764771037,2196,,
34,-2,-1.86736158522482,-4.46793129671665,0.733208126267018,0.159317969087073,9.85483736004288,0.00169385772971534,1.98068778234112,0.159317969087073,FALSE,0.293835416814211,2197,ACADM,acyl-CoA dehydrogenase medium chain
80,-2,-3.16957050654188,-7.58907874582025,1.24993773273649,0.159830616458312,30.104211270518,4.09441122076312e-08,1.97582793019065,0.159830616458312,FALSE,0.294646796127881,2198,,
2660,1,0.308910341188314,-0.12203590494159,0.739856587318218,0.160039449144524,0,1,1.97385330089373,0.160039449144525,FALSE,0.294897611611466,2199,MSTN,myostatin
935,1,0.342147967130337,-0.135291671411261,0.819587605671935,0.160148995842008,0,1,1.97281864916146,0.160148995842007,FALSE,0.294965332341734,2200,,
7234,1,0.45298780487778,-0.179643625250044,1.0856192350056,0.160495315752267,0,1,1.96955300689775,0.160495315752267,FALSE,0.295342753182807,2201,,
4830,1,0.38234871416938,-0.151635514048192,0.916332942386952,0.160499689661535,0,1,1.96951181424139,0.160499689661535,FALSE,0.295342753182807,2202,NME1,NME/NM23 nucleoside diphosphate kinase 1
2134,-1,-0.392288714498928,-0.940323096536909,0.155745667539053,0.160627986177566,0,1,1.96830411048215,0.160627986177567,FALSE,0.29544466636019,2203,EXTL1,exostosin like glycosyltransferase 1
750,1,0.700041554848652,-0.279589279408715,1.67967238910602,0.161338214195218,0,1,1.96163829414803,0.161338214195218,FALSE,0.296616353865255,2204,,
1562,1,0.243389878231935,-0.098219243304963,0.584998999768833,0.162583134626039,0,1,1.95003448557354,0.162583134626039,FALSE,0.298769551702816,2205,CYP2C18,cytochrome P450 family 2 subfamily C member 18
3634,-1,-0.492949248243255,-1.18584391518367,0.199945418697164,0.163201008245441,0,1,1.94431291953679,0.163201008245441,FALSE,0.299769032371045,2206,,
2218,-1,-0.223964420296581,-0.539290010427712,0.0913611698345502,0.163894572955693,0,1,1.93791983787381,0.163894572955693,FALSE,0.300906574361789,2207,FKTN,fukutin
291,-2,-0.574581691979866,-1.38373826052345,0.234574876563715,0.163992212580831,5.86471667978799,0.0154473448731024,1.93702230546728,0.163992212580831,FALSE,0.300949477073155,2208,SLC25A4,solute carrier family 25 member 4
88,2,1.51920980127047,-0.621433870570762,3.6598534731117,0.164230930536008,12.1201695131264,0.000498793693661855,1.9348305078116,0.164230930536008,FALSE,0.301251122920735,2209,ACTN2,actinin alpha 2
3206,-1,-0.244826792487325,-0.59018100531015,0.1005274203355,0.164696584495847,0,1,1.9305655469801,0.164696584495847,FALSE,0.301925975243089,2210,HOXA10,homeobox A10
7390,1,0.434242877781034,-0.17837724174112,1.04686299730319,0.164747860627461,0,1,1.93009674744009,0.164747860627461,FALSE,0.301925975243089,2211,UROS,uroporphyrinogen III synthase
4182,-1,-0.256190996866114,-0.617795970293047,0.105413976560819,0.164954029557773,0,1,1.92821349996405,0.164954029557773,FALSE,0.302157152833879,2212,,
73,2,1.05665268600546,-0.435021017480893,2.54832638949181,0.165023143934199,4.74822398151216,0.0293285492402692,1.92758277775047,0.165023143934199,FALSE,0.302157152833879,2213,,
2860,-1,-0.279116515799596,-0.673362331252135,0.115129299652943,0.165256698351462,0,1,1.92545364551591,0.165256698351462,FALSE,0.302448121824808,2214,,
2399,-1,-0.305472940570212,-0.737053464501101,0.126107583360676,0.165361390823459,0,1,1.92450036307134,0.165361390823459,FALSE,0.302503095086527,2215,,
5299,1,0.375563905991918,-0.155142824636211,0.906270636620047,0.165440904277599,0,1,1.92377681047323,0.165440904277599,FALSE,0.302511978399292,2216,,
9631,-1,-0.265062302563981,-0.639699677692714,0.109575072564752,0.165530884098375,0,1,1.92295849609405,0.165530884098375,FALSE,0.302539983025087,2217,NUP155,nucleoporin 155
8120,-1,-0.201736782596775,-0.48692662077911,0.0834530555855604,0.165614484538655,0,1,1.92219865430698,0.165614484538655,FALSE,0.30255630809316,2218,AP3B2,adaptor related protein complex 3 subunit beta 2
4016,1,0.292816804166277,-0.12163634604947,0.707269954382024,0.166131588472522,0,1,1.9175084426345,0.166131588472522,FALSE,0.303364216534773,2219,LOXL1,lysyl oxidase like 1
1447,1,0.514037982529668,-0.213791011700984,1.24186697676032,0.166282487115104,0,1,1.91614291667634,0.166282487115104,FALSE,0.30338165141282,2220,CSN2,casein beta
2230,-1,-0.438325787999116,-1.05896579505458,0.182314219056346,0.166290880500462,0,1,1.91606700411411,0.166290880500462,FALSE,0.30338165141282,2221,FDX1,ferredoxin 1
1621,1,0.402081299900448,-0.167566580055228,0.971729179856124,0.166534724737689,0,1,1.91386350825359,0.166534724737689,FALSE,0.303689786065309,2222,DBH,dopamine beta-hydroxylase
332,-1,-0.32232915425596,-0.779564964696683,0.134906656184763,0.167070005567057,0,1,1.90903937424408,0.167070005567057,FALSE,0.304528863048905,2223,BIRC5,baculoviral IAP repeat containing 5
5490,1,0.610891975182574,-0.256337372013741,1.47812132237889,0.167391542491847,0,1,1.90615007404827,0.167391542491847,FALSE,0.304977756374534,2224,,
2189,-1,-0.210821012397357,-0.510252315739966,0.0886102909452515,0.167600637087802,0,1,1.9042745787123,0.167600637087802,FALSE,0.305148183617286,2225,FANCG,FA complementation group G
5972,-1,-0.391031861681612,-0.946464361386816,0.164400638023592,0.167635700081954,0,1,1.90396034002455,0.167635700081954,FALSE,0.305148183617286,2226,REN,renin
1643,-1,-0.285984364824797,-0.692440862683206,0.120472133033612,0.167882962659922,0,1,1.90174647929074,0.167882962659922,FALSE,0.305461052850473,2227,DDB2,damage specific DNA binding protein 2
1596,-1,-0.358592602438767,-0.868785280437047,0.151600075559512,0.168334600017166,0,1,1.89771238115374,0.168334600017166,FALSE,0.306094125426833,2228,,
1836,-1,-0.26711264277658,-0.647193235038206,0.112967949485046,0.168381985581543,0,1,1.89728984474145,0.168381985581543,FALSE,0.306094125426833,2229,SLC26A2,solute carrier family 26 member 2
260,2,1.17159795595155,-0.496379121946594,2.8395750338497,0.168607660303334,3.08033907196433,0.0792440040027587,1.89527937505913,0.168607660303334,FALSE,0.306366923564622,2230,,
5470,-1,-0.209968842065804,-0.508991642189798,0.0890539580581904,0.168742963931471,0,1,1.89407547351119,0.168742963931471,FALSE,0.306475342828471,2231,PPEF2,protein phosphatase with EF-hand domain 2
1116,1,0.227965408373201,-0.0968660621590448,0.552796878905447,0.168978104811932,0,1,1.89198587317089,0.168978104811932,FALSE,0.306764910706966,2232,CHI3L1,chitinase 3 like 1
1279,1,0.356247789733551,-0.151642856666784,0.864138436133886,0.169202753378566,0,1,1.88999262597322,0.169202753378566,FALSE,0.306955739904968,2233,,
4697,1,0.278702972834758,-0.118690425137997,0.676096370807513,0.169262651059919,0,1,1.88946168220097,0.169262651059919,FALSE,0.306955739904968,2234,NDUFA4,NDUFA4 mitochondrial complex associated
1358,1,0.332557082616939,-0.141747630029615,0.806861795263493,0.169372816065823,0,1,1.88848572231559,0.169372816065823,FALSE,0.306955739904968,2235,CPA2,carboxypeptidase A2
5442,-1,-0.612935960878827,-1.48715448939005,0.261282567632394,0.169386237519128,0,1,1.88836687043486,0.169386237519128,FALSE,0.306955739904968,2236,POLRMT,RNA polymerase mitochondrial
2722,-1,-0.334954853354501,-0.81300323314333,0.143093526434327,0.16966195690848,0,1,1.88592766217318,0.16966195690848,FALSE,0.307317947873563,2237,,
222,2,0.81931653146067,-0.351716729484888,1.99034979240623,0.17028332292375,5.05376526154437,0.0245724848107895,1.88044725566906,0.17028332292375,FALSE,0.308305640968291,2238,ALDH3B2,aldehyde dehydrogenase 3 family member B2
1571,1,0.330377193696607,-0.142235041463056,0.80298942885627,0.170654778089741,0,1,1.87718199712239,0.170654778089741,FALSE,0.308767099248945,2239,CYP2E1,cytochrome P450 family 2 subfamily E member 1
1538,-1,-0.251051951883632,-0.610217672069362,0.108113768302097,0.170690597807907,0,1,1.87686755707607,0.170690597807907,FALSE,0.308767099248945,2240,CYLC1,cylicin 1
5051,1,0.517805356202855,-0.223178054471494,1.2587887668772,0.170799588896715,0,1,1.8759112548167,0.170799588896715,FALSE,0.308826387420566,2241,PAFAH2,platelet activating factor acetylhydrolase 2
741,1,0.271813093517179,-0.117404515283768,0.661030702318126,0.171075609963181,0,1,1.87349254069285,0.171075609963181,FALSE,0.308989009375585,2242,ZNHIT2,zinc finger HIT-type containing 2
6324,-1,-0.272590983928302,-0.662926499650252,0.117744531793648,0.171080019521259,0,1,1.87345393704964,0.17108001952126,FALSE,0.308989009375585,2243,SCN1B,sodium voltage-gated channel beta subunit 1
5262,-1,-0.324182514364952,-0.788438019026182,0.140072990296278,0.171120322949255,0,1,1.87310115211318,0.171120322949255,FALSE,0.308989009375585,2244,,
500,2,0.270347312856295,-0.116878982706418,0.657573608419009,0.171194552331735,1.79171423532236,0.180717439888012,1.87245165538208,0.171194552331735,FALSE,0.308989009375585,2245,,
17318,-1,-0.372483820955949,-0.906331952013494,0.161364310101596,0.171458337488727,0,1,1.87014618684576,0.171458337488727,FALSE,0.30916384524832,2246,,
1626,-1,-0.222105326006939,-0.540450481315387,0.0962398293015088,0.171486899871457,0,1,1.86989679762732,0.171486899871457,FALSE,0.30916384524832,2247,,
127,2,1.13194480755133,-0.490646171894873,2.75453578699753,0.1715308265274,15.3165408669104,9.091693850386e-05,1.86951335011357,0.1715308265274,FALSE,0.30916384524832,2248,ADH4,"alcohol dehydrogenase 4 (class II), pi polypeptide"
81,2,1.1375274178647,-0.493381250913807,2.76843608664321,0.171613655233293,16.7338409528934,4.30069873422777e-05,1.8687906230656,0.171613655233293,FALSE,0.30916384524832,2249,ACTN4,actinin alpha 4
2107,1,0.289339876505455,-0.125611480547023,0.704291233557933,0.171733174038394,0,1,1.86774846041306,0.171733174038394,FALSE,0.30916384524832,2250,ETF1,eukaryotic translation termination factor 1
959,1,0.447768811952039,-0.194454978830024,1.0899926027341,0.171776252107503,0,1,1.86737303886692,0.171776252107503,FALSE,0.30916384524832,2251,CD40LG,CD40 ligand
643,1,0.290162556012087,-0.126058291598701,0.706383403622876,0.171825513203163,0,1,1.86694386537214,0.171825513203163,FALSE,0.30916384524832,2252,CXCR5,C-X-C motif chemokine receptor 5
2087,1,0.316276905435516,-0.137807132738074,0.770360943609106,0.172206934513056,0,1,1.86362561810501,0.172206934513056,FALSE,0.309625638324526,2253,,
4293,-1,-0.215974833272267,-0.526073791357621,0.0941241248130873,0.172234992296022,0,1,1.86338185772727,0.172234992296022,FALSE,0.309625638324526,2254,MAP3K9,mitogen-activated protein kinase kinase kinase 9
2632,-1,-0.216149297200108,-0.526795144813288,0.0944965504130723,0.172644677448456,0,1,1.85982778680904,0.172644677448456,FALSE,0.310142448252985,2255,GBE1,"1,4-alpha-glucan branching enzyme 1"
2461,-1,-0.293040005897699,-0.714346003033274,0.128265991237876,0.172801896784599,0,1,1.8584664630759,0.172801896784599,FALSE,0.310142448252985,2256,,
1686,1,0.27437824135404,-0.120102814177778,0.668859296885857,0.172807589836782,0,1,1.85841719505689,0.172807589836782,FALSE,0.310142448252985,2257,,
3297,-1,-0.364519623488009,-0.888625079714974,0.159585832738957,0.172828639722418,0,1,1.85823504427927,0.172828639722418,FALSE,0.310142448252985,2258,HSF1,heat shock transcription factor 1
3076,-1,-0.242250435797412,-0.59090441435604,0.106403542761216,0.17325635655184,0,1,1.85453940358976,0.17325635655184,FALSE,0.310716146354723,2259,,
1140,-1,-0.278740886838653,-0.67995584521422,0.122474071536914,0.173302267968099,0,1,1.85414333483973,0.173302267968099,FALSE,0.310716146354723,2260,CHRNB1,cholinergic receptor nicotinic beta 1 subunit
1642,-1,-0.315338080870038,-0.769310786266615,0.138634624526539,0.173378382751241,0,1,1.85348697348495,0.173378382751241,FALSE,0.310716146354723,2261,DDB1,damage specific DNA binding protein 1
2893,1,0.302254940145289,-0.133119081803941,0.737628962094519,0.173611880237487,0,1,1.85147551908652,0.173611880237487,FALSE,0.310997055138062,2262,GRIA4,glutamate ionotropic receptor AMPA type subunit 4
8722,-1,-0.253328073070744,-0.618297819438171,0.111641673296683,0.173695530361619,0,1,1.85075567584452,0.173695530361619,FALSE,0.311009407434944,2263,CTSF,cathepsin F
3065,1,0.346497993851621,-0.153246263396389,0.846242251099632,0.174164887158819,0,1,1.84672405675709,0.174164887158819,FALSE,0.311712068360219,2264,HDAC1,histone deacetylase 1
853,-1,-0.274332428219727,-0.670089064687839,0.121424208248385,0.174267997435931,0,1,1.84584004924488,0.174267997435932,FALSE,0.311758907554258,2265,,
1809,-1,-0.224844217521436,-0.549405798666569,0.0997173636236972,0.174530231917012,0,1,1.8435945141908,0.174530231917012,FALSE,0.311965025706821,2266,DPYSL3,dihydropyrimidinase like 3
5018,-1,-0.293793659961825,-0.717890292060063,0.130302972136413,0.174537194787108,0,1,1.84353494353015,0.174537194787108,FALSE,0.311965025706821,2267,OXA1L,OXA1L mitochondrial inner membrane protein
1072,-1,-0.370301459697205,-0.905290689981104,0.164687770586694,0.174901725177404,0,1,1.840420029733,0.174901725177404,FALSE,0.312163021547227,2268,CFL1,cofilin 1
7449,1,0.247743244143378,-0.110216923380543,0.605703411667299,0.174944693293594,0,1,1.84005335970623,0.174944693293594,FALSE,0.312163021547227,2269,,
852,1,0.655413012663962,-0.291819117148489,1.60264514247641,0.175052438637841,0,1,1.8391343668322,0.175052438637841,FALSE,0.312163021547227,2270,,
3686,-1,-0.337470394115693,-0.825276638775259,0.150335850543874,0.175122291205049,0,1,1.83853892110951,0.175122291205049,FALSE,0.312163021547227,2271,,
1989,1,0.479737689321003,-0.213754148278541,1.17322952692055,0.175147961184791,0,1,1.83832017070813,0.175147961184791,FALSE,0.312163021547227,2272,,
128,2,0.928320070711681,-0.413648861121287,2.27028900254465,0.175155121119832,6.7560426613212,0.00934307354865346,1.83825916288645,0.175155121119832,FALSE,0.312163021547227,2273,ADH5,"alcohol dehydrogenase 5 (class III), chi polypeptide"
15178,-1,-0.224228449155602,-0.548394675050882,0.0999377767396778,0.175187243583019,0,1,1.83798549163993,0.175187243583019,FALSE,0.312163021547227,2274,,
2615,1,0.450628488310083,-0.200987710579833,1.1022446872,0.175282813925074,0,1,1.83717161021928,0.175282813925074,FALSE,0.312196027263473,2275,LRRC32,leucine rich repeat containing 32
4574,-1,-0.415945087059848,-1.0179800244851,0.186089850365403,0.175692882440196,0,1,1.83368524290285,0.175692882440197,FALSE,0.312788910214269,2276,,
10556,1,0.332575652760622,-0.149009667186301,0.814160972707545,0.175888942410165,0,1,1.83202167025482,0.175888942410165,FALSE,0.313000436823008,2277,RPP30,ribonuclease P/MRP subunit p30
5087,-1,-0.468203285502559,-1.14654754432453,0.210140973319408,0.176120727581228,0,1,1.83005772386798,0.176120727581228,FALSE,0.313275324038251,2278,PBX1,PBX homeobox 1
2495,1,0.409410143038302,-0.184688196388257,1.00350848246486,0.176802066634552,0,1,1.82430186070483,0.176802066634552,FALSE,0.314349264591139,2279,FTH1,ferritin heavy chain 1
7557,1,0.261140783242466,-0.118162805472853,0.640444371957785,0.177213372671563,0,1,1.82083957221453,0.177213372671563,FALSE,0.314845934842576,2280,,
2146,-1,-0.32850301169384,-0.805744497563951,0.148738474176271,0.177299745302451,0,1,1.82011368339698,0.177299745302451,FALSE,0.314845934842576,2281,EZH2,enhancer of zeste 2 polycomb repressive complex 2 subunit
3625,-1,-0.449971884533478,-1.10377954287152,0.203835773804565,0.17736538482289,0,1,1.81956231166845,0.17736538482289,FALSE,0.314845934842576,2282,INHBB,inhibin subunit beta B
919,1,0.276406325834059,-0.125236020881442,0.67804867254956,0.177392218471274,0,1,1.81933697693035,0.177392218471274,FALSE,0.314845934842576,2283,CD247,CD247 molecule
4421,1,0.392240473044757,-0.178182824222906,0.96266377031242,0.177744895302816,0,1,1.81637903547075,0.177744895302816,FALSE,0.315079291096812,2284,,
4420,-1,-0.24969544930733,-0.6128547046805,0.113463806065839,0.177786472274556,0,1,1.81603077106285,0.177786472274556,FALSE,0.315079291096812,2285,,
4129,-1,-0.247560368068806,-0.607633046190001,0.112512310052389,0.177808999749974,0,1,1.81584211169795,0.177808999749974,FALSE,0.315079291096812,2286,MAOB,monoamine oxidase B
1815,-1,-0.352109289870769,-0.86427712603243,0.160058546290892,0.177834733153605,0,1,1.81562663761895,0.177834733153605,FALSE,0.315079291096812,2287,DRD4,dopamine receptor D4
463,2,0.46315269501598,-0.210878503941131,1.13718389397309,0.178055464890564,5.67570688199188,0.0172014075931963,1.8137798571199,0.178055464890564,FALSE,0.315201532020279,2288,ZFHX3,zinc finger homeobox 3
1885,-1,-0.224712621817712,-0.551742260890943,0.102317017255519,0.17805930572419,0,1,1.81374774569334,0.17805930572419,FALSE,0.315201532020279,2289,,
5117,-1,-0.321257842222632,-0.789565709033528,0.147050024588265,0.178777183256945,0,1,1.80775991227069,0.178777183256945,FALSE,0.316334125134123,2290,,
10071,-1,-0.222411657976638,-0.546739008196173,0.101915692242897,0.178925574871218,0,1,1.80652563829188,0.178925574871219,FALSE,0.316458502565769,2291,MUC12,"mucin 12, cell surface associated"
492,2,0.577017042623177,-0.264732492040876,1.41876657728723,0.179093933886638,6.53192877448817,0.0105955003541864,1.80512671330196,0.179093933886638,FALSE,0.316490610722684,2292,ATP2B3,ATPase plasma membrane Ca2+ transporting 3
1363,-1,-0.250445926980932,-0.61581740166559,0.114925547703726,0.179120381304174,0,1,1.80490709512482,0.179120381304174,FALSE,0.316490610722684,2293,CPE,carboxypeptidase E
9236,1,0.291566903356439,-0.133851717601841,0.716985524314719,0.179178050591766,0,1,1.8044283418493,0.179178050591766,FALSE,0.316490610722684,2294,CCPG1,cell cycle progression 1
254,-2,-0.429637875309029,-1.05677005348057,0.19749430286251,0.1793565386675,3.82716543929353,0.0504281467103492,1.80294771472271,0.1793565386675,FALSE,0.316667840819482,2295,,
16367,-1,-0.273201588309677,-0.672275387550293,0.125872210930939,0.179670564334965,0,1,1.80034688083069,0.179670564334965,FALSE,0.317084114409964,2296,,
2477,-1,-0.293220758324879,-0.722797986999661,0.136356470349903,0.180951236109749,0,1,1.78979422879325,0.180951236109749,FALSE,0.319121177246159,2297,,
4863,1,0.218470642109473,-0.101618245291322,0.538559529510268,0.180982345832101,0,1,1.78953896260232,0.180982345832101,FALSE,0.319121177246159,2298,NPAT,"nuclear protein, coactivator of histone transcription"
8356,-1,-0.351049870048589,-0.86568575536641,0.163586015269232,0.181237274073497,0,1,1.78744909816654,0.181237274073497,FALSE,0.319431680968164,2299,H3C12,H3 clustered histone 12
7075,-1,-0.274096281828723,-0.676251663878073,0.128059100220627,0.181598653085747,0,1,1.78449238953395,0.181598653085747,FALSE,0.319887076240795,2300,TIE1,tyrosine kinase with immunoglobulin like and EGF like domains 1
1952,-1,-0.334034471132317,-0.824270488516698,0.156201546252064,0.181722541727959,0,1,1.78348033271748,0.181722541727958,FALSE,0.319887076240795,2301,CELSR2,cadherin EGF LAG seven-pass G-type receptor 2
5241,1,0.401655472318823,-0.187835974228111,0.991146918865757,0.181732490006493,0,1,1.7833990990425,0.181732490006493,FALSE,0.319887076240795,2302,PGR,progesterone receptor
22476,-1,-0.287698912452652,-0.710077979867649,0.134680154962345,0.18187367174712,0,1,1.78224682005132,0.18187367174712,FALSE,0.31999657747257,2303,,
409,1,0.522147233669882,-0.244648102873928,1.28894257021369,0.181996742888369,0,1,1.78124319859743,0.181996742888369,FALSE,0.320074132892219,2304,ARRB2,arrestin beta 2
622,1,0.329078584215186,-0.154540725581715,0.812697894012087,0.182316364154619,0,1,1.77864041619195,0.182316364154619,FALSE,0.320463724992515,2305,BDH1,3-hydroxybutyrate dehydrogenase 1
20022,-1,-1.50264310210123,-3.71125557903576,0.705969374833301,0.182376443690212,0,1,1.7781517587146,0.182376443690212,FALSE,0.320463724992515,2306,,
2668,1,0.211475924864306,-0.0995129134961016,0.522464763224714,0.182598213560507,0,1,1.77634960488833,0.182598213560507,FALSE,0.320714330883041,2307,GDNF,glial cell derived neurotrophic factor
9150,-1,-0.210057196164623,-0.519181373084283,0.0990669807550369,0.182912137642956,0,1,1.77380291597445,0.182912137642956,FALSE,0.321126508548206,2308,CTDP1,CTD phosphatase subunit 1
10730,-1,-0.188095349637351,-0.465387343055017,0.0891966437803154,0.183682583422828,0,1,1.76757414032726,0.183682583422828,FALSE,0.322255604403427,2309,YME1L1,YME1 like 1 ATPase
3346,-1,-0.521607259027966,-1.29062143673735,0.247406918681422,0.183714325313898,0,1,1.76731816866892,0.183714325313898,FALSE,0.322255604403427,2310,HTN1,histatin 1
9418,1,0.304118275117057,-0.144521314296944,0.752757864531058,0.183981217145812,0,1,1.7651679373103,0.183981217145812,FALSE,0.322584115912952,2311,,
1894,-1,-0.290667230722853,-0.719820614690087,0.138486153244381,0.184346277492228,0,1,1.76223265739789,0.184346277492228,FALSE,0.32308439290593,2312,ECT2,epithelial cell transforming 2
36653,-1,-0.198292228476257,-0.491180337240764,0.0945958802882497,0.184527764019996,0,1,1.76077591773702,0.184527764019996,FALSE,0.32326264583183,2313,,
2686,1,0.34209991350468,-0.163624711921455,0.847824538930815,0.184896911425597,0,1,1.75781800274328,0.184896911425597,FALSE,0.323769353974295,2314,GGT7,gamma-glutamyltransferase 7
19441,-1,-0.223029382293597,-0.553541715194987,0.107482950607793,0.1859745296436,0,1,1.74922230251434,0.1859745296436,FALSE,0.32551567780383,2315,,
411,-1,-1.02538318889207,-2.54546055618137,0.494694178397233,0.186130509668945,0,1,1.74798291050655,0.186130509668945,FALSE,0.3256480246885,2316,ARSB,arylsulfatase B
978,1,0.241855665153277,-0.116855453223727,0.600566783530281,0.186342458905187,0,1,1.74630072899533,0.186342458905187,FALSE,0.325878137023659,2317,CDA,cytidine deaminase
3967,-1,-0.49847458783763,-1.23810039796716,0.241151222291896,0.186525463984631,0,1,1.74485005697585,0.186525463984631,FALSE,0.326057454730683,2318,,
25128,-1,-0.29125697422759,-0.724128999201775,0.141615050746595,0.187250235232698,0,1,1.73912104072099,0.187250235232698,FALSE,0.327183248453166,2319,,
1986,1,0.233624936433726,-0.113759940595958,0.58100981346341,0.187462028203746,0,1,1.73745177220827,0.187462028203746,FALSE,0.327412128569646,2320,,
19697,-1,-0.294621307701305,-0.733475595870072,0.144232980467462,0.188239129224991,0,1,1.73134570952177,0.188239129224991,FALSE,0.328607671783611,2321,,
1062,-1,-0.490164678032709,-1.22040639200491,0.240077035939488,0.188308739852306,0,1,1.73080017671223,0.188308739852306,FALSE,0.328607671783611,2322,CENPE,centromere protein E
106,-2,-2.33106789574486,-5.80803961348631,1.14590382199659,0.188839595360794,23.833910602839,1.0501598716697e-06,1.72664761153987,0.188839595360794,FALSE,0.329392182695625,2323,,
2703,1,0.265478444551691,-0.130815046696183,0.661771935799565,0.189187339131062,0,1,1.7239347813274,0.189187339131062,FALSE,0.329856754801662,2324,GJA8,gap junction protein alpha 8
242,-1,-0.45062725587104,-1.1240677961931,0.222813284451016,0.189690937577375,0,1,1.72001637170337,0.189690937577375,FALSE,0.33059255013485,2325,ALOX12B,"arachidonate 12-lipoxygenase, 12R type"
1246,1,0.216862633393331,-0.10735151443081,0.541076781217472,0.18985963594217,0,1,1.71870646923667,0.18985963594217,FALSE,0.330744301305965,2326,,
2909,1,2.24555765238101,-1.11619719702402,5.60731250178604,0.190466342770418,0,1,1.71400672352826,0.190466342770418,FALSE,0.331526908778033,2327,ARHGAP35,Rho GTPase activating protein 35
1136,-1,-0.223582676870312,-0.558324172186531,0.111158818445907,0.190496530522919,0,1,1.71377333544277,0.19049653052292,FALSE,0.331526908778033,2328,CHRNA3,cholinergic receptor nicotinic alpha 3 subunit
862,-1,-0.522924872419374,-1.30597724256363,0.260127497724883,0.190578320672937,0,1,1.71314121462564,0.190578320672937,FALSE,0.331526908778033,2329,RUNX1T1,RUNX1 partner transcriptional co-repressor 1
4653,1,0.209512631888578,-0.104262384073633,0.523287647850789,0.190636154356569,0,1,1.71269443389909,0.190636154356569,FALSE,0.331526908778033,2330,MYOC,myocilin
5189,1,0.235842785657046,-0.117552747118556,0.589238318432649,0.190871381074472,0,1,1.71087887182441,0.190871381074472,FALSE,0.331793580486383,2331,PEX1,peroxisomal biogenesis factor 1
1219,1,0.274373100028782,-0.136847411886918,0.685593611944482,0.190968209262955,0,1,1.7101322760185,0.190968209262955,FALSE,0.331819547141292,2332,,
818,1,0.290146544401644,-0.144943977609028,0.725237066412316,0.191202201153437,0,1,1.7083298979276,0.191202201153437,FALSE,0.332083720134473,2333,CAMK2G,calcium/calmodulin dependent protein kinase II gamma
1324,-1,-0.305838209165593,-0.764896270609543,0.153219852278357,0.191625130954154,0,1,1.70507870052176,0.191625130954154,FALSE,0.332675677217752,2334,,
1353,-1,-0.262156023787901,-0.655847841005737,0.131535793429935,0.191850864881149,0,1,1.70334683671718,0.191850864881149,FALSE,0.33292492698005,2335,COX11,cytochrome c oxidase copper chaperone COX11
31061,-1,-0.352819421598338,-0.882764923582923,0.177126080386247,0.191934951007558,0,1,1.70270232350966,0.191934951007558,FALSE,0.332928262620987,2336,,
1402,-1,-0.263910578568188,-0.660685042519382,0.132863885383006,0.192352773246484,0,1,1.69950463150957,0.192352773246484,FALSE,0.333468082166525,2337,,
1742,-1,-0.224656507144715,-0.562511155227419,0.113198140937989,0.19247973491774,0,1,1.69853457024237,0.19247973491774,FALSE,0.333468082166525,2338,DLG4,discs large MAGUK scaffold protein 4
201,-2,-0.655376330193976,-1.64100800181739,0.330255341429437,0.192493051378949,8.60133271381801,0.0033591709667058,1.69843286800436,0.192493051378949,FALSE,0.333468082166525,2339,,
10909,1,0.27578483065419,-0.139195514327826,0.690765175636206,0.192731987528518,0,1,1.69660942842576,0.192731987528518,FALSE,0.333739321993827,2340,,
9330,-1,-0.204528411881599,-0.512551101028989,0.103494277265791,0.193113139923124,0,1,1.69370612543634,0.193113139923124,FALSE,0.334256489948099,2341,GTF3C3,general transcription factor IIIC subunit 3
6831,-1,-0.266898122383778,-0.66903360678337,0.135237362015814,0.193315965197681,0,1,1.69216389850651,0.193315965197681,FALSE,0.334464684449617,2342,,
1651,1,0.289489654830547,-0.146962063028962,0.725941372690056,0.193599348240708,0,1,1.6900122964188,0.193599348240708,FALSE,0.334812018382991,2343,,
1565,-1,-0.53310341981854,-1.33768158693724,0.271474747300164,0.194064895717484,0,1,1.68648557974801,0.194064895717484,FALSE,0.335222492496085,2344,CYP2D6,cytochrome P450 family 2 subfamily D member 6
8305,1,0.339303585091809,-0.172879718325047,0.851486888508665,0.194147233255789,0,1,1.68586286792639,0.194147233255789,FALSE,0.335222492496085,2345,,
642,1,0.422143894515075,-0.215111141196748,1.0593989302269,0.194163451959299,0,1,1.68574024365204,0.194163451959299,FALSE,0.335222492496085,2346,BLMH,bleomycin hydrolase
9667,-1,-0.204708421106318,-0.513732648886068,0.104315806673432,0.194167618432456,0,1,1.68570874425477,0.194167618432456,FALSE,0.335222492496085,2347,SAFB2,scaffold attachment factor B2
3057,-1,-0.306922827679686,-0.770413465068388,0.156567809709016,0.194326749655433,0,1,1.68450627061102,0.194326749655433,FALSE,0.335354339694981,2348,,
1943,-1,-0.273522201882028,-0.686706759626721,0.139662355862665,0.194470272773829,0,1,1.68342272676637,0.194470272773829,FALSE,0.335459150821436,2349,EFNA2,ephrin A2
4818,-1,-0.28668539152612,-0.71984177529332,0.14647099224108,0.194560330870299,0,1,1.68274330056378,0.194560330870299,FALSE,0.335471685398489,2350,NKG7,natural killer cell granule protein 7
508,1,0.365744022752332,-0.187130444521013,0.918618490025677,0.1947762760094,0,1,1.68111564104617,0.1947762760094,FALSE,0.335701178387957,2351,,
6075,-1,-0.327057232080135,-0.822801170850298,0.168686706690028,0.195994676446386,0,1,1.67197149866544,0.195994676446386,FALSE,0.337657495306443,2352,,
821,1,0.299723368675181,-0.155261421490333,0.754708158840695,0.196656701128564,0,1,1.66703084182032,0.196656701128565,FALSE,0.338566029236608,2353,CANX,calnexin
1795,-1,-0.273802089179623,-0.689558761926633,0.141954583567387,0.196786786232965,0,1,1.66606231375605,0.196786786232965,FALSE,0.338566029236608,2354,DOCK3,dedicator of cytokinesis 3
777,1,0.513676291958444,-0.266550428820042,1.29390301273693,0.196919608501512,0,1,1.66507418035639,0.196919608501512,FALSE,0.338566029236608,2355,CACNA1E,calcium voltage-gated channel subunit alpha1 E
133,2,1.0691425734663,-0.554821610213665,2.69310675714627,0.196929430250715,3.70718970108798,0.0541785389331283,1.66500114231151,0.196929430250715,FALSE,0.338566029236608,2356,ADM,adrenomedullin
4622,1,0.225661352258602,-0.117112812064325,0.568435516581529,0.196939815130969,0,1,1.6649239212656,0.196939815130969,FALSE,0.338566029236608,2357,MYH4,myosin heavy chain 4
9350,1,0.326413789939523,-0.169541083307988,0.822368663187034,0.197066420104417,0,1,1.6639828815087,0.197066420104417,FALSE,0.338640006048812,2358,CER1,"cerberus 1, DAN family BMP antagonist"
1215,1,0.262571411396185,-0.136838104897616,0.661980927689986,0.197579504684053,0,1,1.66017642730654,0.197579504684053,FALSE,0.339377767265699,2359,CMA1,chymase 1
3143,-1,-0.228416657671779,-0.576128682922353,0.119295367578795,0.197910863563749,0,1,1.65772430770238,0.197910863563749,FALSE,0.339802889474707,2360,,
1400,1,0.254884841860816,-0.133311342421824,0.643081026143456,0.19813323951474,0,1,1.65608138127624,0.19813323951474,FALSE,0.34004061266994,2361,CRMP1,collapsin response mediator protein 1
598,1,0.255974129610753,-0.133972673766658,0.645920932988164,0.198238646490305,0,1,1.65530338389425,0.198238646490305,FALSE,0.340077474842809,2362,BCL2L1,BCL2 like 1
4787,-1,-0.238720414338524,-0.602996247178311,0.125555418501263,0.198994799435944,0,1,1.64973649417274,0.198994799435944,FALSE,0.341230185067476,2363,,
499,-1,-0.280486395955154,-0.708589564473382,0.147616772563074,0.199093929328059,0,1,1.64900852896012,0.199093929328059,FALSE,0.341255753653677,2364,,
2120,-1,-0.309651631823976,-0.782738131276571,0.163434867628619,0.199539425675929,0,1,1.64574225032935,0.199539425675929,FALSE,0.341606840686136,2365,ETV6,ETS variant transcription factor 6
1479,-1,-0.439736984443352,-1.11158323875848,0.232109269871775,0.199549491466146,0,1,1.64566854918298,0.199549491466146,FALSE,0.341606840686136,2366,CSTF3,cleavage stimulation factor subunit 3
345,1,0.419537835188192,-0.221450535025654,1.06052620540204,0.199551676185608,0,1,1.64565255336736,0.199551676185608,FALSE,0.341606840686136,2367,APOC3,apolipoprotein C3
3130,-1,-0.198483851281378,-0.5019354460562,0.104967743493444,0.199846974937245,0,1,1.64349236136956,0.199846974937245,FALSE,0.341967881100388,2368,,
4619,-1,-0.342645428606332,-0.866760166388944,0.18146930917628,0.200071909959841,0,1,1.64184941379531,0.200071909959841,FALSE,0.342208264735026,2369,MYH1,myosin heavy chain 1
35,-2,-2.87465724351487,-7.27581707114577,1.52650258411602,0.200486002321849,13.6996678138971,0.000214492422512351,1.63883051018844,0.200486002321849,FALSE,0.342771848695414,2370,ACADS,acyl-CoA dehydrogenase short chain
4535,1,0.48031876885134,-0.255211976126996,1.21584951382968,0.200579500640031,0,1,1.63814988302848,0.200579500640031,FALSE,0.342787067310588,2371,MT-ND1,mitochondrially encoded NADH:ubiquinone oxidoreductase core subunit 1 [Source:HGNC Symbol;Acc:HGNC:7455]
1816,1,0.535059659270684,-0.285080777369072,1.35520009591044,0.201009555681293,0,1,1.63502406479267,0.201009555681293,FALSE,0.343377200514587,2372,DRD5,dopamine receptor D5
2331,-1,-0.275822542023598,-0.698720637121926,0.14707555307473,0.201133988835032,0,1,1.6341210994919,0.201133988835032,FALSE,0.343444973771408,2373,FMOD,fibromodulin
462,2,0.659620660698174,-0.351976043372463,1.67121736476881,0.201245191156713,7.45401852134434,0.00632949816574172,1.63331470111088,0.201245191156713,FALSE,0.343459148146046,2374,SERPINC1,serpin family C member 1
1770,1,0.215279845921039,-0.114922943655308,0.545482635497386,0.201311815608801,0,1,1.63283181605289,0.201311815608801,FALSE,0.343459148146046,2375,DNAH9,dynein axonemal heavy chain 9
5072,-1,-0.311281379356882,-0.789144437735548,0.166581679021784,0.201698923859095,0,1,1.63002982157761,0.201698923859095,FALSE,0.343974764089669,2376,,
3,2,2.35272231177081,-1.26024188081644,5.96568650435807,0.201847064892518,21.4798420994223,3.57567727177783e-06,1.62895920989899,0.201847064892518,FALSE,0.344082586009458,2377,,
3328,-1,-0.274835686217229,-0.697029092203619,0.147357719769161,0.201998005814554,0,1,1.62786931397728,0.201998005814554,FALSE,0.344195088124715,2378,,
6152,-1,-0.271339307556543,-0.688448940997465,0.145770325884379,0.202308828087768,0,1,1.62562798194496,0.202308828087768,FALSE,0.344459340862205,2379,RPL24,ribosomal protein L24
10348,-1,-0.226529978599312,-0.57476859889863,0.121708641700006,0.202323107416596,0,1,1.62552511143252,0.202323107416596,FALSE,0.344459340862205,2380,,
6891,-1,-0.409778656837478,-1.04012643769987,0.220569124024911,0.20261375540955,0,1,1.62343309344026,0.20261375540955,FALSE,0.344809297320242,2381,TAP2,"transporter 2, ATP binding cassette subfamily B member"
994,1,0.292121770925864,-0.158103856191234,0.742347398042962,0.203482714732319,0,1,1.61719953683824,0.203482714732319,FALSE,0.346142720443055,2382,CDC25B,cell division cycle 25B
2002,-1,-0.294249892181316,-0.74792350031218,0.159423715949548,0.2036502154227,0,1,1.61600156054634,0.2036502154227,FALSE,0.346183994677994,2383,ELK1,ETS transcription factor ELK1
2166,1,0.270018876175797,-0.146451930509203,0.686489682860797,0.203820169474051,0,1,1.61478722375275,0.203820169474051,FALSE,0.346183994677994,2384,FAAH,fatty acid amide hydrolase
3001,-1,-0.249914728234575,-0.635380460639929,0.135551004170778,0.203823799147028,0,1,1.6147613024325,0.203823799147028,FALSE,0.346183994677994,2385,GZMA,granzyme A
2397,-1,-0.212181453559407,-0.539465832066538,0.115102924947724,0.203848719472284,0,1,1.61458334854433,0.203848719472284,FALSE,0.346183994677994,2386,,
2109,-1,-0.303456006372864,-0.771806095867762,0.164894083122034,0.204116400690056,0,1,1.612673475491,0.204116400690056,FALSE,0.346493362210351,2387,ETFB,electron transfer flavoprotein subunit beta
3450,1,0.382108754840079,-0.207766784807445,0.971984294487603,0.204219046003559,0,1,1.6119418965775,0.204219046003559,FALSE,0.346522434843559,2388,,
1229,-1,-0.686731864741212,-1.74729018037385,0.373826450891421,0.204400301570153,0,1,1.61065110066199,0.204400301570153,FALSE,0.346684814550967,2389,,
4470,-1,-0.311482570020113,-0.792761236379492,0.169796096339266,0.204624915336253,0,1,1.60905340428856,0.204624915336253,FALSE,0.346920567758368,2390,,
2273,-1,-0.20507439384489,-0.522040195260393,0.111891407570613,0.204768895607087,0,1,1.60803034802084,0.204768895607087,FALSE,0.347010665103532,2391,FHL1,four and a half LIM domains 1
730557,-1,-0.301298160764988,-0.767071472112794,0.164475150582817,0.204849336359242,0,1,1.60745914310412,0.204849336359242,FALSE,0.347010665103532,2392,,
340,2,1.01385958672788,-0.554762674711338,2.5824818481671,0.205227360567431,8.74214459081806,0.00310938611218549,1.60477835482099,0.205227360567431,FALSE,0.347459886435662,2393,,
712,-1,-0.255097852704401,-0.649830996695718,0.139635291286916,0.20528602372334,0,1,1.60436286264358,0.20528602372334,FALSE,0.347459886435662,2394,C1QA,complement C1q A chain
6226,-1,-0.274335500379113,-0.698973971700948,0.150302970942722,0.205432664145177,0,1,1.60332486842921,0.205432664145177,FALSE,0.347469956214609,2395,,
2866,-1,-0.283892165990895,-0.723353088555189,0.155568756573399,0.205463478551383,0,1,1.60310685982263,0.205463478551383,FALSE,0.347469956214609,2396,GPR42,G protein-coupled receptor 42
4925,-1,-0.300743545486524,-0.766395262610116,0.164908171637068,0.205565796943649,0,1,1.60238324488734,0.205565796943649,FALSE,0.347497959622723,2397,NUCB2,nucleobindin 2
9205,-1,-0.204421244473206,-0.521236486157725,0.112393997211313,0.205999219142846,0,1,1.59932270903208,0.205999219142846,FALSE,0.348085419502424,2398,ZMYM5,zinc finger MYM-type containing 5
2925,-1,-0.230511647633387,-0.587859066457724,0.12683577119095,0.206122183091439,0,1,1.59845580443468,0.206122183091439,FALSE,0.348148014125265,2399,GRPR,gastrin releasing peptide receptor
2823,-1,-0.201918752286484,-0.515306509740926,0.111469005167958,0.206652551278455,0,1,1.59472365603041,0.206652551278455,FALSE,0.348888190631806,2400,GPM6A,glycoprotein M6A
3810,1,0.410378810878237,-0.226661470768479,1.04741909252495,0.2067326124647,0,1,1.59416125623355,0.2067326124647,FALSE,0.348888190631806,2401,KIR2DS5,"killer cell immunoglobulin like receptor, two Ig domains and short cytoplasmic tail 5"
3517,-1,-0.20071587334547,-0.512455983506573,0.111024236815633,0.2069720299597,0,1,1.59248097215471,0.2069720299597,FALSE,0.34914682156399,2402,,
3777,1,0.297739860151709,-0.164849841282062,0.76032956158548,0.207126818531562,0,1,1.59139585413763,0.207126818531562,FALSE,0.349262533786887,2403,KCNK3,potassium two pore domain channel subfamily K member 3
675,-2,-0.577859264263435,-1.4769573381793,0.321238809652433,0.207781818947313,5.2249495587862,0.0222650921630364,1.58681467431248,0.207781818947313,FALSE,0.350215406747251,2404,BRCA2,BRCA2 DNA repair associated
1304,1,0.215011248286334,-0.119588346145378,0.549610842718046,0.207864771280143,0,1,1.58623571027604,0.207864771280143,FALSE,0.350215406747251,2405,,
670,1,0.290786298712583,-0.162069923747459,0.743642521172625,0.208202115100204,0,1,1.58388403788446,0.208202115100204,FALSE,0.350637976054043,2406,BPHL,biphenyl hydrolase like
3159,-1,-0.197669075830419,-0.506065188177876,0.110727036517038,0.209023400653845,0,1,1.57817753234176,0.209023400653845,FALSE,0.351874873057491,2407,HMGA1,high mobility group AT-hook 1
535,2,0.123990580329752,-0.069580797953751,0.317561958613254,0.209319412339945,0.720409555491013,0.396009600389877,1.57612726805109,0.209319412339945,FALSE,0.352226851661734,2408,ATP6V0A1,ATPase H+ transporting V0 subunit a1
10362,1,0.185026196972185,-0.10433811979051,0.47439051373488,0.210116181661859,0,1,1.57062562085259,0.210116181661859,FALSE,0.353420825277648,2409,HMG20B,high mobility group 20B
4481,1,0.223779597250477,-0.126697671253882,0.574256865754836,0.210775366523751,0,1,1.5660926341004,0.210775366523751,FALSE,0.35438248346649,2410,MSR1,macrophage scavenger receptor 1
61,2,3.1979028515166,-1.81313195686841,8.20893765990161,0.211009488444157,17.9808879302339,2.23134038556127e-05,1.5644867002115,0.211009488444157,FALSE,0.354417583578793,2411,,
1398,-1,-0.285297671020696,-0.732411704576897,0.161816362535505,0.211070368478868,0,1,1.56406944624933,0.211070368478868,FALSE,0.354417583578793,2412,CRK,"CRK proto-oncogene, adaptor protein"
2162,1,0.225404851649153,-0.127852782439833,0.578662485738139,0.211079010206347,0,1,1.56401022993928,0.211079010206347,FALSE,0.354417583578793,2413,F13A1,coagulation factor XIII A chain
931,-1,-0.609270774781192,-1.56426881083866,0.34572726127628,0.211146112230801,0,1,1.56355051985893,0.211146112230801,FALSE,0.354417583578793,2414,MS4A1,membrane spanning 4-domains A1
886,1,0.234174762323944,-0.133150386102217,0.601499910750105,0.211480932718699,0,1,1.56125927984508,0.211480932718699,FALSE,0.354832604296549,2415,CCKAR,cholecystokinin A receptor
2114,-1,-0.235395092539291,-0.60477747151531,0.133987286436727,0.211657833574607,0,1,1.56005044998742,0.211657833574607,FALSE,0.35498242617728,2416,ETS2,"ETS proto-oncogene 2, transcription factor"
7638,-1,-0.261918457651069,-0.673000435933505,0.149163520631367,0.211745736950904,0,1,1.55945021886502,0.211745736950904,FALSE,0.354982923510576,2417,ZNF221,zinc finger protein 221
746,1,0.256453341315485,-0.146435649410422,0.659342332041392,0.212182118465167,0,1,1.55647484250906,0.212182118465168,FALSE,0.35556738793253,2418,TMEM258,transmembrane protein 258
1317,-1,-0.251461654940685,-0.646697301785414,0.143773991904044,0.212400340532939,0,1,1.55498966296231,0.212400340532939,FALSE,0.355785936270967,2419,SLC31A1,solute carrier family 31 member 1
530,-2,-0.496544008596505,-1.27739746519501,0.284309448001999,0.212639844709337,6.94277078435282,0.00841586502649026,1.55336172442948,0.212639844709337,FALSE,0.356039938331502,2420,,
903,-1,-0.257485565640534,-0.662733096581118,0.14776196530005,0.213014527683703,0,1,1.55081932086813,0.213014527683703,FALSE,0.356519977767189,2421,,
9138,-1,-0.267451586145235,-0.688521214967489,0.153618042677019,0.213163363651346,0,1,1.54981087069046,0.213163363651346,FALSE,0.356621779320914,2422,ARHGEF1,Rho guanine nucleotide exchange factor 1
1024,1,0.258002574226329,-0.148269929611975,0.664275078064633,0.213252574517575,0,1,1.54920681596735,0.213252574517575,FALSE,0.356623785367401,2423,CDK8,cyclin dependent kinase 8
906,1,0.231638054663323,-0.133873051017131,0.597149160343777,0.214198759974999,0,1,1.54281852838329,0.214198759974999,FALSE,0.358058323192532,2424,,
1336,1,0.239485174814003,-0.138560012836332,0.617530362464338,0.214382802570729,0,1,1.54157983792734,0.214382802570729,FALSE,0.358167917367079,2425,,
1771,1,0.333926274985849,-0.193268283675396,0.861120833647094,0.214441107485818,0,1,1.5411876829611,0.214441107485818,FALSE,0.358167917367079,2426,,
2256,-1,-0.276408198740341,-0.712947489072331,0.160131091591649,0.214601640199917,0,1,1.54010860532951,0.214601640199917,FALSE,0.358288358504353,2427,FGF11,fibroblast growth factor 11
1881,1,0.377619473401739,-0.219088130559702,0.97432707736318,0.214849503307275,0,1,1.53844438913791,0.214849503307275,FALSE,0.358554442916424,2428,,
4962,-1,-0.212506140365019,-0.548805253290049,0.123792972560011,0.215533002711206,0,1,1.53386700537299,0.215533002711206,FALSE,0.359547026342448,2429,,
2233,-1,-0.219792407938169,-0.568341960298825,0.128757144422487,0.216482072435057,0,1,1.52753966897535,0.216482072435057,FALSE,0.36094679472996,2430,,
4857,-1,-0.213852939600614,-0.553035059875395,0.125329180674167,0.21655177485919,0,1,1.52707627345162,0.21655177485919,FALSE,0.36094679472996,2431,NOVA1,NOVA alternative splicing regulator 1
82,2,1.56589020123725,-0.918440268962427,4.05022067143693,0.216689678347856,6.83538247911258,0.00893695555108525,1.52615998693385,0.216689678347856,FALSE,0.36094679472996,2432,,
2976,1,0.429263881642129,-0.2518331972467,1.11036096053096,0.216728418454589,0,1,1.52590270696766,0.216728418454589,FALSE,0.36094679472996,2433,GTF3C2,general transcription factor IIIC subunit 2
142,2,1.96758485491971,-1.15566958353154,5.09083929337096,0.216928682530471,22.6829667266236,1.91053976627832e-06,1.52457359049152,0.216928682530471,FALSE,0.360972999252881,2434,PARP1,poly(ADP-ribose) polymerase 1
2706,-1,-0.229684920776063,-0.594301448173449,0.134931606621323,0.216960406945467,0,1,1.52436317540746,0.216960406945467,FALSE,0.360972999252881,2435,GJB2,gap junction protein beta 2
80759,-1,-0.190469803013459,-0.492867292068908,0.11192768604199,0.217011408237911,0,1,1.52402498149341,0.217011408237911,FALSE,0.360972999252881,2436,KHDC1,KH domain containing 1
213,2,0.410409772426257,-0.241395190125731,1.06221473497825,0.217168005154368,2.47696660051045,0.115524866045415,1.5229871655025,0.217168005154368,FALSE,0.361085251081451,2437,ALB,albumin
2513,-1,-0.220165024276756,-0.570633417260339,0.130303368706827,0.218227979188368,0,1,1.5159857626028,0.218227979188368,FALSE,0.362698839897976,2438,,
4872,-1,-0.194142306249417,-0.503282223157104,0.114997610658269,0.218370426381036,0,1,1.51504795336901,0.218370426381036,FALSE,0.36278678462319,2439,,
93,2,1.34990854189863,-0.800869778965168,3.50068686276242,0.218642301890608,16.2750499837303,5.47805327325295e-05,1.51326006927106,0.218642301890608,FALSE,0.363089593139649,2440,ACVR2B,activin A receptor type 2B
591,-1,-0.555028279344729,-1.43984457303404,0.329788014344578,0.218903961164576,0,1,1.51154187134997,0.218903961164576,FALSE,0.363375194854101,2441,,
558,1,0.263441834392213,-0.15691632713272,0.683799995917146,0.219324928482518,0,1,1.50878270697306,0.219324928482518,FALSE,0.363924901806373,2442,AXL,AXL receptor tyrosine kinase
1161715,-1,-0.296020619942124,-0.76867190444954,0.176630664565292,0.219626534744304,0,1,1.50680976031749,0.219626534744304,FALSE,0.36410305385452,2443,,
1132,1,0.345616022296052,-0.206264084864804,0.897496129456908,0.219660501784182,0,1,1.50658776882542,0.219660501784182,FALSE,0.36410305385452,2444,CHRM4,cholinergic receptor muscarinic 4
17650,-1,-0.363509509919184,-0.944037422728051,0.217018402889683,0.219720443868504,0,1,1.50619611748407,0.219720443868504,FALSE,0.36410305385452,2445,,
2758,1,0.3367944720097,-0.201188195792078,0.874777139811478,0.219822379973814,0,1,1.50553037728793,0.219822379973814,FALSE,0.36410305385452,2446,,
4326,-1,-0.4545750742237,-1.180789210308,0.271639061860598,0.219881582621424,0,1,1.50514389663788,0.219881582621424,FALSE,0.36410305385452,2447,MMP17,matrix metallopeptidase 17
1760,-1,-0.290467307296937,-0.754865821553503,0.17393120695963,0.220236857991199,0,1,1.50282723239635,0.220236857991199,FALSE,0.364542380956021,2448,DMPK,DM1 protein kinase
413,2,0.649409235109168,-0.390472899177796,1.68929136939613,0.220951146596963,4.78110070899595,0.0287737231322147,1.49818301449838,0.220951146596963,FALSE,0.365430525869594,2449,,
1915,1,0.295888512242923,-0.177912794582357,0.769689819068204,0.220953797724705,0,1,1.49816581062583,0.220953797724705,FALSE,0.365430525869594,2450,EEF1A1,eukaryotic translation elongation factor 1 alpha 1
3053,1,0.491502949196231,-0.296561502285135,1.2795674006776,0.221557313806923,0,1,1.49425584466009,0.221557313806923,FALSE,0.366279165869298,2451,SERPIND1,serpin family D member 1
410,2,0.171074276747437,-0.103382668445632,0.445531221940506,0.221827476563964,1.10545925616255,0.29307113972392,1.4925096812771,0.221827476563964,FALSE,0.366576237780253,2452,ARSA,arylsulfatase A
4833,-1,-0.207607210516574,-0.540791046064326,0.125576625031178,0.221989223910298,0,1,1.49146546449631,0.221989223910298,FALSE,0.36669398095578,2453,NME4,NME/NM23 nucleoside diphosphate kinase 4
2401,-1,-0.416203697782436,-1.08481631419216,0.252408918627288,0.222443973592004,0,1,1.48853453940861,0.222443973592004,FALSE,0.36729542827824,2454,,
2236,1,0.295440086527919,-0.179372043189405,0.770252216245243,0.222639667400132,0,1,1.48727547177056,0.222639667400132,FALSE,0.367468811529669,2455,,
231,2,0.525229257967523,-0.319329911106888,1.36978842704193,0.222883382082385,7.94850823901341,0.00481270305889934,1.48570929546072,0.222883382082385,FALSE,0.367583043336281,2456,AKR1B1,aldo-keto reductase family 1 member B
2280,1,0.286226245724285,-0.174027284166518,0.746479775615088,0.222890310334956,0,1,1.48566480261762,0.222890310334956,FALSE,0.367583043336281,2457,FKBP1A,FKBP prolyl isomerase 1A
2062,-1,-0.237502072733256,-0.61965106105087,0.144646915584358,0.223186146759169,0,1,1.48376650164968,0.223186146759169,FALSE,0.367921182533829,2458,,
1672,-1,-0.267693088903791,-0.698531225750428,0.163145047942846,0.223305163050129,0,1,1.48300365671562,0.223305163050129,FALSE,0.367967297640808,2459,DEFB1,defensin beta 1
4429,-1,-0.216962535805422,-0.566231496072074,0.13230642446123,0.223409902679764,0,1,1.48233272201822,0.223409902679764,FALSE,0.367967297640808,2460,,
841,1,0.309747663201538,-0.189101177604788,0.808596504007864,0.223607857866691,0,1,1.48106570130819,0.223607857866691,FALSE,0.367967297640808,2461,CASP8,caspase 8
1253,1,0.515748738580993,-0.3148772077395,1.34637468490149,0.223614670733858,0,1,1.48102211918121,0.223614670733858,FALSE,0.367967297640808,2462,,
2383,-1,-0.328945290018866,-0.858780937157371,0.200890357119639,0.223668177218487,0,1,1.48067989180833,0.223668177218487,FALSE,0.367967297640808,2463,,
2341,-1,-0.376593477508799,-0.983792574039563,0.230605619021965,0.224138318992262,0,1,1.47767707774427,0.224138318992262,FALSE,0.368591099251886,2464,,
2393,-1,-0.74147886395109,-1.93742905506221,0.45447132716003,0.224304743326232,0,1,1.47661592765341,0.224304743326232,FALSE,0.368715139942349,2465,,
13050,-1,-0.373317832747835,-0.976142006735414,0.229506341239744,0.224835812815473,0,1,1.47323603961878,0.224835812815473,FALSE,0.369438245550809,2466,,
397,-1,-0.337139329595693,-0.881723131966882,0.207444472775496,0.224988885197914,0,1,1.47226361753719,0.224988885197914,FALSE,0.369491094297131,2467,ARHGDIB,Rho GDP dissociation inhibitor beta
3078,-1,-0.262350854007277,-0.686184421161526,0.161482713146972,0.225050350623228,0,1,1.47187336975516,0.225050350623228,FALSE,0.369491094297131,2468,CFHR1,complement factor H related 1
5485,1,0.194417416980408,-0.1199496083083,0.508784442269116,0.225465746980986,0,1,1.46923934051221,0.225465746980986,FALSE,0.370023170014967,2469,,
883,-1,-0.301689815973425,-0.789691626380492,0.186311994433642,0.225635572563545,0,1,1.4681641526195,0.225635572563545,FALSE,0.370151959525298,2470,KYAT1,kynurenine aminotransferase 1
4123,-1,-0.212321084714851,-0.55605319117306,0.131411021743358,0.226026890638415,0,1,1.46569036031638,0.226026890638415,FALSE,0.370643853042031,2471,MAN2C1,mannosidase alpha class 2C member 1
3773,-1,-0.1955928179333,-0.512376802532282,0.121191166665682,0.226222866245147,0,1,1.46445339447227,0.226222866245147,FALSE,0.370815151304747,2472,KCNJ16,potassium inwardly rectifying channel subfamily J member 16
502,2,0.630891486173389,-0.391625722182784,1.65340869452956,0.226549664971572,11.2468868236173,0.000797566750583213,1.46239355395955,0.226549664971572,FALSE,0.371200664158839,2473,,
21850,-1,-0.315873902831368,-0.828411457529245,0.196663651866509,0.227080204778661,0,1,1.45905710508526,0.227080204778661,FALSE,0.371919559322204,2474,,
1296,-1,-0.248322048782289,-0.651879809563119,0.155235711998541,0.227806395298258,0,1,1.45450540794642,0.227806395298258,FALSE,0.372958187373149,2475,COL8A2,collagen type VIII alpha 2 chain
1783,1,1.36093926441467,-0.852226400938338,3.57410492976768,0.228111334889647,0,1,1.45259927186038,0.228111334889647,FALSE,0.373256918489268,2476,DYNC1LI2,dynein cytoplasmic 1 light intermediate chain 2
21055,-1,-0.197849858871101,-0.51963692845584,0.123937210713638,0.228173096519723,0,1,1.45221358147682,0.228173096519723,FALSE,0.373256918489268,2477,,
2629,1,0.340821189020433,-0.214686606363933,0.8963289844048,0.229170471353526,0,1,1.44600249080193,0.229170471353526,FALSE,0.374737187217308,2478,GBA1,glucosylceramidase beta 1
2550,-1,-0.405217295287413,-1.06730089359449,0.256866303019659,0.230308917370459,0,1,1.43895254052016,0.230308917370459,FALSE,0.376446846787052,2479,GABBR1,gamma-aminobutyric acid type B receptor subunit 1
1889,-1,-0.346184845414895,-0.912012048272016,0.219642357442226,0.230470903976956,0,1,1.43795283325731,0.230470903976956,FALSE,0.376559718917187,2480,ECE1,endothelin converting enzyme 1
6173,-1,-0.354017463884069,-0.933000217289609,0.224965289521471,0.230755588039359,0,1,1.436197943793,0.230755588039359,FALSE,0.376872891066298,2481,RPL36A,ribosomal protein L36a
2763,1,0.219091019853988,-0.139299939586232,0.577481979294208,0.230853869421256,0,1,1.43559270984258,0.230853869421256,FALSE,0.376881498346063,2482,,
2920,-1,-1.40571471956351,-3.70820757000895,0.896778130881933,0.231464655121225,0,1,1.43183833688572,0.231464655121225,FALSE,0.377726452900203,2483,CXCL2,C-X-C motif chemokine ligand 2
1129,-1,-0.221519684499295,-0.58504073779335,0.14200136879476,0.232341911131948,0,1,1.42646688571812,0.232341911131948,FALSE,0.379005404149217,2484,CHRM2,cholinergic receptor muscarinic 2
632,-1,-0.325353026599884,-0.860208851995723,0.209502798795955,0.233164437855406,0,1,1.42145273574626,0.233164437855406,FALSE,0.380194085388372,2485,BGLAP,bone gamma-carboxyglutamate protein
27028,-1,-1.78679661383294,-4.72567385605159,1.15208062838571,0.23340599302379,0,1,1.41998426482575,0.23340599302379,FALSE,0.380434868758003,2486,,
149,2,0.206511901025909,-0.133293916416785,0.546317718468602,0.233599106245364,0.84723494501836,0.357335737050718,1.41881160418524,0.233599106245364,FALSE,0.380596533376041,2487,,
310,2,0.865754253659135,-0.560771602066824,2.29228010938509,0.234244445598865,19.8977444772989,8.16966542225702e-06,1.41490132996511,0.234244445598865,FALSE,0.381494571369213,2488,ANXA7,annexin A7
494,-1,-0.269648432280704,-0.714775248501538,0.17547838394013,0.235107406374248,0,1,1.40969274278434,0.235107406374247,FALSE,0.382671130531294,2489,,
805,1,0.395606767551544,-0.257549141664229,1.04876267676732,0.235179944205497,0,1,1.40925597906426,0.235179944205497,FALSE,0.382671130531294,2490,CALM2,calmodulin 2
17956,-1,-0.249185199304724,-0.660657451434577,0.162287052825129,0.235250194016154,0,1,1.40883314731231,0.235250194016154,FALSE,0.382671130531294,2491,,
169,2,0.914313818049722,-0.59720835281944,2.42583598891889,0.2357903743493,6.1805115320528,0.0129164929970458,1.40558691383977,0.2357903743493,FALSE,0.383264053201492,2492,,
1708,1,0.375220428010981,-0.245103060053611,0.995543916075573,0.235803870836949,0,1,1.40550592152364,0.235803870836949,FALSE,0.383264053201492,2493,,
602,1,0.348375907194074,-0.227763079277786,0.924514893665934,0.235962871529084,0,1,1.40455218202973,0.235962871529084,FALSE,0.38336870707131,2494,BCL3,BCL3 transcription coactivator
569,1,0.35159569763775,-0.230052262548506,0.933243657824006,0.236111218386707,0,1,1.40366304936913,0.236111218386707,FALSE,0.383455974710596,2495,,
586,-1,-0.273058216501947,-0.725710359321911,0.179593926318017,0.237074732049029,0,1,1.39790455282127,0.237074732049028,FALSE,0.384866512124465,2496,BCAT1,branched chain amino acid transaminase 1
2908,1,0.353383937062096,-0.233059907272504,0.939827781396696,0.237582666634691,0,1,1.39488025851069,0.237582666634691,FALSE,0.385536630037552,2497,NR3C1,nuclear receptor subfamily 3 group C member 1
1194,1,0.419861559501383,-0.277304351010941,1.11702747001371,0.237853197056721,0,1,1.39327269123422,0.237853197056721,FALSE,0.385821118684481,2498,,
9819,-1,-0.212431050520243,-0.565357249500947,0.14049514846046,0.238108087628446,0,1,1.3917600883849,0.238108087628446,FALSE,0.386080020436359,2499,TSC22D2,TSC22 domain family member 2
28,-2,-3.34668578517394,-8.90861122366258,2.21523965331471,0.238264071703297,30.7614264206228,2.9178062525844e-08,1.39083539726564,0.238264071703297,FALSE,0.386178407416704,2500,ABO,"ABO, alpha 1-3-N-acetylgalactosaminyltransferase and alpha 1-3-galactosyltransferase"
5852,1,0.382610593487085,-0.253963335049463,1.01918452202363,0.238784772796197,0,1,1.38775393439256,0.238784772796197,FALSE,0.386867612702995,2501,,
1227,-1,-0.247958640105002,-0.660614088530318,0.164696808320315,0.23891073503099,0,1,1.38700972624697,0.23891073503099,FALSE,0.38689189218392,2502,,
2195,-1,-0.188978400333334,-0.503531859835092,0.125575059168424,0.238990722146187,0,1,1.386537394874,0.238990722146187,FALSE,0.38689189218392,2503,FAT1,FAT atypical cadherin 1
2610,-1,-0.180369084094824,-0.481278923674142,0.120540755484494,0.240064062568599,0,1,1.38021773536441,0.240064062568599,FALSE,0.388474273773148,2504,,
12766,-1,-0.320437734784729,-0.855411759104313,0.214536289534855,0.240404822811592,0,1,1.37821857018217,0.240404822811592,FALSE,0.388870396020986,2505,,
3397,-1,-0.204256760713853,-0.545378300914558,0.136864779486852,0.240560385527423,0,1,1.37730706307407,0.240560385527423,FALSE,0.388966752656471,2506,ID1,inhibitor of DNA binding 1
1953,1,0.453416515671714,-0.304052245079552,1.21088527642298,0.240706248712661,0,1,1.37645304045696,0.240706248712661,FALSE,0.389047355318588,2507,MEGF6,multiple EGF like domains 6
1330,-1,-0.197173871095962,-0.526703830632246,0.132356088440322,0.24089920752364,0,1,1.37532424152431,0.24089920752364,FALSE,0.389092954125603,2508,,
4055,1,0.280113308611099,-0.188057672545215,0.748284289767413,0.240926510834437,0,1,1.37516460740328,0.240926510834437,FALSE,0.389092954125603,2509,LTBR,lymphotoxin beta receptor
5805,-1,-0.204725938599197,-0.546969639511709,0.137517762313315,0.241026003711424,0,1,1.37458308907716,0.241026003711424,FALSE,0.389098552605056,2510,PTS,6-pyruvoyltetrahydropterin synthase
109,-2,-1.28612284129831,-3.43995863785017,0.867712955253544,0.241857771776508,5.29961829149558,0.0213300981853775,1.36973295061093,0.241857771776508,FALSE,0.390278113363431,2511,ADCY3,adenylate cyclase 3
6720,-1,-0.225477167066176,-0.603151223186813,0.152196889054461,0.24194931410882,0,1,1.36920039673978,0.24194931410882,FALSE,0.390278113363431,2512,SREBF1,sterol regulatory element binding transcription factor 1
1687,-1,-0.360474365630435,-0.96454457254681,0.24359584128594,0.242164470096229,0,1,1.3679496771792,0.242164470096229,FALSE,0.390288800772799,2513,GSDME,gasdermin E
31983,1,0.404737419816892,-0.273513096150201,1.08298793578399,0.242168529327183,0,1,1.36792609353999,0.242168529327183,FALSE,0.390288800772799,2514,,
1963,1,0.23246170445664,-0.157155946265485,0.622079355178765,0.242244899788645,0,1,1.3674824801343,0.242244899788645,FALSE,0.390288800772799,2515,,
4760,-1,-0.272632547464394,-0.729859320019482,0.184594225090694,0.242534178825149,0,1,1.36580368704241,0.242534178825149,FALSE,0.390599559856718,2516,NEUROD1,neuronal differentiation 1
2714,-1,-0.421991785451089,-1.13023589949554,0.286252328593364,0.242886750354811,0,1,1.36376087931298,0.242886750354811,FALSE,0.391011963622445,2517,,
8935,-1,-0.184359470093518,-0.493840124495392,0.125121184308356,0.242983394740058,0,1,1.36320155033556,0.242983394740058,FALSE,0.391012198366448,2518,SKAP2,src kinase associated phosphoprotein 2
2626,1,0.306971060020391,-0.208897757197283,0.822839877238065,0.243497544694812,0,1,1.36023046095143,0.243497544694812,FALSE,0.391573617954672,2519,GATA4,GATA binding protein 4
808,1,0.347285745498116,-0.236475419947922,0.931046910944154,0.243613036313218,0,1,1.35956412784192,0.243613036313218,FALSE,0.391573617954672,2520,CALM3,calmodulin 3
5990,-1,-0.24391244633906,-0.653918842534165,0.166093949856045,0.243622184319775,0,1,1.35951136454717,0.243622184319775,FALSE,0.391573617954672,2521,RFX2,regulatory factor X2
748,-1,-0.28149008334292,-0.754854881014008,0.191874714328168,0.243813452269364,0,1,1.35840873434531,0.243813452269364,FALSE,0.391725657650858,2522,,
4307,1,0.288190552576707,-0.196839813369121,0.773220918522535,0.244200365458212,0,1,1.35618146160358,0.244200365458212,FALSE,0.392083512075741,2523,,
2036,1,0.345226370912413,-0.235902658553556,0.926355400378382,0.244286615362576,0,1,1.3556855492037,0.244286615362576,FALSE,0.392083512075741,2524,EPB41L1,erythrocyte membrane protein band 4.1 like 1
243,2,0.802629478832171,-0.548847915663944,2.15410687332829,0.244422457224157,14.5698642862974,0.000135057268256186,1.35490493018903,0.244422457224157,FALSE,0.392083512075741,2525,,
270,2,1.60971630097331,-1.10074829126483,4.32018089321145,0.244423235810297,58.1106711127292,2.47778589911847e-14,1.35490045754807,0.244423235810297,FALSE,0.392083512075741,2526,AMPD1,adenosine monophosphate deaminase 1
191,2,1.27636650397292,-0.873784977968691,3.42651798591453,0.24463968642473,16.8492107676005,4.0470155430006e-05,1.35365771610461,0.24463968642473,FALSE,0.392181173191457,2527,AHCY,adenosylhomocysteinase
461,2,0.275470204542274,-0.188620932735076,0.739561341819624,0.244677691467918,2.62080772645117,0.105470740485032,1.35343965035129,0.244677691467918,FALSE,0.392181173191457,2528,,
3642,1,0.262157750624133,-0.179873064580787,0.704188565829053,0.245070148466405,0,1,1.35119022131168,0.245070148466405,FALSE,0.392624438354732,2529,INSM1,INSM transcriptional repressor 1
2847,-1,-0.178564579626386,-0.479696524375407,0.122567365122635,0.245148032832545,0,1,1.35074433775895,0.245148032832545,FALSE,0.392624438354732,2530,MCHR1,melanin concentrating hormone receptor 1
6545,-1,-2.1803265814075,-5.86139851360182,1.50074535078682,0.245681997854822,0,1,1.34769206967335,0.245681997854823,FALSE,0.393324162507997,2531,SLC7A4,solute carrier family 7 member 4
464,2,0.222312391533098,-0.153354632528162,0.597979415594359,0.246102422059575,1.82200922935408,0.177074298717603,1.34529452371943,0.246102422059574,FALSE,0.393841632774643,2532,,
1515,1,0.232103895669966,-0.160331103847313,0.624538895187245,0.246369868975544,0,1,1.34377196187838,0.246369868975544,FALSE,0.394113979111293,2533,CTSV,cathepsin V
3318,1,0.25037297058693,-0.173187616826719,0.673933558000579,0.246633991881284,0,1,1.34227030498067,0.246633991881284,FALSE,0.394317595943684,2534,,
1263,1,0.282278227309998,-0.19531548450186,0.759871939121856,0.246691783247098,0,1,1.34194199735383,0.246691783247098,FALSE,0.394317595943684,2535,PLK3,polo like kinase 3
1581631,-1,-0.23208716710265,-0.625132326414458,0.160957992209158,0.247138044818672,0,1,1.3394099879568,0.247138044818672,FALSE,0.394875141011537,2536,,
9061,-1,-0.28834605405366,-0.777598293611428,0.200906185504108,0.248038917366995,0,1,1.33431559686634,0.248038917366995,FALSE,0.396158333926316,2537,PAPSS1,3'-phosphoadenosine 5'-phosphosulfate synthase 1
2307,1,0.192089903212785,-0.134066116610351,0.518245923035921,0.248367900038862,0,1,1.33246085798893,0.248367900038862,FALSE,0.396527474766535,2538,FOXS1,forkhead box S1
6999,-1,-0.215259961936469,-0.580957961895155,0.150438038022217,0.248627680880913,0,1,1.33099838970117,0.248627680880913,FALSE,0.396738021825515,2539,TDO2,"tryptophan 2,3-dioxygenase"
942,1,0.271346985754677,-0.189740737569508,0.732434709078862,0.24873579633421,0,1,1.33039029186186,0.24873579633421,FALSE,0.396738021825515,2540,CD86,CD86 molecule
1938,1,0.307206410663818,-0.214879294517143,0.829292115844779,0.248793512699564,0,1,1.33006579738765,0.248793512699564,FALSE,0.396738021825515,2541,EEF2,eukaryotic translation elongation factor 2
125,2,1.00557838541794,-0.703787960979861,2.71494473181574,0.248910859541602,10.9857747527434,0.000918138922883659,1.32940633113817,0.248910859541602,FALSE,0.396769001912892,2542,ADH1B,"alcohol dehydrogenase 1B (class I), beta polypeptide"
6134,1,0.267991840560906,-0.188014416869263,0.723998097991075,0.24937951966969,0,1,1.3267763468639,0.24937951966969,FALSE,0.397359737987253,2543,RPL10,ribosomal protein L10
6934,-1,-0.207675336322961,-0.56122360679879,0.145872934152867,0.24961342511042,0,1,1.32546600268312,0.24961342511042,FALSE,0.397560327715726,2544,TCF7L2,transcription factor 7 like 2
7458,-1,-0.616613775827071,-1.66671875560803,0.433491203953892,0.249783184363681,0,1,1.32451594938903,0.249783184363681,FALSE,0.397560327715726,2545,EIF4H,eukaryotic translation initiation factor 4H
5060,1,0.54199217824299,-0.381063096415408,1.46504745290139,0.249799751817433,0,1,1.32442327246271,0.249799751817433,FALSE,0.397560327715726,2546,,
10651,-1,-0.306601651063888,-0.829064348189132,0.215861046061356,0.250068127173873,0,1,1.32292305269927,0.250068127173873,FALSE,0.397831194074808,2547,MTX2,metaxin 2
616,2,0.323004115535474,-0.228114526799509,0.874122757870458,0.250674879200938,2.65408133334634,0.103284411844983,1.31953857292439,0.250674879200938,FALSE,0.398639957033831,2548,,
1486,-1,-0.288485110190825,-0.781100450100659,0.204130229719009,0.251054038470428,0,1,1.31742871124278,0.251054038470428,FALSE,0.399086294186809,2549,CTBS,chitobiase
3095,1,0.244079070152364,-0.173037537302167,0.661195677606895,0.251427759047696,0,1,1.31535293794412,0.251427759047696,FALSE,0.399523639082848,2550,,
5306,1,0.253826075875385,-0.180187216028515,0.687839367779286,0.251689598311268,0,1,1.31390084798214,0.251689598311268,FALSE,0.399782929187479,2551,PITPNA,phosphatidylinositol transfer protein alpha
9012,-1,-0.231159180135805,-0.626605570974154,0.164287210702544,0.251918531634134,0,1,1.3126327650346,0.251918531634134,FALSE,0.399853906773354,2552,,
7392,1,0.259684787148384,-0.184572937806258,0.703942512103026,0.251931644618059,0,1,1.31256017386722,0.251931644618059,FALSE,0.399853906773354,2553,USF2,"upstream transcription factor 2, c-fos interacting"
3191,-1,-0.244997298856943,-0.664243729219783,0.174249131505897,0.252062242975692,0,1,1.31183745762904,0.252062242975692,FALSE,0.399904545237864,2554,HNRNPL,heterogeneous nuclear ribonucleoprotein L
14205,-1,-0.352523083074249,-0.956006335095659,0.250960168947161,0.252247445815121,0,1,1.31081335498733,0.252247445815121,FALSE,0.400028779543257,2555,,
255,2,0.380930090188394,-0.271394546370854,1.03325472674764,0.252401272598297,2.9692564489922,0.0848608506895136,1.30996345245077,0.252401272598297,FALSE,0.400028779543257,2556,,
2223,-1,-0.260087226606047,-0.70550749742495,0.185333044212856,0.252436719963501,0,1,1.30976769380486,0.252436719963501,FALSE,0.400028779543257,2557,,
2953,-1,-0.216730128356017,-0.588102868828653,0.154642612116619,0.252698653441256,0,1,1.30832220849507,0.252698653441256,FALSE,0.40028731186238,2558,GSTT2,glutathione S-transferase theta 2 (gene/pseudogene)
1644,-1,-0.424451501617667,-1.15370788164315,0.304804878407818,0.25396801342792,0,1,1.30134322718108,0.25396801342792,FALSE,0.402140832516582,2559,DDC,dopa decarboxylase
5401,1,0.197516161239216,-0.142258540475817,0.537290862954249,0.254554433357259,0,1,1.29813355237724,0.254554433357259,FALSE,0.402911939048287,2560,,
2434,-1,-0.202353962482447,-0.550859626567218,0.146151701602324,0.255112055929764,0,1,1.29508993022957,0.255112055929764,FALSE,0.403636880369935,2561,,
151,-2,-2.48278650803913,-6.76183407101467,1.79626105493641,0.255450853496837,51.7232902926781,6.39002276338608e-13,1.29324470142235,0.255450853496837,FALSE,0.404015167201086,2562,ADRA2B,adrenoceptor alpha 2B
10380,-1,-0.2344091644022,-0.639199481917428,0.170381153113028,0.256378931360026,0,1,1.28820542587313,0.256378931360026,FALSE,0.405324787308164,2563,BPNT1,"3'(2'), 5'-bisphosphate nucleotidase 1"
971,1,0.283603810426236,-0.206492397631332,0.773700018483804,0.256722528301631,0,1,1.28634546756336,0.256722528301631,FALSE,0.405709705412717,2564,CD72,CD72 molecule
1374,-1,-0.192539092012993,-0.525587156534109,0.140508972508123,0.257181182594141,0,1,1.28386746271048,0.257181182594141,FALSE,0.406276082600959,2565,CPT1A,carnitine palmitoyltransferase 1A
3533,1,0.173962697169288,-0.127109243719781,0.475034638058357,0.25742896245279,0,1,1.28253103299348,0.25742896245279,FALSE,0.406509024107056,2566,,
175,2,0.371933259549599,-0.272689510782367,1.01655602988156,0.258115531669368,2.6529650238077,0.103356951925621,1.27883622532882,0.258115531669368,FALSE,0.407434411501473,2567,AGA,aspartylglucosaminidase
1282,-1,-0.290922133988792,-0.795314739829224,0.213470471851639,0.25828140901673,0,1,1.27794536862542,0.25828140901673,FALSE,0.407537488059108,2568,COL4A1,collagen type IV alpha 1 chain
323,-2,-0.818731288554036,-2.24035356640717,0.602890989299095,0.258995090795852,5.61687489717094,0.0177883400570584,1.27412053779369,0.258995090795852,FALSE,0.407994980620119,2569,APBB2,amyloid beta precursor protein binding family B member 2
21910,1,0.312954080459947,-0.230595381592904,0.856503542512798,0.259121895050477,0,1,1.27344231976573,0.259121895050477,FALSE,0.407994980620119,2570,,
1160,1,0.267805881115884,-0.197346365608577,0.732958127840345,0.259140059146122,0,1,1.27334520192572,0.259140059146122,FALSE,0.407994980620119,2571,CKMT2,"creatine kinase, mitochondrial 2"
3988,-1,-0.202367185576224,-0.553939811935326,0.149205440782878,0.25924968571554,0,1,1.27275924102472,0.25924968571554,FALSE,0.407994980620119,2572,LIPA,"lipase A, lysosomal acid type"
240,-2,-0.86661272008721,-2.37261294681244,0.639387506638023,0.259386817084406,16.725344337912,4.32000191178734e-05,1.272026696566,0.259386817084406,FALSE,0.407994980620119,2573,ALOX5,arachidonate 5-lipoxygenase
2339,-1,-0.17969277433815,-0.491971928106776,0.132586379430475,0.259400421406349,0,1,1.27195404952208,0.259400421406349,FALSE,0.407994980620119,2574,FNTA,"farnesyltransferase, CAAX box, alpha"
1635,-1,-0.197382801508994,-0.540458431777465,0.145692828759477,0.259475215003223,0,1,1.27155473607916,0.259475215003223,FALSE,0.407994980620119,2575,DCTD,dCMP deaminase
1220,-1,-0.24456686632983,-0.669671355344168,0.180537622684508,0.259494424789501,0,1,1.27145220047102,0.259494424789501,FALSE,0.407994980620119,2576,,
589,1,0.264645055430285,-0.195399041177456,0.724689152038026,0.259535679512445,0,1,1.27123202787799,0.259535679512445,FALSE,0.407994980620119,2577,,
7199,1,0.185360550898305,-0.136888607469719,0.50760970926633,0.259578247788417,0,1,1.27100489036108,0.259578247788417,FALSE,0.407994980620119,2578,,
4667,-1,-0.169200196127559,-0.46352070585658,0.125120313601462,0.259847252906988,0,1,1.26957058716083,0.259847252906988,FALSE,0.408259429538238,2579,,
412,1,0.32119543586326,-0.237887025557746,0.880277897284266,0.260162010425364,0,1,1.26789466889486,0.260162010425364,FALSE,0.408452062751111,2580,STS,steroid sulfatase
0,2,2.57325861590989,-1.90592177652213,7.05243900834191,0.260171464452275,6.05180781270481,0.0138920665216717,1.26784437000303,0.260171464452275,FALSE,0.408452062751111,2581,,
5148,-1,-0.396117512923155,-1.08579633278539,0.293561306939083,0.260289692625466,0,1,1.26721554376513,0.260289692625466,FALSE,0.408479409186052,2582,PDE6G,phosphodiesterase 6G
1735,-1,-0.32261312922047,-0.884521957806249,0.239295699365309,0.260466370550402,0,1,1.26627649664778,0.260466370550402,FALSE,0.408598425656302,2583,DIO3,iodothyronine deiodinase 3
2293,1,0.321997954599126,-0.23903220064951,0.883028109847762,0.260630224147345,0,1,1.26540631580881,0.260630224147346,FALSE,0.408697240032912,2584,,
2522,-1,-0.227902203603766,-0.625467083029945,0.169662675822413,0.261208151305887,0,1,1.26234250707079,0.261208151305887,FALSE,0.409445040267487,2585,,
2485,1,0.258267800225687,-0.192440657886562,0.708976258337936,0.261390392877833,0,1,1.26137811752452,0.261390392877833,FALSE,0.409572262931547,2586,,
1311,1,0.23962830328306,-0.178811794966698,0.658068401532818,0.261686637771218,0,1,1.25981221999343,0.261686637771218,FALSE,0.409877949844985,2587,COMP,cartilage oligomeric matrix protein
1275,-1,-0.248513736785718,-0.683568520548346,0.18654104697691,0.262893430064261,0,1,1.25345597412353,0.262893430064261,FALSE,0.41160903347001,2588,,
4295,-1,-0.227686262867137,-0.626679025866204,0.17130650013193,0.263371191666046,0,1,1.25094957196449,0.263371191666046,FALSE,0.41215888646626,2589,MLN,motilin
14705,-1,-0.3280370969596,-0.903087588648399,0.247013394729199,0.263541411050639,0,1,1.25005794154873,0.263541411050639,FALSE,0.41215888646626,2590,,
2844,-1,-0.218646627907462,-0.601941851577881,0.164648595762957,0.263549771676723,0,1,1.25001416597118,0.263549771676723,FALSE,0.41215888646626,2591,GPR21,G protein-coupled receptor 21
45835,1,0.277107019173422,-0.2088463657075,0.763060404054344,0.263721800914478,0,1,1.24911381713681,0.263721800914479,FALSE,0.412255341819822,2592,,
2038,-1,-0.383194124657076,-1.05532001215634,0.288931762842187,0.263814931228726,0,1,1.24862670562718,0.263814931228727,FALSE,0.412255341819822,2593,EPB42,erythrocyte membrane protein band 4.2
2639,1,0.421597732364938,-0.320083085688647,1.16327855041852,0.26523063699212,0,1,1.2412481677924,0.26523063699212,FALSE,0.414307841592933,2594,GCDH,glutaryl-CoA dehydrogenase
9243,1,0.245724163732431,-0.187037402023093,0.678485729487955,0.265761142214591,0,1,1.23849582419196,0.265761142214591,FALSE,0.414976550386714,2595,,
1170,1,0.327664112831781,-0.249833215066333,0.905161440729895,0.266113707273089,0,1,1.23667044083145,0.266113707273089,FALSE,0.415367003802218,2596,,
2176,1,0.263573912487895,-0.201231494597274,0.728379319573064,0.266386357717553,0,1,1.23526087346348,0.266386357717553,FALSE,0.415632468799201,2597,FANCC,FA complementation group C
2181,-1,-0.215039768097849,-0.594384050384414,0.164304514188716,0.26654712767517,0,1,1.23443055536101,0.26654712767517,FALSE,0.415723233772052,2598,ACSL3,acyl-CoA synthetase long chain family member 3
3913,-1,-0.190557693863417,-0.526809976910188,0.145694589183353,0.266683664851491,0,1,1.23372588036039,0.266683664851491,FALSE,0.41577614851029,2599,LAMB2,laminin subunit beta 2
2862,-1,-0.258687645892434,-0.715493124763187,0.198117832978319,0.267032621983917,0,1,1.2319269358653,0.267032621983917,FALSE,0.416160070876473,2600,MLNR,motilin receptor
620,2,0.470848488146621,-0.361120474919735,1.30281745121298,0.267330379763523,9.61536655419773,0.00192955945255822,1.230394248839,0.267330379763523,FALSE,0.416463936486657,2601,,
7037,1,0.323106660949266,-0.248537175087573,0.894750496986105,0.267940358639362,0,1,1.22726106016823,0.267940358639362,FALSE,0.417253779095578,2602,TFRC,transferrin receptor
7499,-1,-0.179964970842963,-0.498560922104993,0.138630980419067,0.268240812415839,0,1,1.2257210312029,0.268240812415839,FALSE,0.417561187825194,2603,XG,Xg glycoprotein (Xg blood group)
3462,-1,-0.248300440485317,-0.68827660566583,0.191675724695196,0.268680991695607,0,1,1.2234686959415,0.268680991695607,FALSE,0.41789926243841,2604,,
4235,1,0.203771557768714,-0.157315275493356,0.564858391030784,0.268699098298945,0,1,1.22337614561773,0.268699098298945,FALSE,0.41789926243841,2605,,
2250,-1,-0.226023720480772,-0.626598926464004,0.17455148550246,0.268767393364881,0,1,1.22302713137655,0.268767393364881,FALSE,0.41789926243841,2606,FGF5,fibroblast growth factor 5
4323,-1,-0.289277663830055,-0.802301528621831,0.22374620096172,0.269089971729387,0,1,1.22138012590068,0.269089971729387,FALSE,0.418212385037079,2607,MMP14,matrix metallopeptidase 14
1422,1,0.206952535255856,-0.16013591573237,0.574040986244082,0.269175197476975,0,1,1.2209453958618,0.269175197476975,FALSE,0.418212385037079,2608,,
689,-1,-0.214743862376723,-0.595757417483114,0.166269692729668,0.269307166746259,0,1,1.22027256966836,0.269307166746259,FALSE,0.418257048545743,2609,BTF3,basic transcription factor 3
3153,-1,-0.19771240828998,-0.549026045591795,0.153601229011835,0.270014485697696,0,1,1.21667341129864,0.270014485697696,FALSE,0.419141976365234,2610,,
1284,-1,-0.185659193948255,-0.515603334293981,0.144284946397471,0.270083835214617,0,1,1.21632116375458,0.270083835214617,FALSE,0.419141976365234,2611,COL4A2,collagen type IV alpha 2 chain
10077,1,0.306659270332541,-0.239155313440733,0.852473854105815,0.270817509620314,0,1,1.21260151624131,0.270817509620314,FALSE,0.419968279324365,2612,TSPAN32,tetraspanin 32
989,-1,-0.256879191765328,-0.714097337846078,0.200338954315422,0.270823572032223,0,1,1.21257083298672,0.270823572032223,FALSE,0.419968279324365,2613,SEPTIN7,septin 7
1312,-1,-0.246542719214471,-0.686069031527446,0.192983593098504,0.271594005188915,0,1,1.20867847176758,0.271594005188915,FALSE,0.42089594579207,2614,COMT,catechol-O-methyltransferase
2032,-1,-0.629004581150841,-1.7506550285213,0.492645866219619,0.271716549500468,0,1,1.2080606302579,0.271716549500468,FALSE,0.42089594579207,2615,,
7610,-1,-0.191847586783827,-0.534031753728501,0.150336580160847,0.271826756170761,0,1,1.20750529020758,0.271826756170761,FALSE,0.42089594579207,2616,,
1990,-1,-0.228219843517596,-0.635287422606773,0.178847735571581,0.271837287793151,0,1,1.20745223528983,0.271837287793151,FALSE,0.42089594579207,2617,CELA1,chymotrypsin like elastase 1
4670,-1,-0.277237079481044,-0.772268542035305,0.217794383073217,0.272354345093203,0,1,1.20485062742097,0.272354345093203,FALSE,0.42150021727835,2618,HNRNPM,heterogeneous nuclear ribonucleoprotein M
5743,-1,-0.213873347695902,-0.595827955434102,0.168081260042298,0.272435604405725,0,1,1.20444232820976,0.272435604405725,FALSE,0.42150021727835,2619,PTGS2,prostaglandin-endoperoxide synthase 2
20035,-1,-0.267948135790699,-0.74678035939792,0.210884087816522,0.272742058995818,0,1,1.20290387396398,0.272742058995818,FALSE,0.421813291240861,2620,,
3744,-1,-0.219851552086891,-0.613117936933158,0.173414832759376,0.273211033168054,0,1,1.20055373214546,0.273211033168054,FALSE,0.422377377488346,2621,KCNA10,potassium voltage-gated channel subfamily A member 10
570,-2,-1.02537404585008,-2.86503233051733,0.814284238817179,0.274644548580308,23.4179697733654,1.30355142983196e-06,1.19340128665253,0.274644548580308,FALSE,0.424431621223268,2622,BAAT,bile acid-CoA:amino acid N-acyltransferase
5580,1,0.35595663255724,-0.283631774315226,0.995545039429706,0.275361484375487,0,1,1.18984172587527,0.275361484375487,FALSE,0.425377329275438,2623,PRKCD,protein kinase C delta
3452,-1,-0.264594839695366,-0.740333174828024,0.211143495437292,0.275674653958601,0,1,1.18829050056182,0.275674653958601,FALSE,0.425617442186735,2624,IFNA21,interferon alpha 21
856,-1,-0.193841386226791,-0.542403859589433,0.154721087135851,0.275726995493628,0,1,1.18803145276204,0.275726995493628,FALSE,0.425617442186735,2625,,
1251,1,0.313520048248184,-0.251124499099899,0.878164595596267,0.276474147097216,0,1,1.18434038726054,0.276474147097216,FALSE,0.426394314974064,2626,,
1495,1,0.296499242105115,-0.237568139656454,0.830566623866684,0.276543427758917,0,1,1.1839987635039,0.276543427758917,FALSE,0.426394314974064,2627,CTNNA1,catenin alpha 1
4071,-1,-0.230206604099157,-0.644866984081575,0.184453775883261,0.276545967362251,0,1,1.18398624273487,0.276545967362251,FALSE,0.426394314974064,2628,TM4SF1,transmembrane 4 L six family member 1
9338,-1,-0.15873265045862,-0.444922756194389,0.127457455277149,0.277003404606898,0,1,1.18173333856078,0.277003404606898,FALSE,0.426937160694999,2629,TCEAL1,transcription elongation factor A like 1
2179,1,0.363421728500477,-0.292515105518478,1.01935856251943,0.27751535068427,0,1,1.17921751909329,0.27751535068427,FALSE,0.42756357451432,2630,,
5878,-1,-0.156156486819631,-0.438112685687836,0.125799712048574,0.277703974732495,0,1,1.17829204970073,0.277703974732495,FALSE,0.427691564278248,2631,RAB5C,"RAB5C, member RAS oncogene family"
319,-2,-0.844619173650367,-2.37026096304024,0.681022615739501,0.277892097499537,6.0508156301363,0.0138998747275843,1.17736982767345,0.277892097499537,FALSE,0.427818685056278,2632,APOF,apolipoprotein F
1106,-1,-0.352020483654549,-0.989169885130209,0.285128917821111,0.27886787315122,0,1,1.17259893033123,0.278867873151221,FALSE,0.42906175161222,2633,CHD2,chromodomain helicase DNA binding protein 2
2972,-1,-0.255645132023519,-0.718399065731178,0.20710880168414,0.278911316324429,0,1,1.17238701117774,0.278911316324429,FALSE,0.42906175161222,2634,BRF1,BRF1 RNA polymerase III transcription initiation factor subunit
1523,1,0.239934399825109,-0.194492061607911,0.674360861258129,0.279034363655763,0,1,1.17178700252857,0.279034363655763,FALSE,0.429088137204232,2635,CUX1,cut like homeobox 1
1008,-1,-0.463490018852205,-1.30377437876805,0.376794341063643,0.279656697216259,0,1,1.16875745487851,0.279656697216259,FALSE,0.429769189039142,2636,CDH10,cadherin 10
2943,-1,-0.326348696229482,-0.918042866933787,0.265345474474823,0.279689375986234,0,1,1.16859860814618,0.279689375986233,FALSE,0.429769189039142,2637,,
14449,1,0.21288115564286,-0.173407024255404,0.599169335541124,0.280086661486682,0,1,1.16666933187727,0.280086661486682,FALSE,0.430216509607291,2638,,
216,2,0.710690959435501,-0.580471924325607,2.00185384319661,0.280669240362013,10.6313457720949,0.00111186771758182,1.1638464802101,0.280669240362014,FALSE,0.430947996190556,2639,ALDH1A1,aldehyde dehydrogenase 1 family member A1
792,-2,-1.22160448099379,-3.44478789390858,1.00157893192101,0.281493880242917,21.8774986706916,2.90621809059647e-06,1.1598633596252,0.281493880242918,FALSE,0.432050455584963,2640,,
2199,1,0.338402957839055,-0.278233883129277,0.955039798807387,0.28210399362903,0,1,1.1569259077428,0.28210399362903,FALSE,0.432822939108228,2641,FBLN2,fibulin 2
839,1,0.340891011849993,-0.281501540135102,0.963283563835089,0.283049935879441,0,1,1.15238742136985,0.283049935879441,FALSE,0.434109894089135,2642,CASP6,caspase 6
2370,1,0.223442360276031,-0.185274262987736,0.632158983539798,0.283945641661892,0,1,1.148107619879,0.283945641661892,FALSE,0.435007986164347,2643,,
683,2,1.33303508445915,-1.10533128008752,3.77140144900583,0.283946293294631,11.0650594269858,0.000879697700073401,1.14810451251664,0.283946293294631,FALSE,0.435007986164347,2644,BST1,bone marrow stromal cell antigen 1
823,1,0.260837236995465,-0.216293232906427,0.737967706897357,0.283957582281514,0,1,1.14805068152176,0.283957582281515,FALSE,0.435007986164347,2645,CAPN1,calpain 1
5287,1,0.252087625756859,-0.209314798635638,0.713490050149356,0.284246743240177,0,1,1.14667275469283,0.284246743240177,FALSE,0.435286395921844,2646,PIK3C2B,phosphatidylinositol-4-phosphate 3-kinase catalytic subunit type 2 beta
11296,1,0.307561857081691,-0.25642312783941,0.871546842002792,0.285141410933943,0,1,1.14242065736429,0.285141410933943,FALSE,0.436491498717166,2647,,
13218,-1,-0.175787751016383,-0.499008990853212,0.147433488820446,0.286446272390967,0,1,1.13624927263769,0.286446272390967,FALSE,0.438006781414233,2648,,
3386,-1,-0.219669810383369,-0.62363063483793,0.184291014071192,0.286510176901663,0,1,1.13594795112458,0.286510176901663,FALSE,0.438006781414233,2649,ICAM4,intercellular adhesion molecule 4 (Landsteiner-Wiener blood group)
1000,-1,-0.300601509933754,-0.85341879646756,0.252215776600052,0.2865341248892,0,1,1.13583505394603,0.2865341248892,FALSE,0.438006781414233,2650,CDH2,cadherin 2
1409,-1,-0.239985354553485,-0.681354347449871,0.201383638342901,0.286563666714988,0,1,1.13569580243449,0.286563666714988,FALSE,0.438006781414233,2651,CRYAA,crystallin alpha A
4222,-1,-0.208682917438428,-0.592820343463366,0.17545450858651,0.286988278084828,0,1,1.13369632110086,0.286988278084828,FALSE,0.438490385671087,2652,MEOX1,mesenchyme homeobox 1
21208,1,0.154199135310529,-0.129888451182284,0.438286721803343,0.287399570797068,0,1,1.13176313730104,0.287399570797068,FALSE,0.438816946144637,2653,,
1301,1,0.206514313551797,-0.173970759914964,0.586999387018558,0.287418601941724,0,1,1.13167377104102,0.287418601941724,FALSE,0.438816946144637,2654,COL11A1,collagen type XI alpha 1 chain
6045,1,0.254407461701843,-0.214599823502751,0.723414746906437,0.287709710923685,0,1,1.13030772120873,0.287709710923685,FALSE,0.439079328631051,2655,RNF2,ring finger protein 2
21515,-1,-0.203512384786025,-0.578821541920022,0.171796772347972,0.287874626639067,0,1,1.12953462187081,0.287874626639067,FALSE,0.439079328631051,2656,,
511,-2,-1.45542122303349,-4.13967690334356,1.22883445727658,0.287915541997212,12.3091216036901,0.000450750049091886,1.12934290419914,0.287915541997212,FALSE,0.439079328631051,2657,,
528,1,0.337313567788648,-0.285143833520608,0.959770969097904,0.288182677960957,0,1,1.12809203250532,0.288182677960957,FALSE,0.439321373625958,2658,ATP6V1C1,ATPase H+ transporting V1 subunit C1
4894,-1,-0.291004211718861,-0.82850527265232,0.246496849214598,0.288631439974101,0,1,1.12599400852055,0.288631439974101,FALSE,0.439840013078246,2659,,
2789,1,0.190734760390914,-0.161844274150696,0.543313794932524,0.28901625202055,0,1,1.12419826273312,0.28901625202055,FALSE,0.440148717302162,2660,,
2291,-1,-0.247818943755305,-0.705953101458071,0.210315213947461,0.289051267705097,0,1,1.12403501127513,0.289051267705097,FALSE,0.440148717302162,2661,,
2208,1,0.205805478515011,-0.175026952353284,0.586637909383306,0.289516339142187,0,1,1.12186912302701,0.289516339142187,FALSE,0.440691287078942,2662,FCER2,Fc epsilon receptor II
2475,1,0.362600476897111,-0.309525321681059,1.03472627547528,0.290343965833848,0,1,1.11802571594879,0.290343965833848,FALSE,0.441785110611623,2663,MTOR,mechanistic target of rapamycin kinase
573,2,0.516700168101505,-0.442133412686515,1.47553374888952,0.29087985569522,9.47612955705021,0.00208162675448545,1.11554454349462,0.29087985569522,FALSE,0.442434375103991,2664,BAG1,BAG cochaperone 1
3113,-1,-0.29237171674456,-0.835471562123606,0.250728128634486,0.291368319131362,0,1,1.11328802955105,0.291368319131362,FALSE,0.443011042821868,2665,HLA-DPA1,"major histocompatibility complex, class II, DP alpha 1"
1474,2,0.337792663858933,-0.291434944814949,0.967020272532816,0.292716426816133,7.45092478558291,0.00634038645165374,1.10708526103786,0.292716426816133,FALSE,0.444893834005615,2666,CST6,cystatin E/M
5807,-1,-0.241405939438556,-0.692195957588972,0.209384078711859,0.293904359068637,0,1,1.10164965402728,0.293904359068637,FALSE,0.446531857122653,2667,,
95,-2,-1.37137433787022,-3.93305873002324,1.1903100542828,0.29406361722787,18.2784358686848,1.90855462219356e-05,1.10092307469557,0.29406361722787,FALSE,0.44660636319615,2668,ACY1,aminoacylase 1
7521,-1,-0.15289274431159,-0.438900542336042,0.133115053712862,0.294754445798566,0,1,1.09777714623225,0.294754445798566,FALSE,0.447487828540947,2669,,
1746,1,0.295383013288075,-0.257584514551178,0.848350541127328,0.295113702497086,0,1,1.09614487473403,0.295113702497086,FALSE,0.44786543914539,2670,DLX2,distal-less homeobox 2
2213,1,0.246678206798163,-0.21529344768053,0.708649861276857,0.295303211387313,0,1,1.09528487217245,0.295303211387313,FALSE,0.447985253665815,2671,FCGR2B,Fc gamma receptor IIb
5195,1,0.183659221630462,-0.160372371295243,0.527690814556166,0.295415563627404,0,1,1.09477534486916,0.295415563627404,FALSE,0.447987972985869,2672,PEX14,peroxisomal biogenesis factor 14
2507,-1,-0.291331786866715,-0.837313421873944,0.254649848140514,0.29564304905449,0,1,1.09374443844476,0.29564304905449,FALSE,0.448055424128754,2673,,
2842,-1,-0.22243579480372,-0.639415808028586,0.194544218421146,0.295776937843366,0,1,1.09313816347737,0.295776937843366,FALSE,0.448055424128754,2674,GPR19,G protein-coupled receptor 19
7441,1,0.24514930589129,-0.214425628120274,0.704724239902855,0.295793732883029,0,1,1.09306213704232,0.295793732883029,FALSE,0.448055424128754,2675,VPREB1,V-set pre-B cell surrogate light chain 1
3398,1,0.19734833461244,-0.172698592355791,0.567395261580671,0.295902348215337,0,1,1.09257059947194,0.295902348215337,FALSE,0.448055424128754,2676,ID2,inhibitor of DNA binding 2
9599,-1,-0.332303363186832,-0.956208392630022,0.291601666256358,0.296525603872247,0,1,1.08975452821324,0.296525603872247,FALSE,0.448681209340646,2677,,
6172,-1,-0.204810336759272,-0.589354254578972,0.179733581060428,0.296537087515856,0,1,1.08970271263108,0.296537087515857,FALSE,0.448681209340646,2678,,
4564,-1,-0.17870279812066,-0.514405797516132,0.157000201274812,0.296792670772293,0,1,1.08855015606039,0.296792670772292,FALSE,0.448822053916828,2679,,
963,-1,-0.318954288285073,-0.918256177671099,0.280347601100953,0.296896481301157,0,1,1.08808238454873,0.296896481301157,FALSE,0.448822053916828,2680,CD53,CD53 molecule
7331,-1,-0.151087508583009,-0.435043605251555,0.132868588085537,0.297013757037086,0,1,1.0875541910979,0.297013757037087,FALSE,0.448822053916828,2681,,
14030,-1,-0.180953483478301,-0.521082010724031,0.159175043767428,0.297073235094999,0,1,1.08728641257069,0.297073235094999,FALSE,0.448822053916828,2682,,
2366,-1,-0.170825577382441,-0.492288137690718,0.150636982925836,0.297630966487715,0,1,1.08477877203541,0.297630966487715,FALSE,0.449497083938958,2683,,
2609,-1,-0.174499105456519,-0.503251061912878,0.15425285099984,0.298184577809014,0,1,1.08229561737097,0.298184577809014,FALSE,0.450165390939689,2684,,
2841,-1,-0.221425979522798,-0.638860453164163,0.196008494118567,0.298501208135388,0,1,1.08087807290431,0.298501208135388,FALSE,0.450475566243796,2685,GPR18,G protein-coupled receptor 18
1660,1,0.220548886257811,-0.195773608809514,0.636871381325136,0.299130154633948,0,1,1.07806802360066,0.299130154633948,FALSE,0.451122429043309,2686,DHX9,DExH-box helicase 9
1739,-1,-0.278476634608999,-0.804263669290456,0.247310400072458,0.299237088732261,0,1,1.07759101206377,0.299237088732261,FALSE,0.451122429043309,2687,DLG1,discs large MAGUK scaffold protein 1
13112,-1,-0.25633977034692,-0.740357360536759,0.227677819842918,0.299263842366341,0,1,1.07747170376946,0.299263842366341,FALSE,0.451122429043309,2688,,
809,-1,-0.329631607050243,-0.954237350786668,0.294974136686182,0.300968734113621,0,1,1.06989690307572,0.300968734113621,FALSE,0.453523730244847,2689,,
11914,-1,-0.248320915947667,-0.719128399334311,0.222486567438977,0.301250254961713,0,1,1.06865142831881,0.301250254961713,FALSE,0.453779194462773,2690,,
1966,1,0.260230469226639,-0.234462402595958,0.754923341049236,0.302527551998468,0,1,1.06301934167366,0.302527551998468,FALSE,0.455533868709696,2691,,
926,1,0.272034648501176,-0.245226454463736,0.789295751466088,0.302647885826741,0,1,1.06249032606623,0.302647885826741,FALSE,0.455545777626283,2692,CD8B,CD8 subunit beta
278,-2,-1.10736365212384,-3.21523784184495,1.00051053759727,0.303169830972254,9.34744029951188,0.0022329712425405,1.06019887322473,0.303169830972254,FALSE,0.456161958819003,2693,AMY1C,amylase alpha 1C
2277,-1,-0.167348115373991,-0.485999213502195,0.151302982754213,0.303325892190452,0,1,1.05951471982597,0.303325892190453,FALSE,0.456227362715558,2694,VEGFD,vascular endothelial growth factor D
924,-1,-0.277198588126694,-0.805497602847039,0.251100426593651,0.303764785768378,0,1,1.05759309934704,0.303764785768378,FALSE,0.456717963611676,2695,CD7,CD7 molecule
229,2,0.900923968232408,-0.817117729842087,2.6189656663069,0.304050687830178,10.2917355715473,0.00133627344035965,1.05634325519783,0.304050687830178,FALSE,0.456978259305594,2696,ALDOB,"aldolase, fructose-bisphosphate B"
303,2,0.529319312635637,-0.481166864635215,1.53980548990649,0.304570778016417,4.86421338696996,0.0274192957664216,1.05407353055726,0.304570778016417,FALSE,0.457473690136026,2697,,
1178,1,0.179297270911857,-0.163011525085789,0.521606066909503,0.304606124379812,0,1,1.05391945750527,0.304606124379812,FALSE,0.457473690136026,2698,CLC,Charcot-Leyden crystal galectin
9650,-1,-0.280012289207647,-0.815940384856024,0.25591580644073,0.305814447691227,0,1,1.0486663099653,0.305814447691227,FALSE,0.459035105286361,2699,MTFR1,mitochondrial fission regulator 1
1772,-1,-0.209003554722797,-0.609072740620522,0.191065631174927,0.305872355447477,0,1,1.04841523288665,0.305872355447476,FALSE,0.459035105286361,2700,,
1645,-1,-0.217182705926543,-0.633249870991339,0.198884459138253,0.306269696856378,0,1,1.04669409510415,0.306269696856378,FALSE,0.459461240896721,2701,AKR1C1,aldo-keto reductase family 1 member C1
215,-2,-0.428665433920506,-1.25052602517924,0.393195157338232,0.30665002757219,3.7746952465771,0.0520333787797488,1.04504934987545,0.30665002757219,FALSE,0.459861551340679,2702,ABCD1,ATP binding cassette subfamily D member 1
1677,-1,-0.208779347983044,-0.610335511486588,0.1927768155205,0.308186093300257,0,1,1.03843343607873,0.308186093300257,FALSE,0.461994099168568,2703,DFFB,DNA fragmentation factor subunit beta
10142,-1,-1.15264466800512,-3.37187358647959,1.06658425046935,0.308685023423745,0,1,1.0362937223224,0.308685023423745,FALSE,0.462570900485582,2704,AKAP9,A-kinase anchoring protein 9
3096,-1,-0.201249872730813,-0.588839720019757,0.186339974558131,0.30882997315174,0,1,1.03567293243572,0.30882997315174,FALSE,0.462617024477208,2705,HIVEP1,HIVEP zinc finger 1
3816,-1,-0.211292058086406,-0.618626893056788,0.196042776883976,0.309310771934582,0,1,1.03361647821048,0.309310771934582,FALSE,0.463166019171813,2706,KLK1,kallikrein 1
525,2,0.388515735093426,-0.361198699368861,1.13823016955571,0.309777416364948,9.07382797548648,0.00259293708137623,1.0316245348553,0.309777416364948,FALSE,0.463693421171322,2707,ATP6V1B1,ATPase H+ transporting V1 subunit B1
2284,1,0.330921608415115,-0.307821164701247,0.969664381531477,0.309903986804198,0,1,1.03108492225812,0.309903986804198,FALSE,0.4637115784825,2708,,
1247,-1,-0.17621236730906,-0.516515552821394,0.164090818203274,0.310158834863888,0,1,1.0299992881486,0.310158834863888,FALSE,0.463921594266695,2709,,
11987,1,0.353993797314775,-0.331206596481534,1.03919419111108,0.311264388387317,0,1,1.02530312018838,0.311264388387317,FALSE,0.465399577080455,2710,,
4690,-1,-0.177324403136652,-0.520695526176225,0.166046719902921,0.311457481864879,0,1,1.02448512649871,0.311457481864879,FALSE,0.465399577080455,2711,NCK1,NCK adaptor protein 1
2316,1,0.240993343398967,-0.225742253456699,0.707728940254633,0.311536158699658,0,1,1.02415202062798,0.311536158699658,FALSE,0.465399577080455,2712,FLNA,filamin A
32768,-1,-0.250469338574246,-0.735627647215219,0.234688970066727,0.311606380212062,0,1,1.02385480589834,0.311606380212062,FALSE,0.465399577080455,2713,,
1563,-1,-0.280011136031325,-0.824681325160881,0.264659053098231,0.313644713136558,0,1,1.01526537921399,0.313644713136559,FALSE,0.468196321582961,2714,,
743,1,0.438375997794803,-0.414456386045321,1.29120838163493,0.31371002297575,0,1,1.01499137240408,0.31371002297575,FALSE,0.468196321582961,2715,,
1496,1,0.188554128803653,-0.178603920960426,0.555712178567732,0.314155830190066,0,1,1.01312298094669,0.314155830190066,FALSE,0.468689036793132,2716,CTNNA2,catenin alpha 2
2818,1,0.171062419071472,-0.162610274038827,0.504735112181771,0.314990481436463,0,1,1.00963423286614,0.314990481436464,FALSE,0.469761292153313,2717,,
2406,-1,-0.200836786349061,-0.592930427843077,0.191256855144955,0.315414446987251,0,1,1.00786673181136,0.315414446987251,FALSE,0.47018062653423,2718,,
1715,-1,-0.188548730559902,-0.556749224112524,0.17965176299272,0.315541719614805,0,1,1.0073367422354,0.315541719614805,FALSE,0.47018062653423,2719,,
230,-2,-0.908380487538983,-2.68292992692924,0.866168951851274,0.31571951007579,19.5911854548999,9.59106695357436e-06,1.00659685418545,0.31571951007579,FALSE,0.47018062653423,2720,ALDOC,"aldolase, fructose-bisphosphate C"
6316,-1,-0.382466042245452,-1.12965047065162,0.364718386160717,0.315735805725479,0,1,1.00652906593019,0.315735805725479,FALSE,0.47018062653423,2721,,
2221,1,0.152355148099904,-0.145373562297967,0.450083858497775,0.315879163310426,0,1,1.00593291019352,0.315879163310426,FALSE,0.47022129674278,2722,,
1370,-2,-0.140004677861618,-0.413782991324023,0.133773635600786,0.31620556052229,1.34711521255084,0.245783073027021,1.00457690062346,0.31620556052229,FALSE,0.470449778398476,2723,CPN2,carboxypeptidase N subunit 2
1259,1,0.26660852659557,-0.254806742168534,0.788023795359674,0.316264855961858,0,1,1.00433075586501,0.316264855961858,FALSE,0.470449778398476,2724,CNGA1,cyclic nucleotide gated channel subunit alpha 1
312,2,0.556806431545468,-0.533007883871974,1.64662074696291,0.316642112644542,13.1019344150098,0.000294991010098621,1.00276611829848,0.316642112644542,FALSE,0.470665611876263,2725,ANXA13,annexin A13
3200,1,0.168155637841674,-0.161029802305399,0.497341077988747,0.316732283150046,0,1,1.00239250602418,0.316732283150046,FALSE,0.470665611876263,2726,HOXA3,homeobox A3
9515,-1,-0.203161944329688,-0.600944311295133,0.194620422635757,0.316814722069251,0,1,1.00205105074446,0.316814722069251,FALSE,0.470665611876263,2727,STXBP5L,syntaxin binding protein 5L
2707,-1,-0.439671212691223,-1.30067883487739,0.421336409494948,0.316899184618148,0,1,1.00170133450996,0.316899184618148,FALSE,0.470665611876263,2728,GJB3,gap junction protein beta 3
3741,-1,-0.2652199159121,-0.784717163070803,0.254277331246603,0.317008557699788,0,1,1.00124865799357,0.317008557699788,FALSE,0.470665611876263,2729,KCNA5,potassium voltage-gated channel subfamily A member 5
324,-2,-0.739518215572336,-2.18833756805249,0.709301136907816,0.317106890528677,27.62286362525,1.47425826610867e-07,1.00084184994803,0.317106890528677,FALSE,0.470665611876263,2730,APC,APC regulator of WNT signaling pathway
72491,-1,-0.232834317236426,-0.689184930700014,0.223516296227162,0.317314471151438,0,1,0.999983620927391,0.317314471151438,FALSE,0.470801258552042,2731,,
3274,1,0.156105016702708,-0.150205612833463,0.462415646238879,0.317864452975302,0,1,0.997713311131796,0.317864452975303,FALSE,0.471444642553413,2732,HRH2,histamine receptor H2
1895,1,0.246739519729171,-0.237819663237441,0.731298702695783,0.318268843532892,0,1,0.996047283587398,0.318268843532892,FALSE,0.471562752968138,2733,,
302,2,0.963434644066272,-0.928975066454016,2.85584435458656,0.318363332184635,9.07089011023281,0.00259710619890305,0.995658405149296,0.318363332184635,FALSE,0.471562752968138,2734,ANXA2,annexin A2
2350,-1,-0.253658419287112,-0.752061502491056,0.244744663916832,0.318517697219469,0,1,0.995023424749009,0.318517697219469,FALSE,0.471562752968138,2735,FOLR2,folate receptor beta
13828,-1,-0.192055093125573,-0.569479792843992,0.185369606592846,0.318599098514557,0,1,0.994688743308517,0.318599098514557,FALSE,0.471562752968138,2736,,
15630,-1,-0.258579050780005,-0.766776719868223,0.249618618308213,0.318637923755193,0,1,0.994529152873125,0.318637923755193,FALSE,0.471562752968138,2737,,
14856,-1,-0.161609131529325,-0.479241765413136,0.156023502354486,0.318660084615767,0,1,0.994438072512071,0.318660084615767,FALSE,0.471562752968138,2738,,
952,1,0.518517160883961,-0.500803627614696,1.53783794938262,0.318758731584336,0,1,0.994032737834118,0.318758731584336,FALSE,0.471562752968138,2739,CD38,CD38 molecule
1628,-1,-0.230996451035116,-0.68521430924157,0.223221407171338,0.318882587143816,0,1,0.993524055746051,0.318882587143816,FALSE,0.471573811352826,2740,DBP,D-box binding PAR bZIP transcription factor
4519,1,0.255423670770831,-0.247395472419433,0.758242813961095,0.319430559959315,0,1,0.991276609803692,0.319430559959315,FALSE,0.472094032830087,2741,CYTB,cytochrome b
5701,-1,-0.230622832736549,-0.684654359805049,0.223408694331951,0.319467383519274,0,1,0.991125764006221,0.319467383519274,FALSE,0.472094032830087,2742,PSMC2,"proteasome 26S subunit, ATPase 2"
8268,-1,-0.25371840057462,-0.753662327280824,0.246225526131584,0.319897080104021,0,1,0.989367222183659,0.319897080104021,FALSE,0.472556678301675,2743,,
4314,1,0.164531593667319,-0.160227449128897,0.489290636463535,0.320724557782592,0,1,0.985989489276595,0.320724557782592,FALSE,0.473606380515694,2744,MMP3,matrix metallopeptidase 3
10620,1,0.183861549358929,-0.179258396036248,0.546981494754106,0.321000047240862,0,1,0.984867495313526,0.321000047240862,FALSE,0.473840506892523,2745,ARID3B,AT-rich interaction domain 3B
2191,1,0.234298662004165,-0.228914727030427,0.697512051038757,0.32150380375282,0,1,0.982819106875584,0.32150380375282,FALSE,0.474411293811518,2746,FAP,fibroblast activation protein alpha
8724,1,0.178483829437111,-0.174682069506022,0.531649728380244,0.321914497407154,0,1,0.981152259217449,0.321914497407154,FALSE,0.474819837509804,2747,SNX3,sorting nexin 3
1325,-1,-0.589751611409972,-1.75693541684529,0.577432194025346,0.322015032941002,0,1,0.980744651064382,0.322015032941002,FALSE,0.474819837509804,2748,CORT,cortistatin
3389,-1,-0.239430206530453,-0.713452871523467,0.234592458462561,0.322182220428982,0,1,0.980067182581979,0.322182220428982,FALSE,0.474867714319341,2749,,
15408,1,0.283132713927233,-0.277650247051275,0.843915674905741,0.322387890636791,0,1,0.979234411918623,0.322387890636791,FALSE,0.474867714319341,2750,,
304,2,0.560362988815941,-0.549538018005557,1.67026399563744,0.32239908245126,5.67146332785682,0.0172430664925706,0.979189115707093,0.32239908245126,FALSE,0.474867714319341,2751,,
24782,1,0.22970130345298,-0.22541168490377,0.68481429180973,0.322556147555181,0,1,0.978553650663807,0.322556147555181,FALSE,0.474926420746219,2752,,
3067,-1,-0.300606172672038,-0.89644720652359,0.295234861179514,0.322753072508925,0,1,0.977757494211604,0.322753072508925,FALSE,0.475043752199842,2753,HDC,histidine decarboxylase
715,1,0.171631441610653,-0.168827175623734,0.51209005884504,0.323126280766454,0,1,0.976250391040817,0.323126280766454,FALSE,0.475420366617891,2754,C1R,complement C1r
2948,1,0.269182872545205,-0.265461141829457,0.803826886919867,0.323738840288331,0,1,0.973781704298919,0.323738840288331,FALSE,0.476148740779789,2755,GSTM4,glutathione S-transferase mu 4
1676,1,0.249850108956202,-0.246676852521179,0.746377070433583,0.324012919733329,0,1,0.972679128380843,0.324012919733329,FALSE,0.47616737826302,2756,DFFA,DNA fragmentation factor subunit alpha
2617,-1,-0.182495976747716,-0.545250563092259,0.180258609596827,0.324120235369794,0,1,0.972247751040183,0.324120235369794,FALSE,0.47616737826302,2757,GARS1,glycyl-tRNA synthetase 1
2355,-1,-1.79377705253355,-5.35945603116954,1.77190192610244,0.324136010317021,0,1,0.972184356292622,0.324136010317021,FALSE,0.47616737826302,2758,FOSL2,"FOS like 2, AP-1 transcription factor subunit"
2489,-1,-0.254232378657612,-0.7596861415992,0.251221384283976,0.324221568762999,0,1,0.971840593740347,0.324221568762999,FALSE,0.47616737826302,2759,,
16623,-1,-0.135046581096687,-0.403622836746622,0.133529674553248,0.324370241065976,0,1,0.971243533054292,0.324370241065975,FALSE,0.476213122028744,2760,,
2480,1,0.301874625543156,-0.298682780152705,0.902432031239017,0.324530552656367,0,1,0.970600134654755,0.324530552656367,FALSE,0.476275914293227,2761,,
2048,-1,-0.250330952732016,-0.748526660403519,0.247864754939487,0.324706031002914,0,1,0.969896347048995,0.324706031002914,FALSE,0.476360911522015,2762,EPHB2,EPH receptor B2
2108,1,0.171999630689878,-0.170888304562622,0.514887565942378,0.325529589123115,0,1,0.966600024904868,0.325529589123115,FALSE,0.477396270404221,2763,ETFA,electron transfer flavoprotein subunit alpha
5591,-1,-0.14640087190905,-0.438688911413449,0.145887167595349,0.326245527804779,0,1,0.963743406710737,0.326245527804779,FALSE,0.478273110949698,2764,PRKDC,"protein kinase, DNA-activated, catalytic subunit"
13865,-1,-0.222007078677128,-0.665361558971677,0.221347401617421,0.326375745085567,0,1,0.963224727639941,0.326375745085568,FALSE,0.478290965311652,2765,,
8435,1,1.94228821742604,-1.9388014665286,5.82337790138068,0.32666060004651,0,1,0.962091053664062,0.32666060004651,FALSE,0.478386113514176,2766,SOAT2,sterol O-acyltransferase 2
1321,-1,-0.179853904389514,-0.539250875453786,0.179543066674758,0.326676795679597,0,1,0.962026637166808,0.326676795679597,FALSE,0.478386113514176,2767,,
1921,-1,-0.180967195185086,-0.542679107561585,0.180744717191413,0.326797557966317,0,1,0.961546450719507,0.326797557966317,FALSE,0.478390066791733,2768,,
1601,1,0.263353913229673,-0.263728229335509,0.790436055794855,0.327438665244689,0,1,0.959001151745038,0.327438665244689,FALSE,0.479155461022564,2769,DAB2,DAB adaptor protein 2
1115,-1,-0.523440620402772,-1.57312524279349,0.526244001987942,0.328388600408781,0,1,0.95524188339371,0.328388600408781,FALSE,0.480372060958983,2770,,
2117,-1,-0.245355436405839,-0.737706595174567,0.246995722362889,0.328709204137132,0,1,0.953976383862377,0.328709204137132,FALSE,0.48066751900529,2771,ETV3,ETS variant transcription factor 3
1307,-1,-0.164879049043887,-0.495956408550293,0.166198310462519,0.329026304987377,0,1,0.95272632228954,0.329026304987377,FALSE,0.480957643509687,2772,COL16A1,collagen type XVI alpha 1 chain
5620,-1,-0.198230374516603,-0.596419857812654,0.199959108779448,0.32919956348505,0,1,0.952043985823309,0.32919956348505,FALSE,0.481037371525937,2773,PRM2,protamine 2
1444,1,0.163559647325595,-0.165254516687207,0.492373811338397,0.329594644073604,0,1,0.950489840101136,0.329594644073604,FALSE,0.481404972211582,2774,CSHL1,chorionic somatomammotropin hormone like 1
6564,-1,-0.195501727454528,-0.588644770410219,0.197641315501163,0.329734561649022,0,1,0.949940033848405,0.329734561649023,FALSE,0.481404972211582,2775,SLC15A1,solute carrier family 15 member 1
2238,-1,-0.168044943368995,-0.50603996659074,0.16995007985275,0.329829062230308,0,1,0.949568869172148,0.329829062230308,FALSE,0.481404972211582,2776,,
43502,1,0.157644826719988,-0.159495853827125,0.474785507267101,0.329926359287158,0,1,0.949186868638141,0.329926359287158,FALSE,0.481404972211582,2777,,
2762,1,0.207037985823743,-0.209737298132876,0.623813269780362,0.330237811103257,0,1,0.947965076086133,0.330237811103257,FALSE,0.481685964935348,2778,GMDS,"GDP-mannose 4,6-dehydratase"
3976,-1,-0.176189688128188,-0.531081645763474,0.178702269507098,0.330531499964444,0,1,0.946814369047259,0.330531499964444,FALSE,0.481940855651647,2779,LIF,LIF interleukin 6 family cytokine
1678,-1,-0.318883970025339,-0.961561376690605,0.323793436639927,0.330803939580663,0,1,0.945748134766156,0.330803939580663,FALSE,0.482164591072247,2780,TIMM8A,translocase of inner mitochondrial membrane 8A
1556,1,0.213707426649147,-0.218132069467276,0.64554692276557,0.332075870943649,0,1,0.940785663683408,0.332075870943649,FALSE,0.483677759087651,2781,,
3978,-1,-0.27689050326978,-0.8364100476095,0.282629041069941,0.33208083064705,0,1,0.94076636286728,0.33208083064705,FALSE,0.483677759087651,2782,LIG1,DNA ligase 1
1864,1,0.206168985685767,-0.210722409832406,0.62306038120394,0.332406348998444,0,1,0.939500439315594,0.332406348998444,FALSE,0.483977910938445,2783,,
2944,-1,-0.209490761095784,-0.633226712155164,0.214245189963595,0.332552006495286,0,1,0.938934520237937,0.332552006495286,FALSE,0.484016066924891,2784,GSTM1,glutathione S-transferase mu 1
3863,-1,-0.257960013263129,-0.780018740040635,0.264098713514377,0.332815316844098,0,1,0.937912326282412,0.332815316844098,FALSE,0.484225373016978,2785,,
2133,-1,-0.219922334433329,-0.665810727208422,0.225966058341764,0.333694536726651,0,1,0.934506919649149,0.333694536726651,FALSE,0.485330316875948,2786,,
545,-2,-0.450423637702847,-1.36422168349205,0.463374408086361,0.333997530736055,8.01958674726166,0.00462741280100674,0.933336133405317,0.333997530736055,FALSE,0.485539196910961,2787,ATR,ATR serine/threonine kinase
4063,-1,-0.205146901566821,-0.621443396107382,0.21114959297374,0.334118560363883,0,1,0.932868864442654,0.334118560363883,FALSE,0.485539196910961,2788,LY9,lymphocyte antigen 9
305,0,-0.865706027244396,-2.62293473605601,0.891522681567214,0.334252182727047,21.9309237352104,2.82642478518749e-06,0.93235324026853,0.334252182727047,FALSE,0.485539196910961,2789,,
19072,1,0.258616105403135,-0.266399327331176,0.783631538137446,0.334317462828623,0,1,0.932101436476718,0.334317462828623,FALSE,0.485539196910961,2790,,
4022,1,0.275959505729978,-0.285357500925487,0.837276512385443,0.33525935154302,0,1,0.928475605536171,0.33525935154302,FALSE,0.486732673755756,2791,,
1276,-1,-0.175749930492906,-0.533626127682273,0.182126266696461,0.335787708686994,0,1,0.9264476375239,0.335787708686994,FALSE,0.487325141690437,2792,,
2185,-1,-0.160826701563181,-0.488407384114078,0.166753980987716,0.335923990890697,0,1,0.925925244807232,0.335923990890697,FALSE,0.487348374897638,2793,PTK2B,protein tyrosine kinase 2 beta
482,-2,-0.176619689416307,-0.536516225244038,0.183276846411424,0.336122518687961,1.93449487876018,0.164267520359814,0.925164761729089,0.336122518687961,FALSE,0.487461863179533,2794,ATP1B2,ATPase Na+/K+ transporting subunit beta 2
2455,-1,-0.205931159574214,-0.626706215880076,0.214843896731648,0.337445764652259,0,1,0.920111245024538,0.337445764652259,FALSE,0.489205809792828,2795,,
3097,-1,-0.14346937370178,-0.436906965995231,0.149968218591671,0.337922566404139,0,1,0.918296831564272,0.337922566404139,FALSE,0.489721830854639,2796,HIVEP2,HIVEP zinc finger 2
1714,-1,-0.219521473936009,-0.668982530462609,0.229939582590591,0.338432568316942,0,1,0.916359877351244,0.338432568316942,FALSE,0.490195955828186,2797,,
2474,-1,-0.154394877069969,-0.470550630712051,0.161760876572113,0.338491679271289,0,1,0.916135631179733,0.338491679271289,FALSE,0.490195955828186,2798,,
3004,1,0.205396680343967,-0.216126070669637,0.626919431357571,0.339558659386123,0,1,0.912096905978609,0.339558659386123,FALSE,0.491406953085209,2799,GZMM,granzyme M
2300,-1,-0.198866347358771,-0.606997269733155,0.209264575015613,0.339570451292839,0,1,0.91205236665174,0.339570451292839,FALSE,0.491406953085209,2800,FOXL1,forkhead box L1
1730,-1,-0.241034060262988,-0.736507798415408,0.254439677889432,0.340353285274161,0,1,0.909100160908618,0.340353285274161,FALSE,0.492289419055493,2801,DIAPH2,diaphanous related formin 2
1607,1,0.224853462354656,-0.237426124283313,0.687133048992624,0.340423235980625,0,1,0.908836809013089,0.340423235980625,FALSE,0.492289419055493,2802,DGKB,diacylglycerol kinase beta
639,-1,-0.214621051443211,-0.656046360635194,0.226804257748772,0.340623115294577,0,1,0.908084700337119,0.340623115294577,FALSE,0.492402733918526,2803,PRDM1,PR/SET domain 1
3137,-1,-0.18911168519969,-0.578200289354716,0.199976918955336,0.34078458631797,0,1,0.90747754857298,0.340784586317971,FALSE,0.492460464964485,2804,,
1454,1,0.175793423715645,-0.186185980342833,0.537772827774123,0.341174905026921,0,1,0.906011498586375,0.341174905026921,FALSE,0.492848739810726,2805,CSNK1E,casein kinase 1 epsilon
3745,1,0.267929397041259,-0.284125575010629,0.819984369093147,0.341486972844746,0,1,0.904840985631079,0.341486972844746,FALSE,0.493068147953235,2806,KCNB1,potassium voltage-gated channel subfamily B member 1
2896,-1,-0.15403696137414,-0.471477024589697,0.163403101841417,0.341570160736607,0,1,0.904529205353122,0.341570160736607,FALSE,0.493068147953235,2807,GRN,granulin precursor
2479,-1,-0.171607679164837,-0.525518777970833,0.182303419641159,0.341926607501192,0,1,0.903194434615403,0.341926607501192,FALSE,0.493169253302291,2808,,
9785,1,0.245715498364726,-0.261063767118695,0.752494763848147,0.341958644850685,0,1,0.903074557608156,0.341958644850685,FALSE,0.493169253302291,2809,DHX38,DEAH-box helicase 38
1186,-1,-0.253323422230684,-0.775844286255925,0.269197441794556,0.342005331140039,0,1,0.902899894462004,0.342005331140039,FALSE,0.493169253302291,2810,CLCN7,chloride voltage-gated channel 7
1364,1,0.208971016480672,-0.222973633464763,0.640915666426107,0.343020872765234,0,1,0.899108480617039,0.343020872765234,FALSE,0.494457693505773,2811,CLDN4,claudin 4
641,-1,-0.211574257439788,-0.649284199760227,0.226135684880651,0.343444853441308,0,1,0.897530074223951,0.343444853441308,FALSE,0.49489279734857,2812,BLM,BLM RecQ like helicase
9524,-1,-0.238934138480609,-0.73337875945243,0.255510482491212,0.343573598493346,0,1,0.897051299459656,0.343573598493347,FALSE,0.494902318199445,2813,TECR,"trans-2,3-enoyl-CoA reductase"
3312,1,0.155881458760175,-0.167908967313452,0.479671884833802,0.345384514158143,0,1,0.890342486651191,0.345384514158143,FALSE,0.497334062320112,2814,HSPA8,heat shock protein family A (Hsp70) member 8
612,1,0.287867240515102,-0.310259028374492,0.885993509404696,0.345530113923245,0,1,0.889805157146782,0.345530113923245,FALSE,0.497366970379037,2815,,
3148,-1,-0.155053012080518,-0.477689984740158,0.167583960579122,0.346233437699126,0,1,0.887213882460873,0.346233437699126,FALSE,0.498191957006055,2816,HMGB2,high mobility group box 2
2561,1,0.35131609009535,-0.379883880773339,1.08251606096404,0.346349146812946,0,1,0.886788255233238,0.346349146812946,FALSE,0.498191957006055,2817,GABRB2,gamma-aminobutyric acid type A receptor subunit beta2
2829,-1,-0.290687885001874,-0.896387589386623,0.315011819382875,0.346895795423899,0,1,0.884780052322119,0.346895795423899,FALSE,0.498801193420029,2818,XCR1,X-C motif chemokine receptor 1
4919,1,0.248582501513277,-0.269604651081927,0.766769654108481,0.347101928619218,0,1,0.884023901980209,0.347101928619218,FALSE,0.498831703911901,2819,ROR1,receptor tyrosine kinase like orphan receptor 1
2694,-1,-0.197739154080429,-0.610092891849955,0.214614583689097,0.347280872313515,0,1,0.883367983471807,0.347280872313515,FALSE,0.498831703911901,2820,CBLIF,cobalamin binding intrinsic factor
607774,1,0.173231941838614,-0.188019974261327,0.534483857938555,0.347286336805398,0,1,0.883347960578549,0.347286336805398,FALSE,0.498831703911901,2821,,
1693,-1,-0.261351704002355,-0.806524469780578,0.283821061775868,0.347426921105151,0,1,0.882832981001612,0.347426921105151,FALSE,0.498856798128304,2822,,
1956,1,0.242538908790885,-0.263980762728216,0.749058580309987,0.347988719333032,0,1,0.88077785639929,0.347988719333032,FALSE,0.499486465015036,2823,EGFR,epidermal growth factor receptor
3314,-1,-0.312503193210443,-0.965787197879762,0.340780811458876,0.348468960628772,0,1,0.87902464440487,0.348468960628772,FALSE,0.499998664471595,2824,,
2772,-1,-0.161179545943556,-0.498459771320741,0.176100679433629,0.348949940611974,0,1,0.877272022376799,0.348949940611974,FALSE,0.500511560835299,2825,,
3722,-1,-0.205167931918571,-0.634673081961684,0.224337218124542,0.349147408626655,0,1,0.876553427623166,0.349147408626655,FALSE,0.500589434093788,2826,,
1781,1,0.274691403429294,-0.300539598924186,0.849922405782774,0.349300900264942,0,1,0.875995246369651,0.349300900264942,FALSE,0.500589434093788,2827,DYNC1I2,dynein cytoplasmic 1 intermediate chain 2
4067,-1,-0.244408196033499,-0.756301714797803,0.267485322730805,0.349374856766346,0,1,0.875726418304694,0.349374856766346,FALSE,0.500589434093788,2828,LYN,"LYN proto-oncogene, Src family tyrosine kinase"
9589,-1,-0.246163309803121,-0.762177581543758,0.269850961937516,0.349790419257246,0,1,0.874217308049166,0.349790419257246,FALSE,0.500695813929923,2829,WTAP,WT1 associated protein
5409,-1,-0.207382468601979,-0.642144110245909,0.227379173041951,0.349835675240907,0,1,0.874053108750617,0.349835675240907,FALSE,0.500695813929923,2830,PNMT,phenylethanolamine N-methyltransferase
1978,-1,-1.40699677905497,-4.3572009266575,1.54320736854756,0.349924196478438,0,1,0.873732016526747,0.349924196478438,FALSE,0.500695813929923,2831,EIF4EBP1,eukaryotic translation initiation factor 4E binding protein 1
11794,-1,-0.190052104232259,-0.588571012865094,0.208466804400576,0.349943372420913,0,1,0.873662474381817,0.349943372420913,FALSE,0.500695813929923,2832,,
2592,-1,-0.165982099016377,-0.514275658361307,0.182311460328553,0.35028500758775,0,1,0.872424392548396,0.35028500758775,FALSE,0.501007712935251,2833,GALT,galactose-1-phosphate uridylyltransferase
6262,-1,-0.288640749041598,-0.89549635394463,0.318214855861434,0.351220678428895,0,1,0.86904193386026,0.351220678428895,FALSE,0.501878016405116,2834,RYR2,ryanodine receptor 2
3320,1,0.258898998845246,-0.28547515864514,0.803273156335632,0.351264381379784,0,1,0.868884247438502,0.351264381379784,FALSE,0.501878016405116,2835,HSP90AA1,heat shock protein 90 alpha family class A member 1
2796,-1,-0.153582732881455,-0.47651403168627,0.16934856592336,0.351265067750471,0,1,0.868881771129353,0.351265067750471,FALSE,0.501878016405116,2836,GNRH1,gonadotropin releasing hormone 1
2113,-1,-0.374469026954704,-1.16224946992131,0.413311416011901,0.351510769248875,0,1,0.867995745279868,0.351510769248875,FALSE,0.502052039829553,2837,ETS1,"ETS proto-oncogene 1, transcription factor"
306,-2,-0.378605387571406,-1.17697133058044,0.419760555437627,0.352648335462773,3.2790646388106,0.0701689089212805,0.863904540726736,0.352648335462773,FALSE,0.503499314762211,2838,ANXA3,annexin A3
802,-2,-0.262484986452801,-0.816579229031256,0.291609256125655,0.35316266355817,3.58903868411411,0.0581618791019987,0.862060691576507,0.35316266355817,FALSE,0.504056045346144,2839,,
3048,-1,-0.212861109446423,-0.662773229137325,0.237051010244479,0.353774717338326,0,1,0.859871273281569,0.353774717338326,FALSE,0.50475181501933,2840,HBG2,hemoglobin subunit gamma 2
3211,-1,-0.195822510848798,-0.610107066087539,0.218462044389943,0.35422327660216,0,1,0.85826998718901,0.354223276602159,FALSE,0.505152019776859,2841,HOXB1,homeobox B1
18199,-1,-0.164970044644155,-0.514041682289044,0.184101593000734,0.354304550889889,0,1,0.857980147477616,0.35430455088989,FALSE,0.505152019776859,2842,,
232,0,1.84604988417598,-2.06251449469239,5.75461426304436,0.354597486898969,33.213590768892,8.25714003373951e-09,0.856936235656545,0.354597486898969,FALSE,0.505352681977566,2843,,
751,1,0.243425107930182,-0.272181046439033,0.759031262299397,0.354795688565208,0,1,0.856230589836163,0.354795688565208,FALSE,0.505352681977566,2844,,
11408,1,0.195000489087761,-0.218056391793647,0.608057369969169,0.354819442306559,0,1,0.85614605698065,0.354819442306559,FALSE,0.505352681977566,2845,,
1899,-1,-0.200598317242457,-0.625695425955267,0.224498791470353,0.355026295598181,0,1,0.85541025184418,0.355026295598181,FALSE,0.505469623950749,2846,,
5510,1,0.148317679840529,-0.166185726984077,0.462821086665135,0.355327144196956,0,1,0.854341139675952,0.355327144196956,FALSE,0.505720262833181,2847,PPP1R7,protein phosphatase 1 regulatory subunit 7
10590,1,0.147440011622125,-0.165288326977078,0.460168350221328,0.355459465918962,0,1,0.853871306344584,0.355459465918962,FALSE,0.505730953617849,2848,SCGN,"secretagogin, EF-hand calcium binding protein"
2310,-1,-0.140310724112465,-0.438133728013671,0.157512279788741,0.355808929725434,0,1,0.852631620028851,0.355808929725434,FALSE,0.506050467970326,2849,FOXO3B,forkhead box O3B
14595,1,0.188863585156832,-0.212955637389479,0.590682807703143,0.356933083365864,0,1,0.848655095325061,0.356933083365864,FALSE,0.507471176771397,2850,,
2572,1,0.25207729471279,-0.284391951942321,0.788546541367901,0.35707549449231,0,1,0.848152563340989,0.35707549449231,FALSE,0.507495581789842,2851,GAD2,glutamate decarboxylase 2
8221,-1,-0.137510776185193,-0.430300361249956,0.15527880887957,0.357305546436636,0,1,0.847341350433332,0.357305546436636,FALSE,0.507620196775665,2852,,
7274,1,0.159133520025692,-0.179813242371865,0.498080282423249,0.357472636394179,0,1,0.846752604481902,0.35747263639418,FALSE,0.507620196775665,2853,TTPA,alpha tocopherol transfer protein
3201,-1,-0.158876583512217,-0.497381101743156,0.179627934718722,0.357621814747086,0,1,0.846227289736563,0.357621814747086,FALSE,0.507620196775665,2854,HOXA4,homeobox A4
9054,-1,-0.157362247209188,-0.492669917128343,0.177945422709967,0.357664279811087,0,1,0.846077808823659,0.357664279811087,FALSE,0.507620196775665,2855,NFS1,NFS1 cysteine desulfurase
1769,1,0.23752628213173,-0.269385942318941,0.744438506582401,0.358414888783381,0,1,0.843439614326017,0.358414888783382,FALSE,0.508457621347929,2856,DNAH8,dynein axonemal heavy chain 8
24102,-1,-0.188986784880855,-0.592385224497655,0.214411654735945,0.358505287312694,0,1,0.843122399410925,0.358505287312694,FALSE,0.508457621347929,2857,,
11602,-1,-0.166999168948116,-0.523589172287704,0.189590834391472,0.358673581930514,0,1,0.842532134381956,0.358673581930514,FALSE,0.508518318398336,2858,,
1741,-1,-0.171118639259584,-0.537134978982524,0.194897700463356,0.359501548525491,0,1,0.839633718470217,0.359501548525491,FALSE,0.509513912076002,2859,DLG3,discs large MAGUK scaffold protein 3
6939,-1,-0.126199135509155,-0.396650322039242,0.144252051020932,0.360418930929191,0,1,0.836433001514991,0.360418930929191,FALSE,0.510635492351427,2860,TCF15,transcription factor 15
6796,1,0.424412207386503,-0.486764280513083,1.33558869528609,0.361283808800201,0,1,0.833425735253564,0.361283808800201,FALSE,0.511606180232231,2861,,
274,0,-0.29240502100736,-0.92038984497872,0.335579802964,0.361449301756211,4.00391548990613,0.045394692574488,0.832851431302139,0.361449301756211,FALSE,0.511606180232231,2862,BIN1,bridging integrator 1
7704,-1,-0.309541781232819,-0.974376884026604,0.355293321560966,0.361482846496761,0,1,0.832735066475961,0.361482846496761,FALSE,0.511606180232231,2863,ZBTB16,zinc finger and BTB domain containing 16
8428,1,0.263499371662112,-0.302639150198889,0.829637893523113,0.361646971637308,0,1,0.832165940282524,0.361646971637308,FALSE,0.511659751771777,2864,STK24,serine/threonine kinase 24
9979,-1,-0.142634660058242,-0.44930827318369,0.164038953067206,0.361987683427463,0,1,0.83098561326445,0.361987683427463,FALSE,0.511963034292524,2865,,
2994,-1,-0.167712401986316,-0.528948309685485,0.193523505712853,0.362843545229372,0,1,0.828027408582477,0.362843545229372,FALSE,0.512887017117335,2866,GYPB,glycophorin B (MNS blood group)
2098,-1,-0.204522023515965,-0.645088661501494,0.236044614469563,0.362894145625716,0,1,0.827852815020839,0.362894145625716,FALSE,0.512887017117335,2867,ESD,esterase D
373,2,0.286525300974453,-0.330999027409155,0.904049629358062,0.363136760569282,2.46013686995286,0.11676860679583,0.827016154299811,0.363136760569282,FALSE,0.512913431140904,2868,TRIM23,tripartite motif containing 23
4445,1,0.174286457919809,-0.201361646753482,0.5499345625931,0.363166000479579,0,1,0.82691537227753,0.363166000479579,FALSE,0.512913431140904,2869,,
1629,1,0.18433089472865,-0.213191800778767,0.581853590236067,0.363438057370699,0,1,0.825978203692911,0.363438057370699,FALSE,0.513118818280862,2870,DBT,dihydrolipoamide branched chain transacylase E2
1837,1,0.266393985187429,-0.308925945186568,0.841713915561426,0.364124277013961,0,1,0.823618651992029,0.364124277013961,FALSE,0.513908592985221,2871,DTNA,dystrobrevin alpha
5433,-1,-0.284858349149496,-0.901469062341479,0.331752364042487,0.365225375597157,0,1,0.819845384657214,0.365225375597157,FALSE,0.515233076262747,2872,POLR2D,RNA polymerase II subunit D
1378,1,0.160269109256845,-0.186845733485762,0.507383951999452,0.365491716197391,0,1,0.818935050180305,0.365491716197391,FALSE,0.515233076262747,2873,CR1,complement C3b/C4b receptor 1 (Knops blood group)
2741,-1,-0.335124168491575,-1.06103874852038,0.390790411537228,0.365553987819978,0,1,0.81872234256725,0.365553987819978,FALSE,0.515233076262747,2874,GLRA1,glycine receptor alpha 1
1407,-1,-0.167155196499334,-0.529244234000699,0.194933841002031,0.365571346065004,0,1,0.818663059171923,0.365571346065005,FALSE,0.515233076262747,2875,CRY1,cryptochrome circadian regulator 1
5251,-1,-0.129266200926983,-0.409765933775085,0.151233531921119,0.366401333354242,0,1,0.815832963123504,0.366401333354242,FALSE,0.515582763061838,2876,PHEX,phosphate regulating endopeptidase X-linked
5725,-1,-0.495375200668269,-1.57085738614359,0.580106984807047,0.366645755326809,0,1,0.815001226868923,0.366645755326809,FALSE,0.515582763061838,2877,PTBP1,polypyrimidine tract binding protein 1
1941,1,0.306374158393477,-0.358842330749606,0.97159064753656,0.366692006528072,0,1,0.814843926654632,0.366692006528072,FALSE,0.515582763061838,2878,,
988,-1,-0.208518943807346,-0.661337731467582,0.24429984385289,0.366767091332679,0,1,0.814588622093506,0.366767091332679,FALSE,0.515582763061838,2879,CDC5L,cell division cycle 5 like
19415,-1,-0.310747483750213,-0.985635482272093,0.364140514771667,0.366816924816201,0,1,0.81441921755229,0.366816924816201,FALSE,0.515582763061838,2880,,
3437,1,0.215946477947847,-0.253065206394866,0.68495816229056,0.366831768306741,0,1,0.814368764590909,0.366831768306741,FALSE,0.515582763061838,2881,IFIT3,interferon induced protein with tetratricopeptide repeats 3
134134,-1,-0.123951771758605,-0.393186700154394,0.145283156637184,0.366877144822469,0,1,0.814214547588496,0.366877144822469,FALSE,0.515582763061838,2882,,
1456,-1,-0.177255827912374,-0.562288664217687,0.207777008392939,0.366897648942897,0,1,0.814144870805192,0.366897648942897,FALSE,0.515582763061838,2883,CSNK1G3,casein kinase 1 gamma 3
1779,-1,-0.307850578621478,-0.976703118564379,0.361001961321424,0.367000436979274,0,1,0.813795659603077,0.367000436979274,FALSE,0.515582763061838,2884,,
2260,1,0.25189405328516,-0.295488809967967,0.799276916538287,0.367091873502814,0,1,0.813485128108435,0.367091873502814,FALSE,0.515582763061838,2885,FGFR1,fibroblast growth factor receptor 1
1961,-1,-0.186605562031408,-0.593239570711391,0.220028446648575,0.368421892151993,0,1,0.808980316787652,0.368421892151993,FALSE,0.517271485446943,2886,EGR4,early growth response 4
185,0,-0.764971836292891,-2.43452382621182,0.904580153626042,0.36916653038631,19.8986954159125,8.16560274916034e-06,0.806468073687916,0.36916653038631,FALSE,0.518137437175383,2887,AGTR1,angiotensin II receptor type 1
1255,1,0.210509709908501,-0.249196369805957,0.670215789622959,0.369446090004424,0,1,0.805526723374387,0.369446090004424,FALSE,0.518350262014517,2888,,
17718,-1,-0.180907813170524,-0.576207397027894,0.214391770686846,0.369733669211889,0,1,0.804559404150541,0.369733669211889,FALSE,0.518574187485834,2889,,
4169,1,0.271631695190974,-0.322595026637656,0.865858417019604,0.370287640141116,0,1,0.802698986303301,0.370287640141116,FALSE,0.519171459464291,2890,,
4094,-1,-0.396844942704923,-1.26676398756689,0.473074102157045,0.371263975436714,0,1,0.79942956334565,0.371263975436714,FALSE,0.520360300404554,2891,MAF,MAF bZIP transcription factor
1843,-1,-0.216976967302033,-0.692814206610993,0.258860272006926,0.371469715444309,0,1,0.798742139367704,0.371469715444309,FALSE,0.52046119562471,2892,DUSP1,dual specificity phosphatase 1
3643,-1,-0.190287857652076,-0.607702501000046,0.227126785695893,0.371592852651107,0,1,0.79833096443028,0.371592852651107,FALSE,0.52046119562471,2893,INSR,insulin receptor
2066,-1,-0.214649282370665,-0.68573619029351,0.25643762555218,0.37182960194138,0,1,0.797540955123515,0.37182960194138,FALSE,0.52061283589028,2894,ERBB4,erb-b2 receptor tyrosine kinase 4
5538,1,0.194882166461659,-0.233032343688485,0.622796676611803,0.37206448895783,0,1,0.796757854481881,0.37206448895783,FALSE,0.520653240049503,2895,PPT1,palmitoyl-protein thioesterase 1
13912,1,0.179425489601382,-0.214591850126023,0.573442829328787,0.372115445010701,0,1,0.79658806097227,0.372115445010701,FALSE,0.520653240049503,2896,,
2432,-1,-0.470934581711226,-1.5059836912668,0.564114527844351,0.372521883552708,0,1,0.795234907304575,0.372521883552708,FALSE,0.521041999363333,2897,,
1707,-1,-0.185079376153877,-0.592155543959246,0.221996791651492,0.372871125726499,0,1,0.794073825800684,0.372871125726499,FALSE,0.52135051809654,2898,,
2318,-1,-0.164269263140947,-0.526118879410094,0.1975803531282,0.373591021382933,0,1,0.791685274966785,0.373591021382933,FALSE,0.52217689501333,2899,FLNC,filamin C
2900,-1,-0.232280064852755,-0.744598229652615,0.280038099947105,0.37420272793669,0,1,0.789660746753298,0.37420272793669,FALSE,0.522851535723954,2900,GRIK4,glutamate ionotropic receptor kainate type subunit 4
6482,1,0.21417054988548,-0.258964128198747,0.687305227969707,0.374969550982167,0,1,0.787129382693884,0.374969550982166,FALSE,0.523742371795842,2901,ST3GAL1,"ST3 beta-galactoside alpha-2,3-sialyltransferase 1"
252,-2,-1.7568345363742,-5.64129727786996,2.12762820512155,0.375381961164503,5.61072143624523,0.0178509121355326,0.785770974359117,0.375381961164503,FALSE,0.524137734885791,2902,,
6254,-1,-0.234924855048484,-0.756438877156572,0.286589167059604,0.377290795928672,0,1,0.779510801182197,0.377290795928672,FALSE,0.52662153121012,2903,,
212,0,-1.33523772601545,-4.30138578092664,1.63091032889573,0.377617253014953,45.5862887794888,1.46060434084285e-11,0.77844461913244,0.377617253014953,FALSE,0.526895698766043,2904,ALAS2,5'-aminolevulinate synthase 2
4570,-1,-0.179183324576522,-0.577786716440797,0.219420067287753,0.37828621699093,0,1,0.77626388710068,0.37828621699093,FALSE,0.527647418673752,2905,,
2136,1,0.220471852049964,-0.270614080120477,0.711557784220405,0.378902035728729,0,1,0.774261199536691,0.378902035728729,FALSE,0.528324517815832,2906,,
1578,-1,-0.35478404310921,-1.14586135493586,0.436293268717441,0.379396485121513,0,1,0.772656533163394,0.379396485121513,FALSE,0.528831977197238,2907,,
1778,1,0.25200475152336,-0.310778643255029,0.814788146301749,0.3801400617124,0,1,0.770248907832337,0.3801400617124,FALSE,0.529686220790456,2908,DYNC1H1,dynein cytoplasmic 1 heavy chain 1
2498,-1,-0.158732850688608,-0.513623272600823,0.196157571223607,0.380682923613206,0,1,0.768495372818173,0.380682923613206,FALSE,0.530260297862052,2909,,
9548,-1,-0.149750847182218,-0.484695429814067,0.185193735449631,0.380876166454993,0,1,0.767872018679693,0.380876166454993,FALSE,0.530347156864479,2910,,
2633,-1,-0.195852454672005,-0.634173858235402,0.242468948891392,0.381161257655755,0,1,0.766953200223203,0.381161257655755,FALSE,0.530561805572353,2911,GBP1,guanylate binding protein 1
2648,1,0.246091885395494,-0.305238771740495,0.797422542531483,0.381655915595506,0,1,0.765361274856714,0.381655915595506,FALSE,0.531067915519571,2912,KAT2A,lysine acetyltransferase 2A
738,0,-0.524265062760946,-1.69973955709988,0.651209431577992,0.382036750848298,17.2656058012528,3.25017022302343e-05,0.764137645626975,0.382036750848298,FALSE,0.531314708765802,2913,VPS51,VPS51 subunit of GARP complex
1555,1,0.193478809146757,-0.240380903347178,0.627338521640692,0.382095523529997,0,1,0.763948961953739,0.382095523529997,FALSE,0.531314708765802,2914,CYP2B6,cytochrome P450 family 2 subfamily B member 6
4052,1,0.14050526040213,-0.174656049827059,0.455666570631319,0.382231851706117,0,1,0.763511452499175,0.382231851706117,FALSE,0.531321942748949,2915,LTBP1,latent transforming growth factor beta binding protein 1
2423,1,0.316336602493793,-0.393831758140214,1.0265049631278,0.382639002100779,0,1,0.762206125007469,0.382639002100779,FALSE,0.531705499489834,2916,,
3115,1,0.447422128160263,-0.559857376780975,1.4547016331015,0.383976001810956,0,1,0.75793350446284,0.383976001810956,FALSE,0.533380445436405,2917,HLA-DPB1,"major histocompatibility complex, class II, DP beta 1"
1625,1,0.202041325841614,-0.252946293110266,0.657028944793494,0.384114868316452,0,1,0.75749094187445,0.384114868316452,FALSE,0.533390488834224,2918,,
687,1,0.364336833935508,-0.456928639619144,1.18560230749016,0.384575875962709,0,1,0.756023354492759,0.384575875962709,FALSE,0.533707983668534,2919,KLF9,KLF transcription factor 9
7793,-1,-0.177354300766707,-0.577235362898507,0.222526761365093,0.384694775714401,0,1,0.755645250286828,0.384694775714401,FALSE,0.533707983668534,2920,,
15677,1,0.241626546510337,-0.303219554136475,0.786472647157149,0.384738652590273,0,1,0.755505762654459,0.384738652590273,FALSE,0.533707983668534,2921,,
12449,1,0.133168143234416,-0.167253184962225,0.433589471431057,0.384958873643132,0,1,0.754806005945052,0.384958873643132,FALSE,0.533806705344295,2922,,
2720,1,0.154473030160285,-0.194229414478239,0.503175474798809,0.385256423220278,0,1,0.753861439564401,0.385256423220278,FALSE,0.533806705344295,2923,GLB1,galactosidase beta 1
54476,-1,-0.169213435956635,-0.551220108376102,0.212793236462832,0.385293383589912,0,1,0.753744181879243,0.385293383589913,FALSE,0.533806705344295,2924,RNF216,ring finger protein 216
1354,-1,-0.27586892726685,-0.898711869200774,0.346974014667074,0.385336775205347,0,1,0.753606541317439,0.385336775205346,FALSE,0.533806705344295,2925,,
13938,-1,-0.201331529736056,-0.657586003546718,0.254922944074606,0.387108051190635,0,1,0.748006715340294,0.387108051190635,FALSE,0.5355829907804,2926,,
375,0,-1.47737989054786,-4.82554580350041,1.87078602240469,0.387129307111808,39.2110175677229,3.80387675084943e-10,0.747939737180152,0.387129307111808,FALSE,0.5355829907804,2927,ARF1,ADP ribosylation factor 1
5868,-1,-0.143879887101765,-0.469998370495377,0.182238596291847,0.387195482812131,0,1,0.747731248764484,0.387195482812131,FALSE,0.5355829907804,2928,RAB5A,"RAB5A, member RAS oncogene family"
4339,1,0.233501234809074,-0.296130669942334,0.763133139560482,0.38753391142878,0,1,0.746665813491656,0.38753391142878,FALSE,0.5355829907804,2929,,
1833,-1,-0.152846877385658,-0.499541236220915,0.193847481449599,0.387539646107138,0,1,0.7466477711056,0.387539646107138,FALSE,0.5355829907804,2930,EPYC,epiphycan
418,-2,-0.412570659547293,-1.34862477001067,0.523483450916082,0.387662496061171,4.79265983369013,0.0285812581054504,0.74626135327019,0.387662496061171,FALSE,0.5355829907804,2931,,
3431,-1,-0.258470559232194,-0.844976342270815,0.328035223806427,0.387726535746101,0,1,0.746059989178536,0.387726535746101,FALSE,0.5355829907804,2932,SP110,SP110 nuclear body protein
1946,-1,-0.191975250205591,-0.627644149147539,0.243693648736357,0.387781283420232,0,1,0.745887880165261,0.387781283420232,FALSE,0.5355829907804,2933,EFNA5,ephrin A5
7687,-1,-0.196110510404513,-0.641189603603848,0.248968582794822,0.387808611784228,0,1,0.745801981580703,0.387808611784228,FALSE,0.5355829907804,2934,,
14710,1,0.161830659660494,-0.205556945311468,0.529218264632456,0.38794779045143,0,1,0.745364648781623,0.38794779045143,FALSE,0.535592656527835,2935,,
626,0,-0.78796754926895,-2.582509598932,1.0065745003941,0.38945681107527,48.6178021346903,3.11033022831851e-12,0.740637279976807,0.38945681107527,FALSE,0.537492846892709,2936,,
7461,-1,-0.145192531561686,-0.476118359566761,0.185733296443389,0.3898291537848,0,1,0.739474851670301,0.3898291537848,FALSE,0.537600432794078,2937,CLIP2,CAP-Gly domain containing linker protein 2
1838,-1,-0.187739191774254,-0.615645895370296,0.240167511821788,0.389837623928696,0,1,0.739448426937654,0.389837623928696,FALSE,0.537600432794078,2938,DTNB,dystrobrevin beta
5944,1,0.144721958751968,-0.185248808762126,0.474692726266062,0.389997952092131,0,1,0.738948397986745,0.389997952092131,FALSE,0.537600432794078,2939,,
1264,0,-0.416411898117897,-1.36597979728003,0.533156001044237,0.390065467032229,17.6946956379109,2.59348804305972e-05,0.738737921444186,0.390065467032229,FALSE,0.537600432794078,2940,CNN1,calponin 1
882,-1,-0.191100663215658,-0.627045433306345,0.244844106875029,0.39024704941825,0,1,0.738172100357533,0.39024704941825,FALSE,0.537667815111441,2941,,
2961,1,0.263617445767432,-0.339091555261674,0.866326446796538,0.391299026595342,0,1,0.734901481328921,0.391299026595342,FALSE,0.538933941456263,2942,GTF2E2,general transcription factor IIE subunit 2
1968,-1,-0.364933551657234,-1.1998492465475,0.469982143233031,0.391621070512511,0,1,0.73390275764811,0.391621070512511,FALSE,0.53919421600975,2943,EIF2S3,eukaryotic translation initiation factor 2 subunit gamma
4068,1,0.159632296999039,-0.20599725496816,0.525261848966238,0.392157164964359,0,1,0.732242829016048,0.392157164964359,FALSE,0.539555469946189,2944,SH2D1A,SH2 domain containing 1A
7118,1,0.229583724033687,-0.296388653767159,0.755556101834533,0.392267606576449,0,1,0.731901269015997,0.392267606576449,FALSE,0.539555469946189,2945,,
5142,1,0.151172171758513,-0.195171890579385,0.497516234096411,0.392282925582792,0,1,0.731853903207791,0.392282925582792,FALSE,0.539555469946189,2946,PDE4B,phosphodiesterase 4B
3640,-1,-0.162317869577342,-0.535183694761696,0.210547955607012,0.393536423564546,0,1,0.7279871100095,0.393536423564546,FALSE,0.541095890153899,2947,INSL3,insulin like 3
879,0,-0.506567785171087,-1.6739507144345,0.660815144092321,0.395049334406709,9.58209061817199,0.00196484544019214,0.723343595888421,0.395049334406709,FALSE,0.54299182598914,2948,,
8515,1,0.131576975598687,-0.171870535675624,0.435024486872998,0.395406167360848,0,1,0.722252113266106,0.395406167360848,FALSE,0.543297995980385,2949,ITGA10,integrin subunit alpha 10
393,0,-0.874390265641646,-2.89602302613302,1.14724249484973,0.396595329127665,36.4962679537031,1.52958837419021e-09,0.718624925797624,0.396595329127665,FALSE,0.544747211398406,2950,ARHGAP4,Rho GTPase activating protein 4
20026,1,0.174064995415974,-0.22894852378369,0.577078514615638,0.397259791414961,0,1,0.716605006829775,0.397259791414961,FALSE,0.545325576944239,2951,,
2404,1,0.189863619856321,-0.249752532071877,0.629479771784519,0.39728556345987,0,1,0.716526759922426,0.39728556345987,FALSE,0.545325576944239,2952,,
5316,-1,-0.261923229488973,-0.869487540112096,0.34564108113415,0.398140013135488,0,1,0.713936698203786,0.398140013135488,FALSE,0.546154344403169,2953,PKNOX1,PBX/knotted 1 homeobox 1
1462,1,0.357309840989693,-0.471549083120541,1.18616876509993,0.39815891741534,0,1,0.713879485246518,0.39815891741534,FALSE,0.546154344403169,2954,VCAN,versican
5253,-1,-0.169346880930755,-0.562297149463333,0.223603387601823,0.398294425688033,0,1,0.713469490522339,0.398294425688033,FALSE,0.54615533431063,2955,PHF2,PHD finger protein 2
3666,-1,-0.170634101547233,-0.566727530551418,0.225459327456952,0.398480613878139,0,1,0.712906487320355,0.398480613878139,FALSE,0.546219075634354,2956,,
9168,1,0.130323630059887,-0.172280314540379,0.432927574660153,0.398610514968111,0,1,0.712513912660355,0.398610514968111,FALSE,0.546219075634354,2957,TMSB10,thymosin beta 10
2407,1,0.234757237441451,-0.311696779572685,0.781211254455587,0.399786470060696,0,1,0.708968462811383,0.399786470060696,FALSE,0.547645292997276,2958,,
2690,-1,-0.2041513486726,-0.679643210223316,0.271340512878116,0.400064482347702,0,1,0.708132476688558,0.400064482347702,FALSE,0.547840920065187,2959,GHR,growth hormone receptor
236,0,-1.08336816113742,-3.60851483622787,1.44177851395302,0.400411338266848,20.2122974235941,6.93059704016829e-06,0.707090657487373,0.400411338266848,FALSE,0.548130656303132,2960,,
47855,1,0.241790512418782,-0.322121617387266,0.80570264222483,0.400695140063713,0,1,0.706239201601896,0.400695140063713,FALSE,0.548333910009512,2961,,
3699,-1,-0.125057712268268,-0.41705076392586,0.166935339389324,0.40122635538549,0,1,0.70464781152667,0.40122635538549,FALSE,0.54887548684065,2962,ITIH3,inter-alpha-trypsin inhibitor heavy chain 3
3600,-1,-0.157270744483274,-0.524898753099157,0.210357264132609,0.401766883465557,0,1,0.703031660936515,0.401766883465557,FALSE,0.549361774673898,2963,IL15,interleukin 15
3537,1,0.281814217027844,-0.377131504222511,0.940759938278199,0.401903549076526,0,1,0.702623538329784,0.401903549076526,FALSE,0.549361774673898,2964,,
3538,1,0.281835121086341,-0.377278520547046,0.940948762719728,0.401988564143166,0,1,0.702369760798243,0.401988564143166,FALSE,0.549361774673898,2965,,
5449,1,0.18633176351112,-0.249819323838876,0.622482850861116,0.402405611715844,0,1,0.701125966320132,0.402405611715845,FALSE,0.549746304340055,2966,POU1F1,POU class 1 homeobox 1
6351,1,0.139608640248811,-0.187391521322884,0.466608801820506,0.402715017914765,0,1,0.700204410408893,0.402715017914765,FALSE,0.549983570135028,2967,CCL4,C-C motif chemokine ligand 4
2700,-1,-0.129013099680381,-0.431437517260119,0.173411317899357,0.403091257781336,0,1,0.69908518018318,0.403091257781336,FALSE,0.550235389412291,2968,GJA3,gap junction protein alpha 3
5643,-1,-0.328332617081749,-1.09811984581468,0.441454611651186,0.403170994858117,0,1,0.698848175371456,0.403170994858117,FALSE,0.550235389412291,2969,,
7806,-1,-0.209623860982858,-0.701846549786799,0.282598827821083,0.403890143395961,0,1,0.696713710125476,0.403890143395961,FALSE,0.551031266343581,2970,,
3847,-1,-0.146504042856266,-0.490853757213358,0.197845671500826,0.404354651247055,0,1,0.69533797229504,0.404354651247055,FALSE,0.551479315669157,2971,,
3339,-1,-0.129032395464178,-0.432480720666713,0.174415929738357,0.404609859525171,0,1,0.694583099975842,0.404609859525171,FALSE,0.551641706189769,2972,HSPG2,heparan sulfate proteoglycan 2
4373,-1,-0.278393171231174,-0.933468911233042,0.376682568770694,0.404877017219266,0,1,0.693793626861719,0.404877017219266,FALSE,0.551820273720977,2973,,
453,0,-2.17619790337322,-7.30295910900674,2.9505633022603,0.405430503205521,33.248130723577,8.11176927906137e-09,0.692160447380656,0.405430503205521,FALSE,0.552388836243702,2974,,
1172,1,0.153200008508845,-0.208655741610385,0.515055758628075,0.40665406231699,0,1,0.688561608380096,0.40665406231699,FALSE,0.553869667397796,2975,,
1058,1,0.236114879272101,-0.322012223395124,0.794241981939326,0.407013884909802,0,1,0.687506279274327,0.407013884909802,FALSE,0.554173475018319,2976,CENPA,centromere protein A
3849,-1,-0.135573225595909,-0.456276908847483,0.185130457655665,0.407359792195343,0,1,0.686493049507979,0.407359792195343,FALSE,0.554458138386137,2977,KRT2,keratin 2
5156,1,0.294658239872425,-0.402957708385905,0.992274188130755,0.407756935863353,0,1,0.685331291422488,0.407756935863353,FALSE,0.554777676176995,2978,PDGFRA,platelet derived growth factor receptor alpha
3936,-1,-0.22262696402093,-0.749831094373385,0.304577166331525,0.40786838532361,0,1,0.685005567988441,0.40786838532361,FALSE,0.554777676176995,2979,LCP1,lymphocyte cytosolic protein 1
227,-1,-0.340488262346984,-1.1471653305807,0.466188805886732,0.408080536123778,0,1,0.6843858941101,0.408080536123778,FALSE,0.55487997730656,2980,,
1424,-1,-0.164605653048782,-0.555146326481433,0.225935020383869,0.408753901582736,0,1,0.682422178198113,0.408753901582736,FALSE,0.555438070556463,2981,,
871,1,0.16740740558374,-0.229842354343147,0.564657165510627,0.408826677122128,0,1,0.682210229238699,0.408826677122128,FALSE,0.555438070556463,2982,SERPINH1,serpin family H member 1
18121,1,0.334152461685055,-0.458903175580586,1.1272080989507,0.408902212356843,0,1,0.681990301598196,0.408902212356843,FALSE,0.555438070556463,2983,,
3659,-1,-0.155166683426585,-0.523831194153442,0.213497827300272,0.409413340966778,0,1,0.680503670472479,0.409413340966778,FALSE,0.555910723969991,2984,IRF1,interferon regulatory factor 1
4696,1,0.252240846577488,-0.347206995456788,0.851688688611764,0.409524558502078,0,1,0.680180552373675,0.409524558502078,FALSE,0.555910723969991,2985,NDUFA3,NADH:ubiquinone oxidoreductase subunit A3
501,0,0.906072823209276,-1.25071112169016,3.06285676810871,0.410287363265312,24.4096411793128,7.78779757229201e-07,0.677967861182617,0.410287363265312,FALSE,0.556759677143685,2986,ALDH7A1,aldehyde dehydrogenase 7 family member A1
2126,-1,-0.143508834809322,-0.485222450850201,0.198204781231557,0.41043836525812,0,1,0.67753056218097,0.41043836525812,FALSE,0.556778123878775,2987,,
14373,1,0.205444915130662,-0.284377481438367,0.695267311699691,0.41104131443328,0,1,0.675786789430409,0.41104131443328,FALSE,0.557409439787032,2988,,
4120,1,0.149733692682124,-0.207985058679132,0.50745244404338,0.411987826632893,0,1,0.673056991651793,0.411987826632893,FALSE,0.558506080132647,2989,,
19678,-1,-0.146820080959071,-0.497825560800289,0.204185398882147,0.412317495919151,0,1,0.672108375109728,0.412317495919151,FALSE,0.558766051325886,2990,,
210,0,0.552176939331612,-0.769621502289232,1.87397538095246,0.412918511820658,20.6739338835122,5.44522488693421e-06,0.670381840282869,0.412918511820658,FALSE,0.559393450316719,2991,ALAD,aminolevulinate dehydratase
223,0,-0.341503504154589,-1.16077431751112,0.477767309201943,0.413935184296014,5.37431376267789,0.0204353784278452,0.667469682282717,0.413935184296015,FALSE,0.560336119646034,2992,ALDH9A1,aldehyde dehydrogenase 9 family member A1
5746,-1,-0.138123608400172,-0.469524909257424,0.19327769245708,0.413993208659381,0,1,0.667303796069796,0.413993208659381,FALSE,0.560336119646034,2993,PTH2R,parathyroid hormone 2 receptor
160,0,1.21467474461129,-1.69993076041025,4.12928024963282,0.414029205878634,38.5801611680668,5.25503713104149e-10,0.667200900672384,0.414029205878634,FALSE,0.560336119646034,2994,AP2A1,adaptor related protein complex 2 subunit alpha 1
184,0,-0.995332855987636,-3.38726828585351,1.39660257387824,0.414739949013597,20.0375990927347,7.59343480952169e-06,0.665171999680256,0.414739949013597,FALSE,0.561110608815725,2995,,
5986,-1,-0.176658302739893,-0.601436660950959,0.248120055471173,0.415005543786288,0,1,0.664415147744448,0.415005543786288,FALSE,0.561282531182257,2996,RFNG,RFNG O-fucosylpeptide 3-beta-N-acetylglucosaminyltransferase
8693,-1,-0.263714432157884,-0.898103405806538,0.37067454149077,0.415213285032805,0,1,0.663823657711879,0.415213285032805,FALSE,0.561376119770746,2997,GALNT4,polypeptide N-acetylgalactosaminyltransferase 4
788,0,0.190123712981887,-0.267875680963087,0.648123106926862,0.415864975059562,2.24824261330746,0.133766240549305,0.661970978215827,0.415864975059562,FALSE,0.561839270879852,2998,SLC25A20,solute carrier family 25 member 20
7070,-1,-0.318027254049589,-1.08427839471587,0.448223886616693,0.415948902514047,0,1,0.661732694879665,0.415948902514047,FALSE,0.561839270879852,2999,THY1,Thy-1 cell surface antigen
2620,1,0.22915375655736,-0.322993760772937,0.781301273887657,0.415971819506307,0,1,0.661667642297391,0.415971819506307,FALSE,0.561839270879852,3000,GAS2,growth arrest specific 2
6032,-1,-0.151992481775031,-0.518464222965421,0.214479259415359,0.416283355663168,0,1,0.660783837052803,0.416283355663168,FALSE,0.562068206154734,3001,,
3661,1,0.216293673615197,-0.305367312737352,0.737954659967747,0.41641874503369,0,1,0.660400053065055,0.41641874503369,FALSE,0.562068206154734,3002,IRF3,interferon regulatory factor 3
2433,1,0.131273808852985,-0.185478263526119,0.448025881232089,0.416629962311902,0,1,0.659801691630191,0.416629962311902,FALSE,0.562166036392883,3003,,
2119,-1,-0.11984020524447,-0.410011919918276,0.170331509429336,0.418250423644834,0,1,0.655225993833291,0.418250423644834,FALSE,0.563915596176967,3004,ETV5,ETS variant transcription factor 5
3582,-1,-0.236355107758927,-0.808743958865105,0.336033743347251,0.418329343107955,0,1,0.655003821902239,0.418329343107955,FALSE,0.563915596176967,3005,,
3062,-1,-0.233289076688532,-0.798270731417755,0.331692578040691,0.418344097262577,0,1,0.654962293324134,0.418344097262577,FALSE,0.563915596176967,3006,HCRTR2,hypocretin receptor 2
206,0,-1.92826439393963,-6.60553713399051,2.74900834611124,0.419079210971939,6.57457810330262,0.010344552089896,0.652895921467288,0.419079210971939,FALSE,0.564718644116493,3007,,
1796,1,0.20103490058497,-0.286945802163751,0.689015603333691,0.41940591720846,0,1,0.651979296173695,0.41940591720846,FALSE,0.564971002835333,3008,DOK1,docking protein 1
840,0,-0.306816477745687,-1.05216186403722,0.438528908545846,0.419778171726232,9.15492761148096,0.00248049190648271,0.650936173876424,0.419778171726232,FALSE,0.565284530353836,3009,CASP7,caspase 7
5756,-1,-0.277153828147588,-0.951376944441651,0.397069288146475,0.420424440846738,0,1,0.649128486272352,0.420424440846738,FALSE,0.565881344226891,3010,TWF1,twinfilin actin binding protein 1
1577,1,0.174953432895164,-0.25078139402226,0.600688259812588,0.420567756749043,0,1,0.648728176978694,0.420567756749043,FALSE,0.565881344226891,3011,CYP3A5,cytochrome P450 family 3 subfamily A member 5
1347,-1,-0.263965406326202,-0.906511860882778,0.378581048230374,0.420718388372529,0,1,0.648307652823649,0.42071838837253,FALSE,0.565881344226891,3012,COX7A2,cytochrome c oxidase subunit 7A2
2640,-1,-0.154432733167062,-0.530403827220144,0.22153836088602,0.420779982762986,0,1,0.648135762101964,0.420779982762986,FALSE,0.565881344226891,3013,,
1415,1,0.151231496603397,-0.21715102958003,0.519614022786824,0.421038466919346,0,1,0.647414822897061,0.421038466919346,FALSE,0.566041097530587,3014,CRYBB2,crystallin beta B2
4663,-1,-0.140598547824586,-0.483666735026022,0.20246963937685,0.421832662181909,0,1,0.645203859851688,0.421832662181909,FALSE,0.566920712159568,3015,,
2977,-1,-0.218065632705136,-0.750318924978433,0.314187659568161,0.421973222216201,0,1,0.644813202201828,0.421973222216201,FALSE,0.566921583693649,3016,GUCY1A2,guanylate cyclase 1 soluble subunit alpha 2
2971,1,0.19778092590796,-0.285610701705699,0.681172553521619,0.422596749856453,0,1,0.643082579641257,0.422596749856453,FALSE,0.567571107198657,3017,GTF3A,general transcription factor IIIA
15036,1,0.120864686832978,-0.174778197189594,0.41650757085555,0.422974063326427,0,1,0.642037187821056,0.422974063326427,FALSE,0.567889630417059,3018,,
6565,-1,-0.116771800371005,-0.402513492222709,0.168969891480699,0.423153065364442,0,1,0.641541729647666,0.423153065364443,FALSE,0.567941775706102,3019,SLC15A2,solute carrier family 15 member 2
139,0,-1.18945084577821,-4.10106623758389,1.72216454602746,0.423315212014577,49.8249206896748,1.68095313127569e-12,0.641093196281862,0.423315212014577,FALSE,0.567971271219559,3020,,
399,0,-0.726028042422917,-2.5040590599347,1.05200297508886,0.423527037080824,14.1947972182442,0.000164825622046774,0.640507629138174,0.423527037080824,FALSE,0.568067379758854,3021,RHOH,ras homolog family member H
472,0,0.549800365001703,-0.798399629365787,1.89800035936919,0.424128235413425,29.6653719344923,5.13438527841846e-08,0.638848070907934,0.424128235413425,FALSE,0.568685509561615,3022,ATM,ATM serine/threonine kinase
6746,1,0.130137529676828,-0.189151257060785,0.449426316414441,0.424375534464888,0,1,0.638166446129595,0.424375534464888,FALSE,0.568828867235106,3023,SSR2,signal sequence receptor subunit 2
382,0,-0.858319406630382,-2.96610663238056,1.24946781911979,0.424798658471923,22.9643612326558,1.65032679894842e-06,0.637001580451651,0.424798658471923,FALSE,0.56907821128918,3024,ARF6,ADP ribosylation factor 6
9914,-1,-0.109631903221695,-0.378881990410009,0.159618183966619,0.424842445495995,0,1,0.636881133684971,0.424842445495995,FALSE,0.56907821128918,3025,ATP2C2,ATPase secretory pathway Ca2+ transporting 2
6582,-1,-0.142655905316236,-0.493569304198304,0.208257493565832,0.425579377571301,0,1,0.634856818227007,0.425579377571301,FALSE,0.569727966610629,3026,SLC22A2,solute carrier family 22 member 2
3154,1,0.102533096772558,-0.1496998478959,0.354766041441016,0.425608725303646,0,1,0.634776310553979,0.425608725303646,FALSE,0.569727966610629,3027,,
544,0,-0.264243678960227,-0.915256691101005,0.386769333180551,0.426298378898244,4.29132531560634,0.0383072937283083,0.632886829851349,0.426298378898244,FALSE,0.570296770405245,3028,,
4639,-1,-1.29886212224571,-4.49896428834435,1.90124004385293,0.42631513266473,0,1,0.632840985882596,0.42631513266473,FALSE,0.570296770405245,3029,,
4638,-1,-1.29783011628867,-4.49841856652726,1.90275833394992,0.426753012238124,0,1,0.631643760181852,0.426753012238124,FALSE,0.570694127257056,3030,MYLK,myosin light chain kinase
3022,1,0.171685698213156,-0.253134983644976,0.596506380071288,0.428306044036894,0,1,0.627412427449897,0.428306044036894,FALSE,0.572582015980698,3031,,
2388,-1,-0.169421580559502,-0.589021631776205,0.250178470657201,0.428726298667709,0,1,0.626271393999084,0.428726298667709,FALSE,0.572954802836925,3032,,
1002,0,0.124296616495724,-0.183705906038355,0.432299139029803,0.428968818163735,1.2570818275077,0.262204184453634,0.625613697544407,0.428968818163734,FALSE,0.572967271412913,3033,CDH4,cadherin 4
1459,1,0.148813816481415,-0.219981084001187,0.517608716964017,0.429018435702561,0,1,0.625479207350297,0.429018435702561,FALSE,0.572967271412913,3034,CSNK2A2,casein kinase 2 alpha 2
27445,-1,-0.206957574746095,-0.720146068801701,0.306230919309511,0.429288278409043,0,1,0.624748199879584,0.429288278409043,FALSE,0.573138749296027,3035,PCLO,piccolo presynaptic cytomatrix protein
3488,-1,-0.164046388126813,-0.570994368924961,0.242901592671335,0.42947595230425,0,1,0.624240198157138,0.42947595230425,FALSE,0.573200447541773,3036,IGFBP5,insulin like growth factor binding protein 5
1688,1,0.192849982189848,-0.285883981891087,0.671583946270783,0.4297971860946,0,1,0.623371450708798,0.4297971860946,FALSE,0.573440302290195,3037,,
321,0,-0.636764973127991,-2.21864364722352,0.945113700967539,0.430136340698569,8.87115967027352,0.00289711044393339,0.622455303304155,0.430136340698569,FALSE,0.573703901418895,3038,APBA2,amyloid beta precursor protein binding family A member 2
1238,1,0.14900632167077,-0.22137500310581,0.51938764644735,0.430402168430593,0,1,0.621737995271222,0.430402168430593,FALSE,0.573869557907457,3039,ACKR2,atypical chemokine receptor 2
1148,1,0.31054503775571,-0.462938258710565,1.08402833422198,0.431338073615319,0,1,0.619217884169705,0.431338073615319,FALSE,0.574928248121471,3040,,
443,0,-1.26668405882067,-4.42500214564984,1.8916340280085,0.431827213834235,34.1211934450312,5.17841823515064e-09,0.617904071992769,0.431827213834235,FALSE,0.575390947206945,3041,ASPA,aspartoacylase
1585,1,0.162539154259523,-0.243453208137659,0.568531516656705,0.432645832147917,0,1,0.615710338689427,0.432645832147917,FALSE,0.576292212972833,3042,CYP11B2,cytochrome P450 family 11 subfamily B member 2
1945,-1,-0.144070197767986,-0.504446114950419,0.216305719414447,0.43330445018439,0,1,0.613949945711462,0.43330445018439,FALSE,0.576979833107837,3043,EFNA4,ephrin A4
2204,-1,-0.194844453554323,-0.683140858482853,0.293451951374207,0.434166044347444,0,1,0.611653159961831,0.434166044347444,FALSE,0.577937191752906,3044,FCAR,Fc alpha receptor
2910,1,0.206598915819098,-0.311626122121818,0.724823953760015,0.434583847953672,0,1,0.610541900538981,0.434583847953672,FALSE,0.578174378316549,3045,,
192325,-1,-0.249947940218475,-0.877203435727423,0.377307555290473,0.434800226662759,0,1,0.609967023456674,0.434800226662759,FALSE,0.578174378316549,3046,,
258,0,-0.550768434213608,-1.93302414717036,0.831487278743147,0.434826075025909,8.76219337908149,0.00307538968281931,0.609898378419779,0.434826075025909,FALSE,0.578174378316549,3047,AMBN,ameloblastin
224,0,-0.358318680270987,-1.25776006076982,0.541122700227844,0.434914981517483,7.79020008856047,0.00525303777333342,0.609662318510514,0.434914981517483,FALSE,0.578174378316549,3048,ALDH3A2,aldehyde dehydrogenase 3 family member A2
3106,-1,-0.133624092027981,-0.469557417819771,0.202309233763809,0.435617965650712,0,1,0.60779837882412,0.435617965650712,FALSE,0.578733178422799,3049,HLA-B,"major histocompatibility complex, class I, B"
1319,1,0.129946526700532,-0.196743477316328,0.456636530717392,0.435620975861189,0,1,0.607790407214597,0.435620975861189,FALSE,0.578733178422799,3050,,
10799,-1,-0.257020577234344,-0.903761802156044,0.389720647687357,0.43603467560915,0,1,0.606695650694647,0.43603467560915,FALSE,0.579092922179048,3051,RPP40,ribonuclease P/MRP subunit p40
19398,1,0.23642498187258,-0.359147107330359,0.831997071075519,0.436539947662329,0,1,0.605360719532273,0.436539947662329,FALSE,0.579420215491975,3052,,
3843,-1,-0.139668206549729,-0.49152362680706,0.212187213707602,0.436567107082182,0,1,0.60528903106256,0.436567107082182,FALSE,0.579420215491975,3053,IPO5,importin 5
63,0,3.45703270355007,-5.2655167519744,12.1795821590745,0.437277914959831,37.9912516726665,7.10625550057127e-10,0.603415243301997,0.437277914959831,FALSE,0.579950369258647,3054,,
2516,-1,-0.171579147030385,-0.604526689127507,0.261368395066737,0.437310444694947,0,1,0.603329601884713,0.437310444694947,FALSE,0.579950369258647,3055,NR5A1,nuclear receptor subfamily 5 group A member 1
1430,-1,-0.235535213104003,-0.829974662480103,0.358904236272097,0.437395934959138,0,1,0.603104577109989,0.437395934959138,FALSE,0.579950369258647,3056,,
1054,1,0.157231724566943,-0.2406782178007,0.555141666934586,0.438654084443836,0,1,0.599800683540738,0.438654084443836,FALSE,0.581428312125097,3057,CEBPG,CCAAT enhancer binding protein gamma
2727,-1,-0.369574192417344,-1.30660857894662,0.56746019411193,0.439506890530264,0,1,0.597569465735786,0.439506890530264,FALSE,0.582368188498571,3058,,
5765,-1,-0.129430558649406,-0.458412229556913,0.199551112258101,0.440645017674291,0,1,0.594602087091363,0.440645017674291,FALSE,0.58368539117889,3059,,
12016,1,0.331731481016687,-0.512622990606702,1.17608595264008,0.441279651353646,0,1,0.592952551082674,0.441279651353646,FALSE,0.584335015452606,3060,,
2172,1,0.186204856995221,-0.288250207740316,0.660659921730758,0.441769614297987,0,1,0.591681537468644,0.441769614297988,FALSE,0.58479270732945,3061,FABP6,fatty acid binding protein 6
9077,-1,-0.235839979547726,-0.837147323074136,0.365467363978684,0.442058675522404,0,1,0.590932700972244,0.442058675522404,FALSE,0.584984243375827,3062,DIRAS3,DIRAS family GTPase 3
836,0,-1.80094895178711,-6.39658587642758,2.79468797285336,0.442442466565826,38.2070977496965,6.36205833085888e-10,0.589939624324089,0.442442466565826,FALSE,0.58530097111483,3063,CASP3,caspase 3
307,0,-0.484963476010158,-1.72722168849478,0.75729473647446,0.444183630890124,14.0182314569563,0.000181046680046064,0.585450919921254,0.444183630890124,FALSE,0.587400013278788,3064,ANXA4,annexin A4
5286,-1,-0.139504372997941,-0.496958098297167,0.217949352301285,0.444319111722479,0,1,0.585102791313874,0.444319111722479,FALSE,0.587400013278788,3065,PIK3C2A,phosphatidylinositol-4-phosphate 3-kinase catalytic subunit type 2 alpha
1542,1,0.127143564181303,-0.199159234610565,0.453446362973171,0.445047211299394,0,1,0.583234690577639,0.445047211299394,FALSE,0.588030317191481,3066,,
94,0,1.68699719910993,-2.64290319544146,6.01689759366133,0.445086126067688,16.6240006473561,4.55706914735661e-05,0.583134979256297,0.445086126067688,FALSE,0.588030317191481,3067,ACVRL1,activin A receptor like type 1
1917,-1,-0.129585391764831,-0.462649401077182,0.203478617547521,0.445723322177953,0,1,0.581504209361146,0.445723322177953,FALSE,0.588680215601391,3068,EEF1A2,eukaryotic translation elongation factor 1 alpha 2
8788,1,0.21674168362076,-0.34063253737707,0.77411590461859,0.445967131301309,0,1,0.580881186003549,0.445967131301309,FALSE,0.588789074275317,3069,DLK1,delta like non-canonical Notch ligand 1
2201,-1,-0.125941400883306,-0.449905107499555,0.198022305732943,0.446096361802869,0,1,0.5805511678461,0.446096361802869,FALSE,0.588789074275317,3070,FBN2,fibrillin 2
2061,1,0.184527820295591,-0.290345030395456,0.659400670986638,0.446292842258958,0,1,0.580049696224453,0.446292842258958,FALSE,0.588856592912178,3071,,
1822,1,0.244775096239799,-0.38601743725414,0.875567629733738,0.446924841031435,0,1,0.578438983011844,0.446924841031435,FALSE,0.589498520787557,3072,ATN1,atrophin 1
131,0,1.11732620986343,-1.76388898198376,3.99854140171061,0.447214009422421,22.2767829908852,2.36043330965782e-06,0.57770318623007,0.447214009422421,FALSE,0.589671242253644,3073,ADH7,"alcohol dehydrogenase 7 (class IV), mu or sigma polypeptide"
5165,-1,-0.231099209753393,-0.827232801159974,0.365034381653188,0.447370306788928,0,1,0.577305790886997,0.447370306788928,FALSE,0.589671242253644,3074,PDK3,pyruvate dehydrogenase kinase 3
3606,-1,-0.173273343021021,-0.620361943008231,0.273815256966189,0.447492366715191,0,1,0.576995596222661,0.447492366715191,FALSE,0.589671242253644,3075,IL18,interleukin 18
9224,-1,-0.383821523879736,-1.37484194255629,0.607198894796821,0.447797106944943,0,1,0.57622172401795,0.447797106944943,FALSE,0.589880974428124,3076,,
196,0,-0.954454737984848,-3.42119031355757,1.51228083758788,0.448229839073911,30.5029645058084,3.33356719697577e-08,0.57512422858468,0.448229839073911,FALSE,0.590259118598469,3077,AHR,aryl hydrocarbon receptor
238,0,0.923491579178002,-1.46528651325603,3.31226967161203,0.44862230833736,33.2874460074369,7.94941696161902e-09,0.574130272138548,0.44862230833736,FALSE,0.590474098124714,3078,ALK,ALK receptor tyrosine kinase
3287,1,0.110583001235005,-0.175499180602814,0.396665183072824,0.448684538037018,0,1,0.573972795264597,0.448684538037018,FALSE,0.590474098124714,3079,,
218,0,-0.586132663502662,-2.10348812235641,0.931222795351087,0.448986364215142,27.2441352879521,1.79318219339081e-07,0.573209483856449,0.448986364215142,FALSE,0.59067946357135,3080,ALDH3A1,aldehyde dehydrogenase 3 family member A1
1080,-1,-0.190088342360676,-0.682605066911266,0.302428382189914,0.449376970959786,0,1,0.572222833983617,0.449376970959786,FALSE,0.591001456127573,3081,CFTR,CF transmembrane conductance regulator
2157,-1,-0.134057886167159,-0.481707876307766,0.213592103973448,0.449778144453146,0,1,0.571210883321411,0.449778144453146,FALSE,0.591192297454938,3082,F8,coagulation factor VIII
10249,1,0.116622783477878,-0.185836907498979,0.419082474454735,0.44981388278716,0,1,0.571120802479212,0.44981388278716,FALSE,0.591192297454938,3083,GLYAT,glycine-N-acyltransferase
2533,1,0.16663445033137,-0.265788306388942,0.599057207051682,0.450084795311549,0,1,0.570438312310649,0.450084795311549,FALSE,0.591356546887936,3084,FYB1,FYN binding protein 1
3047,-1,-0.192975467325843,-0.694185365091482,0.308234430439796,0.450474681459531,0,1,0.569457224693569,0.450474681459531,FALSE,0.591405445197675,3085,HBG1,hemoglobin subunit gamma 1
3791,-1,-0.226424076334296,-0.814577574086126,0.361729421417534,0.450527388804005,0,1,0.569324696576009,0.450527388804005,FALSE,0.591405445197675,3086,KDR,kinase insert domain receptor
364,0,-0.534672274888881,-1.92362318205607,0.854278632278307,0.4505598739697,5.88627333153214,0.0152593592607303,0.569243027455948,0.4505598739697,FALSE,0.591405445197675,3087,AQP7,aquaporin 7
3333,-1,-0.157260166542376,-0.56602356613025,0.251503233045498,0.450824749860427,0,1,0.568577460880628,0.450824749860427,FALSE,0.591561491721,3088,,
313,0,-0.5424761303735,-1.95568389376853,0.870731633021527,0.451837706462734,9.28411385797917,0.00231149715299665,0.566037781089826,0.451837706462734,FALSE,0.592698733113305,3089,AOAH,acyloxyacyl hydrolase
4946,-1,-0.27966515992696,-1.00860143093618,0.449271111082265,0.452072867585538,0,1,0.565449459296544,0.452072867585538,FALSE,0.592815294322525,3090,OAZ1,ornithine decarboxylase antizyme 1
6826,1,0.108290974528276,-0.174157461427066,0.390739410483619,0.452380746473051,0,1,0.564679937131379,0.452380746473051,FALSE,0.593027106020318,3091,,
3483,1,0.17871476756699,-0.288937370428327,0.646366905562307,0.453853266011797,0,1,0.561010790983151,0.453853266011797,FALSE,0.59476501742555,3092,IGFALS,insulin like growth factor binding protein acid labile subunit
5921,-1,-0.220739267705569,-0.799405279371724,0.357926743960586,0.45466986788328,0,1,0.558984065374372,0.45466986788328,FALSE,0.595608341121371,3093,RASA1,RAS p21 protein activator 1
1130,-1,-0.184597039021281,-0.668799360158312,0.29960528211575,0.454933403738776,0,1,0.558331215304258,0.454933403738776,FALSE,0.595608341121371,3094,LYST,lysosomal trafficking regulator
3003,-1,-0.14464971164522,-0.524072932871022,0.234773509580582,0.454937763023357,0,1,0.558320421167351,0.454937763023357,FALSE,0.595608341121371,3095,GZMK,granzyme K
247,0,-1.20010222296027,-4.35054463929426,1.95034019337372,0.455297990295214,13.6607800324738,0.000218980513991332,0.557429014725991,0.455297990295214,FALSE,0.595887421407044,3096,ALOX15B,arachidonate 15-lipoxygenase type B
4718,1,0.153405992170978,-0.250042312645271,0.556854296987227,0.45612004637765,0,1,0.55539893128929,0.45612004637765,FALSE,0.596521458275361,3097,NDUFC2,NADH:ubiquinone oxidoreductase subunit C2
1266,-1,-0.158232597683938,-0.574418098498006,0.25795290313013,0.45616715099162,0,1,0.555282780028188,0.45616715099162,FALSE,0.596521458275361,3098,CNN3,calponin 3
2528,-1,-0.183745538745857,-0.667096615368659,0.299605537876945,0.456224086672099,0,1,0.55514241239176,0.456224086672099,FALSE,0.596521458275361,3099,FUT6,fucosyltransferase 6
1764,-1,-0.132353680488854,-0.481240856805496,0.216533495827788,0.457160232816916,0,1,0.552838415670146,0.457160232816916,FALSE,0.597552665604562,3100,,
1433,-1,-0.121453795675916,-0.442200401279623,0.199292809927791,0.457990845356124,0,1,0.550800375756302,0.457990845356124,FALSE,0.598445309701069,3101,,
727,-1,-0.211236712078357,-0.770812281735242,0.348338857578528,0.45937544034611,0,1,0.547416002749445,0.45937544034611,FALSE,0.600061020078155,3102,C5,complement C5
2798,-1,-0.142832182121226,-0.521561281998389,0.235896917755937,0.459802582396238,0,1,0.546375193186125,0.459802582396238,FALSE,0.60042541536241,3103,GNRHR,gonadotropin releasing hormone receptor
264,0,-0.80305897131491,-2.93896523914728,1.33284729651746,0.46117822888158,6.80133773165204,0.00910895982992202,0.543033569672684,0.46117822888158,FALSE,0.601904164611848,3104,,
6441,-1,-0.119719967174793,-0.438178974934938,0.198739040585352,0.461232090602119,0,1,0.542903054359915,0.461232090602119,FALSE,0.601904164611848,3105,SFTPD,surfactant protein D
1403,1,0.131070006634151,-0.218114485198971,0.480254498467273,0.461917714308169,0,1,0.541243794601326,0.461917714308169,FALSE,0.60260482240074,3106,,
21606,-1,-0.160804121705955,-0.589546838251634,0.267938594839724,0.462276440803703,0,1,0.540377209127642,0.462276440803703,FALSE,0.602878705547668,3107,,
1971,1,0.186058567430308,-0.310212644841132,0.682329779701748,0.462451482787096,0,1,0.539954743566132,0.462451482787096,FALSE,0.602912937018441,3108,,
8029,-1,-0.170957100492799,-0.627453243315149,0.285539042329552,0.462946613895566,0,1,0.538761116463641,0.462946613895566,FALSE,0.60336432277415,3109,CUBN,cubilin
902079,-1,-0.157591792690875,-0.578793908532935,0.263610323151185,0.463365737211047,0,1,0.537752311120403,0.463365737211047,FALSE,0.603716388160503,3110,,
1752,-1,-0.155541610037688,-0.571622977047046,0.26053975697167,0.463751487640411,0,1,0.536825116476269,0.463751487640411,FALSE,0.604024759858228,3111,,
123,0,-1.15057007376492,-4.234743443158,1.93360329562815,0.464671190486824,64.5020080638304,9.64340185302546e-16,0.534619461361442,0.464671190486824,FALSE,0.604827425347455,3112,PLIN2,perilipin 2
1799,-1,-0.185740195720746,-0.683735734799655,0.312255343358163,0.464767678756873,0,1,0.534388464554847,0.464767678756873,FALSE,0.604827425347455,3113,,
1829,-1,-0.175559555875075,-0.646328170229558,0.295209058479408,0.464832935392442,0,1,0.534232280951762,0.464832935392442,FALSE,0.604827425347455,3114,DSG2,desmoglein 2
2853,-1,-0.222286743496175,-0.818531923595748,0.373958436603398,0.464964814895687,0,1,0.53391675072816,0.464964814895687,FALSE,0.604827425347455,3115,GPR31,G protein-coupled receptor 31
7608,-1,-1.15442782118281,-4.2554468338966,1.94659119153098,0.465608404037804,0,1,0.532378971813344,0.465608404037804,FALSE,0.605470235289211,3116,,
2219,-1,-0.126191241485616,-0.465324570877668,0.212942087906436,0.46581753868391,0,1,0.531880001147024,0.46581753868391,FALSE,0.605487296545217,3117,FCN1,ficolin 1
1168,-1,-0.498339993617483,-1.837915349931,0.841235362696035,0.465920382682129,0,1,0.531634758896383,0.465920382682129,FALSE,0.605487296545217,3118,,
1093,0,0.995550477173255,-1.68367285124245,3.67477380558895,0.466438019089864,6.02571415197476,0.0140989259045596,0.530401715089666,0.466438019089864,FALSE,0.605839438596903,3119,,
8062,1,0.118944383508906,-0.201196100542737,0.439084867560549,0.466490387073627,0,1,0.530277093159631,0.466490387073627,FALSE,0.605839438596903,3120,,
55,0,2.31690337918023,-3.92434748686026,8.55815424522072,0.466867011387271,23.6514172059455,1.15460848609641e-06,0.529381486774,0.466867011387271,FALSE,0.606134293540924,3121,ACP3,acid phosphatase 3
3891,1,0.193085502634561,-0.328853938532415,0.715024943801537,0.468411437836976,0,1,0.525720949549509,0.468411437836976,FALSE,0.607565495007827,3122,KRT85,keratin 85
59,0,-1.64682913024524,-6.09893712145321,2.80527886096274,0.468459266072268,30.4429150484716,3.43836800135746e-08,0.525607898353162,0.468459266072268,FALSE,0.607565495007827,3123,ACTA2,"actin alpha 2, smooth muscle"
2590,-1,-0.147762517596497,-0.547300766118573,0.251775730925579,0.468538048336112,0,1,0.525421721811386,0.468538048336112,FALSE,0.607565495007827,3124,GALNT2,polypeptide N-acetylgalactosaminyltransferase 2
2017,-1,-0.113790779288033,-0.421493628306786,0.19391206973072,0.468569144101545,0,1,0.525348250817541,0.468569144101545,FALSE,0.607565495007827,3125,CTTN,cortactin
368,0,-0.545717543051002,-2.02207445361473,0.930639367512724,0.468772899006167,14.1176528612556,0.000171724626413372,0.524867026204362,0.468772899006167,FALSE,0.60763524848784,3126,ABCC6,ATP binding cassette subfamily C member 6
1142,1,0.17149011065534,-0.292629310828871,0.635609532139551,0.468944075433345,0,1,0.524463004688433,0.468944075433345,FALSE,0.60766274181513,3127,CHRNB3,cholinergic receptor nicotinic beta 3 subunit
13373,1,0.133703376738582,-0.22855243386771,0.495959187344874,0.469437647583612,0,1,0.523299371121301,0.469437647583612,FALSE,0.608107847828898,3128,,
1122,1,0.207841382875386,-0.355850890255516,0.771533656006288,0.469884689618124,0,1,0.522247133888797,0.469884689618124,FALSE,0.608492413656964,3129,CHML,CHM like Rab escort protein
2431,1,0.218603065889269,-0.374971077312929,0.812177209091467,0.470404687371928,0,1,0.521025202004176,0.470404687371928,FALSE,0.608971179946023,3130,,
5677,-1,-0.250387752376757,-0.93332416577567,0.432548661022156,0.472393847811998,0,1,0.51637095577482,0.472393847811998,FALSE,0.611350964974199,3131,,
1503,1,0.133470136467007,-0.230886779820922,0.497827052754936,0.472776926468421,0,1,0.515478261892293,0.472776926468421,FALSE,0.611467164028537,3132,CTPS1,CTP synthase 1
135,0,-1.4837507601986,-5.53465266295916,2.56715114256196,0.472825710175914,13.1440815626101,0.000288428862711943,0.515364664507145,0.472825710175914,FALSE,0.611467164028537,3133,ADORA2A,adenosine A2a receptor
5438,-1,-0.159097629905313,-0.593570870825422,0.275375611014796,0.472936350460374,0,1,0.515107098637756,0.472936350460374,FALSE,0.611467164028537,3134,POLR2I,RNA polymerase II subunit I
9616,1,0.128099349378457,-0.221856366696591,0.478055065453505,0.473106378527,0,1,0.514711470628088,0.473106378527,FALSE,0.611491880635216,3135,RNF7,ring finger protein 7
2899,-1,-0.28726067069705,-1.0736803980177,0.499159056623599,0.474035285034942,0,1,0.512554114153032,0.474035285034942,FALSE,0.612238365074331,3136,GRIK3,glutamate ionotropic receptor kainate type subunit 3
3128,1,0.179817835120677,-0.312579133799241,0.672214804040596,0.474141529238242,0,1,0.512307802010278,0.474141529238242,FALSE,0.612238365074331,3137,,
330,0,0.517879503006049,-0.90057133199336,1.93633033800546,0.474246317523339,24.4922110545376,7.46108457452441e-07,0.51206495289074,0.47424631752334,FALSE,0.612238365074331,3138,BIRC3,baculoviral IAP repeat containing 3
1884,0,0.265691200205023,-0.462095302429475,0.993477702839521,0.474288308975401,8.96787260675034,0.00274768344851094,0.511967661222299,0.474288308975401,FALSE,0.612238365074331,3139,,
207,0,0.943807180267967,-1.64742123842148,3.53503559895742,0.475300922923542,8.87279069832655,0.0028945232057054,0.509625722311392,0.475300922923542,FALSE,0.612968054138752,3140,AKT1,AKT serine/threonine kinase 1
1065,-1,-0.152575554757481,-0.571476288300998,0.266325178786036,0.47530472688726,0,1,0.509616939916415,0.47530472688726,FALSE,0.612968054138752,3141,,
4643,1,0.12762833074864,-0.222865457378113,0.478122118875393,0.4754135621016,0,1,0.509365715179322,0.4754135621016,FALSE,0.612968054138752,3142,MYO1E,myosin IE
3829,-1,-0.124505452418037,-0.466458125946536,0.217447221110462,0.475458685626382,0,1,0.509261583790286,0.475458685626382,FALSE,0.612968054138752,3143,,
3249,1,0.149972329063762,-0.262355217664987,0.562299875792511,0.47591956265347,0,1,0.508198939117748,0.47591956265347,FALSE,0.613367069933798,3144,HPN,hepsin
3834,-1,-0.143746020203228,-0.539892237329922,0.252400196923466,0.476963698049068,0,1,0.505797658850581,0.476963698049067,FALSE,0.614517298726493,3145,KIF25,kinesin family member 25
2050,1,0.135132000612792,-0.237819830983313,0.508083832208897,0.47760761313974,0,1,0.504321062361454,0.47760761313974,FALSE,0.615151318640249,3146,EPHB4,EPH receptor B4
3730,-1,-0.249661105617705,-0.93931706468576,0.43999485345035,0.47799997450561,0,1,0.503422908733351,0.47799997450561,FALSE,0.615461041212816,3147,ANOS1,anosmin 1
42691,1,0.210212064165399,-0.37109052018192,0.791514648512718,0.478469094289509,0,1,0.502350626344195,0.478469094289509,FALSE,0.615869367872011,3148,,
4258,-1,-0.127701325069769,-0.481015048612893,0.225612398473355,0.478692400911476,0,1,0.501840810327861,0.478692400911476,FALSE,0.615961133214766,3149,MGST2,microsomal glutathione S-transferase 2
3709,-1,-0.106020903844594,-0.399519285980638,0.18747747829145,0.47894462570322,0,1,0.50126544057293,0.47894462570322,FALSE,0.616080428550019,3150,ITPR2,"inositol 1,4,5-trisphosphate receptor type 2"
59833,-1,-0.242407839110764,-0.91368780546114,0.428872127239612,0.479089198016069,0,1,0.500935868681564,0.479089198016069,FALSE,0.616080428550019,3151,,
9374,-1,-0.114697840489778,-0.432534194723182,0.203138513743626,0.479384008173973,0,1,0.500264313454667,0.479384008173973,FALSE,0.616210967703182,3152,PPT2,palmitoyl-protein thioesterase 2
2504,-1,-0.144760800528354,-0.546005091218937,0.256483490162229,0.479494862084929,0,1,0.500011971446358,0.47949486208493,FALSE,0.616210967703182,3153,,
9975,-1,-0.681335311727439,-2.57164632248886,1.20897569903398,0.479914105175292,0,1,0.499058491557963,0.479914105175292,FALSE,0.616554202336805,3154,NR1D2,nuclear receptor subfamily 1 group D member 2
144,0,0.944246785155998,-1.67749867371207,3.56599224402407,0.480250429097722,19.0760559550041,1.2561097931122e-05,0.498294579528233,0.480250429097722,FALSE,0.616789857717555,3155,,
132,0,1.02693216504989,-1.82537762607761,3.87924195617739,0.480401972101827,12.1455857146158,0.000492041865710843,0.497950657573307,0.480401972101827,FALSE,0.616789857717555,3156,ADK,adenosine kinase
3330,-1,-0.166386286655272,-0.6293780920549,0.296605518744356,0.48121100146063,0,1,0.496117597704791,0.48121100146063,FALSE,0.617632872321341,3157,,
10766,1,0.1152749908489,-0.206130179703798,0.436680161401598,0.482080965200805,0,1,0.494152112850326,0.482080965200805,FALSE,0.618511983800245,3158,TOB2,"transducer of ERBB2, 2"
10524,-1,-0.10955663004092,-0.415101960684415,0.195988700602575,0.482201223303301,0,1,0.493880875608892,0.482201223303301,FALSE,0.618511983800245,3159,KAT5,lysine acetyltransferase 5
2402,-1,-0.128154479776213,-0.48572092927306,0.229411969720634,0.482388787557104,0,1,0.493458054083454,0.482388787557104,FALSE,0.618556761766261,3160,,
47,0,1.23098402444238,-2.20566373510042,4.66763178398517,0.482650560185302,32.6089412102353,1.12695115540964e-08,0.492868398362384,0.482650560185302,FALSE,0.618696637099287,3161,ACLY,ATP citrate lyase
2188,-1,-0.125569963667092,-0.47631576084128,0.225175833507096,0.482876444694107,0,1,0.492360005270547,0.482876444694106,FALSE,0.618790434503643,3162,FANCF,FA complementation group F
1245,-1,-0.316572402974879,-1.20173009762107,0.568585291671315,0.483320666467438,0,1,0.491361346922328,0.483320666467438,FALSE,0.619163876233341,3163,,
2666,-1,-0.171913187430043,-0.653569010390208,0.309742635530122,0.484206658885845,0,1,0.489374050976825,0.484206658885845,FALSE,0.62010283875014,3164,,
27935,-1,-0.115513232631462,-0.439726799590479,0.208700334327555,0.484982961541793,0,1,0.487637716576625,0.484982961541793,FALSE,0.620768106813566,3165,,
5283,-1,-0.14507571256249,-0.552350710891214,0.262199285766234,0.485077048295794,0,1,0.487427587263852,0.485077048295794,FALSE,0.620768106813566,3166,PIGH,phosphatidylinositol glycan anchor biosynthesis class H
112835,-1,-0.209605930102425,-0.798343282023439,0.379131421818589,0.485303182372841,0,1,0.486922824549514,0.485303182372841,FALSE,0.620768106813566,3167,,
2096,-1,-0.131253927397887,-0.499988192631755,0.237480337835981,0.485386756361699,0,1,0.48673637417744,0.485386756361699,FALSE,0.620768106813566,3168,,
8427,-1,-0.146000163297161,-0.556260380591823,0.264260053997501,0.485492134869741,0,1,0.486501354411497,0.485492134869741,FALSE,0.620768106813566,3169,ZNF282,zinc finger protein 282
7383,-1,-0.109411769080173,-0.417337787480738,0.198514249320392,0.486171353229937,0,1,0.484988554493561,0.486171353229937,FALSE,0.621440480532398,3170,,
1428,1,0.222133815023767,-0.403780866014572,0.848048496062106,0.486691351026651,0,1,0.483832744070936,0.486691351026651,FALSE,0.621800963212123,3171,CRYM,crystallin mu
62743,1,0.178078123276707,-0.323778588315541,0.679934834868955,0.486760280184811,0,1,0.483679687311753,0.486760280184811,FALSE,0.621800963212123,3172,,
6869,-1,-0.186301925344109,-0.711631559651956,0.339027708963738,0.487006430195,0,1,0.483133405891737,0.487006430195,FALSE,0.621919336637296,3173,TACR1,tachykinin receptor 1
3135,-1,-1.32074415692923,-5.0502946165253,2.40880630266684,0.487631267304031,0,1,0.481748757571359,0.487631267304031,FALSE,0.622423362993976,3174,HLA-G,"major histocompatibility complex, class I, G"
208,0,0.316558245932187,-0.577505167165398,1.21062165902977,0.48770833600836,3.51913538011756,0.0606640867232188,0.481578176147157,0.48770833600836,FALSE,0.622423362993976,3175,AKT2,AKT serine/threonine kinase 2
13319,-1,-0.101992013834104,-0.391491479725151,0.187507452056943,0.489877003008927,0,1,0.476796416245384,0.489877003008927,FALSE,0.624994211647409,3176,,
1824,1,0.151912816299762,-0.279650477575183,0.583476110174707,0.490245224933178,0,1,0.475988011033082,0.490245224933179,FALSE,0.625267123521951,3177,DSC2,desmocollin 2
11019,1,0.0961400556952515,-0.177573829189951,0.369853940580454,0.491186184557776,0,1,0.473926794642048,0.491186184557776,FALSE,0.625759215590063,3178,LIAS,lipoic acid synthetase
1792,-1,-0.198124311485049,-0.762240079309512,0.365991456339414,0.491224114309081,0,1,0.473843845968329,0.491224114309081,FALSE,0.625759215590063,3179,,
3784,1,0.202235467389058,-0.373593653409946,0.778064588188062,0.49122993437165,0,1,0.473831119004909,0.491229934371651,FALSE,0.625759215590063,3180,KCNQ1,potassium voltage-gated channel subfamily Q member 1
1896,-1,-0.151948609700749,-0.584677921057986,0.280780701656488,0.491313034955631,0,1,0.473649427110379,0.491313034955631,FALSE,0.625759215590063,3181,EDA,ectodysplasin A
2451,-1,-0.194317106483334,-0.747821411495092,0.359187198528424,0.491403214217073,0,1,0.473452316414786,0.491403214217073,FALSE,0.625759215590063,3182,,
8354,1,0.22295640486026,-0.412450057250086,0.858362866970606,0.491624373259657,0,1,0.472969170489682,0.491624373259657,FALSE,0.625844159738653,3183,H3C11,H3 clustered histone 11
173,0,-0.650392492780262,-2.50513958924486,1.20435460368434,0.491901110069538,21.39533717226,3.73678864844928e-06,0.472365120462527,0.491901110069538,FALSE,0.625999779523168,3184,AFM,afamin
1695,-1,-0.147966366177951,-0.570161355360821,0.274228623004919,0.49214125311727,0,1,0.471841406260285,0.49214125311727,FALSE,0.626028874151958,3185,,
16459,-1,-0.166078228614368,-0.640052523546534,0.307896066317798,0.4922329696565,0,1,0.471641499737539,0.4922329696565,FALSE,0.626028874151958,3186,,
2196,-1,-0.22801479520143,-0.879719900036694,0.423690309633834,0.492876567132526,0,1,0.470240458638793,0.492876567132526,FALSE,0.626650721688421,3187,FAT2,FAT atypical cadherin 2
3300,1,0.204481192787012,-0.381241569051998,0.790203954626022,0.493822732087157,0,1,0.468186318720504,0.493822732087158,FALSE,0.627656747307767,3188,DNAJB2,DnaJ heat shock protein family (Hsp40) member B2
6086,-1,-0.177228116750012,-0.685544231505979,0.331087998005955,0.494382091408978,0,1,0.466975043528418,0.494382091408978,FALSE,0.628170659889991,3189,,
1418,1,0.129948854693353,-0.243119565997492,0.503017275384198,0.494794287988913,0,1,0.466083916973952,0.494794287988913,FALSE,0.62820945177195,3190,CRYGA,crystallin gamma A
9162,1,0.160043334965166,-0.29945204094501,0.619538710875342,0.494821629560722,0,1,0.466024851440041,0.494821629560722,FALSE,0.62820945177195,3191,DGKI,diacylglycerol kinase iota
629,0,-0.712970197330859,-2.76022265434426,1.33428225968255,0.494877731998041,25.1566700067395,5.28565228289328e-07,0.465903671475779,0.494877731998041,FALSE,0.62820945177195,3192,CFB,complement factor B
16242,-1,-0.161320336916309,-0.625431616505904,0.302790942673286,0.495704807679184,0,1,0.464119884820287,0.495704807679184,FALSE,0.629062286475431,3193,,
4014,1,0.116456110941087,-0.219243963349448,0.452156185231622,0.496554006681334,0,1,0.462293591135407,0.496554006681334,FALSE,0.62994265343543,3194,LORICRIN,loricrin cornified envelope precursor protein
2535,1,0.133790508569357,-0.252034746387594,0.519615763526308,0.49672865693778,0,1,0.461918639652576,0.49672865693778,FALSE,0.629966985261936,3195,FZD2,frizzled class receptor 2
2026,-1,-0.116419522972134,-0.453046602413793,0.220207556469525,0.497875458227182,0,1,0.459462122547534,0.497875458227182,FALSE,0.631223828766127,3196,ENO2,enolase 2
12354,-1,-0.149390498361944,-0.58228380320897,0.283502806485082,0.498799964965999,0,1,0.457488725957858,0.498799964965999,FALSE,0.632157128785321,3197,,
5374,-1,-0.129397234323791,-0.504463478928889,0.245669010281307,0.498923617437181,0,1,0.457225254122277,0.498923617437181,FALSE,0.632157128785321,3198,,
1394,-1,-0.197221691706014,-0.76971207203827,0.375268688626242,0.499546589584482,0,1,0.455899540429791,0.499546589584482,FALSE,0.632748602999787,3199,CRHR1,corticotropin releasing hormone receptor 1
315,0,-0.418179671816754,-1.63276440951249,0.796405065878979,0.499794828346789,14.9848400975956,0.000108378356511671,0.455372057411596,0.499794828346789,FALSE,0.632865201394122,3200,,
193,0,-1.6118694968717,-6.30273437501853,3.07899538127514,0.50064163167699,30.6138716413452,3.1483473962209e-08,0.45357602352944,0.50064163167699,FALSE,0.633739422541444,3201,,
4388,-1,-0.175627279241718,-0.6879824732429,0.336727914759464,0.501682543103332,0,1,0.451375354443148,0.501682543103332,FALSE,0.634858733496159,3202,,
1694,-1,-0.157038590954052,-0.615849834706666,0.301772652798562,0.502321007666669,0,1,0.45002936932676,0.502321007666669,FALSE,0.6353049943984,3203,,
2570,-1,-0.151937140182383,-0.595873918242974,0.291999637878208,0.50235005440497,0,1,0.449968203482874,0.502350054404971,FALSE,0.6353049943984,3204,GABRR2,gamma-aminobutyric acid type A receptor subunit rho2
2137,-1,-0.0906810844277749,-0.355733588896985,0.174371420041435,0.502505554552535,0,1,0.449640857922291,0.502505554552535,FALSE,0.6353049943984,3205,EXTL3,exostosin like glycosyltransferase 3
5895,1,0.105690006678236,-0.203581031761972,0.414961045118444,0.502987633243746,0,1,0.448627124082562,0.502987633243746,FALSE,0.635589796007618,3206,,
2761,1,0.118266739286442,-0.22792166164116,0.464455140214044,0.503129766513057,0,1,0.448328557022328,0.503129766513057,FALSE,0.635589796007618,3207,,
1786,-1,-0.187452636829668,-0.736252898075898,0.361347624416562,0.503201398221234,0,1,0.448178141038264,0.503201398221234,FALSE,0.635589796007618,3208,DNMT1,DNA methyltransferase 1
6297,-1,-0.208756748312473,-0.820350612862326,0.40283711623738,0.503496090381175,0,1,0.447559715451786,0.503496090381175,FALSE,0.635763838648962,3209,SALL2,spalt like transcription factor 2
257,0,0.251691465217367,-0.486429560971976,0.98981249140671,0.503924885586145,7.09264507453365,0.00774009269364966,0.446660971634946,0.503924885586145,FALSE,0.636107051836467,3210,ALX3,ALX homeobox 3
301,0,-0.513018870305096,-2.02154739983703,0.995509659226835,0.50506435214367,18.687279002564,1.54006517675933e-05,0.444279020770593,0.50506435214367,FALSE,0.637154423345531,3211,ANXA1,annexin A1
5007,1,0.167441033730295,-0.324923690236052,0.659805757696642,0.505069103599666,0,1,0.444269107544455,0.505069103599666,FALSE,0.637154423345531,3212,OSBP,oxysterol binding protein
3536,-1,-0.117539018432191,-0.46491161575853,0.229833578894148,0.507212174903745,0,1,0.439814141654768,0.507212174903745,FALSE,0.63965880258636,3213,,
2863,-1,-0.215225038411967,-0.854010188298421,0.423560111474487,0.509017650039541,0,1,0.436086002934762,0.509017650039541,FALSE,0.64159928700527,3214,GPR39,G protein-coupled receptor 39
4710,-1,-0.272856765256765,-1.08278752857913,0.537073998065605,0.509067548796136,0,1,0.435983290298321,0.509067548796136,FALSE,0.64159928700527,3215,NDUFB4,NADH:ubiquinone oxidoreductase subunit B4
510,0,-0.376119479139323,-1.49408204305037,0.741843084771728,0.509641171140165,8.95595461069,0.00276566631512662,0.434803781044217,0.509641171140165,FALSE,0.642122520354461,3216,,
3307,-1,-0.170044937062276,-0.67584847111538,0.335758596990828,0.509949823893492,0,1,0.434170063046544,0.509949823893492,FALSE,0.642244900958725,3217,,
3627,1,0.127086664570236,-0.251144243077943,0.505317572218415,0.510182535603168,0,1,0.433692703423578,0.510182535603168,FALSE,0.642244900958725,3218,CXCL10,C-X-C motif chemokine ligand 10
5280,-1,-0.120474788586149,-0.479054166577235,0.238104589404937,0.510213804586904,0,1,0.433628590302384,0.510213804586904,FALSE,0.642244900958725,3219,,
1366,1,0.147979845180541,-0.292897178079797,0.588856868440879,0.510628374832066,0,1,0.43277920801145,0.510628374832066,FALSE,0.642567135037122,3220,CLDN7,claudin 7
13176,1,0.136917605054807,-0.271269523417303,0.545104733526917,0.510905867170314,0,1,0.432211340872457,0.510905867170314,FALSE,0.642716725791404,3221,,
3512,1,0.0965175439696833,-0.191777695596718,0.384812783536085,0.511714252121921,0,1,0.430560082694545,0.511714252121921,FALSE,0.643365826548446,3222,JCHAIN,joining chain of multimeric IgA and IgM
5252,-1,-0.118747701070141,-0.473464939168137,0.235969537027855,0.511739402508796,0,1,0.430508781448595,0.511739402508796,FALSE,0.643365826548446,3223,PHF1,PHD finger protein 1
138,0,0.276707880817541,-0.550565051445047,1.10398081308013,0.512099149462152,6.16332400083059,0.0130425887504351,0.429775455310934,0.512099149462152,FALSE,0.643618409931961,3224,,
219,0,-0.563413140671101,-2.250768504148,1.1239422228058,0.512829661149656,9.6663241618609,0.00187676441156918,0.428289091786224,0.512829661149656,FALSE,0.644219361923106,3225,ALDH1B1,aldehyde dehydrogenase 1 family member B1
1842,-1,-0.131665109526332,-0.526056500797095,0.262726281744431,0.512904523995822,0,1,0.428136976980736,0.512904523995822,FALSE,0.644219361923106,3226,ECM2,extracellular matrix protein 2
317,0,0.56673489821578,-1.13147353178536,2.26494332821692,0.513054264789206,20.5924049770445,5.68210908626182e-06,0.427832832442596,0.513054264789206,FALSE,0.644219361923106,3227,APAF1,apoptotic peptidase activating factor 1
4285,-1,-0.171909351792361,-0.689389020919622,0.3455703173349,0.514975543143497,0,1,0.423944108172118,0.514975543143497,FALSE,0.646426872445856,3228,MIPEP,mitochondrial intermediate peptidase
1501,1,0.153059053885671,-0.307848546755879,0.613966654527221,0.51513138477978,0,1,0.423629788633044,0.51513138477978,FALSE,0.646426872445856,3229,CTNND2,catenin delta 2
3032,1,0.153074275279292,-0.308425821199675,0.614574371758259,0.515629233449779,0,1,0.422626780738295,0.515629233449779,FALSE,0.646718695524884,3230,HADHB,hydroxyacyl-CoA dehydrogenase trifunctional multienzyme complex subunit beta
1713,-1,-0.155933129288216,-0.626112684460373,0.31424642588394,0.515683145419768,0,1,0.422518266626554,0.515683145419768,FALSE,0.646718695524884,3231,,
217,0,0.243507752779976,-0.491989574663849,0.9790050802238,0.516401072765762,6.04978224738701,0.0139080119678968,0.421075108940365,0.516401072765762,FALSE,0.647418671672917,3232,ALDH2,aldehyde dehydrogenase 2 family member
2598,-1,-0.207848636282375,-0.836380372327409,0.420683099762659,0.516895143505713,0,1,0.420083978697307,0.516895143505713,FALSE,0.647716478337961,3233,,
369,0,-0.346398480952527,-1.39411500334288,0.701318041437824,0.516979863236544,6.66539970059489,0.00983026054017239,0.419914193308362,0.516979863236544,FALSE,0.647716478337961,3234,ARAF,"A-Raf proto-oncogene, serine/threonine kinase"
202,0,-1.20240379668065,-4.84039359361133,2.43558600025004,0.517118165701704,57.629190833095,3.16493602786835e-14,0.419637128350672,0.517118165701704,FALSE,0.647716478337961,3235,CRYBG1,crystallin beta-gamma domain containing 1
1077,1,0.215937934988902,-0.437873436111661,0.869749306089465,0.517419517034376,0,1,0.41903387273222,0.517419517034376,FALSE,0.64789365977234,3236,,
3531,1,0.199213296787843,-0.40498901661776,0.803415610193446,0.518133386562248,0,1,0.417607278908606,0.518133386562248,FALSE,0.648587112249067,3237,,
3243,-1,-0.209220228057366,-0.845291450045612,0.42685099393088,0.519132830608012,0,1,0.415615781745483,0.519132830608012,FALSE,0.649398217810393,3238,,
1256,-1,-0.135836337315038,-0.548824463549111,0.277151788919035,0.51915161848572,0,1,0.415578409458663,0.51915161848572,FALSE,0.649398217810393,3239,,
1905,1,0.14888502160924,-0.303895253125997,0.601665296344477,0.519262148495971,0,1,0.415358594607776,0.519262148495971,FALSE,0.649398217810393,3240,,
6434,1,0.165999871902981,-0.339043387740825,0.671043131546787,0.51943945710787,0,1,0.415006146722224,0.519439457107871,FALSE,0.649419524900059,3241,TRA2B,transformer 2 beta homolog
360,2,0.0839015214266292,-0.171659534446372,0.33946257729963,0.519924029036579,0.786733992432601,0.375089525076001,0.414044010708893,0.519924029036579,FALSE,0.649817500578464,3242,AQP3,aquaporin 3 (Gill blood group)
1985,1,0.131620393819097,-0.269439082069886,0.53267986970808,0.520078517861786,0,1,0.413737599159888,0.520078517861786,FALSE,0.649817500578464,3243,,
2603,-1,-0.131918731304682,-0.534317990114863,0.270480527505499,0.520525299877076,0,1,0.412852358276789,0.520525299877076,FALSE,0.650074725593609,3244,,
12891,1,0.148550115904134,-0.304667690921851,0.601767922730119,0.520605252850755,0,1,0.412694083075121,0.520605252850755,FALSE,0.650074725593609,3245,,
3454,1,0.183789244596594,-0.377332465529286,0.744910954722474,0.520896138140619,0,1,0.412118607060037,0.520896138140619,FALSE,0.650237569853909,3246,IFNAR1,interferon alpha and beta receptor subunit 1
3334,-1,-0.129855104414724,-0.526525452853122,0.266815244023674,0.521120436884462,0,1,0.411675250322091,0.521120436884462,FALSE,0.650317219050151,3247,,
3070,-1,-0.121697836908983,-0.494679343562297,0.251283669744331,0.522494742843493,0,1,0.408966092677079,0.522494742843493,FALSE,0.651831495690219,3248,HELLS,"helicase, lymphoid specific"
7997,-1,-0.182903875691447,-0.744119981040474,0.37831222965758,0.522976048227007,0,1,0.408020277817353,0.522976048227007,FALSE,0.652231131860829,3249,,
380834,1,0.104995827789235,-0.217819010995291,0.427810666573761,0.523812157531455,0,1,0.406380898765323,0.523812157531455,FALSE,0.65297715965155,3250,,
2059,-1,-0.183381274052314,-0.747310642461081,0.380548094356453,0.523896531596048,0,1,0.406215722376274,0.523896531596048,FALSE,0.65297715965155,3251,EPS8,"EGFR pathway substrate 8, signaling adaptor"
62,0,1.19210640268108,-2.47686457175983,4.861077377122,0.524240051837684,25.624888036072,4.14656617187631e-07,0.405543711112573,0.524240051837684,FALSE,0.653204394233178,3252,,
10213,-1,-0.130417984191752,-0.532430627825858,0.271594659442354,0.524882605927467,0,1,0.404288812866572,0.524882605927467,FALSE,0.65380397147805,3253,PSMD14,"proteasome 26S subunit, non-ATPase 14"
2139,1,0.110694642297713,-0.230911827368901,0.452301111964327,0.525357005314493,0,1,0.403364069696049,0.525357005314493,FALSE,0.65419378781018,3254,EYA2,EYA transcriptional coactivator and phosphatase 2
3071,-1,-0.119875375681681,-0.49101697102974,0.251266219666378,0.526700583867257,0,1,0.400753094054135,0.526700583867257,FALSE,0.654961632739128,3255,NCKAP1L,NCK associated protein 1 like
1133,1,0.129795514029586,-0.272070581685545,0.531661609744717,0.526712040188835,0,1,0.400730882058928,0.526712040188835,FALSE,0.654961632739128,3256,CHRM5,cholinergic receptor muscarinic 5
181,0,0.517334332896851,-1.08453831074,2.11920697653371,0.52674535240839,26.200449431401,3.07750896582139e-07,0.400666299833682,0.52674535240839,FALSE,0.654961632739128,3257,AGRP,agouti related neuropeptide
3761,1,0.129795728282669,-0.272133157198244,0.531724613763582,0.526775938492314,0,1,0.400607009172406,0.526775938492314,FALSE,0.654961632739128,3258,KCNJ4,potassium inwardly rectifying channel subfamily J member 4
5441,1,0.0992300314254709,-0.208052685885765,0.406512748736707,0.526781826529323,0,1,0.400595596006999,0.526781826529323,FALSE,0.654961632739128,3259,POLR2L,"RNA polymerase II, I and III subunit L"
2226,-1,-0.153941321356357,-0.631644994788213,0.323762352075499,0.527645816313845,0,1,0.39892333420034,0.527645816313845,FALSE,0.655758583168495,3260,,
24668,-1,-0.0985492849637468,-0.404437508504614,0.20733893857712,0.527746480679285,0,1,0.398728815462002,0.527746480679284,FALSE,0.655758583168495,3261,,
163,0,-1.05586711832364,-4.33773782449195,2.22600358784468,0.528319265766727,16.615971053429,4.5764023846536e-05,0.397623256560327,0.528319265766727,FALSE,0.656269057292084,3262,AP2B1,adaptor related protein complex 2 subunit beta 1
583,2,0.107881072190846,-0.227771236887615,0.443533381269308,0.528729551428752,0.0123553458002629,0.911493749918343,0.396832663379478,0.528729551428752,FALSE,0.656577426414129,3263,BBS2,Bardet-Biedl syndrome 2
5095,-1,-0.111812249990188,-0.459947619741172,0.236323119760796,0.529027845157003,0,1,0.396258560957673,0.529027845157003,FALSE,0.656614590108822,3264,PCCA,propionyl-CoA carboxylase subunit alpha
3302,-1,-0.135022864285374,-0.555482999921981,0.285437271351233,0.529083572730825,0,1,0.396151370816926,0.529083572730825,FALSE,0.656614590108822,3265,,
998,1,0.164705978415522,-0.348544793725863,0.677956750556907,0.529370676969514,0,1,0.395599456039349,0.529370676969514,FALSE,0.656764482546858,3266,CDC42,cell division cycle 42
469,0,-1.72701164177877,-7.11072596098988,3.65670267743234,0.529528520355525,112.758370933875,2.43740024212681e-26,0.395296254546444,0.529528520355525,FALSE,0.656764482546858,3267,,
16994,1,0.119921992428135,-0.254428698083707,0.494272682939977,0.53009047355789,0,1,0.39421811393304,0.53009047355789,FALSE,0.657182356453085,3268,,
78,0,-1.00466092041109,-4.14158640410718,2.13226456328499,0.530189813239175,28.2124355533161,1.08703918423456e-07,0.394027738349484,0.530189813239175,FALSE,0.657182356453085,3269,,
7085,-1,-0.228081777897361,-0.941721579772171,0.485558023977449,0.53104516823635,0,1,0.392391176780006,0.53104516823635,FALSE,0.658041291037826,3270,,
2346,-1,-0.335952007920855,-1.38981302489387,0.717909009052161,0.532101413436866,0,1,0.390376786179553,0.532101413436866,FALSE,0.659135069872031,3271,FOLH1,folate hydrolase 1
1717,1,0.311034781474505,-0.665023615420088,1.2870931783691,0.53225319561236,0,1,0.390087911012661,0.53225319561236,FALSE,0.659135069872031,3272,DHCR7,7-dehydrocholesterol reductase
1396,-1,-0.100944306683947,-0.418561968856594,0.2166733554887,0.533343691891235,0,1,0.38801681946606,0.533343691891235,FALSE,0.660283727327615,3273,CRIP1,cysteine rich protein 1
54,0,1.70487214270681,-3.6626720775619,7.07241636297552,0.533589664591738,11.9222542301037,0.000554673208427651,0.387550720855975,0.533589664591738,FALSE,0.66035583110413,3274,ACP5,"acid phosphatase 5, tartrate resistant"
2207,-1,-0.132152613260489,-0.548356631079484,0.284051404558507,0.533727874349957,0,1,0.387288994941879,0.533727874349957,FALSE,0.66035583110413,3275,FCER1G,Fc epsilon receptor Ig
820,1,0.173865343564219,-0.374155824369892,0.72188651149833,0.534061087086706,0,1,0.386658498683991,0.534061087086706,FALSE,0.660362292982976,3276,CAMP,cathelicidin antimicrobial peptide
4649,1,0.16602997324007,-0.357417143054218,0.689477089534358,0.534157124099311,0,1,0.386476912221649,0.534157124099311,FALSE,0.660362292982976,3277,MYO9A,myosin IXA
652,0,0.179578637760774,-0.386673578111119,0.745830853632667,0.53422201293144,6.60037430626704,0.0101957331621157,0.386354254107279,0.53422201293144,FALSE,0.660362292982976,3278,BMP4,bone morphogenetic protein 4
1854,-1,-0.13533090195759,-0.562348215316297,0.291686411401117,0.534498022514227,0,1,0.385832819952588,0.534498022514227,FALSE,0.660374627799477,3279,DUT,deoxyuridine triphosphatase
148,0,1.1023619787282,-2.37649371690937,4.58121767436578,0.534557941555352,74.2674943541769,6.8217589835618e-18,0.385719686046567,0.534557941555352,FALSE,0.660374627799477,3280,ADRA1A,adrenoceptor alpha 1A
14562,-1,-0.132193705223372,-0.54969463624341,0.285307225796666,0.534872576085915,0,1,0.385125997723088,0.534872576085915,FALSE,0.660485693938211,3281,,
5422,-1,-0.125516747967203,-0.52212282014885,0.271089324214444,0.535070985255758,0,1,0.384751942233606,0.535070985255758,FALSE,0.660485693938211,3282,POLA1,"DNA polymerase alpha 1, catalytic subunit"
1828,1,0.109072345030866,-0.235628538447068,0.4537732285088,0.535136854195249,0,1,0.384627816928204,0.535136854195249,FALSE,0.660485693938211,3283,DSG1,desmoglein 1
52467,-1,-0.148286012084556,-0.617653554355555,0.321081530186443,0.535780596947524,0,1,0.383416188421365,0.535780596947524,FALSE,0.661078860789089,3284,,
2990,1,0.134344956500055,-0.291438655590404,0.560128568590514,0.536301342383205,0,1,0.382437994637425,0.536301342383205,FALSE,0.661519951091856,3285,GUSB,glucuronidase beta
5700,-1,-0.0946596402875679,-0.395339362329168,0.206020081754032,0.53721257595708,0,1,0.380730440605947,0.53721257595708,FALSE,0.662262969228249,3286,PSMC1,"proteasome 26S subunit, ATPase 1"
19923,1,0.148738318936455,-0.323739462083261,0.621216099956171,0.537230597199717,0,1,0.380696723929566,0.537230597199717,FALSE,0.662262969228249,3287,,
1210,-1,-0.317892182008343,-1.32880266200234,0.693018297985649,0.537674933669115,0,1,0.379866048436865,0.537674933669115,FALSE,0.662609133584931,3288,,
3332,-1,-0.145688757613191,-0.609321226263486,0.317943711037103,0.537969803018893,0,1,0.379315488711948,0.537969803018893,FALSE,0.66277094613334,3289,,
22776,-1,-0.184456665606696,-0.772114221077068,0.403200889863676,0.538420969990103,0,1,0.378474166315195,0.538420969990103,FALSE,0.662983883477019,3290,,
3056,-1,-0.118581397888171,-0.496548927132147,0.259386131355805,0.538615458978946,0,1,0.378111886288565,0.538615458978946,FALSE,0.662983883477019,3291,,
7552,1,0.125783166742954,-0.275338888900231,0.52690522238614,0.538817496072332,0,1,0.377735799312227,0.538817496072332,FALSE,0.662983883477019,3292,ZNF711,zinc finger protein 711
249,0,0.186677699519364,-0.408820958300086,0.782176357338815,0.538943056537056,2.9160446178158,0.0877026043956063,0.37750220154623,0.538943056537056,FALSE,0.662983883477019,3293,ALPL,"alkaline phosphatase, biomineralization associated"
4642,1,0.168273518556542,-0.36853950202187,0.705086539134954,0.538960738443559,0,1,0.377469313407194,0.538960738443559,FALSE,0.662983883477019,3294,MYO1D,myosin ID
2042,1,0.232419608248138,-0.51106751954509,0.975906736041366,0.540075168827466,0,1,0.375400463056796,0.540075168827466,FALSE,0.66415313629405,3295,EPHA3,EPH receptor A3
2289,1,0.153190310583332,-0.338050156567845,0.644430777734509,0.541065407393636,0,1,0.373568719713523,0.541065407393636,FALSE,0.665053887463226,3296,FKBP5,FKBP prolyl isomerase 5
2044,-1,-0.164707239268607,-0.692971464577685,0.363556986040471,0.541135900041031,0,1,0.373438557041298,0.541135900041031,FALSE,0.665053887463226,3297,EPHA5,EPH receptor A5
6207,-1,-0.13295514772264,-0.559695864405039,0.293785568959759,0.541434289292896,0,1,0.372887934645505,0.541434289292896,FALSE,0.665218841787391,3298,RPS13,ribosomal protein S13
67,0,-1.03842981864744,-4.38181170938853,2.30495207209366,0.542689898278881,43.1577411062069,5.0499698614239e-11,0.3705770428289,0.542689898278881,FALSE,0.666559402190368,3299,,
2340,1,0.107582760148264,-0.23909172669421,0.454257246990738,0.543033960511573,0,1,0.369945529885873,0.543033960511573,FALSE,0.666779881209968,3300,,
2142,-1,-0.0969226630986472,-0.409430449779174,0.21558512358188,0.54327195622541,0,1,0.369509129533962,0.54327195622541,FALSE,0.666870029271543,3301,,
1726,-1,-0.139822735606692,-0.591167717972757,0.311522246759373,0.543731640503945,0,1,0.368667228502444,0.543731640503945,FALSE,0.667002796415903,3302,,
948,0,-0.276188939676221,-1.167898174061,0.615520294708563,0.543811565662595,4.92690287670842,0.026441666890116,0.36852098155029,0.543811565662595,FALSE,0.667002796415903,3303,CD36,CD36 molecule (CD36 blood group)
3231,1,0.114740832569086,-0.255874319107014,0.485355984245186,0.543986109944437,0,1,0.368201738660314,0.543986109944437,FALSE,0.667002796415903,3304,HOXD1,homeobox D1
114059,-1,-0.150825359385188,-0.638057694923866,0.33640697615349,0.544038559268154,0,1,0.36810584540875,0.544038559268154,FALSE,0.667002796415903,3305,,
2821,-1,-0.127166861954923,-0.538635727099873,0.284302003190027,0.544688516881934,0,1,0.36691894279971,0.544688516881934,FALSE,0.667475792838908,3306,GPI,glucose-6-phosphate isomerase
3058,1,0.172480561769646,-0.385698670627148,0.73065979416644,0.54475381217134,0,1,0.366799850381744,0.54475381217134,FALSE,0.667475792838908,3307,,
70,0,-0.814984420795935,-3.45732967520001,1.82736083360814,0.545500602511267,19.8012822886727,8.5925013049514e-06,0.365439653240056,0.545500602511267,FALSE,0.668188767042217,3308,ACTC1,actin alpha cardiac muscle 1
122,0,-0.955410652654758,-4.05805754141379,2.14723623610427,0.546149735504252,21.2782272080656,3.97217665734506e-06,0.364260129482581,0.546149735504252,FALSE,0.668781725071994,3309,,
9765,-1,-0.108213539071421,-0.45981286426663,0.243385786123788,0.546356869021802,0,1,0.363884299572011,0.546356869021802,FALSE,0.668833242681675,3310,ZFYVE16,zinc finger FYVE-type containing 16
1719,1,0.155047284651334,-0.349366519009571,0.659461088312239,0.546870681134372,0,1,0.362953163424657,0.546870681134372,FALSE,0.669103988555375,3311,DHFR,dihydrofolate reductase
74,0,-1.34274928432301,-5.71151217090001,3.02601360225398,0.546908294692843,56.1813043650409,6.60869611702655e-14,0.362885063573814,0.546908294692844,FALSE,0.669103988555375,3312,,
295,0,-0.305861383657703,-1.30213315643172,0.690410389116309,0.547360103613701,7.62800479802294,0.00574688424805056,0.362067737665428,0.547360103613701,FALSE,0.669454615104955,3313,,
3282,-1,-0.0944923588364195,-0.402641224357526,0.213656506684687,0.547831012082226,0,1,0.361217195764226,0.547831012082226,FALSE,0.66982838290802,3314,,
756,1,0.230675895950496,-0.5239006943101,0.985252486211092,0.549062360274584,0,1,0.358999595224357,0.549062360274584,FALSE,0.670753554154123,3315,,
3605,1,0.125843828444421,-0.285860961286214,0.537548618175056,0.549111008911015,0,1,0.358912171878666,0.549111008911015,FALSE,0.670753554154123,3316,IL17A,interleukin 17A
4644,1,0.136501190846347,-0.310122387744463,0.583124769437157,0.549158111550208,0,1,0.358827540529502,0.549158111550208,FALSE,0.670753554154123,3317,MYO5A,myosin VA
1548,1,0.297257299330742,-0.675573822515562,1.27008842117705,0.549249825440124,0,1,0.358662793119069,0.549249825440123,FALSE,0.670753554154123,3318,CYP2A6,cytochrome P450 family 2 subfamily A member 6
2874,1,0.160235906776805,-0.364518056847138,0.684989870400748,0.549517343000713,0,1,0.358182539744888,0.549517343000713,FALSE,0.670878057800207,3319,GPS2,G protein pathway suppressor 2
1102095,-1,-0.143646879913268,-0.614508312459955,0.327214552633419,0.549885883597875,0,1,0.357521643043519,0.549885883597875,FALSE,0.671125783234515,3320,,
7972,1,0.161828228281408,-0.370639704979057,0.694296161541873,0.551392785381889,0,1,0.354827951547299,0.551392785381889,FALSE,0.672762290384647,3321,,
4091,-1,-0.102562710511234,-0.441018724935805,0.235893303913337,0.552558857479636,0,1,0.352752978658291,0.552558857479636,FALSE,0.673844306163672,3322,SMAD6,SMAD family member 6
5794,-1,-0.0925714542917597,-0.398097436609234,0.212954528025714,0.55261219876157,0,1,0.352658257146256,0.55261219876157,FALSE,0.673844306163672,3323,PTPRH,protein tyrosine phosphatase receptor type H
289,0,-0.576896117028629,-2.48173963140719,1.32794739734994,0.552786528922472,9.38973747963673,0.00218203448936731,0.352348807950639,0.552786528922472,FALSE,0.673854096027033,3324,,
9832,1,0.140842347402207,-0.326130186291232,0.607814881095646,0.554426929245546,0,1,0.349445954855739,0.554426929245546,FALSE,0.675347789265854,3325,JAKMIP2,janus kinase and microtubule interacting protein 2
434,-2,-0.532703127385409,-2.29893805683724,1.23353180206642,0.5544316170414,1.96264762516881,0.161230442566434,0.349437682553566,0.5544316170414,FALSE,0.675347789265854,3326,ASIP,agouti signaling protein
187,0,0.389293969895389,-0.902234819045754,1.68082275883653,0.554671582147198,10.8563181291427,0.000984592553928572,0.349014405440133,0.554671582147198,FALSE,0.675347789265854,3327,APLNR,apelin receptor
244,0,-0.243496495815187,-1.05133911754278,0.564346125912407,0.554678539653693,6.71128856929457,0.00958044718632188,0.349002138179344,0.554678539653693,FALSE,0.675347789265854,3328,,
14984,1,0.154840056408361,-0.359470841035164,0.669150953851886,0.555141761915625,0,1,0.348186052941675,0.555141761915625,FALSE,0.675708747155937,3329,,
4940,-1,-0.179399451995555,-0.776061327967976,0.417262423976866,0.55565597426185,0,1,0.347281643169693,0.555655974261849,FALSE,0.676131533846551,3330,OAS3,2'-5'-oligoadenylate synthetase 3
2880,1,0.144513980210012,-0.336736737612098,0.625764698032122,0.556160274219963,0,1,0.34639620592749,0.556160274219963,FALSE,0.676542008747911,3331,GPX5,glutathione peroxidase 5
5705,-1,-0.189389566151584,-0.82078539589633,0.442006263593162,0.556600351592734,0,1,0.34562477198633,0.556600351592734,FALSE,0.676874137050947,3332,PSMC5,"proteasome 26S subunit, ATPase 5"
5174,1,0.125813039614584,-0.294849747469541,0.546475826698709,0.557746711252279,0,1,0.343620687250149,0.557746711252279,FALSE,0.678064708669138,3333,PDZK1,PDZ domain containing 1
5865,-1,-0.0823306525603166,-0.357948640270046,0.193287335149413,0.558234048421733,0,1,0.342771087369613,0.558234048421733,FALSE,0.678453618537751,3334,RAB3B,"RAB3B, member RAS oncogene family"
7318,-1,-0.0976082004823,-0.424679299341389,0.229462898376789,0.558605353667521,0,1,0.34212471939409,0.558605353667521,FALSE,0.678701317259608,3335,UBA7,ubiquitin like modifier activating enzyme 7
4116,-1,-0.0898230021675954,-0.390987445684642,0.211341441349451,0.558841014941913,0,1,0.341714904999893,0.558841014941913,FALSE,0.678784110475009,3336,MAGOH,"mago homolog, exon junction complex subunit"
6472,1,0.0928486097214432,-0.218625756316267,0.404322975759153,0.559049896015457,0,1,0.341351936739713,0.559049896015457,FALSE,0.67883433582698,3337,SHMT2,serine hydroxymethyltransferase 2
1360,0,-0.46618185666729,-2.03169996282503,1.09933624949045,0.559462258057041,37.4873258660858,9.20089270921073e-10,0.340636143077654,0.559462258057041,FALSE,0.679131536742699,3338,CPB1,carboxypeptidase B1
2719,1,0.140706945833013,-0.332301621600943,0.613715513266969,0.559869744566553,0,1,0.339929801594563,0.559869744566553,FALSE,0.679422643001998,3339,GPC3,glypican 3
35830,-1,-0.139358213647418,-0.609766806299841,0.331050379005005,0.561484491238504,0,1,0.337140426014583,0.561484491238504,FALSE,0.681178191167192,3340,,
1252,-1,-0.116312758444817,-0.509481358293176,0.276855841403542,0.562032921367428,0,1,0.336196541265924,0.562032921367428,FALSE,0.681509559872549,3341,,
4092,1,0.118170665766439,-0.281422297612408,0.517763629145286,0.56217398253354,0,1,0.335954051444626,0.56217398253354,FALSE,0.681509559872549,3342,SMAD7,SMAD family member 7
107,0,-0.65356043164096,-2.86406751541995,1.55694665213802,0.562262205985669,25.2582324015204,5.01450788509095e-07,0.335802451181378,0.562262205985669,FALSE,0.681509559872549,3343,ADCY1,adenylate cyclase 1
2539,-1,-0.103725224441976,-0.45566327867203,0.248212829788078,0.563499124070526,0,1,0.333681778258462,0.563499124070526,FALSE,0.682664036036,3344,G6PD,glucose-6-phosphate dehydrogenase
4613,-1,-0.198641834382654,-0.872721182849069,0.475437514083761,0.563551628958643,0,1,0.333591957852517,0.563551628958643,FALSE,0.682664036036,3345,MYCN,"MYCN proto-oncogene, bHLH transcription factor"
1488,1,0.204595327869656,-0.490439307419103,0.899629963158415,0.563973970101032,0,1,0.332870042737347,0.563973970101032,FALSE,0.682856957530019,3346,CTBP2,C-terminal binding protein 2
4657,1,0.17197094881657,-0.412583076297387,0.756524973930527,0.564206213946688,0,1,0.332473508345225,0.564206213946688,FALSE,0.682856957530019,3347,,
1156,-1,-0.0993759347451178,-0.437259005095178,0.238507135604942,0.564309942434674,0,1,0.332296503491368,0.564309942434674,FALSE,0.682856957530019,3348,,
2464,1,0.121119877262583,-0.29077301322564,0.533012767750806,0.564384982914125,0,1,0.332168491705148,0.564384982914125,FALSE,0.682856957530019,3349,,
1205,-1,-0.143780323460214,-0.633234094851876,0.345673447931448,0.564782451937212,0,1,0.331490995729962,0.564782451937212,FALSE,0.683068609842662,3350,,
1281,1,0.167278611970245,-0.402335236573078,0.736892460513568,0.564897066037207,0,1,0.331295804155795,0.564897066037207,FALSE,0.683068609842662,3351,COL3A1,collagen type III alpha 1 chain
2241,-1,-0.159072843695469,-0.701172678892192,0.383026991501253,0.565204419961191,0,1,0.33077274800267,0.565204419961191,FALSE,0.683113712265536,3352,FER,FER tyrosine kinase
282,0,0.197755763978072,-0.476286816032457,0.871798343988601,0.565271539295741,2.804656846599,0.093990953238405,0.33065859720297,0.565271539295741,FALSE,0.683113712265536,3353,,
15951,-1,-0.0889298334790772,-0.392318368292662,0.214458701334508,0.565623797736946,0,1,0.330059935968299,0.565623797736946,FALSE,0.683181143760878,3354,,
3259,1,0.101814305960685,-0.24556666491354,0.44919527683491,0.565664545241299,0,1,0.329990732369648,0.565664545241299,FALSE,0.683181143760878,3355,,
150,0,-0.41540198090739,-1.83444303333171,1.00363907151693,0.566137885720241,11.3732761609202,0.000745083420757216,0.32918754051653,0.566137885720241,FALSE,0.683549080136596,3356,ADRA2A,adrenoceptor alpha 2A
300,0,-0.209972668419245,-0.930758362098483,0.510813025259993,0.568027633977264,4.38724957693651,0.0362086802066705,0.325993845340388,0.568027633977264,FALSE,0.685626444109584,3357,,
930,1,0.107030939415112,-0.262638192953292,0.476700071783516,0.570393720012886,0,1,0.322024177896001,0.570393720012886,FALSE,0.687899502581703,3358,CD19,CD19 molecule
1841,-1,-0.144994401911246,-0.646054739421479,0.356065935598987,0.570602194112122,0,1,0.32167595471718,0.570602194112122,FALSE,0.687899502581703,3359,DTYMK,deoxythymidylate kinase
53,0,0.798802555390079,-1.96215395225057,3.55975906303073,0.570674342626534,45.0629860748343,1.90797806205572e-11,0.321555499966857,0.570674342626534,FALSE,0.687899502581703,3360,ACP2,"acid phosphatase 2, lysosomal"
7500,1,0.0867793817920034,-0.213197828305954,0.386756591889961,0.57072010472044,0,1,0.321479113821489,0.57072010472044,FALSE,0.687899502581703,3361,,
3406,-1,-0.106105006940069,-0.472924308646291,0.260714294766153,0.570759656386891,0,1,0.321413103789665,0.570759656386891,FALSE,0.687899502581703,3362,,
211,0,-0.266067619435147,-1.18674078596279,0.654605547092498,0.57111180364203,5.25446817084016,0.0218904902640399,0.320825779873384,0.57111180364203,FALSE,0.688119247207108,3363,ALAS1,5'-aminolevulinate synthase 1
1619,-1,-0.114189556806602,-0.509661341862286,0.281282228249081,0.571444682073709,0,1,0.32027124527434,0.571444682073709,FALSE,0.688315651534682,3364,,
1411,1,0.176984289138175,-0.436830510263793,0.790799088540143,0.571987920787719,0,1,0.319367635645381,0.571987920787719,FALSE,0.688765246666222,3365,CRYBA1,crystallin beta A1
5613,1,0.100440758146112,-0.2484858317287,0.449367348020924,0.57262605000381,0,1,0.318308337542872,0.57262605000381,FALSE,0.689328804104408,3366,PRKX,protein kinase cAMP-dependent X-linked catalytic subunit
2524,1,0.139060064408852,-0.345028028321717,0.623148157139421,0.57341923964753,0,1,0.316994869907811,0.57341923964753,FALSE,0.690078633517015,3367,FUT2,fucosyltransferase 2 (H blood group)
1640,1,0.138663249878822,-0.344404731148108,0.621731230905752,0.573705981327531,0,1,0.316520925338573,0.573705981327531,FALSE,0.690177575597653,3368,,
2234,-1,-0.201288989356458,-0.902778541703466,0.50020056299055,0.573842115545037,0,1,0.316296077596832,0.573842115545037,FALSE,0.690177575597653,3369,,
12455,-1,-0.0991979098225518,-0.445918243127443,0.24752242348234,0.574966199419794,0,1,0.314443485588465,0.574966199419794,FALSE,0.691246239732016,3370,,
2,0,2.015669623547,-5.03152307921568,9.06286232630969,0.575071834683274,15.3699277710093,8.83837933108224e-05,0.314269756785219,0.575071834683274,FALSE,0.691246239732016,3371,A2M,alpha-2-macroglobulin
2141,-1,-0.170655343799818,-0.767801249047732,0.426490561448096,0.575391920659108,0,1,0.313743725327503,0.575391920659108,FALSE,0.691425878561893,3372,,
2333,-1,-0.0980823312073078,-0.442247345680588,0.246082683265973,0.576460009924607,0,1,0.311992604541931,0.576460009924607,FALSE,0.692503990576492,3373,,
459,0,-0.1274906333548,-0.575314395511576,0.320333128801975,0.576857512318259,2.49282300676316,0.11436642114803,0.311342544945536,0.576857512318259,FALSE,0.69277612327018,3374,,
2110,1,0.159659167934378,-0.402154321992316,0.721472657861072,0.577532165928331,0,1,0.310241276917603,0.577532165928331,FALSE,0.69338084039751,3375,ETFDH,electron transfer flavoprotein dehydrogenase
5836,1,0.14325062812713,-0.361712517852681,0.648213774106941,0.578201970228723,0,1,0.309150452218801,0.578201970228723,FALSE,0.693979378959356,3376,PYGL,glycogen phosphorylase L
2463,-1,-0.149213696617531,-0.6773134724785,0.378886079243438,0.57972633598268,0,1,0.306677274632252,0.57972633598268,FALSE,0.695602935564649,3377,,
1390,0,-0.673645309335403,-3.05930918630715,1.71201856763634,0.579962519982277,30.0452828875969,4.22073992837913e-08,0.306295243697893,0.579962519982277,FALSE,0.695647765339351,3378,CREM,cAMP responsive element modulator
2676,-1,-0.119239043582256,-0.542274636894418,0.303796549729906,0.580642968285298,0,1,0.305196346779729,0.580642968285298,FALSE,0.695647765339351,3379,GFRA3,GDNF family receptor alpha 3
1107,-1,-0.0967054481244938,-0.439881901759455,0.246471005510468,0.580737161481132,0,1,0.305044431615439,0.580737161481132,FALSE,0.695647765339351,3380,CHD3,chromodomain helicase DNA binding protein 3
2492,-1,-0.101240986001029,-0.460535488973393,0.258053516971335,0.58076126279924,0,1,0.305005568842596,0.58076126279924,FALSE,0.695647765339351,3381,FSHR,follicle stimulating hormone receptor
3921,-1,-0.117393547092569,-0.534042855503013,0.299255761317875,0.580789341343104,0,1,0.304960296967127,0.580789341343104,FALSE,0.695647765339351,3382,RPSA,ribosomal protein SA
16236,1,0.074009302683267,-0.188665156150102,0.336683761516636,0.580793778416344,0,1,0.304953143342526,0.580793778416344,FALSE,0.695647765339351,3383,,
19940,1,0.0877383673188781,-0.225185762742538,0.400662497380294,0.582635549794987,0,1,0.301993205587812,0.582635549794987,FALSE,0.697647531846716,3384,,
346,0,0.208038081478681,-0.534818392286132,0.950894555243493,0.583080334028915,6.21201078011132,0.0126886421384953,0.301281203337979,0.583080334028915,FALSE,0.697909041800311,3385,APOC4,apolipoprotein C4
2008,0,-0.0935036354025713,-0.427595314919712,0.24058804411457,0.58331889505028,1.85411248170832,0.173305844982674,0.300899769798408,0.58331889505028,FALSE,0.697909041800311,3386,,
12620,-1,-0.128048286800598,-0.585799721852296,0.3297031482511,0.583508546490536,0,1,0.300596761666202,0.583508546490536,FALSE,0.697909041800311,3387,,
8735,-1,-0.130764624371727,-0.598269184630859,0.336739935887405,0.583542900695818,0,1,0.30054189482335,0.583542900695818,FALSE,0.697909041800311,3388,MYH13,myosin heavy chain 13
23369,-1,-0.104857739338403,-0.480947932095604,0.271232453418798,0.584751336957949,0,1,0.29861604949749,0.584751336957949,FALSE,0.698938698481678,3389,PUM2,pumilio RNA binding family member 2
596,0,0.317341985179151,-0.821187525627994,1.4558714959863,0.584859621570514,5.8905359663163,0.0152224667118767,0.29844387231568,0.584859621570514,FALSE,0.698938698481678,3390,BCL2,BCL2 apoptosis regulator
204,0,-0.630282387163432,-2.8919213725641,1.63135659823723,0.584921304677041,21.2443464793933,4.04301101717942e-06,0.298345822349599,0.584921304677041,FALSE,0.698938698481678,3391,AK2,adenylate kinase 2
4636,-1,-0.0862659421120307,-0.396790209681359,0.224258325457297,0.586102597285769,0,1,0.296472099643755,0.586102597285769,FALSE,0.700143786616136,3392,MYL5,myosin light chain 5
584,2,0.0810769904397492,-0.211880471581763,0.374034452461262,0.587524515493606,0.661829747078679,0.415914716043933,0.294226842898769,0.587524515493606,FALSE,0.701635525134127,3393,,
1159,0,0.230567989388529,-0.605265232490609,1.06640121126767,0.58873917800441,4.26756301985035,0.0388466049454795,0.292317589506801,0.58873917800441,FALSE,0.702878947929838,3394,CKMT1B,"creatine kinase, mitochondrial 1B"
7724,-1,-0.12994167276402,-0.601306253288864,0.341422907760824,0.588986185580513,0,1,0.291930316102127,0.588986185580513,FALSE,0.702966722819511,3395,,
3743,-1,-0.132752269301582,-0.615333026450985,0.349828487847821,0.589774419718586,0,1,0.290696691253886,0.589774419718586,FALSE,0.703700220465168,3396,KCNA7,potassium voltage-gated channel subfamily A member 7
5597,-1,-0.102909144462915,-0.477330789059322,0.271512500133492,0.590098892892299,0,1,0.290189854271403,0.5900988928923,FALSE,0.703841339083819,3397,MAPK6,mitogen-activated protein kinase 6
3275,-1,-0.0931148544815285,-0.432029958330185,0.245800249367128,0.590240096299807,0,1,0.289969468404741,0.590240096299807,FALSE,0.703841339083819,3398,PRMT2,protein arginine methyltransferase 2
1699,1,0.143384672420877,-0.379648104401063,0.666417449242817,0.591056070548568,0,1,0.288698034927251,0.591056070548568,FALSE,0.704607001430655,3399,,
6056,1,0.216845746385524,-0.574859227871581,1.00855072064263,0.591386031525556,0,1,0.288184918889717,0.591386031525556,FALSE,0.704792999923986,3400,,
366,0,-0.256201851594506,-1.19587329959769,0.683469596408679,0.593075139416288,11.9660934870968,0.000541774057426399,0.285567413707054,0.593075139416289,FALSE,0.706598196093737,3401,AQP9,aquaporin 9
18041,1,0.0949068061871318,-0.253942553274615,0.443756165648879,0.593880372757892,0,1,0.284324994692809,0.593880372757892,FALSE,0.707153909123366,3402,,
117,0,-0.887394764174129,-4.14969300384212,2.37490347549386,0.593936651591374,72.0782863794306,2.06827099733594e-17,0.284238290439581,0.593936651591374,FALSE,0.707153909123366,3403,ADCYAP1R1,ADCYAP receptor type I
3035,-1,-0.0933970631274838,-0.436868984616987,0.25007485836202,0.594065129974318,0,1,0.284040417794504,0.594065129974318,FALSE,0.707153909123366,3404,HARS1,histidyl-tRNA synthetase 1
2813,-1,-0.105406774245266,-0.493367459142513,0.282553910651981,0.59437185939455,0,1,0.283568374075991,0.59437185939455,FALSE,0.707311240606965,3405,GP2,glycoprotein 2
5057,-1,-0.12090950368763,-0.566370840647335,0.324551833272075,0.594737125754093,0,1,0.283006901581172,0.594737125754093,FALSE,0.707538119070929,3406,,
12302,1,0.102179877729702,-0.275217069844035,0.479576825303439,0.595655481802238,0,1,0.281598393539339,0.595655481802238,FALSE,0.708422662830252,3407,,
56942,-1,-0.119409793166453,-0.560776828903026,0.32195724257012,0.595932289124797,0,1,0.281174729635942,0.595932289124797,FALSE,0.708543907140164,3408,CMC2,C-X9-C motif containing 2
64189,-1,-0.158724811079827,-0.747027156152441,0.429577533992787,0.596943451154971,0,1,0.279630578125566,0.596943451154971,FALSE,0.709391861664461,3409,,
5989,-1,-0.0868014886293626,-0.408570853116331,0.234967875857606,0.596995619021671,0,1,0.279551059871051,0.596995619021671,FALSE,0.709391861664461,3410,RFX1,regulatory factor X1
2604,1,0.115471490960488,-0.313292833973166,0.544235815894142,0.597608769190386,0,1,0.278617533292204,0.597608769190386,FALSE,0.709578404966345,3411,,
1423,-1,-0.0945107682252087,-0.445485957685836,0.256464421235419,0.597652007682268,0,1,0.278551777660219,0.597652007682268,FALSE,0.709578404966345,3412,,
89,0,-1.13030662675007,-5.32811069264761,3.06749743914748,0.597677960550379,16.8214999495512,4.10654079263341e-05,0.278512314183531,0.597677960550379,FALSE,0.709578404966345,3413,ACTN3,actinin alpha 3
1823,1,0.120184126591937,-0.327351841257894,0.567720094441768,0.598651253200516,0,1,0.277034920679833,0.598651253200517,FALSE,0.710525740471146,3414,DSC1,desmocollin 1
1622,0,0.360348371599035,-0.982719485423557,1.70341622862163,0.598983326930272,8.92112637559811,0.0028189060326222,0.276532002617784,0.598983326930272,FALSE,0.710711695672463,3415,DBI,"diazepam binding inhibitor, acyl-CoA binding protein"
251,0,-0.286079501495507,-1.353240441964,0.781081438972987,0.599292674071022,9.67978038122493,0.0018630689788307,0.276064028075979,0.599292674071022,FALSE,0.71087058411469,3416,ALPG,"alkaline phosphatase, germ cell"
2027,-1,-0.0969598507078085,-0.458891239296424,0.264971537880807,0.599537408976725,0,1,0.275694155954728,0.599537408976725,FALSE,0.710952760074244,3417,ENO3,enolase 3
4928,-1,-0.0874317773926734,-0.414276920486748,0.239413365701401,0.600073670830194,0,1,0.274884799464392,0.600073670830194,FALSE,0.711380489819762,3418,NUP98,nucleoporin 98 and 96 precursor
3288,1,0.137090685746328,-0.375729448912578,0.649910820405234,0.600312371355916,0,1,0.274525027009908,0.600312371355916,FALSE,0.711455316974019,3419,,
4770,-1,-0.124742586791009,-0.595726247434164,0.346241073852146,0.603686034900097,0,1,0.269472214831436,0.603686034900097,FALSE,0.715244389887484,3420,,
9799,-1,-0.179089704758329,-0.856269186104633,0.498089776587975,0.604220905449812,0,1,0.268676598959629,0.604220905449812,FALSE,0.715668842117112,3421,,
2210,1,0.086513386902396,-0.242295224727149,0.415321998531941,0.606071344587463,0,1,0.265935578800268,0.606071344587463,FALSE,0.717650814806663,3422,,
4980,-1,-0.0837526120414565,-0.402473175329207,0.234967951246294,0.606528874094338,0,1,0.265260591971938,0.606528874094338,FALSE,0.717854550241867,3423,,
3611,-1,-0.0819797866854958,-0.394068291937576,0.230108718566585,0.606660837822752,0,1,0.265066109376428,0.606660837822752,FALSE,0.717854550241867,3424,ILK,integrin linked kinase
581,0,-0.353867061528682,-1.70142921705944,0.993695094002077,0.606774885137807,7.67963667406576,0.00558474109969569,0.26489810391466,0.606774885137807,FALSE,0.717854550241867,3425,BAX,"BCL2 associated X, apoptosis regulator"
87,0,0.812701023923435,-2.28636355514721,3.91176560299408,0.607264276146425,33.6136806434613,6.72182986545087e-09,0.264177936362176,0.607264276146425,FALSE,0.718055504781661,3426,ACTN1,actinin alpha 1
8367,1,0.0869175895954028,-0.24455655527385,0.418391734464656,0.607299164582121,0,1,0.264126643307724,0.607299164582121,FALSE,0.718055504781661,3427,H4C5,H4 clustered histone 5
6170,1,0.126529286367941,-0.356957760747811,0.610016333483693,0.608003422292955,0,1,0.263092587402965,0.608003422292955,FALSE,0.718678490995057,3428,RPL39,ribosomal protein L39
308,0,-0.343129119199815,-1.65522700205659,0.968968763656962,0.608263498972795,8.32397953423807,0.00391251112159868,0.262711366525045,0.608263498972795,FALSE,0.718776231507076,3429,ANXA5,annexin A5
141,0,-0.611098879938633,-2.95110352305599,1.72890576317872,0.608755868461093,13.8936905176874,0.00019344678060965,0.261990605843844,0.608755868461093,FALSE,0.718899846032308,3430,ADPRH,ADP-ribosylarginine hydrolase
2209,1,0.138713006619864,-0.392919006774201,0.670345020013929,0.609076413123715,0,1,0.261522044250212,0.609076413123715,FALSE,0.718899846032308,3431,FCGR1A,Fc gamma receptor Ia
85,0,-0.471133594353897,-2.27783299253294,1.33556580382514,0.609280720307569,11.4153409733134,0.000728401273101241,0.261223670791638,0.60928072030757,FALSE,0.718899846032308,3432,,
1299,1,0.131632242150391,-0.373297864287365,0.636562348588147,0.609385491706518,0,1,0.261070744287717,0.609385491706518,FALSE,0.718899846032308,3433,COL9A3,collagen type IX alpha 3 chain
7881,-1,-0.07996579441257,-0.386883677647024,0.226952088821884,0.609590544497632,0,1,0.260771608361153,0.609590544497632,FALSE,0.718899846032308,3434,KCNAB1,potassium voltage-gated channel subfamily A regulatory beta subunit 1
3938,1,0.123010707227352,-0.349181396833729,0.595202811288433,0.609638195208331,0,1,0.26070212531849,0.609638195208331,FALSE,0.718899846032308,3435,LCT,lactase
1108,1,0.155917342225778,-0.442759613116666,0.754594297568222,0.609738898716816,0,1,0.260555320443822,0.609738898716816,FALSE,0.718899846032308,3436,CHD4,chromodomain helicase DNA binding protein 4
2499,1,0.092310532821502,-0.262183036826236,0.44680410246924,0.609787455778145,0,1,0.260484552920647,0.609787455778145,FALSE,0.718899846032308,3437,,
2322,-1,-0.220770864659062,-1.0691554668629,0.627613737544777,0.610029333857001,0,1,0.260132217957213,0.610029333857001,FALSE,0.71897047765383,3438,FLT3,fms related receptor tyrosine kinase 3
336,0,-0.355109661225883,-1.72039586261525,1.01017654016349,0.610202239055163,16.0201590725812,6.26716090490019e-05,0.259880537417317,0.610202239055163,FALSE,0.71897047765383,3439,APOA2,apolipoprotein A2
3714,1,0.093695867979997,-0.26723316134818,0.454624897308174,0.610892736734711,0,1,0.258876979364851,0.610892736734711,FALSE,0.719473497827132,3440,JAG2,jagged canonical Notch ligand 2
1997,1,0.0820988231405449,-0.234238024924001,0.398435671205091,0.61098428085468,0,1,0.258744114128247,0.61098428085468,FALSE,0.719473497827132,3441,ELF1,E74 like ETS transcription factor 1
6299,1,0.106790521432187,-0.305080600058189,0.518661642922563,0.611325567202628,0,1,0.258249156446133,0.611325567202628,FALSE,0.719666240065383,3442,SALL1,spalt like transcription factor 1
157,0,-0.449840843612243,-2.18777104455521,1.28808935733072,0.611936321234921,26.9232429256449,2.11697649202356e-07,0.257364885125591,0.611936321234921,FALSE,0.720176001639239,3443,GRK3,G protein-coupled receptor kinase 3
4391,-1,-0.1118494854968,-0.54444218410984,0.32074321311624,0.612322759537827,0,1,0.25680637074727,0.612322759537827,FALSE,0.720421551000951,3444,,
2566,-1,-0.0939468549871578,-0.457499473736857,0.269605763762542,0.612519104965972,0,1,0.256522887280583,0.612519104965972,FALSE,0.720443371065927,3445,GABRG2,gamma-aminobutyric acid type A receptor subunit gamma2
8,0,1.52389834401586,-4.37798600850841,7.42578269654014,0.612805219558418,21.6121397739996,3.33732812969395e-06,0.256110147221759,0.612805219558418,FALSE,0.7205707340832,3446,,
429,0,-0.214243492203918,-1.04480659866268,0.616319614254839,0.613157076198274,5.4379576345426,0.0197036958399634,0.25560314187882,0.613157076198274,FALSE,0.720775303961533,3447,ASCL1,achaete-scute family bHLH transcription factor 1
3549,-1,-0.114385333519483,-0.560274117365739,0.331503450326773,0.615107647724879,0,1,0.252803901274676,0.615107647724879,FALSE,0.722742151598125,3448,IHH,Indian hedgehog signaling molecule
10045,-1,-0.102865612953615,-0.503939047209892,0.298207821302662,0.615186989353883,0,1,0.252690447865608,0.615186989353883,FALSE,0.722742151598125,3449,SH2D3A,SH2 domain containing 3A
2783,-1,-0.110538590785733,-0.541851963942621,0.320774782371155,0.615451699640351,0,1,0.252312159930823,0.615451699640351,FALSE,0.722843561432667,3450,GNB2,G protein subunit beta 2
321036,-1,-0.0692504793456954,-0.339754389170462,0.201253430479071,0.615835303508247,0,1,0.251764595018002,0.615835303508247,FALSE,0.723084511682241,3451,,
7512,1,0.0774353761634341,-0.22555997695004,0.380430729276909,0.616441093610835,0,1,0.250901392028954,0.616441093610834,FALSE,0.723424993377367,3452,XPNPEP2,X-prolyl aminopeptidase 2
7007,1,0.0857056403289408,-0.24968952004061,0.421100800698491,0.616482354919064,0,1,0.250842665380446,0.616482354919064,FALSE,0.723424993377367,3453,TECTA,tectorin alpha
1271,1,0.123464659113006,-0.360064855105038,0.60699417333105,0.616752518306403,0,1,0.250458357974327,0.616752518306403,FALSE,0.723488392631829,3454,CNTFR,ciliary neurotrophic factor receptor
4671,-1,-0.0815729141995365,-0.401168005843854,0.238022177444781,0.616893483845748,0,1,0.250257980752678,0.616893483845748,FALSE,0.723488392631829,3455,NAIP,NLR family apoptosis inhibitory protein
37183,1,0.114985390335701,-0.336370798527593,0.566341579198995,0.617560129434542,0,1,0.249311726477738,0.617560129434542,FALSE,0.724060661015268,3456,,
126,0,-0.405187042880038,-1.99748452125229,1.18711043549222,0.617958328224409,16.5650525114379,4.70093569852632e-05,0.248747580596501,0.617958328224409,FALSE,0.724123255029906,3457,ADH1C,"alcohol dehydrogenase 1C (class I), gamma polypeptide"
4001,-1,-0.129483761436595,-0.638679179813582,0.379711656940392,0.618201427542522,0,1,0.248403563229753,0.618201427542522,FALSE,0.724123255029906,3458,LMNB1,lamin B1
607,0,-0.220846850318705,-1.08941358193398,0.64771988129657,0.618236039630035,7.16688434765223,0.00742616412433126,0.248354606762504,0.618236039630035,FALSE,0.724123255029906,3459,BCL9,BCL9 transcription coactivator
8347,1,0.171112171315749,-0.502030379445639,0.844254722077137,0.618328347088715,0,1,0.248224073525894,0.618328347088715,FALSE,0.724123255029906,3460,H2BC4,H2B clustered histone 4
3855,-1,-0.183701622824661,-0.909008992947364,0.541605747298043,0.61960640332132,0,1,0.246421153848086,0.61960640332132,FALSE,0.72522197168469,3461,KRT7,keratin 7
4353,-1,-0.0843047299078263,-0.41718149449459,0.248572034678937,0.619624498018854,0,1,0.246395686956297,0.619624498018854,FALSE,0.72522197168469,3462,MPO,myeloperoxidase
16428,-1,-0.0773369905611799,-0.382996817641759,0.228322836519399,0.619962639525574,0,1,0.245920080504107,0.619962639525574,FALSE,0.725408205416583,3463,,
3000,-1,-0.103281142399293,-0.511771549037335,0.305209264238749,0.620212112537997,0,1,0.24556955593306,0.620212112537998,FALSE,0.725490612010383,3464,GUCY2D,"guanylate cyclase 2D, retinal"
5106,1,0.169267297671349,-0.500868123232804,0.839402718575502,0.620557172191786,0,1,0.245085239452824,0.620557172191786,FALSE,0.725684750857465,3465,PCK2,"phosphoenolpyruvate carboxykinase 2, mitochondrial"
1199,-1,-0.24994938843834,-1.24025802997303,0.740359253096352,0.620821800640199,0,1,0.244714217266921,0.620821800640199,FALSE,0.725784747892119,3466,,
951,-1,-0.197471104142366,-0.982412762465138,0.587470554180406,0.621958564968091,0,1,0.243124392785501,0.621958564968091,FALSE,0.726903981900982,3467,CD37,CD37 molecule
3527,-1,-0.149057477814881,-0.74395860887783,0.445843653248068,0.62336601373195,0,1,0.241164916708699,0.62336601373195,FALSE,0.728083187107937,3468,,
3344,-1,-0.117003294924188,-0.584029358830855,0.350022768982479,0.623407597964135,0,1,0.241107172064031,0.623407597964135,FALSE,0.728083187107937,3469,FOXN2,forkhead box N2
1873,1,0.136692374344281,-0.40907944381644,0.682464192505002,0.623506579285425,0,1,0.240969759263537,0.623506579285425,FALSE,0.728083187107937,3470,,
1095,1,0.105014185556306,-0.314649367409801,0.524677738522413,0.623815448864304,0,1,0.240541277304366,0.623815448864304,FALSE,0.728233995620328,3471,,
96,0,0.510291725030904,-1.53085908631222,2.55144253637403,0.62413753720008,35.0071628704565,3.28494700791843e-09,0.240094961206713,0.62413753720008,FALSE,0.728400144220831,3472,,
5099,1,0.0959042456047678,-0.288443454378724,0.480251945588259,0.624799622231808,0,1,0.239179126769454,0.624799622231809,FALSE,0.728962876269303,3473,PCDH7,protocadherin 7
2343,0,0.173775440509391,-0.523375022878124,0.870925903896907,0.625159561290201,7.94653491285988,0.004817953680491,0.23868214793791,0.625159561290201,FALSE,0.729172867687938,3474,,
576,0,0.272145218485689,-0.820648741765566,1.36493917873694,0.625477653366087,12.7699355433475,0.000352234973988733,0.238243481300531,0.625477653366087,FALSE,0.729333942860255,3475,ADGRB2,adhesion G protein-coupled receptor B2
2368,-1,-0.0922982689343753,-0.463310028536007,0.278713490667256,0.625840931136607,0,1,0.23774311202191,0.625840931136607,FALSE,0.729384872488598,3476,,
2271,-1,-0.123349490597685,-0.61923599490161,0.37253701370624,0.625881342952334,0,1,0.237687490087641,0.625881342952334,FALSE,0.729384872488598,3477,FH,fumarate hydratase
37760,1,0.122828973591852,-0.371789686039902,0.617447633223606,0.626457385454866,0,1,0.236895513083029,0.626457385454866,FALSE,0.72984626965587,3478,,
177,0,0.301793241437707,-0.915600538346906,1.51918702122232,0.627054232911695,13.9842482671831,0.000184348598955665,0.236076655855631,0.627054232911695,FALSE,0.730331633158433,3479,AGER,advanced glycosylation end-product specific receptor
1804,1,0.120029497375308,-0.367610243079726,0.607669237830342,0.629498399230815,0,1,0.23274157778545,0.629498399230815,FALSE,0.732844409169359,3480,DPP6,dipeptidyl peptidase like 6
491,0,0.132980800239264,-0.407394025201706,0.673355625680234,0.629573392971011,2.05444440501685,0.151762604273191,0.232639711015008,0.629573392971011,FALSE,0.732844409169359,3481,ATP2B2,ATPase plasma membrane Ca2+ transporting 2
6087,1,0.521310425647135,-1.60288721903774,2.64550807033201,0.630512954828117,0,1,0.231365796869687,0.630512954828117,FALSE,0.733727309868906,3482,,
261,0,0.175135998625571,-0.539861604084117,0.89013360133526,0.631166331596346,5.75364727230797,0.0164544601277007,0.230482447351408,0.631166331596346,FALSE,0.734241168375857,3483,,
1309,1,0.121615223403618,-0.375101458874807,0.618331905682043,0.631316937468283,0,1,0.23027912669288,0.631316937468283,FALSE,0.734241168375857,3484,,
25704,1,0.0755956046617555,-0.234087645906956,0.385278855230467,0.632337510378172,0,1,0.228904240730565,0.632337510378172,FALSE,0.735217099584606,3485,,
4899,1,0.0779224718118825,-0.241583636785589,0.397428580409354,0.632647268050277,0,1,0.228487944909373,0.632647268050277,FALSE,0.735366245020001,3486,NRF1,nuclear respiratory factor 1
4898,1,0.077589401533813,-0.241699097921109,0.396877900988735,0.633871105718914,0,1,0.226847728283156,0.633871105718914,FALSE,0.736577493654442,3487,NRDC,nardilysin convertase
166,0,-0.457476862351721,-2.34205954045813,1.42710581575469,0.634234360846889,14.1242224374736,0.00017112594850967,0.226362279949404,0.634234360846889,FALSE,0.736788311396673,3488,TLE5,"TLE family member 5, transcriptional modulator"
161,0,-0.412751159000104,-2.11989998709871,1.29439766909851,0.63558810561485,15.4479471420154,8.48090129083586e-05,0.22455876769251,0.63558810561485,FALSE,0.738149327587095,3489,AP2A2,adaptor related protein complex 2 subunit alpha 2
2679,1,0.0813212320944814,-0.25604046765998,0.418682931848943,0.636605303143811,0,1,0.223209425525707,0.636605303143811,FALSE,0.738965568641966,3490,,
1543,1,0.117224412735081,-0.369154550185448,0.60360337565561,0.636655676241141,0,1,0.223142733412272,0.636655676241141,FALSE,0.738965568641966,3491,CYP1A1,cytochrome P450 family 1 subfamily A member 1
1780,-1,-0.107623973100646,-0.556547015012386,0.341299068811094,0.638442103364636,0,1,0.220785439683658,0.638442103364636,FALSE,0.740826862208907,3492,DYNC1I1,dynein cytoplasmic 1 intermediate chain 1
1967,-1,-0.117467597127418,-0.60880626487043,0.373871070615594,0.639368730943754,0,1,0.21956871709322,0.639368730943754,FALSE,0.741689693038675,3493,EIF2B1,eukaryotic translation initiation factor 2B subunit alpha
1461,1,0.122323889249769,-0.390510726935919,0.635158505435457,0.640141865277864,0,1,0.218556677197093,0.640141865277864,FALSE,0.742323633947486,3494,,
3902,1,0.109623085926115,-0.350156411805115,0.569402583657345,0.640281614177311,0,1,0.218374048607295,0.640281614177311,FALSE,0.742323633947486,3495,LAG3,lymphocyte activating 3
103,0,0.575271878718534,-1.84017700415334,2.99072076159041,0.640648715250294,33.9415760828212,5.67920421148064e-09,0.21789475142603,0.640648715250294,FALSE,0.742463211455085,3496,ADAR,adenosine deaminase RNA specific
5702,-1,-0.473468681828414,-2.46217980686768,1.51524244321085,0.640768472472466,0,1,0.217738531851213,0.640768472472466,FALSE,0.742463211455085,3497,PSMC3,"proteasome 26S subunit, ATPase 3"
1984,1,0.0888627254088237,-0.286140673541377,0.463866124359024,0.642330316431118,0,1,0.21570739375785,0.642330316431118,FALSE,0.744060160714377,3498,EIF5A,eukaryotic translation initiation factor 5A
64,0,-1.32126134716421,-6.9028113369688,4.26028864264039,0.642675284608218,52.5721438540275,4.14730108700086e-13,0.215260331504892,0.642675284608218,FALSE,0.744191948121652,3499,,
540,0,-0.167229054868654,-0.87396258091111,0.539504471173803,0.64281140632423,9.4147605943275,0.0021524566360106,0.215084079333815,0.64281140632423,FALSE,0.744191948121652,3500,ATP7B,ATPase copper transporting beta
91,0,0.348458825133883,-1.13143414423574,1.8283517945035,0.644441791323367,7.43567611207033,0.00639433361237367,0.212979843792225,0.644441791323367,FALSE,0.745539845940855,3501,ACVR1B,activin A receptor type 1B
2416,-1,-0.103778167923424,-0.544611996208512,0.337055660361664,0.644510442293681,0,1,0.212891515623608,0.644510442293681,FALSE,0.745539845940855,3502,,
115,0,0.430621728008588,-1.39868885692844,2.25993231294562,0.644527660496252,21.3560811288206,3.81409011434447e-06,0.212869365710463,0.644527660496252,FALSE,0.745539845940855,3503,ADCY9,adenylate cyclase 9
6091,1,0.0924366785401501,-0.300527233486612,0.485400590566912,0.64476903323527,0,1,0.212559005066459,0.64476903323527,FALSE,0.745606199391927,3504,ROBO1,roundabout guidance receptor 1
753,0,-0.118440447721351,-0.623969551728048,0.387088656285346,0.646090483410057,4.45226916369712,0.0348549032372402,0.210864725906381,0.646090483410057,FALSE,0.746921152290314,3505,LDLRAD4,low density lipoprotein receptor class A domain containing 4
1472,-1,-0.0974477608806234,-0.516225850967568,0.321330329206321,0.648336245608229,0,1,0.20800415353721,0.648336245608229,FALSE,0.749303613007571,3506,CST4,cystatin S
9,0,1.32232693381013,-4.3697849813323,7.01443884895256,0.64888147006273,26.1880583782657,3.09731995018254e-07,0.207313225758595,0.64888147006273,FALSE,0.749719907811286,3507,NAT1,N-acetyltransferase 1
18142,-1,-0.0780352627994598,-0.414220667624096,0.258150142025177,0.649147875453046,0,1,0.20697613201902,0.649147875453046,FALSE,0.749734878587621,3508,,
10583,-1,-0.135120092570425,-0.717441341770819,0.447201156629969,0.649264483949645,0,1,0.206828686634058,0.649264483949645,FALSE,0.749734878587621,3509,,
2385,-1,-0.0985190703919783,-0.523621282432402,0.326583141648446,0.649663881782112,0,1,0.206324149175889,0.649663881782112,FALSE,0.749855425272449,3510,,
1995,1,0.108776707286946,-0.36085713363098,0.578410548204872,0.649852329293707,0,1,0.20608635178715,0.649852329293707,FALSE,0.749855425272449,3511,ELAVL3,ELAV like RNA binding protein 3
97,0,-0.32375552987615,-1.72184835382441,1.07433729407211,0.649924050729724,7.6863337120677,0.00556405450240158,0.205995891675058,0.649924050729724,FALSE,0.749855425272449,3512,ACYP1,acylphosphatase 1
9044,1,0.0799288893331388,-0.266293192791585,0.426150971457863,0.650924938846898,0,1,0.204735998446207,0.650924938846898,FALSE,0.750706567394528,3513,BTAF1,B-TFIID TATA-box binding protein associated factor 1
4115,1,0.0960438013889799,-0.320436341117377,0.512523943895337,0.651280455441991,0,1,0.204289603389683,0.651280455441991,FALSE,0.750706567394528,3514,MAGEB4,MAGE family member B4
1937,1,0.101408524959344,-0.33846543955479,0.541282489473478,0.651377037210969,0,1,0.204168434374598,0.651377037210969,FALSE,0.750706567394528,3515,EEF1G,eukaryotic translation elongation factor 1 gamma
5789,-1,-0.0931606576761134,-0.497290346419918,0.310969031067691,0.651402835873435,0,1,0.204136075358078,0.651402835873435,FALSE,0.750706567394528,3516,PTPRD,protein tyrosine phosphatase receptor type D
31,0,-0.848192211440885,-4.54313626319953,2.84675184031776,0.652768719462193,25.3367105960068,4.81457944987607e-07,0.202427265725987,0.652768719462193,FALSE,0.752066776019564,3517,ACACA,acetyl-CoA carboxylase alpha
2708,-1,-0.091832023154145,-0.492528998824075,0.308864952515785,0.653297510585521,0,1,0.201768031871983,0.653297510585521,FALSE,0.752451790486427,3518,,
4290,1,0.0859566846475942,-0.289308766435488,0.461222135730676,0.653474296821752,0,1,0.201547924016223,0.653474296821752,FALSE,0.752451790486427,3519,,
3445,1,0.0995250269607331,-0.336952618148549,0.536002672070015,0.654941294015389,0,1,0.199727000020904,0.654941294015389,FALSE,0.753629709061262,3520,IFNA8,interferon alpha 8
3136,-1,-0.105736110322197,-0.569701046332207,0.358228825687813,0.655113734541119,0,1,0.199513607787383,0.655113734541119,FALSE,0.753629709061262,3521,,
1079,-1,-0.142243526821922,-0.76674201486536,0.482254961221516,0.655289754649752,0,1,0.199295926967756,0.655289754649752,FALSE,0.753629709061262,3522,,
1392,1,0.126157166226514,-0.427803012551289,0.680117345004317,0.655340042111961,0,1,0.199233763561115,0.655340042111961,FALSE,0.753629709061262,3523,CRH,corticotropin releasing hormone
7175,1,0.0792503833027009,-0.268834729818029,0.427335496423431,0.655427219825244,0,1,0.199126025410539,0.655427219825244,FALSE,0.753629709061262,3524,TPR,"translocated promoter region, nuclear basket protein"
4,0,0.573674769582337,-1.95054123989529,3.09789077905997,0.656003211154332,17.2504423286661,3.27621268641783e-05,0.198415067039355,0.656003211154332,FALSE,0.754078017474426,3525,,
2326,1,0.0948951972416808,-0.323945666569095,0.513736061052456,0.656998005556385,0,1,0.197190757118329,0.656998005556385,FALSE,0.755007350684762,3526,FMO1,flavin containing dimethylaniline monoxygenase 1
19713,-1,-0.0817665242270486,-0.442954831251448,0.279421782797351,0.657259113497009,0,1,0.19687015877323,0.657259113497009,FALSE,0.755093259963108,3527,,
2716,1,0.0731067436611828,-0.251901711373601,0.398115198695967,0.659306874868805,0,1,0.194366647274591,0.659306874868805,FALSE,0.757231138596485,3528,,
12,0,0.993797779305343,-3.42895445421503,5.41655001282572,0.659642877828122,44.4733569035864,2.57842374655147e-11,0.193957690831711,0.659642877828122,FALSE,0.75740236354762,3529,SERPINA3,serpin family A member 3
8627,-1,-0.120603410619761,-0.65797218624238,0.416765365002858,0.660023261505391,0,1,0.193495338098899,0.660023261505391,FALSE,0.757426907480648,3530,,
10154,-1,-0.097445244700621,-0.531649149750724,0.336758660349481,0.660038107185135,0,1,0.193477306668589,0.660038107185135,FALSE,0.757426907480648,3531,PLXNC1,plexin C1
3033,-1,-0.0690560294379941,-0.377569381594588,0.2394573227186,0.660873000632318,0,1,0.192464865445543,0.660873000632318,FALSE,0.758159271082964,3532,HADH,hydroxyacyl-CoA dehydrogenase
1747,-1,-0.179963925121542,-0.984416357491971,0.624488507248887,0.661050519431419,0,1,0.192250003927069,0.661050519431419,FALSE,0.758159271082964,3533,DLX3,distal-less homeobox 3
5,0,1.22522199946667,-4.25536672130812,6.70581072024145,0.661268154910059,41.4192426980645,1.22842202810975e-10,0.191986782007709,0.661268154910059,FALSE,0.758175989756892,3534,,
2468,-1,-0.0859504183841159,-0.470786607247125,0.298885770478893,0.661571885144108,0,1,0.191619790952665,0.661571885144108,FALSE,0.758175989756892,3535,,
1303,1,0.152825364559715,-0.531555724002642,0.837206453122072,0.661626431337702,0,1,0.191553928211896,0.661626431337702,FALSE,0.758175989756892,3536,COL12A1,collagen type XII alpha 1 chain
947,-1,-0.0757022740962274,-0.415433736752177,0.264029188559722,0.662301172594755,0,1,0.190740315226508,0.662301172594755,FALSE,0.758734620117033,3537,CD34,CD34 molecule
2487,-1,-0.0916571137263576,-0.505573483788077,0.322259256335361,0.664279779252473,0,1,0.188366353707732,0.664279779252473,FALSE,0.760786225418604,3538,FRZB,frizzled related protein
10389,1,0.078043775377697,-0.275157338147579,0.431244888902973,0.664959427145283,0,1,0.187554977537597,0.664959427145283,FALSE,0.761349420399177,3539,SCML2,Scm polycomb group protein like 2
11425,-1,-0.0984286831972366,-0.544321669475612,0.347464303081138,0.665267309781699,0,1,0.187188105932085,0.665267309781699,FALSE,0.761486762495889,3540,,
3131,-1,-0.108269155224011,-0.599067077865194,0.382528767417172,0.665476446495298,0,1,0.18693914270302,0.665476446495298,FALSE,0.761511031120855,3541,HLF,"HLF transcription factor, PAR bZIP family member"
1949,-1,-0.081485384739347,-0.452724907137221,0.289754137658527,0.667047856281428,0,1,0.185074767456398,0.667047856281428,FALSE,0.762713589922039,3542,EFNB3,ephrin B3
3577,1,0.074567575722052,-0.265355534947063,0.414490686391167,0.667232395155207,0,1,0.184856550691365,0.667232395155207,FALSE,0.762713589922039,3543,CXCR1,C-X-C motif chemokine receptor 1
3008,-1,-0.0770033489738834,-0.42804345230435,0.274036754356583,0.667244242885573,0,1,0.184842545989683,0.667244242885573,FALSE,0.762713589922039,3544,H1-4,"H1.4 linker histone, cluster member"
719,0,0.172377710870454,-0.613948072727128,0.958703494468037,0.667441717999827,2.12034147767138,0.145354132739996,0.184609211536889,0.667441717999827,FALSE,0.762713589922039,3545,C3AR1,complement C3a receptor 1
8294,-1,-0.0707914349764922,-0.393744449662375,0.252161579709391,0.667468506876493,0,1,0.184577571538203,0.667468506876493,FALSE,0.762713589922039,3546,H4C9,H4 clustered histone 9
23856,-1,-0.0872213269899197,-0.485681098469799,0.31123844448996,0.667902371885318,0,1,0.184065586282255,0.667902371885318,FALSE,0.762844843110079,3547,,
4139,1,0.0998793527299538,-0.356819684192331,0.556578389652238,0.668184499745993,0,1,0.18373311113171,0.668184499745993,FALSE,0.762844843110079,3548,MARK1,microtubule affinity regulating kinase 1
71,0,0.413548756316418,-1.47880030479345,2.30589781742628,0.668414421357135,19.7313726631825,8.91261561566159e-06,0.183462421799929,0.668414421357135,FALSE,0.762844843110079,3549,ACTG1,actin gamma 1
1494,-1,-0.074935167569674,-0.417903414288702,0.268033079149354,0.668481687222532,0,1,0.183383273581002,0.668481687222532,FALSE,0.762844843110079,3550,,
3340,-1,-0.091526632403988,-0.510522653939733,0.327469389131757,0.668549289213738,0,1,0.183303750219404,0.668549289213738,FALSE,0.762844843110079,3551,NDST1,N-deacetylase and N-sulfotransferase 1
5675,1,0.118302552954607,-0.423554365313232,0.660159471222446,0.668712952301827,0,1,0.183111310228183,0.668712952301827,FALSE,0.762844843110079,3552,PSG6,pregnancy specific beta-1-glycoprotein 6
3766,-1,-0.0760182384051122,-0.425308226603443,0.273271749793219,0.669700104276489,0,1,0.181953121154161,0.669700104276489,FALSE,0.763523572912334,3553,KCNJ10,potassium inwardly rectifying channel subfamily J member 10
2246,1,0.0885941393497654,-0.318630050000571,0.495818328700102,0.669814741101207,0,1,0.181818903460903,0.669814741101207,FALSE,0.763523572912334,3554,FGF1,fibroblast growth factor 1
316,0,-0.134341936858822,-0.751962779889804,0.48327890617216,0.669873223520075,4.52962475593282,0.0333129215031327,0.181750454329858,0.669873223520075,FALSE,0.763523572912334,3555,AOX1,aldehyde oxidase 1
8742,1,0.0904797066648856,-0.326443890625569,0.50740330395534,0.670584146770494,0,1,0.18091959103237,0.670584146770494,FALSE,0.7641189433954,3556,TNFSF12,TNF superfamily member 12
12714,0,-0.147429575860338,-0.828867664053345,0.534008512332669,0.671537014212142,6.60218532716483,0.0101853681508627,0.179809488529796,0.671537014212142,FALSE,0.764989592799437,3557,,
4149,-1,-0.0642208826387682,-0.361428764869447,0.23298699959191,0.671922941915643,0,1,0.179361024540012,0.671922941915643,FALSE,0.765154654609125,3558,MAX,MYC associated factor X
1463,-1,-0.109129408528348,-0.614467679666773,0.396208862610077,0.672105237508209,0,1,0.179149419130321,0.672105237508209,FALSE,0.765154654609125,3559,NCAN,neurocan
3157,1,0.0861194522996901,-0.312853139800075,0.485092044399455,0.67224841323013,0,1,0.178983326604443,0.67224841323013,FALSE,0.765154654609125,3560,HMGCS1,3-hydroxy-3-methylglutaryl-CoA synthase 1
8625,1,0.0824886606095417,-0.300221896034294,0.465199217253377,0.672699012006777,0,1,0.178461197161567,0.672699012006777,FALSE,0.765452512398613,3561,RFXANK,regulatory factor X associated ankyrin containing protein
1127,-1,-0.131599814031742,-0.742885127260969,0.479685499197485,0.673062638237341,0,1,0.178040501980657,0.673062638237341,FALSE,0.765651266181276,3562,,
269,0,0.246951267359097,-0.901372006570367,1.39527454128856,0.673391708685683,9.37439669533099,0.00220037112722544,0.177660289920799,0.673391708685682,FALSE,0.765810610046137,3563,AMHR2,anti-Mullerian hormone receptor type 2
4758,-1,-0.0823736700652034,-0.467671769593801,0.302924429463394,0.67519806944794,0,1,0.175581712340197,0.67519806944794,FALSE,0.767649432492439,3564,NEU1,neuraminidase 1
1408,-1,-0.0998904227340002,-0.570988039880694,0.371207194412694,0.677712884894565,0,1,0.172711823326993,0.677712884894565,FALSE,0.77008409997736,3565,CRY2,cryptochrome circadian regulator 2
1659,1,0.111839542919376,-0.415894468397157,0.63957355423591,0.677875780499979,0,1,0.172526884608183,0.677875780499979,FALSE,0.77008409997736,3566,DHX8,DEAH-box helicase 8
2776,1,0.0881050547821869,-0.327680062903944,0.503890172468318,0.677909670439103,0,1,0.172488423263169,0.677909670439103,FALSE,0.77008409997736,3567,GNAQ,G protein subunit alpha q
7700,1,0.110441630539695,-0.411731968922709,0.632615230002099,0.678478995568148,0,1,0.171843053293985,0.678478995568148,FALSE,0.770403995987864,3568,ZNF141,zinc finger protein 141
28652,-1,-0.170193633303654,-0.975123121202148,0.63473585459484,0.678571535459202,0,1,0.171738286761717,0.678571535459202,FALSE,0.770403995987864,3569,,
4864,-1,-0.134384983849423,-0.773520282046139,0.504750314347293,0.680263752586654,0,1,0.169829081995162,0.680263752586654,FALSE,0.771868109233976,3570,NPC1,NPC intracellular cholesterol transporter 1
4396,1,0.0598783445322414,-0.22514133500638,0.344898024070863,0.680516125624699,0,1,0.16954541776762,0.680516125624699,FALSE,0.771868109233976,3571,,
2255,-1,-0.0651745059545768,-0.375600825508574,0.24525181359942,0.680707703304199,0,1,0.169330271910301,0.680707703304199,FALSE,0.771868109233976,3572,FGF10,fibroblast growth factor 10
6971,-1,-0.127080979912625,-0.732370598514684,0.478208638689434,0.680709010746495,0,1,0.169328804173214,0.680709010746495,FALSE,0.771868109233976,3573,,
3271,1,0.0763830167194483,-0.287720909278005,0.440486942716901,0.6809491923013,0,1,0.169059302096316,0.6809491923013,FALSE,0.771868109233976,3574,,
1560,1,0.103076869037307,-0.388560823632843,0.594714561707457,0.681126438293551,0,1,0.168860579434196,0.681126438293551,FALSE,0.771868109233976,3575,,
33,0,-0.839097232283288,-4.84217875030114,3.16398428573456,0.68119456037036,29.9654276401584,4.39818539010237e-08,0.168784239430218,0.68119456037036,FALSE,0.771868109233976,3576,ACADL,acyl-CoA dehydrogenase long chain
164,0,-0.396261443995775,-2.30020223940168,1.50767935141013,0.683331395003347,7.92978407422337,0.00486275996455886,0.16639985311523,0.683331395003348,FALSE,0.774072913769517,3577,AP1G1,adaptor related protein complex 1 subunit gamma 1
1288,-1,-0.125182907262753,-0.727501501797864,0.477135687272358,0.683751541643528,0,1,0.16593336003615,0.683751541643528,FALSE,0.774239285891277,3578,COL4A6,collagen type IV alpha 6 chain
4554,-1,-0.101242353664342,-0.588548129042077,0.386063421713393,0.683860415647799,0,1,0.165812600675155,0.683860415647798,FALSE,0.774239285891277,3579,,
1788,-1,-0.152446797721237,-0.888794199909972,0.583900604467498,0.68490906098809,0,1,0.164652100778601,0.68490906098809,FALSE,0.775209920425625,3580,DNMT3A,DNA methyltransferase 3 alpha
7874,-1,-0.0731123347086048,-0.42654723786289,0.28032256844568,0.685152251050403,0,1,0.164383648641528,0.685152251050403,FALSE,0.775268618055357,3581,USP7,ubiquitin specific peptidase 7
10334,-1,-0.0674524232411672,-0.394567221293012,0.259662374810678,0.68610045302192,0,1,0.163339383617226,0.68610045302192,FALSE,0.775985040265509,3582,,
7270,-1,-0.0951666952379785,-0.556789170337263,0.366455779861306,0.686168410481569,0,1,0.163264690006413,0.686168410481569,FALSE,0.775985040265509,3583,TTF1,transcription termination factor 1
4080,-1,-0.120202353829424,-0.703823949327162,0.463419241668314,0.686453191659334,0,1,0.162951896522186,0.686453191659334,FALSE,0.776090494588063,3584,,
2413,-1,-0.112323946685908,-0.658056009356828,0.433408115985012,0.686650514804877,0,1,0.162735368368116,0.686650514804877,FALSE,0.776097039327577,3585,,
6536,-1,-0.0620695169672068,-0.364162232269066,0.240023198334653,0.687165813238741,0,1,0.162170706162648,0.687165813238741,FALSE,0.776097143893224,3586,SLC6A9,solute carrier family 6 member 9
10043,-1,-0.077893583266742,-0.457044398692433,0.301257232158949,0.68719884804657,0,1,0.162134545639369,0.68719884804657,FALSE,0.776097143893224,3587,TOM1,target of myb1 membrane trafficking protein
1413,-1,-0.0952054801295358,-0.558664037979473,0.368253077720401,0.68722521033783,0,1,0.162105692340046,0.68722521033783,FALSE,0.776097143893224,3588,CRYBA4,crystallin beta A4
8375,1,0.0755545593391513,-0.292482657370942,0.443591776049245,0.687417582682659,0,1,0.161895232794622,0.687417582682659,FALSE,0.77609809000561,3589,,
928,0,-0.108786308777452,-0.64230489933137,0.424732281776465,0.689419097787115,3.26417723821174,0.0708085345950583,0.159714942629227,0.689419097787116,FALSE,0.778140998393702,3590,CD9,CD9 molecule
1583,0,-0.175611370481663,-1.03782959573415,0.686606854770824,0.689750589279963,11.9736760156825,0.000539573908908041,0.159355497034633,0.689750589279963,FALSE,0.77829835359577,3591,CYP11A1,cytochrome P450 family 11 subfamily A member 1
6440,1,0.0962808301370451,-0.376818006011805,0.569379666285895,0.689985838578131,0,1,0.159100694335544,0.689985838578131,FALSE,0.778347053986243,3592,SFTPC,surfactant protein C
5328,1,0.0956123111205994,-0.377381989660619,0.568606611901818,0.691963192533136,0,1,0.156968315731553,0.691963192533136,FALSE,0.780341545556694,3593,PLAU,"plasminogen activator, urokinase"
171,0,0.384622643694961,-1.52024488995947,2.28949017734939,0.692291323818363,16.2083092180896,5.67446740358692e-05,0.156616069215745,0.692291323818364,FALSE,0.780341545556694,3594,,
946,1,0.0925581160125211,-0.365905026309786,0.551021258334828,0.692331652585468,0,1,0.156572808161783,0.692331652585468,FALSE,0.780341545556694,3595,SIGLEC6,sialic acid binding Ig like lectin 6
4700,-1,-0.100039950734245,-0.596107764471899,0.396027863003409,0.692652598542027,0,1,0.156228772675104,0.692652598542027,FALSE,0.780486187233674,3596,NDUFA6,NADH:ubiquinone oxidoreductase subunit A6
53392,1,0.111614367590951,-0.443471503709975,0.666700238891877,0.693506148658482,0,1,0.155315944203716,0.693506148658482,FALSE,0.781230724037856,3597,,
1936,-1,-0.0812946638987143,-0.486373336438449,0.323784008641021,0.694066613136966,0,1,0.154718236124292,0.694066613136966,FALSE,0.78164477944163,3598,EEF1D,eukaryotic translation elongation factor 1 delta
12586,-1,-0.0606100461971712,-0.36282645698868,0.241606364594338,0.69426459652421,0,1,0.154507414496182,0.69426459652421,FALSE,0.781648389805694,3599,,
88617,1,0.108648150993001,-0.433454614725119,0.650750916711121,0.694455627665473,0,1,0.154304153218821,0.694455627665473,FALSE,0.781648389805694,3600,,
3162,1,0.0953909713950191,-0.382170030106151,0.572951972896189,0.695431191731259,0,1,0.153268538497481,0.695431191731259,FALSE,0.782327099088272,3601,HMOX1,heme oxygenase 1
37846,1,0.0649320713748982,-0.260332464381901,0.390196607131697,0.695601610534614,0,1,0.153088042208652,0.695601610534614,FALSE,0.782327099088272,3602,,
4183,-1,-0.0806945018431055,-0.48496850788994,0.323579504203729,0.695637842550603,0,1,0.153049683467894,0.695637842550603,FALSE,0.782327099088272,3603,,
100653,-1,-0.060435269139517,-0.363755682524304,0.24288514424527,0.696156302683443,0,1,0.152501397907034,0.696156302683443,FALSE,0.782692935203471,3604,,
8736,-1,-0.0595254338689104,-0.359087232369954,0.240036364632133,0.69693498503242,0,1,0.151680049782209,0.69693498503242,FALSE,0.783351056685538,3605,MYOM1,myomesin 1
14091,-1,-0.0849626429204504,-0.513761505939736,0.343836220098835,0.697757589635176,0,1,0.15081514595483,0.697757589635176,FALSE,0.783906229645211,3606,,
4843,-1,-0.0714155153033348,-0.43191630992788,0.289085279321211,0.697815836705399,0,1,0.150754011655904,0.697815836705399,FALSE,0.783906229645211,3607,NOS2,nitric oxide synthase 2
2799,1,0.058961977568743,-0.239140581811697,0.357064536949183,0.698265390620264,0,1,0.150282653625145,0.698265390620264,FALSE,0.784193836694377,3608,GNS,glucosamine (N-acetyl)-6-sulfatase
5945,1,0.0747992721652304,-0.304642719753449,0.45424126408391,0.699224856336387,0,1,0.149279490095954,0.699224856336387,FALSE,0.785053787164045,3609,,
8161,-1,-0.075141134377503,-0.456954752108952,0.306672483353946,0.699702558267689,0,1,0.148781471141443,0.699702558267689,FALSE,0.78535293725256,3610,COIL,coilin
28426,1,0.0641388694607156,-0.261983434278892,0.390261173200323,0.699890342606304,0,1,0.148585961922796,0.699890342606304,FALSE,0.78535293725256,3611,,
67026,1,0.111282320439498,-0.454983491304644,0.67754813218364,0.700110503622912,0,1,0.148356932142691,0.700110503622912,FALSE,0.78535293725256,3612,,
4529,1,0.0754530530029972,-0.308703793109099,0.459609899115094,0.700266575097112,0,1,0.148194696493231,0.700266575097112,FALSE,0.78535293725256,3613,,
1550,1,0.171950592973541,-0.705789834454617,1.0496910204017,0.701008301726192,0,1,0.147425067107802,0.701008301726192,FALSE,0.785967249196052,3614,,
1274,1,0.070847346076038,-0.291351839860619,0.433046532012694,0.701441463182819,0,1,0.146976673871974,0.701441463182819,FALSE,0.786235355136039,3615,,
2614,-1,-0.204315253696361,-1.25035474706187,0.841724239669146,0.701849190743076,0,1,0.14655532441497,0.701849190743076,FALSE,0.786474812193292,3616,,
4944,-1,-0.127186638902319,-0.780101221482799,0.525727943678161,0.702611486669168,0,1,0.14576942014744,0.702611486669168,FALSE,0.787053516982291,3617,,
415,0,-0.25506732345785,-1.56511904438006,1.05498439746436,0.702754102774415,10.0492255558138,0.00152412000783424,0.14562265604101,0.702754102774415,FALSE,0.787053516982291,3618,ARSL,arylsulfatase L
2890,1,0.0993220934281339,-0.41152816803442,0.610172354890688,0.703154187960761,0,1,0.145211386247972,0.703154187960762,FALSE,0.787283992709866,3619,GRIA1,glutamate ionotropic receptor AMPA type subunit 1
172,0,0.230029875020732,-0.956726116096582,1.41678586613804,0.704018603110516,7.06802589638757,0.00784716694918446,0.144325078795841,0.704018603110516,FALSE,0.788034082818732,3620,,
3174,1,0.0771655508160471,-0.321272067027897,0.475603168659991,0.704252086089623,0,1,0.144086215120104,0.704252086089623,FALSE,0.788077727930171,3621,HNF4G,hepatocyte nuclear factor 4 gamma
4825,-1,-0.0695637478708197,-0.429298213313311,0.290170717571672,0.70468150991544,0,1,0.143647485870237,0.70468150991544,FALSE,0.788340551677902,3622,NKX6-1,NK6 homeobox 1
3455,1,0.0922980115991266,-0.385586856212347,0.5701828794106,0.705026002312947,0,1,0.143296081436155,0.705026002312947,FALSE,0.788508242167282,3623,IFNAR2,interferon alpha and beta receptor subunit 2
3532,1,0.0684035848847586,-0.28760718774569,0.424414357515207,0.706481523208351,0,1,0.141816782608983,0.706481523208351,FALSE,0.789777012591206,3624,,
3278,-1,-0.0954843163184896,-0.592560537874029,0.40159190523705,0.706550264225844,0,1,0.141747135365205,0.706550264225844,FALSE,0.789777012591206,3625,,
1810,1,0.15169908284602,-0.640456220165348,0.943854385857388,0.707410280315081,0,1,0.140877431352661,0.707410280315081,FALSE,0.790311693970006,3626,DR1,down-regulator of transcription 1
725,0,-0.110265099225064,-0.686074207483676,0.465544009033549,0.707418685594574,4.77912024109333,0.0288068340434864,0.140868946457307,0.707418685594574,FALSE,0.790311693970006,3627,C4BPB,complement component 4 binding protein beta
9019,-1,-0.0692465175607097,-0.431637272262926,0.293144237141506,0.708021389825122,0,1,0.140261292953649,0.708021389825122,FALSE,0.790639464652881,3628,MPZL1,myelin protein zero like 1
51,0,-0.486737220703139,-3.03474012296448,2.06126568155821,0.708102324093115,24.1315491244335,8.99740950797984e-07,0.140179808133393,0.708102324093115,FALSE,0.790639464652881,3629,ACOX1,acyl-CoA oxidase 1
1280,1,0.121431185540689,-0.514861180283104,0.757723551364482,0.70837227245841,0,1,0.139908218602366,0.70837227245841,FALSE,0.790722988430159,3630,COL2A1,collagen type II alpha 1 chain
36055,1,0.112067559808644,-0.476422671986687,0.700557791603976,0.708969465082557,0,1,0.139308461580212,0.708969465082557,FALSE,0.79117165312986,3631,,
276,0,-0.331154649044233,-2.07277156421267,1.41046226612421,0.709392866244352,38.007555098508,7.04712164252071e-10,0.138884131322523,0.709392866244352,FALSE,0.791426182274811,3632,AMY1A,amylase alpha 1A
3251,-1,-0.0934860901460985,-0.586685699144404,0.399713518852207,0.710256526887128,0,1,0.138020859719804,0.710256526887128,FALSE,0.792171606646475,3633,HPRT1,hypoxanthine phosphoribosyltransferase 1
2089,1,0.0739607685163809,-0.316868514998082,0.464790052030844,0.710708467854362,0,1,0.137570342809182,0.710708467854362,FALSE,0.792457543133152,3634,,
30,0,0.536162927020057,-2.30129375394869,3.37361960798881,0.711119637432509,10.5490714577553,0.00116246471232964,0.137161196501621,0.711119637432509,FALSE,0.79269787369368,3635,ACAA1,acetyl-CoA acyltransferase 1
14181,1,0.0917101581852889,-0.395111930871535,0.578532247242113,0.711957387889412,0,1,0.136329711530829,0.711957387889412,FALSE,0.793413458671039,3636,,
2969,1,0.148387366537562,-0.641083819064076,0.9378585521392,0.712581882348518,0,1,0.135711755891386,0.712581882348518,FALSE,0.793891060565355,3637,GTF2I,general transcription factor IIi
119,0,0.244221551871351,-1.05711834884155,1.54556145258425,0.713003671020807,15.892129811329,6.70569857291319e-05,0.13529528542346,0.713003671020807,FALSE,0.794142626436589,3638,ADD2,adducin 2
4704,-1,-0.124795314290801,-0.79047983053257,0.540889201950968,0.713296213914525,0,1,0.135006857802046,0.713296213914525,FALSE,0.794250139813591,3639,NDUFA9,NADH:ubiquinone oxidoreductase subunit A9
17228,1,0.0552630013348314,-0.240375951689136,0.350901954358799,0.714088373826779,0,1,0.134227594230812,0.714088373826779,FALSE,0.794913761193986,3640,,
7092,1,0.0569213278693022,-0.24845712335489,0.362299779093495,0.714865470719585,0,1,0.13346563323292,0.714865470719586,FALSE,0.795560254698094,3641,TLL1,tolloid like 1
3608,-1,-0.0865106663724638,-0.552221687409575,0.379200354664648,0.715795510352845,0,1,0.132556938570903,0.715795510352845,FALSE,0.796376553528206,3642,ILF2,interleukin enhancer binding factor 2
9309,-1,-0.0770449785067618,-0.492205001227344,0.33811504421382,0.716061027575039,0,1,0.132298160171999,0.716061027575039,FALSE,0.796453275798534,3643,,
3117,1,0.0643760182101089,-0.283200365742305,0.411952402162523,0.71659532087924,0,1,0.131778294650496,0.71659532087924,FALSE,0.796623686069256,3644,HLA-DQA1,"major histocompatibility complex, class II, DQ alpha 1"
26117,-1,-0.342416578776994,-2.19126087782924,1.50642772027526,0.716607437246406,0,1,0.131766518899515,0.716607437246406,FALSE,0.796623686069256,3645,,
4941,1,0.0769232274233767,-0.339067923104888,0.492914377951641,0.71703237210434,0,1,0.13135390641245,0.71703237210434,FALSE,0.796877447001312,3646,,
9018,1,0.0823440766762046,-0.363563360627807,0.528251513980216,0.717397392763779,0,1,0.131000055103571,0.717397392763779,FALSE,0.797057063152988,3647,,
1664,-1,-0.0694446322525352,-0.445763699733688,0.306874435228617,0.717587405326283,0,1,0.130816070389418,0.717587405326283,FALSE,0.797057063152988,3648,,
3212,-1,-0.0707304786683936,-0.454876900444262,0.313415943107475,0.71819221036668,0,1,0.130231424800178,0.71819221036668,FALSE,0.797510231955546,3649,HOXB2,homeobox B2
2283,-1,-0.139567460110171,-0.898616306252987,0.619481386032645,0.718561826385628,0,1,0.129874857336821,0.718561826385627,FALSE,0.797702060414949,3650,,
2354,-1,-0.0861377551306851,-0.555419984558324,0.383144474296953,0.719029928632138,0,1,0.129424072946693,0.719029928632138,FALSE,0.797935126648504,3651,FOSB,"FosB proto-oncogene, AP-1 transcription factor subunit"
10111,-1,-0.0849218064783066,-0.547812929720401,0.377969316763788,0.719165617601267,0,1,0.129293569375006,0.719165617601267,FALSE,0.797935126648504,3652,RAD50,RAD50 double strand break repair protein
1661,0,0.0839190443237103,-0.37413505453338,0.5419731431808,0.719534853136509,2.3119819934838,0.128380259828346,0.128938820605066,0.719534853136509,FALSE,0.797940381589539,3653,,
12883,-1,-0.057589537973791,-0.372035033749337,0.256855957801755,0.719624858090651,0,1,0.128852430349038,0.719624858090651,FALSE,0.797940381589539,3654,,
12214,1,0.0893282481110161,-0.39866187704239,0.577318373264423,0.719761129000436,0,1,0.128721694422793,0.719761129000436,FALSE,0.797940381589539,3655,,
17332,-1,-0.0672490520459981,-0.4359981042748,0.301500000182804,0.720762316901041,0,1,0.127763467546767,0.720762316901041,FALSE,0.798831758228396,3656,,
3851,1,0.0614520189147499,-0.278821958871101,0.401725996700601,0.723368052860552,0,1,0.125288444442991,0.723368052860552,FALSE,0.801500505931353,3657,KRT4,keratin 4
290,0,-0.230103110247157,-1.50909535510834,1.04888913461402,0.724375942607081,11.9013077517376,0.000560945478016347,0.124338418075756,0.724375942607081,FALSE,0.802397845665361,3658,ANPEP,"alanyl aminopeptidase, membrane"
186,0,-0.261718224865302,-1.7206663182158,1.1972298684852,0.725142303431174,3.97550815321272,0.0461665215441773,0.123618774090919,0.725142303431174,FALSE,0.803027224242447,3659,AGTR2,angiotensin II receptor type 2
4070,-1,-0.0759625068926813,-0.499789453237751,0.347864439452389,0.725375026988725,0,1,0.123400701725571,0.725375026988725,FALSE,0.803065467037791,3660,TACSTD2,tumor associated calcium signal transducer 2
3432,-1,-0.0728644186280869,-0.480514199281493,0.334785362025319,0.726091626528391,0,1,0.122730573688512,0.726091626528391,FALSE,0.80363924356543,3661,,
6137,-1,-0.060961950096329,-0.403390818891792,0.281466918699134,0.727142911472472,0,1,0.12175116958488,0.727142911472472,FALSE,0.80457158775074,3662,RPL13,ribosomal protein L13
358,0,0.110896874821451,-0.512468907192933,0.734262656835834,0.727331126833899,4.94445220955484,0.0261745319742472,0.121576287841536,0.727331126833899,FALSE,0.80457158775074,3663,AQP1,aquaporin 1 (Colton blood group)
2490,1,0.106436145960129,-0.494030011197919,0.706902303118176,0.728279487456551,0,1,0.12069725483165,0.728279487456551,FALSE,0.805335449392961,3664,,
10220,1,0.0956678718517619,-0.445073169500679,0.636408913204203,0.728774103528564,0,1,0.120240214449607,0.728774103528564,FALSE,0.805335449392961,3665,GDF11,growth differentiation factor 11
3489,1,0.0605131697802118,-0.281776380080387,0.402802719640811,0.728966316136404,0,1,0.120062866153643,0.728966316136404,FALSE,0.805335449392961,3666,IGFBP6,insulin like growth factor binding protein 6
48,0,-0.677656518191802,-4.51146801534809,3.15615497896449,0.729012712388587,23.3465700052826,1.3528453435072e-06,0.120020079810955,0.729012712388587,FALSE,0.805335449392961,3667,ACO1,aconitase 1
1750,1,0.0927492779406441,-0.432583534611436,0.618082090492724,0.729313973013589,0,1,0.11974246681735,0.729313973013589,FALSE,0.805335449392961,3668,DLX6,distal-less homeobox 6
7313,1,0.0884940515404856,-0.412825096762222,0.589813199843194,0.729359611797459,0,1,0.119700441870667,0.729359611797459,FALSE,0.805335449392961,3669,,
5707,1,0.0615180028075483,-0.287053170054651,0.410089175669748,0.729412907026695,0,1,0.119651377195468,0.729412907026695,FALSE,0.805335449392961,3670,PSMD1,"proteasome 26S subunit, non-ATPase 1"
5638,1,0.0787046059887378,-0.369862931753333,0.527272143730808,0.730928505242731,0,1,0.118260796073102,0.730928505242731,FALSE,0.806667990723503,3671,PRRG1,proline rich and Gla domain 1
38,0,0.736149960531338,-3.46090114471097,4.93320106577365,0.731017981721792,47.6124038071906,5.19388137002037e-12,0.118178984411725,0.731017981721792,FALSE,0.806667990723503,3672,ACAT1,acetyl-CoA acetyltransferase 1
1980,-1,-0.0990244194186971,-0.664637433301186,0.466588594463792,0.73149334496855,0,1,0.117744872827249,0.73149334496855,FALSE,0.806972783504646,3673,,
141629,1,0.0613780268958369,-0.290234775816849,0.412990829608523,0.732249992521532,0,1,0.117055727501859,0.732249992521532,FALSE,0.807587634648135,3674,,
1487,-1,-0.0643696124942966,-0.433967802174031,0.305228577185437,0.732840558953879,0,1,0.116519416388735,0.732840558953879,FALSE,0.808019032620712,3675,CTBP1,C-terminal binding protein 1
5803,-1,-0.0625056849514389,-0.422406800783962,0.297395430881084,0.733558349180319,0,1,0.11586941999752,0.733558349180319,FALSE,0.808590432774389,3676,PTPRZ1,protein tyrosine phosphatase receptor type Z1
1940,-1,-0.0731137817107075,-0.495426338250643,0.349198774829228,0.734366390591014,0,1,0.11514012292169,0.734366390591014,FALSE,0.809150447881708,3677,,
6682,-1,-0.0876028295034987,-0.593802421080606,0.418596762073609,0.734465781665578,0,1,0.11505059492705,0.734465781665578,FALSE,0.809150447881708,3678,,
4082,-1,-0.0884924192107641,-0.60073941572887,0.423754577307342,0.734918258039191,0,1,0.11464351067227,0.734918258039191,FALSE,0.809268104560922,3679,MARCKS,myristoylated alanine rich protein kinase C substrate
4791,-1,-0.0857021225191579,-0.581901784206995,0.410497539168679,0.734972019936869,0,1,0.114595195584326,0.734972019936869,FALSE,0.809268104560922,3680,NFKB2,nuclear factor kappa B subunit 2
388,0,-0.15500106551581,-1.05340494840564,0.743402817374022,0.73524911870712,14.9089222677677,0.000112828094733273,0.114346350661752,0.73524911870712,FALSE,0.809353281445599,3681,RHOB,ras homolog family member B
2231,1,0.054945975583571,-0.263824694172678,0.37371664533982,0.735486955873504,0,1,0.114133004457682,0.735486955873504,FALSE,0.809395205105768,3682,,
4748,-1,-0.0517291151094526,-0.352137289460043,0.248679059241138,0.735741407819788,0,1,0.113905000081541,0.735741407819788,FALSE,0.809455385415634,3683,,
50,0,-0.47264644318517,-3.21993898796903,2.27464610159869,0.735970812659661,21.2476915482974,4.03596145741587e-06,0.113699657083464,0.735970812659661,FALSE,0.809487983956826,3684,ACO2,aconitase 2
2771,1,0.0548490531285199,-0.264433244935609,0.374131351192649,0.736343490856765,0,1,0.113366508167534,0.736343490856764,FALSE,0.809678107178184,3685,GNAI2,G protein subunit alpha i2
3205,-1,-0.0756434608652541,-0.516495462237861,0.365208540507353,0.736644768112661,0,1,0.113097584575782,0.73664476811266,FALSE,0.809789636568774,3686,HOXA9,homeobox A9
5069610,-1,-0.0771147017745215,-0.527247532580258,0.373018129031215,0.737042743821869,0,1,0.112742891618146,0.737042743821869,FALSE,0.810007376719884,3687,,
454,0,0.121773761968775,-0.59071441196422,0.83426193590177,0.737637103630792,7.69852794685102,0.00552658796403375,0.11221432657999,0.737637103630792,FALSE,0.810378126418603,3688,,
460,0,-0.288735426827825,-1.97927820357981,1.40180734992416,0.737812858165524,7.13175115261427,0.00757307307692845,0.112058292428057,0.737812858165524,FALSE,0.810378126418603,3689,ASTN1,astrotactin 1
4209,1,0.182909802494919,-0.888734675393654,1.25455428038349,0.737980080573703,0,1,0.11190994512928,0.737980080573703,FALSE,0.810378126418603,3690,MEF2D,myocyte enhancer factor 2D
8328,-1,-0.0471430220662361,-0.323646014948238,0.229359970815765,0.738252316886418,0,1,0.111668670979636,0.738252316886418,FALSE,0.810457433764229,3691,GFI1B,growth factor independent 1B transcriptional repressor
18878,-1,-0.064577372197785,-0.443790562015654,0.314635817620084,0.738554441702983,0,1,0.111401246435762,0.738554441702983,FALSE,0.810569501023967,3692,,
15999,-1,-0.0672313318419529,-0.464299544778756,0.32983688109485,0.739995105162331,0,1,0.11013094576349,0.739995105162331,FALSE,0.811930724646024,3693,,
8420,-1,-0.145277966062064,-1.00542246918148,0.714866537057348,0.740616603266166,0,1,0.109585437908897,0.740616603266166,FALSE,0.812392657399703,3694,,
1e-04,-1,-0.576599666432912,-4.00080470756761,2.84760537470178,0.741371956373325,0,1,0.108924463882886,0.741371956373326,FALSE,0.813001127801005,3695,,
3894,-1,-0.0767987957512949,-0.536809279460984,0.383211687958395,0.743504383232459,0,1,0.107070429149678,0.743504383232459,FALSE,0.815118771219624,3696,,
5351,-1,-0.0650041210725828,-0.454683144713984,0.324674902568818,0.743705354688783,0,1,0.106896603490605,0.743705354688783,FALSE,0.815118771219624,3697,PLOD1,"procollagen-lysine,2-oxoglutarate 5-dioxygenase 1"
1652,-1,-0.062619048827353,-0.439581066049693,0.314342968394987,0.744742573889703,0,1,0.106001968260094,0.744742573889703,FALSE,0.816034859221491,3698,DDT,D-dopachrome tautomerase
40,0,0.476107440407604,-2.40405285385067,3.35626773466588,0.745942897021025,26.8126154308234,2.24169160094975e-07,0.104971837914834,0.745942897021025,FALSE,0.817129121040604,3699,ASIC2,acid sensing ion channel subunit 2
4060,1,0.117149863821379,-0.593018850463257,0.827318578106015,0.746455291896025,0,1,0.104533787508588,0.746455291896025,FALSE,0.81746941696289,3700,LUM,lumican
940,1,0.0743873408215313,-0.377284099198267,0.52605878084133,0.746851797050222,0,1,0.104195506343652,0.746851797050222,FALSE,0.817553310698336,3701,CD28,CD28 molecule
3059,-1,-0.0515338571092714,-0.364548628346784,0.261480914128241,0.746935428481056,0,1,0.104124232907568,0.746935428481056,FALSE,0.817553310698336,3702,HCLS1,hematopoietic cell-specific Lyn substrate 1
20,0,0.702071054918643,-3.57031431947793,4.97445642931522,0.747394908482173,35.4637767333077,2.59838043845515e-09,0.10373312925158,0.747394908482173,FALSE,0.81783531438557,3703,ABCA2,ATP binding cassette subfamily A member 2
4496,-1,-0.0992067089193183,-0.705807208150094,0.507393790311458,0.748556698347493,0,1,0.102747849388653,0.748556698347493,FALSE,0.818885459423337,3704,MT1H,metallothionein 1H
11292,1,0.100604092148656,-0.515727319704444,0.716935504001756,0.749024484265279,0,1,0.102352597762276,0.749024484265279,FALSE,0.819135953055148,3705,,
12241,-1,-0.149386193717049,-1.06519661111271,0.766424223678615,0.749189990627438,0,1,0.102212955692416,0.749189990627438,FALSE,0.819135953055148,3706,,
58,0,-0.383987159260342,-2.75158202936809,1.9836077108474,0.750579185519356,27.6598886297665,1.44630815953868e-07,0.10104499449077,0.750579185519356,FALSE,0.820433466340553,3707,ACTA1,"actin alpha 1, skeletal muscle"
1270,1,0.0925967296789441,-0.478934005278163,0.664127464636052,0.750830726277749,0,1,0.100834302562857,0.750830726277749,FALSE,0.820487082760906,3708,CNTF,ciliary neurotrophic factor
4672,1,0.0481345381549696,-0.249647879570796,0.345916955880735,0.751383919233708,0,1,0.100371796408776,0.751383919233708,FALSE,0.820805090457142,3709,,
198,0,0.176943632577819,-0.921717460498999,1.27560472565464,0.752260738316571,8.15241203981691,0.00430039247391723,0.0996411129204468,0.752260738316571,FALSE,0.820805090457142,3710,,
404,0,-0.0800225992472827,-0.57701716273014,0.416971964235575,0.752321521588854,4.13129887115974,0.0420970280754391,0.0995905689313442,0.752321521588854,FALSE,0.820805090457142,3711,,
275,0,-0.171093925724716,-1.23451472231874,0.892326870869304,0.752504361003395,9.18322646698656,0.00244243084572812,0.0994386148306858,0.752504361003395,FALSE,0.820805090457142,3712,AMT,aminomethyltransferase
46435,-1,-0.068669002832754,-0.495497355211588,0.358159349546079,0.752516466567333,0,1,0.0994285586459799,0.752516466567333,FALSE,0.820805090457142,3713,,
3561,-1,-0.0695478639592923,-0.502021365177288,0.362925637258703,0.752617422832425,0,1,0.0993447152750571,0.752617422832425,FALSE,0.820805090457142,3714,IL2RG,interleukin 2 receptor subunit gamma
1584,-1,-0.0610913414296268,-0.441097860363581,0.318915177504328,0.752692172272214,0,1,0.0992826615124663,0.752692172272214,FALSE,0.820805090457142,3715,CYP11B1,cytochrome P450 family 11 subfamily B member 1
1947,1,0.0691592496074576,-0.361207568015309,0.499526067230225,0.75278972135717,0,1,0.0992017125186895,0.75278972135717,FALSE,0.820805090457142,3716,EFNB1,ephrin B1
724,1,0.0914060053691264,-0.477767969147704,0.660579979885957,0.752944847292497,0,1,0.0990730593568037,0.752944847292497,FALSE,0.820805090457142,3717,,
12513,1,0.076420854341584,-0.401286967237419,0.554128675920587,0.753867872986936,0,1,0.0983094473966517,0.753867872986936,FALSE,0.821590269323041,3718,,
2070,-1,-0.0664464482949471,-0.48287522805844,0.349982331468546,0.754480558777128,0,1,0.0978043684784425,0.754480558777127,FALSE,0.82203689813523,3719,EYA4,EYA transcriptional coactivator and phosphatase 4
6925,1,0.0588371320682227,-0.311080868254793,0.428755132391238,0.755237258263873,0,1,0.0971825395148252,0.755237258263873,FALSE,0.822427119742799,3720,TCF4,transcription factor 4
15138,1,0.0597340596336715,-0.315834773798038,0.435302893065381,0.755244647720374,0,1,0.0971764778482687,0.755244647720374,FALSE,0.822427119742799,3721,,
7423,-1,-0.0611354308047147,-0.446304985954882,0.324034124345453,0.755730534073986,0,1,0.0967783541093414,0.755730534073986,FALSE,0.822735121995645,3722,VEGFB,vascular endothelial growth factor B
619,0,-0.109254766439234,-0.799107062364208,0.58059752948574,0.756251002385526,5.54006614906908,0.0185858801574219,0.0963528887817773,0.756251002385526,FALSE,0.823080596740841,3723,,
36,0,0.456556308197012,-2.43590568520778,3.34901830160181,0.757041941110763,30.3984822523406,3.51803306099985e-08,0.0957082896806401,0.757041941110763,FALSE,0.823638914861824,3724,ACADSB,acyl-CoA dehydrogenase short/branched chain
2200,-1,-0.0545558229140329,-0.400377172354017,0.291265526525951,0.757170522670358,0,1,0.0956037223153587,0.757170522670358,FALSE,0.823638914861824,3725,FBN1,fibrillin 1
29634,-1,-0.0800236712956262,-0.59239400498267,0.432346662391417,0.759518173757602,0,1,0.0937055197014321,0.759518173757602,FALSE,0.825277293331102,3726,,
4459,-1,-0.112604145855367,-0.833803738751026,0.608595447040291,0.759590926679668,0,1,0.0936470276682883,0.759590926679667,FALSE,0.825277293331102,3727,,
2265,1,0.110033691972703,-0.595256471708218,0.815323855653625,0.759773833782108,0,1,0.0935000618807128,0.759773833782108,FALSE,0.825277293331102,3728,,
2391,-1,-0.146071948282214,-1.08273669342753,0.790592796863105,0.759867749702344,0,1,0.0934246495093877,0.759867749702344,FALSE,0.825277293331102,3729,,
2254,-1,-0.0587019778335164,-0.435217472652666,0.317813516985633,0.75992817663925,0,1,0.0933761456259693,0.75992817663925,FALSE,0.825277293331102,3730,FGF9,fibroblast growth factor 9
5074,-1,-0.0695118796710356,-0.515620609010892,0.376596849668821,0.760062930595957,0,1,0.0932680300421374,0.760062930595957,FALSE,0.825277293331102,3731,PAWR,pro-apoptotic WT1 regulator
129,0,0.177692302119249,-0.962883050125311,1.31826765436381,0.760102383689948,5.91054707247,0.0150504971848006,0.0932363890549317,0.760102383689948,FALSE,0.825277293331102,3732,,
355,0,0.123934130022679,-0.683896864716207,0.931765124761564,0.763651150316618,7.27650759600325,0.00698622324016014,0.0904142747234986,0.763651150316618,FALSE,0.828908240311529,3733,FAS,Fas cell surface death receptor
41398,-1,-0.0820978038880824,-0.619634523380215,0.45543891560405,0.764677093043393,0,1,0.0896072168907268,0.764677093043393,FALSE,0.829799566419879,3734,,
3219,-1,-0.0649228631747692,-0.49209206273406,0.362246336384521,0.765792408059576,0,1,0.0887343248174416,0.765792408059576,FALSE,0.830787372813226,3735,HOXB9,homeobox B9
14022,1,0.0540148113441764,-0.30229799083,0.410327613518353,0.766376127496781,0,1,0.0882793355880684,0.766376127496781,FALSE,0.831198091171562,3736,,
1918,1,0.077168465705747,-0.433909927420967,0.588246858832461,0.767277585701319,0,1,0.0875791794259937,0.767277585701319,FALSE,0.831953111389281,3737,,
5166,-1,-0.068250874392475,-0.524795499700164,0.388293750915214,0.769519338138796,0,1,0.085851157036806,0.769519338138796,FALSE,0.834160609453826,3738,PDK4,pyruvate dehydrogenase kinase 4
4289,-1,-0.146933890561993,-1.13566335125249,0.841795570128505,0.770846451244677,0,1,0.0848369777435256,0.770846451244677,FALSE,0.835316135136262,3739,MKLN1,muskelin 1
3729,1,0.0635426680679711,-0.364576822920809,0.491662159056752,0.77112533423821,0,1,0.0846246866970189,0.77112533423821,FALSE,0.835316135136262,3740,,
11110,1,0.099347772137203,-0.570245078761383,0.768940623035789,0.771203766422694,0,1,0.0845650345927401,0.771203766422694,FALSE,0.835316135136262,3741,,
1679,1,0.0741715027826654,-0.431485169435998,0.579828175001329,0.77373377020011,0,1,0.0826530442995541,0.77373377020011,FALSE,0.83783250583935,3742,,
3277,1,0.104214320551948,-0.610087453806436,0.818516094910332,0.774914570314706,0,1,0.0817687816735878,0.774914570314706,FALSE,0.838886946009936,3743,,
4281,1,0.0529876888360406,-0.311313561496194,0.417288939168275,0.775585036604139,0,1,0.0812689807580247,0.775585036604139,FALSE,0.839260470289805,3744,MID1,midline 1
335,0,-0.172154825619848,-1.35623991618121,1.01193026494152,0.775674547514154,4.93130138342572,0.0263744481105749,0.0812023799632423,0.775674547514154,FALSE,0.839260470289805,3745,APOA1,apolipoprotein A1
1631,-1,-0.0462675139852357,-0.364920811007816,0.272385783037344,0.775965200321101,0,1,0.0809863226005715,0.775965200321101,FALSE,0.839260470289805,3746,,
9981,-1,-0.0477719689345331,-0.376972279398488,0.281428341529422,0.776088100240844,0,1,0.0808950582820583,0.776088100240844,FALSE,0.839260470289805,3747,,
2917,-1,-0.105689348625363,-0.834815045871509,0.623436348620783,0.776330902624763,0,1,0.0807149189796849,0.776330902624763,FALSE,0.839299044139685,3748,GRM7,glutamate metabotropic receptor 7
2270,1,0.066677157364951,-0.394082134780747,0.527436449510649,0.776694494760939,0,1,0.0804455693870937,0.776694494760939,FALSE,0.839468149578908,3749,,
888,-2,-0.046945108369934,-0.371894846220147,0.278004629480279,0.777059016011662,0.0180072060846332,0.893251596706118,0.0801760196868377,0.777059016011662,FALSE,0.839638168767801,3750,,
2071,1,0.0575881199312788,-0.342082606674528,0.457258846537086,0.777629855716873,0,1,0.0797548867691859,0.777629855716873,FALSE,0.840030971838115,3751,ERCC3,"ERCC excision repair 3, TFIIH core complex helicase subunit"
440,0,-0.128591160650324,-1.02680944593256,0.769627124631909,0.779022346257575,7.10010843176811,0.00770792887027526,0.0787326067632058,0.779022346257575,FALSE,0.841310913389045,3752,ASNS,asparagine synthetase (glutamine-hydrolyzing)
147556,-1,-0.0517290960557374,-0.413980973567087,0.310522781455612,0.779569339510221,0,1,0.0783329839793459,0.779569339510221,FALSE,0.841677315133337,3753,,
12687,-1,-0.043009681224626,-0.345303562626599,0.259284200177347,0.780352890125132,0,1,0.0777624465137484,0.780352890125132,FALSE,0.842298857428619,3754,,
7650,-1,-0.0623751844377648,-0.502857468595785,0.378107099720255,0.781362599514839,0,1,0.0770305458582211,0.781362599514839,FALSE,0.843164115375267,3755,,
8002,-1,-0.0394986565833711,-0.319980350880325,0.240983037713583,0.78253986009249,0,1,0.076181897778078,0.78253986009249,FALSE,0.844209668023102,3756,,
2506,1,0.115794558173684,-0.709748074778785,0.941337191126153,0.783382370329177,0,1,0.0755776649243386,0.783382370329177,FALSE,0.844799914773143,3757,,
4616,-1,-0.0670914760277872,-0.545687179499658,0.411504227444084,0.783503968340936,0,1,0.0754906707541773,0.783503968340936,FALSE,0.844799914773143,3758,GADD45B,growth arrest and DNA damage inducible beta
6513,1,0.0654993336383284,-0.405849322730387,0.536847990007044,0.785345527789909,0,1,0.0741797556799781,0.785345527789909,FALSE,0.846560276298141,3759,SLC2A1,solute carrier family 2 member 1
15586,-1,-0.0383893907044459,-0.315130306961961,0.238351525553069,0.78571011413228,0,1,0.0739216873486495,0.78571011413228,FALSE,0.846728027251064,3760,,
2913,-1,-0.0698163035043235,-0.573972550389259,0.434339943380612,0.78606901004757,0,1,0.0736681185437264,0.78606901004757,FALSE,0.846889558285763,3761,GRM3,glutamate metabotropic receptor 3
2806,-1,-0.0483729224970195,-0.399360121675356,0.302614276681317,0.787066788251546,0,1,0.0729656204497756,0.787066788251546,FALSE,0.847701734917549,3762,GOT2,glutamic-oxaloacetic transaminase 2
1197,-1,-0.0668048122574452,-0.551938568997227,0.418328944482336,0.787241270605808,0,1,0.0728431449527701,0.787241270605808,FALSE,0.847701734917549,3763,,
12583,1,0.0443359352047483,-0.279121625439771,0.367793495849267,0.788199120872792,0,1,0.0721727602996825,0.788199120872792,FALSE,0.848507661470923,3764,,
1315,1,0.0814884024973006,-0.519991592644578,0.682968397639179,0.790596911197597,0,1,0.0705091395522388,0.790596911197597,FALSE,0.850862864322089,3765,COPB1,COPI coat complex subunit beta 1
7596,1,0.0652178364037379,-0.419945947340927,0.550381620148403,0.792190712813993,0,1,0.06941482086913,0.792190712813993,FALSE,0.852351770664445,3766,ZNF45,zinc finger protein 45
2025,-1,-0.0545006377327405,-0.460584569085588,0.351583293620107,0.792514112105141,0,1,0.0691938890006231,0.792514112105141,FALSE,0.852473369325732,3767,,
1737,-1,-0.0884771779494223,-0.75044071527127,0.573486359372425,0.793347489452418,0,1,0.0686262977178405,0.793347489452418,FALSE,0.853143319336836,3768,DLAT,dihydrolipoamide S-acetyltransferase
32,0,0.234815874436474,-1.53191122229882,2.00154297117176,0.794478880064241,16.8457312934318,4.05444187796107e-05,0.067859733401215,0.794478880064241,FALSE,0.854133303799497,3769,ACACB,acetyl-CoA carboxylase beta
2738,1,0.0423565909112022,-0.27768487007939,0.362398051901795,0.795329913623391,0,1,0.0672861516962692,0.795329913623391,FALSE,0.854821435013788,3770,GLI4,GLI family zinc finger 4
8489,-1,-0.0498319489123935,-0.427348076141038,0.327684178316251,0.795855676012417,0,1,0.0669330952649766,0.795855676012417,FALSE,0.855107848875494,3771,,
1998,-1,-0.0423941312824719,-0.363847282249782,0.279059019684838,0.796032257281327,0,1,0.0668147408687608,0.796032257281327,FALSE,0.855107848875494,3772,ELF2,E74 like ETS transcription factor 2
1849,-1,-0.161237073999806,-1.38502593984717,1.06255179184755,0.796229495016594,0,1,0.0666826734734342,0.796229495016594,FALSE,0.855107848875494,3773,DUSP7,dual specificity phosphatase 7
27,0,0.295428386060376,-1.96189857667371,2.55275534879446,0.797556356097479,17.0745650342925,3.59404412709537e-05,0.065797847701444,0.797556356097479,FALSE,0.855975994777308,3774,ABL2,"ABL proto-oncogene 2, non-receptor tyrosine kinase"
5946,1,0.0590441014718725,-0.39223554811522,0.510323751058965,0.797614254270578,0,1,0.0657593813677041,0.797614254270578,FALSE,0.855975994777308,3775,,
3415,1,0.0997714680672483,-0.663012258376979,0.862555194511476,0.797671608163651,0,1,0.065721288460372,0.797671608163651,FALSE,0.855975994777308,3776,,
3166,-1,-0.0624194443391225,-0.542214875610851,0.417375986932606,0.798735932565227,0,1,0.0650165262715678,0.798735932565227,FALSE,0.856891183149139,3777,HMX1,H6 family homeobox 1
3696,-1,-0.299570706759504,-2.64275635332764,2.04361493980863,0.802141374943742,0,1,0.062788697397597,0.802141374943742,FALSE,0.860316794937015,3778,ITGB8,integrin subunit beta 8
49,0,-0.47909140862406,-4.23432707204586,3.27614425479774,0.802547605330363,23.6290335385787,1.16811702128321e-06,0.0625256988114755,0.802547605330363,FALSE,0.860524714686063,3779,ACR,acrosin
3713,1,0.0464058846689294,-0.319929270437452,0.412741039775311,0.803917412636636,0,1,0.061643189254749,0.803917412636636,FALSE,0.861765438096204,3780,IVL,involucrin
12331,1,0.0389438458265198,-0.272540174432793,0.350427866085833,0.806419267852696,0,1,0.0600485207981641,0.806419267852696,FALSE,0.864218691705667,3781,,
2736,-1,-0.0783259192863828,-0.708179898992145,0.55152806041938,0.807437883181862,0,1,0.0594056056593594,0.807437883181862,FALSE,0.86508151841695,3782,GLI2,GLI family zinc finger 2
12284,1,0.034815381114512,-0.246965718348188,0.316596480577212,0.808654037647411,0,1,0.0586428097745264,0.808654037647411,FALSE,0.865761690037363,3783,,
1154,1,0.393593983820053,-2.79832980848594,3.58551777612604,0.80902669780333,0,1,0.0584101144441457,0.80902669780333,FALSE,0.865761690037363,3784,CISH,cytokine inducible SH2 containing protein
45843,1,0.0669297391345975,-0.476521151007616,0.610380629276811,0.809258184652557,0,1,0.0582658166342203,0.809258184652557,FALSE,0.865761690037363,3785,,
2607,-1,-0.0553993959211809,-0.505385549352996,0.394586757510634,0.809324054229629,0,1,0.0582247912112715,0.809324054229629,FALSE,0.865761690037363,3786,,
235,0,-0.101987907014485,-0.93056208472233,0.726586270693361,0.809362198507183,6.48880940634326,0.0108555657407964,0.0582010408742249,0.809362198507183,FALSE,0.865761690037363,3787,,
2800,1,0.0584390151530068,-0.41720094373006,0.534078974036074,0.8097031829856,0,1,0.0579889563896554,0.8097031829856,FALSE,0.865761690037363,3788,GOLGA1,golgin A1
4478,1,0.0457021042755449,-0.326717168460671,0.41812137701176,0.809926754800615,0,1,0.0578501221701518,0.809926754800615,FALSE,0.865761690037363,3789,MSN,moesin
1468,1,0.0382441164479763,-0.273470771056916,0.349959003952869,0.80996837477028,0,1,0.0578242963248199,0.80996837477028,FALSE,0.865761690037363,3790,SLC25A10,solute carrier family 25 member 10
272,0,-0.1280740708436,-1.17211564265854,0.915967500971342,0.809995697663288,5.52482580750245,0.0187484695951137,0.0578073453566489,0.809995697663288,FALSE,0.865761690037363,3791,AMPD3,adenosine monophosphate deaminase 3
176,0,0.154643093856397,-1.10925480955382,1.41854099726661,0.810477837541679,15.6655834195808,7.55871746360908e-05,0.0575086608575635,0.810477837541679,FALSE,0.866048575347807,3792,ACAN,aggrecan
5017,1,0.066958578029734,-0.481286164564948,0.615203320624416,0.810814366591089,0,1,0.0573006666881025,0.810814366591089,FALSE,0.866179755715026,3793,OVOL1,ovo like transcriptional repressor 1
6245,-1,-0.0489678742249344,-0.451466397105056,0.353530648655188,0.81153306012936,0,1,0.0568578066404828,0.81153306012936,FALSE,0.866719019410692,3794,,
3826,1,0.0595775288733081,-0.43385051652364,0.553005574270256,0.812928226819948,0,1,0.0560032838282981,0.812928226819948,FALSE,0.867839137277043,3795,,
3026,-1,-0.0858084994858081,-0.796801965829881,0.625184966858265,0.813010208564574,0,1,0.0559532835526799,0.813010208564574,FALSE,0.867839137277043,3796,HABP2,hyaluronan binding protein 2
1473,0,-0.119369724499009,-1.10998423193286,0.871244782934839,0.81329532737,18.6119769457001,1.60210851875855e-05,0.0557795745376173,0.81329532737,FALSE,0.867914845010071,3797,CST5,cystatin D
17920,1,0.0383717256746202,-0.280924471193636,0.357667922542877,0.813789213233085,0,1,0.0554793485161337,0.813789213233085,FALSE,0.868213241711549,3798,,
1036,1,0.0418819846793351,-0.308357062749794,0.392121032108465,0.814694076225606,0,1,0.0549315132540578,0.814694076225606,FALSE,0.868949828077429,3799,CDO1,cysteine dioxygenase type 1
4774,1,0.131382627075198,-0.970031324331419,1.23279657848182,0.815144030999195,0,1,0.054660162518244,0.815144030999195,FALSE,0.869200950949668,3800,NFIA,nuclear factor I A
870,0,-0.0648158098375621,-0.609332266874463,0.479700647199338,0.815527084708568,5.17810032698146,0.0228733185468431,0.0544297156191304,0.815527084708569,FALSE,0.86938062279377,3801,,
4272,-1,-0.0432685233501932,-0.408830013371932,0.322292966671546,0.816549738303019,0,1,0.0538169960161891,0.816549738303019,FALSE,0.870241856813213,3802,,
17637,1,0.0738877404057058,-0.551502233534571,0.699277714345983,0.816877284729217,0,1,0.0536215203934597,0.816877284729217,FALSE,0.870362018859529,3803,,
7095,-1,-0.0385679772312631,-0.366539765191537,0.289403810729011,0.817716650290309,0,1,0.0531223074902073,0.817716650290309,FALSE,0.871027304673063,3804,SEC62,"SEC62 homolog, preprotein translocation factor"
4040,1,0.0376442533268165,-0.2835574787033,0.358845985356933,0.818321645919913,0,1,0.0527640107026633,0.818321645919913,FALSE,0.87108344204336,3805,LRP6,LDL receptor related protein 6
3817,1,0.0658719929614645,-0.496338443969677,0.628082429892606,0.818370514125509,0,1,0.0527351251820852,0.818370514125509,FALSE,0.87108344204336,3806,KLK2,kallikrein related peptidase 2
1866,1,0.0543729417052457,-0.409920960185258,0.518666843595749,0.818457628679184,0,1,0.0526836532670097,0.818457628679184,FALSE,0.87108344204336,3807,,
1445,1,0.0441191891856944,-0.332980110424061,0.42121848879545,0.818629256490897,0,1,0.052582323820446,0.818629256490897,FALSE,0.87108344204336,3808,CSK,C-terminal Src kinase
3376,1,0.0723284805118825,-0.547413380697343,0.692070341721108,0.819069167817561,0,1,0.0523230679493162,0.819069167817561,FALSE,0.871322727224143,3809,IARS1,isoleucyl-tRNA synthetase 1
92,0,0.205463616529497,-1.55890159893525,1.96982883199425,0.819458533372125,16.1908622148742,5.72697053091696e-05,0.0520941629711888,0.819458533372125,FALSE,0.871508130504947,3810,ACVR2A,activin A receptor type 2A
9855,-1,-0.0443636184686626,-0.427357650219354,0.338630413282029,0.820400496988474,0,1,0.0515425727595297,0.820400496988474,FALSE,0.872280979742141,3811,FARP2,"FERM, ARH/RhoGEF and pleckstrin domain protein 2"
322,0,-0.119283615026184,-1.15200134839501,0.913434118342646,0.820902155047297,9.40931704060914,0.00215885623306953,0.0512500741074776,0.820902155047297,FALSE,0.872484877070816,3812,APBB1,amyloid beta precursor protein binding family B member 1
3566,-1,-0.0479564649104237,-0.463432498269304,0.367519568448456,0.821022911221871,0,1,0.051179796211671,0.821022911221871,FALSE,0.872484877070816,3813,IL4R,interleukin 4 receptor
747,0,0.0990441119961912,-0.76216725930759,0.960255483299972,0.821662828385485,6.30525749169566,0.0120380428402386,0.0508082218555368,0.821662828385485,FALSE,0.872935967650232,3814,DAGLA,diacylglycerol lipase alpha
253,0,0.154366593982868,-1.19440403850242,1.50313722646815,0.822510197658335,13.014833616214,0.000309033224699788,0.0503183768195854,0.822510197658335,FALSE,0.873607161444711,3815,,
2879,-1,-0.0530997603307752,-0.518461353417751,0.4122618327562,0.823037183603464,0,1,0.0500149948849263,0.823037183603464,FALSE,0.873937806069506,3816,GPX4,glutathione peroxidase 4
16675,1,0.0343654112220391,-0.267346324893715,0.336077147337794,0.823346554256566,0,1,0.0498373411602749,0.823346554256566,FALSE,0.8740372643038,3817,,
3755,-1,-0.0409013295965669,-0.400777913816354,0.31897525462322,0.823724409785739,0,1,0.0496208106118789,0.823724409785739,FALSE,0.874083062801134,3818,KCNG1,potassium voltage-gated channel modifier subfamily G member 1
14077,1,0.0632601399114894,-0.493654516713721,0.620174796536699,0.82382112952555,0,1,0.0495654647898142,0.82382112952555,FALSE,0.874083062801134,3819,,
4761,1,0.0520176641886742,-0.408757514195803,0.512792842573151,0.824887235152269,0,1,0.048957555339801,0.824887235152269,FALSE,0.874985098648427,3820,NEUROD2,neuronal differentiation 2
2261,-1,-0.0406665593434714,-0.402194949127069,0.320861830440126,0.825507659456392,0,1,0.048605590977885,0.825507659456392,FALSE,0.875414037193745,3821,FGFR3,fibroblast growth factor receptor 3
5395,1,0.0358315365075626,-0.284091391439953,0.355754464455078,0.826247339457847,0,1,0.0481877128653674,0.826247339457847,FALSE,0.875969183538251,3822,PMS2,"PMS1 homolog 2, mismatch repair system component"
4340,-1,-0.0532293358485887,-0.529547851882441,0.423089180185264,0.826627436306872,0,1,0.0479737147377649,0.826627436306872,FALSE,0.876142917058709,3823,MOG,myelin oligodendrocyte glycoprotein
27629,1,0.038964526297919,-0.310197518375642,0.38812657097148,0.826867396884999,0,1,0.0478388716384182,0.826867396884999,FALSE,0.876168068038184,3824,,
2931,-1,-0.0490996574353945,-0.491472679429711,0.393273364558922,0.82778800806469,0,1,0.0473233890237842,0.82778800806469,FALSE,0.876914250634803,3825,GSK3A,glycogen synthase kinase 3 alpha
674,1,0.0556249623785841,-0.448212247893267,0.559462172650435,0.828687490262077,0,1,0.0468225611277921,0.828687490262077,FALSE,0.877637666111327,3826,,
88465,-1,-0.0354454363380571,-0.357590274183248,0.286699401507134,0.829257567127618,0,1,0.0465065885091035,0.829257567127618,FALSE,0.878011931539354,3827,,
3023,-1,-0.0670212718489258,-0.679303408358377,0.545260864660525,0.830125634403761,0,1,0.0460276004311935,0.830125634403761,FALSE,0.878589833381141,3828,,
2158,-1,-0.100156745659923,-1.01576233937624,0.815448848056395,0.830237036529218,0,1,0.0459663179895917,0.830237036529218,FALSE,0.878589833381141,3829,F9,coagulation factor IX
1870,1,0.0489970864309856,-0.401562436439278,0.499556609301249,0.831217301875449,0,1,0.045428913203503,0.831217301875449,FALSE,0.879397521461964,3830,E2F2,E2F transcription factor 2
430,0,0.129305221758423,-1.06248091893918,1.32109136245603,0.831599802098717,9.06145238448314,0.00261054535177286,0.0452201134421222,0.831599802098717,FALSE,0.879572539311929,3831,ASCL2,achaete-scute family bHLH transcription factor 2
700,0,-0.0464539723417334,-0.479574988794789,0.386667044111323,0.833500632767213,3.07401513545737,0.0795527640924461,0.0441899368385722,0.833500632767213,FALSE,0.881352965546124,3832,,
2058,-1,-0.0538179814879938,-0.558326902197535,0.450690939221547,0.83438798408742,0,1,0.0437132696918066,0.83438798408742,FALSE,0.882061077882135,3833,EPRS1,glutamyl-prolyl-tRNA synthetase 1
2024,1,0.0359360665854369,-0.303635827274235,0.375507960445109,0.835683258019146,0,1,0.0430223161152929,0.835683258019146,FALSE,0.883199937791752,3834,,
5426,1,0.0299604998156832,-0.25418656889392,0.314107568525287,0.836276312620757,0,1,0.0427078717698365,0.836276312620757,FALSE,0.883596249997212,3835,POLE,"DNA polymerase epsilon, catalytic subunit"
3806,1,0.029220990117803,-0.248731654724279,0.307173634959884,0.836752007284154,0,1,0.042456522073152,0.836752007284153,FALSE,0.883868387256358,3836,KIR2DS1,"killer cell immunoglobulin like receptor, two Ig domains and short cytoplasmic tail 1"
3964,-1,-0.0409586418293257,-0.432065953870053,0.350148670211402,0.837371439065372,0,1,0.0421303828265836,0.837371439065372,FALSE,0.884292173857932,3837,LGALS8,galectin 8
2154,1,0.0326501186643332,-0.280710641278246,0.346010878606912,0.838185267906687,0,1,0.0417038823324943,0.838185267906687,FALSE,0.884920975913991,3838,,
18344,1,0.0297116019865887,-0.259499047707241,0.318922251680418,0.840421919999016,0,1,0.0405433618258115,0.840421919999016,FALSE,0.886880687533142,3839,,
4064,-1,-0.0396114234920534,-0.425585322799477,0.34636247581537,0.840584702903795,0,1,0.0404595647610183,0.840584702903795,FALSE,0.886880687533142,3840,CD180,CD180 molecule
1782,-1,-0.0336758325088691,-0.36205007038457,0.294698405366832,0.840698104840769,0,1,0.0404012412361414,0.840698104840769,FALSE,0.886880687533142,3841,,
4812,1,0.045973518080162,-0.408650797699573,0.500597833859897,0.84288875907359,0,1,0.0392831530619315,0.842888759073589,FALSE,0.888960242521131,3842,,
356,0,-0.119248680218318,-1.30429650455052,1.06579914411388,0.84365010653999,24.4479865269466,7.63432553546654e-07,0.0388983867362643,0.84365010653999,FALSE,0.889502240761224,3843,FASLG,Fas ligand
16678,1,0.0454610343993035,-0.406874918328354,0.497796987126961,0.843841711126886,0,1,0.0388018643254607,0.843841711126886,FALSE,0.889502240761224,3844,,
8144,-1,-0.0309624227954474,-0.34155629982274,0.279631454231846,0.845091939428646,0,1,0.0381751081082369,0.845091939428646,FALSE,0.890588436557834,3845,,
5218,-1,-0.033324338345619,-0.368946998844993,0.302298322153755,0.845700660244609,0,1,0.0378718657483221,0.845700660244609,FALSE,0.890832621876685,3846,CDK14,cyclin dependent kinase 14
9682,1,0.0560603162480602,-0.508777822451677,0.620898454947797,0.845763350532973,0,1,0.0378407070300374,0.845763350532973,FALSE,0.890832621876685,3847,KDM4A,lysine demethylase 4A
1525,-1,-0.0505965963480492,-0.562291462494551,0.461098269798453,0.846330893181408,0,1,0.0375592289400028,0.846330893181408,FALSE,0.891198747185828,3848,CXADR,CXADR Ig-like cell adhesion molecule
2105,1,0.0548119287471871,-0.501241209900574,0.610865067394948,0.846802423405931,0,1,0.0373261982234029,0.846802423405931,FALSE,0.891463606038148,3849,,
5014,1,0.0376536166411443,-0.34519031112825,0.420497544410538,0.847141332139346,0,1,0.0371591737700958,0.847141332139346,FALSE,0.891588747487956,3850,,
4232,-1,-0.0392760757058288,-0.441301464251137,0.36274931283948,0.848149796890951,0,1,0.036664468888315,0.848149796890951,FALSE,0.892016876615292,3851,MEST,mesoderm specific transcript
4231,-1,-0.039255174322899,-0.441198028370825,0.362687679725027,0.848198838727671,0,1,0.0366404989262395,0.848198838727671,FALSE,0.892016876615292,3852,,
1706,-1,-0.0500116030051801,-0.562125179265852,0.462101973255492,0.848208545310641,0,1,0.0366357556457509,0.848208545310641,FALSE,0.892016876615292,3853,,
1105,1,0.0338534915728615,-0.313581645043572,0.381288628189295,0.848544730984163,0,1,0.0364716694146092,0.848544730984163,FALSE,0.892138881667833,3854,CHD1,chromodomain helicase DNA binding protein 1
15254,-1,-0.0330687580798299,-0.373872858395513,0.307735342235853,0.849169344948584,0,1,0.0361678197400711,0.849169344948583,FALSE,0.892563991110677,3855,,
5154,-1,-0.044678850376825,-0.507443289455131,0.418085588701481,0.849912517188235,0,1,0.0358080115483942,0.849912517188235,FALSE,0.893113464638674,3856,PDGFA,platelet derived growth factor subunit A
943,0,0.0831586221853413,-0.77987447890121,0.946191723271893,0.850206655979679,10.4889853674119,0.00120088300686475,0.0356661183218374,0.850206655979679,FALSE,0.89319091781946,3857,TNFRSF8,TNF receptor superfamily member 8
432,0,-0.0917247789293088,-1.0696717699897,0.886222212131085,0.854145803529446,6.68182376453093,0.00974009190041855,0.0337939455414553,0.854145803529446,FALSE,0.897065927181088,3858,ASGR1,asialoglycoprotein receptor 1
526,0,0.0887470551763143,-0.858714544392525,1.03620865474515,0.854337959770933,11.1390417263834,0.000845295480562402,0.033703953738525,0.854337959770933,FALSE,0.897065927181088,3859,ATP6V1B2,ATPase H+ transporting V1 subunit B2
1906,1,0.0347502846239568,-0.340212706204151,0.409713275452064,0.855863102449894,0,1,0.0329940862182373,0.855863102449894,FALSE,0.898434531380044,3860,EDN1,endothelin 1
2304,1,0.0539563703026106,-0.540577297623376,0.648490038228597,0.858821321392057,0,1,0.0316394356515272,0.858821321392057,FALSE,0.901306395825075,3861,FOXE1,forkhead box E1
3355,1,0.0568465219601681,-0.573486552818056,0.687179596738392,0.85969758082731,0,1,0.0312437955235594,0.85969758082731,FALSE,0.901907045188452,3862,HTR1F,5-hydroxytryptamine receptor 1F
1451,-2,-0.0270168651493902,-0.326893866520398,0.272860136221618,0.859838824176453,0.000262982360862391,0.987061487896185,0.0311802629435236,0.859838824176453,FALSE,0.901907045188452,3863,,
3301,1,0.0402057505847284,-0.409059349675115,0.489470850844572,0.860764073476048,0,1,0.0307657257393726,0.860764073476048,FALSE,0.902643898997139,3864,DNAJA1,DnaJ heat shock protein family (Hsp40) member A1
3646,1,0.0429676669211549,-0.43891760661743,0.52485294045974,0.86126690031409,0,1,0.0305416445747007,0.86126690031409,FALSE,0.902937511014927,3865,EIF3E,eukaryotic translation initiation factor 3 subunit E
2903,1,0.0316748057996177,-0.326791046830796,0.390140658430032,0.86250476413802,0,1,0.0299935948940327,0.86250476413802,FALSE,0.904001372034987,3866,GRIN2A,glutamate ionotropic receptor NMDA type subunit 2A
6397,-1,-0.0411016806815883,-0.508694109388141,0.426490748024964,0.863215742157015,0,1,0.0296811280806171,0.863215742157015,FALSE,0.904512590437089,3867,SEC14L1,SEC14 like lipid binding 1
1830,-1,-0.0437727374567259,-0.543136170288391,0.455590695374939,0.86359106386828,0,1,0.0295168577985753,0.86359106386828,FALSE,0.904671921094693,3868,DSG3,desmoglein 3
139831,-1,-0.0321287313901991,-0.400362969140073,0.336105506359675,0.864217142344918,0,1,0.0292438808312564,0.864217142344918,FALSE,0.905093786710159,3869,,
4783,1,0.0285018149434516,-0.300527421179192,0.357531051066095,0.865183282756947,0,1,0.0288251937803973,0.865183282756947,FALSE,0.905871488819418,3870,NFIL3,"nuclear factor, interleukin 3 regulated"
9174,1,0.035347816682417,-0.375401636791058,0.446097270155892,0.866057486270882,0,1,0.0284490246509428,0.866057486270882,FALSE,0.906552553440872,3871,,
1634,-1,-0.0391515185325263,-0.500354572539471,0.422051535474418,0.867856884883673,0,1,0.027682738846971,0.867856884883673,FALSE,0.908201471474339,3872,DCN,decorin
2683,1,0.0375760360388797,-0.408987198828528,0.484139270906287,0.869006124236708,0,1,0.027198952535339,0.869006124236708,FALSE,0.909169330081885,3873,B4GALT1,"beta-1,4-galactosyltransferase 1"
3613,-1,-0.0392211543669994,-0.507571811602862,0.429129502868863,0.869626021000041,0,1,0.0269398180122927,0.869626021000041,FALSE,0.909583024546248,3874,IMPA2,inositol monophosphatase 2
5721,1,0.0328349980236728,-0.360851254396668,0.426521250444014,0.870149348089688,0,1,0.0267220438391921,0.870149348089688,FALSE,0.90989552476372,3875,PSME2,proteasome activator subunit 2
4226,1,0.070083782503891,-0.781329647444413,0.921497212452195,0.871830572227726,0,1,0.0260285668201264,0.871830572227726,FALSE,0.911418338149316,3876,,
43,0,0.237288391424707,-2.6658837013449,3.14046048419432,0.872726641015797,29.5325955668944,5.49841781829252e-08,0.0256627743704844,0.872726641015797,FALSE,0.912119770285274,3877,ACHE,acetylcholinesterase (Yt blood group)
4859,-1,-0.0349717964541249,-0.463695240711366,0.393751647803116,0.872977152017816,0,1,0.0255609858505707,0.872977152017816,FALSE,0.912146317683391,3878,,
10172,1,0.0411829882753788,-0.466211871376944,0.548577847927701,0.873604603792316,0,1,0.0253069477396769,0.873604603792316,FALSE,0.912419681184322,3879,ZNF256,zinc finger protein 256
4291,1,0.0352025640844808,-0.398803204966939,0.469208333135901,0.873689132032372,0,1,0.025272823985919,0.873689132032372,FALSE,0.912419681184322,3880,MLF1,myeloid leukemia factor 1
8688,-1,-0.0567055924965919,-0.763528521934896,0.650117336941712,0.875055613965153,0,1,0.024724453901274,0.875055613965153,FALSE,0.913611272297552,3881,KRT37,keratin 37
2465,-1,-0.0374258917435275,-0.506039651875621,0.431187868388566,0.875613107739438,0,1,0.0245025013851735,0.875613107739438,FALSE,0.913865856748763,3882,,
337,0,-0.143805140592498,-1.94641306827658,1.65880278709158,0.87575052363165,34.4185275949114,4.44472036573805e-09,0.0244479501098105,0.87575052363165,FALSE,0.913865856748763,3883,APOA4,apolipoprotein A4
3253,-1,-0.0528714796411468,-0.717795712878528,0.612052753596234,0.876153920213534,0,1,0.0242881697153796,0.876153920213534,FALSE,0.91395891490085,3884,,
2212,-1,-0.0328549107252699,-0.446506989609185,0.380797168158645,0.876290815496003,0,1,0.0242340691254597,0.876290815496003,FALSE,0.91395891490085,3885,FCGR2A,Fc gamma receptor IIa
1850,-1,-0.0269422896918544,-0.370754550147289,0.316869970763581,0.877933498409686,0,1,0.0235897025961078,0.877933498409686,FALSE,0.91543657631396,3886,DUSP8,dual specificity phosphatase 8
3831,-1,-0.0302365243523436,-0.419095083384151,0.358622034679464,0.878870535573688,0,1,0.0232261161371112,0.878870535573688,FALSE,0.916177877577716,3887,KLC1,kinesin light chain 1
2589,-1,-0.0260467136478129,-0.363228429377585,0.311135002081959,0.879657127455225,0,1,0.022923135452729,0.879657127455225,FALSE,0.916563771633948,3888,GALNT1,polypeptide N-acetylgalactosaminyltransferase 1
25342,1,0.024481352339309,-0.292531871545906,0.341494576224524,0.879693116457163,0,1,0.0229093218328455,0.879693116457163,FALSE,0.916563771633948,3889,,
6671,-1,-0.0411799110153535,-0.578058915923181,0.495699093892474,0.88050114765345,0,1,0.0226002970808362,0.88050114765345,FALSE,0.917169832979891,3890,SP4,Sp4 transcription factor
3839,1,0.0676599796428707,-0.818018387736385,0.953338347022127,0.88097897345741,0,1,0.0224185661877499,0.88097897345741,FALSE,0.917431714327789,3891,KPNA3,karyopherin subunit alpha 3
1987,1,0.070986544918722,-0.861819458837671,1.00379254867511,0.881432687757968,0,1,0.0222466997718793,0.881432687757968,FALSE,0.917668358374945,3892,,
5605,-1,-0.0530691720798163,-0.759546293467362,0.653407949307729,0.882951555250382,0,1,0.021676272516606,0.882951555250382,FALSE,0.919013537599421,3893,MAP2K2,mitogen-activated protein kinase kinase 2
153,0,0.0728778542523241,-0.901274876756127,1.04703058526078,0.883425730373331,7.65235069406094,0.00566983931165038,0.0214997411722261,0.883425730373331,FALSE,0.919270944908253,3894,ADRB1,adrenoceptor beta 1
2838,1,0.0427539681358224,-0.535414695926938,0.620922632198583,0.884763062864958,0,1,0.0210058345680342,0.884763062864958,FALSE,0.920426169635124,3895,GPR15,G protein-coupled receptor 15
1292,-1,-0.0371773328700251,-0.543087323830885,0.468732658090835,0.885476752777088,0,1,0.0207446508463381,0.885476752777088,FALSE,0.920724180349212,3896,COL6A2,collagen type VI alpha 2 chain
8240,1,0.0421254810886865,-0.531256292458825,0.615507254636198,0.885503980952833,0,1,0.0207347193858135,0.885503980952833,FALSE,0.920724180349212,3897,,
2390,1,0.0338175412900527,-0.428308745330379,0.495943827910485,0.885953343179221,0,1,0.0205711653256767,0.885953343179221,FALSE,0.920955091473115,3898,,
2073,1,0.0395890511337044,-0.510957111238045,0.590135213505454,0.887918578607045,0,1,0.0198636424009832,0.887918578607045,FALSE,0.92276124147621,3899,ERCC5,"ERCC excision repair 5, endonuclease"
8776,-1,-0.0275253856568548,-0.411882400900474,0.356831629586765,0.888374709541922,0,1,0.0197012318897913,0.888374709541922,FALSE,0.922998544375351,3900,MTMR1,myotubularin related protein 1
3539,1,0.0229021150159118,-0.297861318597893,0.343665548629716,0.888708170982869,0,1,0.0195829293615156,0.888708170982869,FALSE,0.923063208735413,3901,,
4369,1,0.0345772091230843,-0.450514706208188,0.519669124454357,0.88889255688193,0,1,0.0195176705001191,0.88889255688193,FALSE,0.923063208735413,3902,,
14260,1,0.0253715100899975,-0.335151469670242,0.385894489850237,0.890295057766365,0,1,0.0190249231822708,0.890295057766364,FALSE,0.924252313031742,3903,,
6882,1,0.0314507761346163,-0.416273497789927,0.47917505005916,0.890493837629793,0,1,0.0189556043368141,0.890493837629793,FALSE,0.924252313031742,3904,TAF11,TATA-box binding protein associated factor 11
4260,-1,-0.0303379294909535,-0.464681274251253,0.404005415269346,0.891110484394242,0,1,0.0187413863871411,0.891110484394242,FALSE,0.924655488544294,3905,,
6096,1,0.0345046895549141,-0.461384175662879,0.530393554772707,0.891523074911027,0,1,0.018598748311958,0.891523074911027,FALSE,0.924846774075647,3906,RORB,RAR related orphan receptor B
347,0,0.127357660806167,-1.70874113153707,1.96345645314941,0.891861325823768,20.2578906794627,6.76737694842039e-06,0.0184822244297709,0.891861325823768,FALSE,0.924960863127184,3907,APOD,apolipoprotein D
4698,1,0.0720723025287984,-0.969704758985841,1.11384936404344,0.892141946643688,0,1,0.0183858365344691,0.892141946643688,FALSE,0.925015140174059,3908,NDUFA5,NADH:ubiquinone oxidoreductase subunit A5
796,-1,-0.0565394375663961,-0.877105066429914,0.764026191297122,0.89257439140261,0,1,0.0182378024287093,0.89257439140261,FALSE,0.925226767450339,3909,CALCA,calcitonin related polypeptide alpha
124,0,-0.131938989823667,-2.05569424444482,1.79181626479749,0.893068623225803,10.4400804384036,0.00123309899903214,0.0180693634364038,0.893068623225803,FALSE,0.925502317470832,3910,ADH1A,"alcohol dehydrogenase 1A (class I), alpha polypeptide"
11090,1,0.0639415985868643,-0.871401946874041,0.99928514404777,0.893413399767287,0,1,0.017952331297655,0.893413399767287,FALSE,0.925622883113538,3911,,
2305,1,0.0365758188306963,-0.50227215124712,0.575423788908512,0.894163281900874,0,1,0.0176991249341014,0.894163281900875,FALSE,0.92603100664561,3912,FOXM1,forkhead box M1
6303,1,0.027587399596419,-0.379230941667122,0.43440574085996,0.894264395114579,0,1,0.0176651229205012,0.894264395114579,FALSE,0.92603100664561,3913,SAT1,spermidine/spermine N1-acetyltransferase 1
457,0,-0.0941544405216806,-1.49157860608493,1.30326972504157,0.894939394131567,14.0541802661902,0.000177618583040563,0.0174389887607768,0.894939394131567,FALSE,0.926377839346271,3914,,
3186,1,0.0427987890974611,-0.593126965498374,0.678724543693296,0.89505657478792,0,1,0.0173998825790382,0.89505657478792,FALSE,0.926377839346271,3915,,
1939,1,0.0329433729962621,-0.460459584314158,0.526346330306682,0.895884272415677,0,1,0.0171249303059813,0.895884272415677,FALSE,0.926997720078734,3916,EIF2D,eukaryotic translation initiation factor 2D
54033,-1,-0.0434255356456344,-0.696458933413409,0.60960786212214,0.896302143803338,0,1,0.0169869639341606,0.896302143803338,FALSE,0.927193333339577,3917,RBM11,RNA binding motif protein 11
13009,1,0.0239053237001383,-0.340926803873766,0.388737451274042,0.897812631545145,0,1,0.0164929859103532,0.897812631545144,FALSE,0.928518831807281,3918,,
6374,-1,-0.0292971500299741,-0.485656839838018,0.42706253977807,0.899870623737017,0,1,0.0158318759995561,0.899870623737017,FALSE,0.930409739061596,3919,CXCL5,C-X-C motif chemokine ligand 5
1865,1,0.0679991798334167,-0.996448236462633,1.13244659612947,0.900359916774259,0,1,0.0156767165801077,0.900359916774259,FALSE,0.930678158869719,3920,,
2228,-1,-0.0239957647242967,-0.401642348909773,0.353650819461179,0.900890395971938,0,1,0.0155093733432963,0.900890395971938,FALSE,0.930989003947538,3921,,
284,0,-0.141666924022672,-2.43653860674838,2.15320475870303,0.90369704236276,17.2217853653792,3.32600360897547e-05,0.014639164685445,0.90369704236276,FALSE,0.933476966614293,3922,ANGPT1,angiopoietin 1
2135,1,0.0193786953016564,-0.294740051546127,0.33349744214944,0.90375867226749,0,1,0.0146203422107463,0.90375867226749,FALSE,0.933476966614293,3923,EXTL2,exostosin like glycosyltransferase 2
79,0,-0.0888752382704806,-1.5372758807666,1.35952540422564,0.904273030338638,15.2680637826762,9.32803591161659e-05,0.0144637304833746,0.904273030338638,FALSE,0.933770213795148,3924,,
2068,-1,-0.0207897673753755,-0.362104593875386,0.320525059124635,0.904971911895756,0,1,0.0142523058451224,0.904971911895756,FALSE,0.934253805605504,3925,ERCC2,"ERCC excision repair 2, TFIIH core complex helicase subunit"
1533,1,0.0187726620604807,-0.2902456818791,0.327791006000061,0.905222648250828,0,1,0.0141768382682079,0.905222648250828,FALSE,0.934274623207426,3926,,
2538,1,0.0231065540412878,-0.364627652380414,0.41084076046299,0.907017198062496,0,1,0.0136426366828041,0.907017198062496,FALSE,0.935888384657304,3927,G6PC1,glucose-6-phosphatase catalytic subunit 1
3429,-1,-0.0192377826251107,-0.343352672723558,0.304877107473336,0.90738837967772,0,1,0.0135334412424696,0.90738837967772,FALSE,0.935960976252472,3928,IFI27,interferon alpha inducible protein 27
470,0,0.0868106616172496,-1.38193710026666,1.55555842350116,0.907776094904243,19.3999993205629,1.06007097575963e-05,0.0134198567102132,0.907776094904243,FALSE,0.935960976252472,3929,,
189,0,-0.0845131897880578,-1.51578208023677,1.34675570066065,0.907865388989815,13.2847203935318,0.00026757793346431,0.0133937659593664,0.907865388989814,FALSE,0.935960976252472,3930,AGXT,alanine--glyoxylate aminotransferase
2785,-1,-0.0176487078272574,-0.317014381577852,0.281716965923337,0.908011499913245,0,1,0.0133511294418817,0.908011499913245,FALSE,0.935960976252472,3931,GNG3,G protein subunit gamma 3
194,0,0.0562981314098161,-0.914998616285609,1.02759487910524,0.909552439284763,6.68997900811861,0.00969563467122787,0.0129056616166062,0.909552439284763,FALSE,0.937310906404339,3932,,
3169,-1,-0.0360211238834605,-0.665192805512294,0.593150557745373,0.910655953865392,0,1,0.0125913520117073,0.910655953865392,FALSE,0.938209490226944,3933,FOXA1,forkhead box A1
30710,1,0.0213411339810433,-0.352850771310343,0.39553303927243,0.91099639891733,0,1,0.0124951763515724,0.91099639891733,FALSE,0.938321659484754,3934,,
34167,-1,-0.0258291265210158,-0.480049765892881,0.42839151285085,0.911257300056908,0,1,0.0124217244968056,0.911257300056908,FALSE,0.938351862726961,3935,,
11650,-1,-0.0247553973084132,-0.470260000987152,0.420749206370325,0.913274265304516,0,1,0.0118612809079075,0.913274265304516,FALSE,0.940189868651905,3936,,
455,0,0.027927964009498,-0.486836728949051,0.542692656968047,0.915316100646418,2.21145992964008,0.136988976929512,0.0113072561650928,0.915316100646418,FALSE,0.942052537419173,3937,,
2555,0,-0.0141093123439589,-0.279029161447255,0.250810536759337,0.916863569529626,0.874010048956718,0.349847544535383,0.0108962956759609,0.916863569529626,FALSE,0.943405582461667,3938,GABRA2,gamma-aminobutyric acid type A receptor subunit alpha2
8191,1,0.0197532471550982,-0.35348563711643,0.392992131426626,0.91738450402489,0,1,0.0107596814152494,0.91738450402489,FALSE,0.94370195742799,3939,,
137,0,-0.118655577980816,-2.38201513662426,2.14470398066263,0.918161226379447,25.4439651427141,4.55420036084009e-07,0.0105576046972594,0.918161226379447,FALSE,0.944261240936426,3940,,
10358,-1,-0.0227984587631982,-0.460809997585334,0.415213080058937,0.918744024226294,0,1,0.0104072516484678,0.918744024226294,FALSE,0.944620854139798,3941,,
990,-1,-0.0321914866342243,-0.657978054125882,0.593595080857433,0.919690365549916,0,1,0.0101654304902742,0.919690365549916,FALSE,0.945353972909249,3942,CDC6,cell division cycle 6
2051,-1,-0.0192543569717953,-0.404858347382005,0.366349633438414,0.922038026910904,0,1,0.00957791947681924,0.922038026910904,FALSE,0.94732672189869,3943,EPHB6,EPH receptor B6
6957,-1,-0.0225701742785844,-0.475931671814025,0.430791323256856,0.922269810865845,0,1,0.00952087226942629,0.922269810865845,FALSE,0.94732672189869,3944,,
4882,-1,-0.0252347516276064,-0.532388137383088,0.481918634127876,0.922310937287841,0,1,0.00951076810758442,0.922310937287841,FALSE,0.94732672189869,3945,NPR2,natriuretic peptide receptor 2
3996,1,0.0139767752265375,-0.272756815947633,0.300710366400708,0.923887447070945,0,1,0.00912752425810958,0.923887447070945,FALSE,0.948705508244164,3946,LLGL1,LLGL scribble cell polarity complex component 1
349,0,-0.0367575089700626,-0.795908704261195,0.72239368632107,0.924394313743183,9.56191414944583,0.00198655855876771,0.00900599632652677,0.924394313743183,FALSE,0.948985497665918,3947,,
9011,1,0.019460532466534,-0.385761843144995,0.424682908078063,0.92500910346039,0,1,0.00885969524790643,0.92500910346039,FALSE,0.949376111251647,3948,,
2378,1,0.022537694549643,-0.45481995399585,0.499895343095136,0.926271687013191,0,1,0.00856302847747643,0.926271687013191,FALSE,0.950191569411415,3949,,
5421,1,0.0254845708964964,-0.515077705922522,0.566046847715515,0.926378936152144,0,1,0.00853806314934744,0.926378936152144,FALSE,0.950191569411415,3950,,
1463641,-1,-0.0229967915416377,-0.511643180268869,0.465649597185594,0.926507129996175,0,1,0.00850827056240548,0.926507129996175,FALSE,0.950191569411415,3951,,
188,0,-0.0707207132097878,-1.58877537288496,1.44733394646539,0.927248114801788,12.7071122242033,0.000364267507047265,0.00833709263918876,0.927248114801788,FALSE,0.950710870743128,3952,,
2767,1,0.0233836043830336,-0.480359633081562,0.527126841847629,0.927507753017697,0,1,0.00827752752633061,0.927507753017697,FALSE,0.950736507773263,3953,GNA11,G protein subunit alpha 11
2272,1,0.0202201575410839,-0.420818644149044,0.461258959231212,0.928400208755088,0,1,0.00807442589467201,0.928400208755088,FALSE,0.951409920901466,3954,FHIT,fragile histidine triad diadenosine triphosphatase
2349,-1,-0.0228918858615461,-0.524929907100603,0.479146135377511,0.928787652669234,0,1,0.00798704456118437,0.928787652669234,FALSE,0.951409920901466,3955,,
147,0,0.0649772031590837,-1.3684209586899,1.49837536500806,0.929203587082063,9.27514493001161,0.00232284307571284,0.00789377100266433,0.929203587082063,FALSE,0.951409920901466,3956,ADRA1B,adrenoceptor alpha 1B
221,0,0.0525402484008647,-1.10670436217815,1.21178485897988,0.929216126983538,1.47683992441693,0.22426960070341,0.00789096749620647,0.929216126983538,FALSE,0.951409920901466,3957,ALDH3B1,aldehyde dehydrogenase 3 family member B1
39684,-1,-0.0217039610004587,-0.503764745098006,0.460356823097089,0.929682730181956,0,1,0.00778700721573483,0.929682730181956,FALSE,0.951409920901466,3958,,
4891,-1,-0.0212951103186519,-0.494329110749601,0.451738890112298,0.929690749577014,0,1,0.00778522654863226,0.929690749577014,FALSE,0.951409920901466,3959,SLC11A2,solute carrier family 11 member 2
2466,-1,-0.0208634724115452,-0.486832452400805,0.445105507577714,0.930070472026723,0,1,0.00770114593670803,0.930070472026723,FALSE,0.951409920901466,3960,,
4462,-1,-0.015313466714238,-0.357478582280449,0.326851648851973,0.930101268987424,0,1,0.00769434684144611,0.930101268987424,FALSE,0.951409920901466,3961,,
4144,-1,-0.0184075134765481,-0.430750936536551,0.393935909583454,0.930277913773842,0,1,0.00765540713286249,0.930277913773842,FALSE,0.951409920901466,3962,MAT2A,methionine adenosyltransferase 2A
3491,1,0.0162172721138948,-0.363380625340323,0.395815169568113,0.933267884329163,0,1,0.00701139110531148,0.933267884329163,FALSE,0.954226966263379,3963,CCN1,cellular communication network factor 1
1404,-1,-0.0174500497102311,-0.431314573249568,0.396414473829106,0.934138361933826,0,1,0.00682925168422462,0.934138361933826,FALSE,0.954876045044365,3964,HAPLN1,hyaluronan and proteoglycan link protein 1
22868,-1,-0.011542313928033,-0.28646887153583,0.263384243679764,0.934419539034976,0,1,0.00677093364449707,0.934419539034976,FALSE,0.954922565490472,3965,FASTKD2,FAST kinase domains 2
3878,-1,-0.0192214436917106,-0.493272042786945,0.454829155403524,0.936657892917664,0,1,0.00631566069772187,0.936657892917664,FALSE,0.956799987197436,3966,,
8025,-1,-0.0120724006968071,-0.31028135456782,0.286136553174205,0.936757997895598,0,1,0.00629567219670808,0.936757997895598,FALSE,0.956799987197436,3967,,
90,0,0.101683399134823,-2.42284084003122,2.62620763830087,0.937077241547334,26.3928913524148,2.78563797132963e-07,0.00623214003801736,0.937077241547334,FALSE,0.956799987197436,3968,ACVR1,activin A receptor type 1
932,-1,-0.0196134121006851,-0.507524440977864,0.468297616776494,0.937201172059877,0,1,0.00620756418390585,0.937201172059877,FALSE,0.956799987197436,3969,MS4A3,membrane spanning 4-domains A3
4884,-1,-0.0203813047984106,-0.529414513614053,0.488651904017232,0.93744983736548,0,1,0.00615840033379758,0.93744983736548,FALSE,0.956812781109553,3970,NPTX1,neuronal pentraxin 1
7358,-1,-0.0940153088281983,-2.46187265155752,2.27384203390112,0.937971250133131,0,1,0.00605594982912241,0.937971250133131,FALSE,0.957103879511319,3971,UGDH,UDP-glucose 6-dehydrogenase
5134,-1,-0.0145054676540085,-0.390073309404885,0.361062374096868,0.939658393380229,0,1,0.00573037251455338,0.939658393380229,FALSE,0.958536865893317,3972,PDCD2,programmed cell death 2
2010,-1,-0.0195839471502296,-0.528248439402501,0.489080545102041,0.939848708833699,0,1,0.00569421412319255,0.939848708833699,FALSE,0.958536865893317,3973,EMD,emerin
1076,0,-0.0181773811450123,-0.492649467597289,0.456294705307264,0.940144943076166,4.95443676499151,0.0260238008135343,0.00563816101111909,0.940144943076166,FALSE,0.958597712467193,3974,,
16084,1,0.0204844727123791,-0.521828604065116,0.562797549489874,0.940984472270987,0,1,0.00548082085840337,0.940984472270987,FALSE,0.959212347582903,3975,,
3910,-1,-0.0188757215632345,-0.527190311070335,0.489438867943866,0.941980249279067,0,1,0.00529709982159352,0.941980249279067,FALSE,0.9599859079675,3976,LAMA4,laminin subunit alpha 4
2266,-1,-0.0136867280445204,-0.391703328333058,0.364329872244017,0.943426567054282,0,1,0.00503586076547693,0.943426567054282,FALSE,0.961218116596417,3977,FGG,fibrinogen gamma chain
18630,-1,-0.0124622293302055,-0.363304208432996,0.338379749772585,0.944496340041348,0,1,0.00484690553388449,0.944496340041348,FALSE,0.962023933285201,3978,,
28777,-1,-0.0145291369287988,-0.42501120410172,0.395952930244122,0.944692307636183,0,1,0.0048126850102418,0.944692307636183,FALSE,0.962023933285201,3979,,
2530,-1,-0.0186151341503865,-0.557285680206324,0.520055411905551,0.945999331519253,0,1,0.00458756323719175,0.945999331519253,FALSE,0.962874266680621,3980,FUT8,fucosyltransferase 8
12473,1,0.0108765204304022,-0.303878893112686,0.32563193397349,0.94600258036909,0,1,0.00458701040460212,0.94600258036909,FALSE,0.962874266680621,3981,,
287,0,0.0384962821322776,-1.08720089215673,1.16419345642128,0.946560758827458,11.309278815383,0.000771207208756503,0.00449252608311546,0.946560758827458,FALSE,0.963200450720457,3982,ANK2,ankyrin 2
8138,1,0.0127848937592819,-0.363831394837451,0.389401182356014,0.94695238694271,0,1,0.00442682374130389,0.94695238694271,FALSE,0.963357035373301,3983,,
6388,1,0.011790663945415,-0.339700006425362,0.363281334316192,0.947579661411641,0,1,0.00432260051418711,0.947579661411641,FALSE,0.96375320984939,3984,SDF2,stromal cell derived factor 2
18695,-1,-0.0131698508404583,-0.409821849118381,0.383482147437465,0.948113674037838,0,1,0.00423485555204353,0.948113674037838,FALSE,0.964054355633957,3985,,
2864,-1,-0.0107113039564084,-0.335331957832562,0.313909349919745,0.948435394685057,0,1,0.00418242895650031,0.948435394685057,FALSE,0.964139543217223,3986,FFAR1,free fatty acid receptor 1
3670,0,0.00671702469619787,-0.206078230729829,0.219512280122225,0.950668289179186,0.851843742311489,0.356031274781688,0.00382759687307172,0.950668289179186,FALSE,0.965976125688517,3987,ISL1,ISL LIM homeobox 1
4456,1,0.0133111956541512,-0.408820530289449,0.435442921597752,0.95071885223243,0,1,0.00381974463042096,0.95071885223243,FALSE,0.965976125688517,3988,,
5737,1,0.0106255330775562,-0.334998083992531,0.356249150147643,0.95195228556649,0,1,0.00363070376348892,0.95195228556649,FALSE,0.966986879196645,3989,PTGFR,prostaglandin F receptor
2429,1,0.0102845195356687,-0.335241802203091,0.355810841274429,0.953479460899626,0,1,0.00340331323839004,0.953479460899626,FALSE,0.968045850895463,3990,,
3188,1,0.0138737946854082,-0.454805000762067,0.482552590132883,0.953733727250885,0,1,0.00336617041199436,0.953733727250885,FALSE,0.968045850895463,3991,HNRNPH2,heterogeneous nuclear ribonucleoprotein H2
7411,-1,-0.0182599308095674,-0.636684480212902,0.600164618593768,0.953851435016959,0,1,0.00334904508895608,0.953851435016959,FALSE,0.968045850895463,3992,VBP1,VHL binding protein 1
25647,1,0.00877709124577019,-0.289123749645541,0.306677932137081,0.953950415258041,0,1,0.00333467835319869,0.953950415258041,FALSE,0.968045850895463,3993,,
2959,-1,-0.0121995334289561,-0.429385874546098,0.404986807688186,0.954295014464209,0,1,0.00328490234275867,0.954295014464209,FALSE,0.968135555979902,3994,GTF2B,general transcription factor IIB
4215,1,0.0136659460515783,-0.456405979522055,0.483737871625211,0.95456101889807,0,1,0.00324673585658773,0.95456101889807,FALSE,0.968135555979902,3995,MAP3K3,mitogen-activated protein kinase kinase kinase 3
244375,-1,-0.0179023424603593,-0.6363461016084,0.600541416687682,0.954755597654415,0,1,0.00321895926388769,0.954755597654415,FALSE,0.968135555979902,3996,,
2613,-1,-0.0118954516515798,-0.425969494343129,0.402178591039969,0.955098416631857,0,1,0.00317031226908024,0.955098416631857,FALSE,0.968240876705601,3997,,
17,0,-0.0851742059016379,-3.07100267079895,2.90065425899567,0.955413315944057,12.9047186524341,0.000327754797122946,0.0031259545588995,0.955413315944057,FALSE,0.968317847975317,3998,,
5691,1,0.0101012439074378,-0.348352469717327,0.368554957532202,0.955953727209203,0,1,0.00305056111106515,0.955953727209203,FALSE,0.968623281483294,3999,PSMB3,proteasome 20S subunit beta 3
2286,1,0.0169625062594247,-0.590913873515943,0.624838886034792,0.956383939370015,0,1,0.00299120161890117,0.956383939370015,FALSE,0.968816930581825,4000,FKBP2,FKBP prolyl isomerase 2
5494,1,0.00958576843181745,-0.339082837433991,0.358254374297626,0.957027351831911,0,1,0.00290351689986074,0.957027351831911,FALSE,0.969226400805524,4001,PPM1A,"protein phosphatase, Mg2+/Mn2+ dependent 1A"
6743,1,0.0129737807695437,-0.467566079210543,0.49351364074963,0.957799008836442,0,1,0.00280008011210093,0.957799008836442,FALSE,0.969453907055179,4002,,
2691,1,0.0104044568345236,-0.375573293721838,0.396382207390885,0.957864971769922,0,1,0.00279132539054083,0.957864971769922,FALSE,0.969453907055179,4003,GHRH,growth hormone releasing hormone
398,0,-0.0175209814650231,-0.669124845984452,0.634082883054406,0.957969754158178,6.08090290829211,0.0136650910089945,0.00277744674011833,0.957969754158178,FALSE,0.969453907055179,4004,ARHGDIG,Rho GDP dissociation inhibitor gamma
3094,-1,-0.0106040129186928,-0.418766446142463,0.397558420305077,0.959389556815278,0,1,0.00259280955083831,0.959389556815278,FALSE,0.970568280900547,4005,HINT1,histidine triad nucleotide binding protein 1
945,-1,-0.0276965043470616,-1.09800321407571,1.04261020538159,0.959549983535931,0,1,0.0025723473027448,0.959549983535931,FALSE,0.970568280900547,4006,CD33,CD33 molecule
24561,-1,-0.00994891334908623,-0.402062901395517,0.382165074697345,0.960338193274807,0,1,0.00247299255018078,0.960338193274807,FALSE,0.97112312431982,4007,,
7851,1,0.0128418232842267,-0.499065222707365,0.524748869275819,0.960785310749152,0,1,0.00241750480554877,0.960785310749152,FALSE,0.97133285408073,4008,MALL,"mal, T cell differentiation protein like"
18891,-1,-0.0105684296940178,-0.440696497343097,0.419559637955061,0.96159100044098,0,1,0.00231911102904315,0.96159100044098,FALSE,0.971819883193345,4009,,
2998,1,0.00703374730105276,-0.281460106515029,0.295527601117135,0.961887003901096,0,1,0.0022834766479941,0.961887003901096,FALSE,0.971819883193345,4010,GYS2,glycogen synthase 2
15005,-1,-0.00702397513819453,-0.295872117759428,0.281824167483039,0.961986562558861,0,1,0.0022715534219653,0.961986562558861,FALSE,0.971819883193345,4011,,
686,0,-0.0170349605138726,-0.731713886517537,0.697643965489792,0.962738498171158,5.39776277963066,0.0201625809773994,0.00218251125664291,0.962738498171158,FALSE,0.972337087385228,4012,BTD,biotinidase
2997,1,0.00666419182745583,-0.2818355093114,0.295163892966311,0.963888799286974,0,1,0.00204974778681243,0.963888799286974,FALSE,0.973256270797613,4013,GYS1,glycogen synthase 1
1673,1,0.0112855159103705,-0.483348924037641,0.505919955858382,0.964331857544729,0,1,0.0019997251715294,0.964331857544729,FALSE,0.973461057989846,4014,DEFB4A,defensin beta 4A
2671,1,0.00967214042462976,-0.43653141428126,0.45587569513052,0.96611191046011,0,1,0.00180499214730468,0.96611191046011,FALSE,0.975015058825496,4015,GFER,"growth factor, augmenter of liver regeneration"
9916,-1,-0.00700665813947218,-0.339738366063354,0.32572504978441,0.967078349068933,0,1,0.00170345105814252,0.967078349068933,FALSE,0.975747378094451,4016,,
1217,0,-0.0156113294772088,-0.767546746340032,0.736324087385614,0.967541558620038,10.5042264363704,0.00119101809256487,0.00165582669251238,0.967541558620038,FALSE,0.975963368338797,4017,,
1117,-1,-0.00760513651641533,-0.376559387863702,0.361349114830872,0.967774139680475,0,1,0.00163216917934209,0.967774139680475,FALSE,0.975963368338797,4018,CHI3L2,chitinase 3 like 2
2180,1,0.00705195048018452,-0.345181556522269,0.359285457482638,0.968699209956119,0,1,0.00153976114513005,0.968699209956119,FALSE,0.9766531969998,4019,ACSL1,acyl-CoA synthetase long chain family member 1
2151,-1,-0.00634449566426026,-0.326852096725251,0.31416310539673,0.96905161578269,0,1,0.00150526763795866,0.96905161578269,FALSE,0.976765459490413,4020,F2RL2,coagulation factor II thrombin receptor like 2
2964,1,0.00419503130974688,-0.220950943604905,0.229341006224399,0.970868513339489,0,1,0.00133363879590356,0.970868513339489,FALSE,0.978343712955626,4021,,
337516,1,0.00598706446087785,-0.317915026292371,0.329889155214126,0.971100299483595,0,1,0.00131249164515118,0.971100299483595,FALSE,0.978343712955626,4022,,
466,0,0.0210758047077899,-1.24893959766746,1.29109120708304,0.974053023296551,22.0102601182047,2.71196856279918e-06,0.00105790467762221,0.974053023296551,FALSE,0.981074534028741,4023,ATF1,activating transcription factor 1
2759,-1,-0.00577175399080323,-0.366257780277954,0.354714272296348,0.9749656537626,0,1,0.000984770287678007,0.9749656537626,FALSE,0.981674869060862,4024,,
1670,-1,-0.0066900993274883,-0.42735616929478,0.413975970639803,0.975133600190022,0,1,0.000971597402866929,0.975133600190022,FALSE,0.981674869060862,4025,DEFA5,defensin alpha 5
8699,-1,-0.00593864152186687,-0.39336346338409,0.381486180340356,0.97603251344139,0,1,0.000902600394340639,0.97603251344139,FALSE,0.982335753716968,4026,,
12713,1,0.00414202595978545,-0.315568141784412,0.323852193703983,0.979741940042726,0,1,0.000644776081011836,0.979741940042726,FALSE,0.985730984802586,4027,,
968,0,0.00453551390670302,-0.352270222987845,0.361341250801251,0.980123592105388,2.08321481978272,0.148926232375433,0.000620705410109491,0.980123592105388,FALSE,0.985730984802586,4028,CD68,CD68 molecule
1877,1,0.00509629383647525,-0.396071438924545,0.406264026597496,0.980135769439689,0,1,0.000619944932299195,0.980135769439689,FALSE,0.985730984802586,4029,E4F1,E4F transcription factor 1
8292,-1,-0.00466853291690441,-0.444194768244438,0.434857702410629,0.983390658865787,0,1,0.00043339852221052,0.983390658865787,FALSE,0.988759044596568,4030,COLQ,collagen like tail subunit of asymmetric acetylcholinesterase
183,0,0.0165307869264805,-1.6990069275316,1.73206850138456,0.984932000623415,15.5906838259582,7.86411027493421e-05,0.000356683236001256,0.984932000623415,FALSE,0.990063127394214,4031,AGT,angiotensinogen
118,0,0.0110839598214685,-1.18466310385486,1.2068310234978,0.985504944537229,9.93939518268088,0.00161778694403732,0.000330071039979318,0.985504944537229,FALSE,0.99017612867916,4032,ADD1,adducin 1
2869,-1,-0.00320059098526048,-0.354642404898594,0.348241222928073,0.985758955693201,0,1,0.000318602862762913,0.985758955693201,FALSE,0.99017612867916,4033,GRK5,G protein-coupled receptor kinase 5
3534,1,0.00314680535891126,-0.342840083295064,0.349133694012886,0.985777518038433,0,1,0.000317772756769244,0.985777518038433,FALSE,0.99017612867916,4034,,
4918,-1,-0.00452683533957112,-0.523912680947622,0.514859010268479,0.986370760652336,0,1,0.000291813485073322,0.986370760652336,FALSE,0.990526473894241,4035,,
22,0,-0.020777396084349,-2.4650547158803,2.4234999237116,0.986707437763991,18.9936838515893,1.31151874794988e-05,0.000277573156317441,0.986707437763991,FALSE,0.990619062888923,4036,ABCB7,ATP binding cassette subfamily B member 7
506,0,0.00745035597617905,-0.952902318179549,0.967803030131907,0.987868410917135,11.1463928566644,0.000841952309437002,0.000231200478953813,0.987868410917135,FALSE,0.991354208822752,4037,ATP5F1B,ATP synthase F1 subunit beta
1278,-1,-0.0033879849921973,-0.442292147014717,0.435516177030322,0.98792899684755,0,1,0.000228896809581776,0.98792899684755,FALSE,0.991354208822752,4038,COL1A2,collagen type I alpha 2 chain
4214,-1,-0.00288617164734173,-0.406644352991213,0.40087200969653,0.988821725626945,0,1,0.000196289840915137,0.988821725626945,FALSE,0.992004365496504,4039,MAP3K1,mitogen-activated protein kinase kinase kinase 1
14288,1,0.00230557483443502,-0.347166016656748,0.351777166325618,0.989683238379841,0,1,0.000167197920928328,0.989683238379841,FALSE,0.992622891563147,4040,,
2837,-1,-0.00341440856306067,-0.600889904115714,0.594061086989593,0.991063355939819,0,1,0.000125454706752795,0.991063355939819,FALSE,0.993664802788292,4041,UTS2R,urotensin 2 receptor
11701,-1,-0.00182571197776749,-0.326723915526109,0.323072491570574,0.991212520451697,0,1,0.000121301477731898,0.991212520451697,FALSE,0.993664802788292,4042,,
6354,-1,-0.00192270994642927,-0.355261325519081,0.351415905626222,0.991490528479161,0,1,0.000113747411349111,0.991490528479161,FALSE,0.993697655552204,4043,CCL7,C-C motif chemokine ligand 7
2794,-1,-0.00269298475577034,-0.530562327188071,0.52517635767653,0.992022103991701,0,1,9.99795303722358e-05,0.992022103991701,FALSE,0.993984561170715,4044,GNL1,G protein nucleolar 1 (putative)
7023,1,0.00195448506188285,-0.436146838854192,0.440055808977957,0.99302345486371,0,1,7.64560332370601e-05,0.99302345486371,FALSE,0.994617804988424,4045,TFAP4,transcription factor AP-4
4566,-1,-0.00219925523117733,-0.503908994643035,0.49951048418068,0.993145024428224,0,1,7.38146195544439e-05,0.993145024428224,FALSE,0.994617804988424,4046,,
40206,-1,-0.00104041422218587,-0.377139201419877,0.375058372975506,0.995673961581647,0,1,2.93971261892155e-05,0.995673961581647,FALSE,0.996904099908286,4047,,
7804,-1,-0.000749122474500024,-0.379652933729502,0.378154688780502,0.996908203376843,0,1,1.50156413919679e-05,0.996908203376843,FALSE,0.99789329053433,4048,LRP8,LDL receptor related protein 8
2243,1,0.000799098229152994,-0.57106257405613,0.572660770514436,0.997814771842722,0,1,7.50092008787123e-06,0.997814771842722,FALSE,0.998554076440284,4049,FGA,fibrinogen alpha chain
197,0,-0.00131725482951933,-1.60644592056722,1.60381141090819,0.998716641728814,21.8927072172985,2.88327589868792e-06,2.58711705800836e-06,0.998716641728814,FALSE,0.999150235706524,4050,AHSG,alpha 2-HS glycoprotein
11156,-1,-0.000206405556358862,-0.294622569678557,0.294209758565839,0.998903653713507,0,1,1.88805938575292e-06,0.998903653713507,FALSE,0.999150235706524,4051,PTP4A3,protein tyrosine phosphatase 4A3
5343,-1,-0.000124182025549099,-0.344687835217536,0.344439471166437,0.999436391684012,0,1,4.98970343793897e-07,0.999436391684012,FALSE,0.999436391684012,4052,PLGLB1,plasminogen like B1
