Gene_ID,baseMean,log2FoldChange,lfcSE,stat,pvalue,padj
20.5441,14.8756325899774,0.458834767515615,0.422851502854567,1.08509669332646,0.277878831722426,0.686543720545821
26.0346,11.2973794929385,-0.134769000065124,0.274428336031544,-0.491089958179949,0.623362823538779,0.877589008858996
9.5841,13.1507206646404,-0.0406289574937032,0.384129251415181,-0.105768975791406,0.915765652413033,0.978463935687972
18.3758,11.8237579377045,-0.243205986267731,0.325865495631816,-0.746338564616,0.455462920899877,0.806808777437228
12.6121,16.3061326432618,0.032363460022978,0.343137583234867,0.0943162789627337,0.924857918816235,0.97968093888036
18.4255,13.7988513406694,-0.543672347852519,0.279156926593986,-1.94755098677258,0.0514687132949742,0.357951989213759
19.8824,9.99911883940414,-0.534415542309296,0.425438357225467,-1.25615270281348,0.20906061113302,0.617633392025195
98.8853,58.7021398322414,0.0386858278684293,0.156426148076824,0.247310493444037,0.804667938388103,0.950760017024347
21.8638,14.6744998260203,-0.077292798583542,0.309697776952876,-0.249574922183904,0.802916094169037,0.950760017024347
18.5502,26.7295846755883,0.00726973213045905,0.220405737945569,0.0329834068669046,0.973687819843986,0.989932034283738
51.4673,23.1403595655966,0.133846402293151,0.262786419758779,0.509335308940294,0.610517212459235,0.872268837610323
36.5241,19.0656271982676,0.278070526100836,0.261616315546299,1.0628944357701,0.287829826643096,0.694565981726491
289.4741,277.265084649063,-0.178279665390472,0.123075438893455,-1.44853974922492,0.147466157667063,0.543273104834594
22.6115,20.6538987645035,-0.298654454241069,0.283414339265593,-1.05377326713591,0.291986735474118,0.698970973700217
108.4991,83.403898819209,0.0890808698011478,0.20309115543298,0.438625057852627,0.660933237319369,0.893801660063275
25.6273,21.5411641499936,-0.180993934927799,0.306377607108033,-0.590754450484294,0.554684958589902,0.852879462595976
42.3982,26.8966736886224,0.0805708617006125,0.165126534361242,0.487934068333016,0.62559654235224,0.878092908349592
105.0684,59.4523827505067,-0.0218382753992546,0.173379077316868,-0.125956809421375,0.899766113295024,0.976413285590125
27.9569,24.7046853744749,-0.131015886204644,0.238506529420028,-0.549317817517333,0.58278736191047,0.861074155955499
60.241,38.4156171639871,-0.278130734454058,0.168632827070782,-1.64932735390432,0.0990805886352113,0.462857739892982
32.9489,22.9869749621279,0.148175917331475,0.265893111472305,0.557276254773936,0.577338696678232,0.860205581762669
44.0194,18.1568245298089,-0.208053667184312,0.283006327389864,-0.735155532044701,0.462244777379609,0.809300425357955
84.5478,63.2782513131045,-0.301138099803083,0.20206122416414,-1.49033096799641,0.136137233703391,0.52717581836613
1390.6151,2630.89886853275,0.531535833348032,0.263118972686748,2.02013495233901,0.0433693912211814,0.33179081217654
321.6132,88.88056182638,0.103664491198791,0.187291242057635,0.553493532638812,0.579925507921528,0.860205581762669
71.3871,132.002708910665,0.265146127433126,0.555589613471001,0.477233772922151,0.63319566437323,0.884006360190598
15.9772,18.8190498246395,-0.489678461260995,0.22506360156173,-2.17573369422282,0.0295751791902588,0.287562462221741
25.6835,20.5973279475942,-0.62418197425216,0.344157957820677,-1.81364969214918,0.0697316748494447,0.397795686267993
43.0615,14.9154299450923,0.135835382316752,0.249413664891628,0.544618845867059,0.586015690412349,0.862276812663919
16.6448,15.75011154661,0.160868058326125,0.306017957045986,0.525681760243733,0.599109338878741,0.868760378552006
32.3295,27.8605837809241,0.364988373987714,0.226805314089338,1.60925847550445,0.107559834816986,0.479628355658963
39.8191,24.2868446478717,-0.142994570539651,0.248201317480204,-0.576123334039337,0.564531820510394,0.857519296586156
18.0483,15.9398758207269,-0.396062817242366,0.441978406018268,-0.896113502038369,0.370192146520882,0.761179345240449
29.1461,17.8395321293987,-0.071431306388963,0.217253289706867,-0.328792749170072,0.742312343988772,0.927729157594159
10.9473,11.0351776111524,-0.168929355715095,0.309614395470206,-0.545612084536783,0.585332615748823,0.862276812663919
13.1087,13.4012367129741,0.463533073482362,0.260320782145682,1.78062262129713,0.0749741217143169,0.409161614506641
74.8975,29.7994188967989,-0.734679920639945,0.413358089029831,-1.77734497071116,0.0755114988252827,0.410999256227956
22.8321,13.515823583978,0.509487204020318,0.323480803058659,1.57501526892132,0.115252920175602,0.489003798716126
54.1228,46.016310849825,-0.228439467249777,0.220864446534002,-1.03429714847568,0.300997269526402,0.706812375742819
24.4815,16.3992245502952,0.144873465506575,0.24979429376314,0.579971076697002,0.561934122676088,0.856011509510132
19.8626,10.1730061393079,-0.0402358236907683,0.285447470038891,-0.140957016312971,0.887903899235254,0.973620531905895
20.8892,20.8928677672847,-0.519589797785239,0.291142696920564,-1.78465681358652,0.0743169999549433,0.407753839170124
62.7696,76.9212552779658,0.313950595239402,0.15665544975224,2.00408345663003,0.0450611212397658,0.339338958355835
19.4299,13.652005647268,-0.168439496927512,0.327412455883645,-0.514456594123503,0.606932800156936,0.870385544215723
21.5865,12.9177442259725,0.354439560639207,0.420057944489594,0.843787304320316,0.39878827112881,0.775001241646596
22.956,16.8039070051206,0.00590245374113747,0.272251996196702,0.0216801118948379,0.98270312845341,0.992702066924321
72.3718,35.4424800217136,-0.250531665968188,0.228878418338246,-1.0946058950737,0.27368933183636,0.685431474903796
25.2913,13.4297750676432,0.451342558010398,0.367343873305707,1.22866499432477,0.21919743606831,0.627664606076312
14.8794,9.67906473525355,-0.624475173936732,0.341644716715183,-1.82784964433486,0.0675721202034024,0.393957000616611
94.749,54.096832769269,-0.183476633581337,0.19092406568065,-0.960992701088974,0.3365558377821,0.732323800633588
15.765,13.0165550533203,-0.615236417466572,0.359561720982186,-1.71107318038744,0.0870676044097818,0.43890929376383
47.8134,40.842659953221,0.187194434174654,0.172541056858091,1.0849269013613,0.277954032178871,0.686543720545821
38.886,24.0819633784533,2.14004180813362,0.429953882972647,4.97737523228688,6.44523007681183e-07,0.000503742731684212
30.4459,15.7730817107255,-0.395756041783854,0.264625304331517,-1.49553362927099,0.134775230053724,0.525287943781334
19.9701,21.6379731230805,0.188572264211506,0.255666340185176,0.73757172756854,0.460774741153805,0.808988795540038
10.1483,9.34557070403365,0.4207349874067,0.451156626178342,0.932569673132506,0.351042197699582,0.745755542997045
28.0668,31.8304451874219,-0.11356741645002,0.316187811015889,-0.359177085559169,0.719462617531853,0.920103597238968
20.2654,15.8067973412323,0.433808222189732,0.224586288372452,1.93158818970421,0.0534103547152273,0.362258973206481
6.5677,13.4326611586843,0.517601802657939,0.367359391919384,1.40897936474025,0.158841269934579,0.5567832938098
18.5033,20.4286205924263,-0.532611592421303,0.274837995680042,-1.93791106321905,0.0526340739913525,0.359643631266564
27.5079,17.7523057959769,-0.139359089968385,0.327010833904516,-0.426160467848831,0.669990921317803,0.897774389514978
27.2084,30.7423304908363,-0.102394123781393,0.198788510808436,-0.515090753308504,0.606489603908433,0.870385544215723
12.5961,10.0001400358824,-0.226085952403229,0.379822857863522,-0.595240512050662,0.551682713844275,0.852879462595976
20.3742,11.8010133000935,-0.117500576417149,0.301631109013652,-0.389550589796197,0.696868894829039,0.907872117131306
42.4282,30.3567998909666,-0.179875216862686,0.187091572048518,-0.961428753274039,0.336336632743214,0.732323800633588
18.7886,13.2675573572741,0.25703039312252,0.293380389481896,0.876099433832066,0.380975980536203,0.76832545815261
39.6547,61.09415127074,-0.387523208644865,0.242797133980049,-1.59607818384178,0.110471338774049,0.484020217275703
18.3621,25.5635088497649,-0.488723989957468,0.287272610266244,-1.70125508834455,0.0888950974541323,0.442794651072957
53.7426,35.9245688988634,0.263811596496802,0.245115954255688,1.07627264531958,0.281805338763984,0.688546245210609
23.7002,31.1226016890861,0.544208225933726,0.258995607090931,2.10122570049097,0.0356211583678396,0.308290767522255
28.9755,31.2162146877009,0.0142235099197503,0.219197260100804,0.06488908626508,0.948262310179847,0.983506025301001
21.3003,25.1965080958254,-0.0211917638146243,0.218828708412046,-0.0968417899479672,0.922852036301779,0.97968093888036
33.3123,34.9079857157324,0.245425579857255,0.219430848863915,1.11846434139924,0.263368727852426,0.679375852285526
93.7137,44.5577392269465,0.130591684806229,0.169641441312337,0.769810040494696,0.441412582911822,0.800232506358196
28.6111,20.5255702781387,0.0683188684775505,0.38246868840557,0.17862604325169,0.858231343810818,0.96466647296826
17.8272,11.5266390362555,0.314756606430612,0.393040710049136,0.800824439766715,0.42323328823679,0.792615024633713
21.4613,12.449752744707,0.0802951371027142,0.26841753503858,0.299142666261254,0.764831192931092,0.936512057210527
39.9306,22.4261853377467,-0.271218331256089,0.186769096291581,-1.45215850288566,0.146457538101008,0.541511993722454
50.2002,32.5753402425622,-0.198704015995686,0.278848184877821,-0.712588522255395,0.476100416226533,0.81573179759612
16.1796,10.2405567886126,-0.368994384732581,0.275166666589908,-1.34098504482924,0.179925308211754,0.580693812479636
37.8604,41.7708977366673,0.100529544215111,0.190405255449995,0.527976730356127,0.597515486791735,0.868727099148796
77.2234,80.5534823548659,-0.247495003787421,0.193388188466781,-1.27978345394106,0.200621304599992,0.607898381048794
31.1461,28.1357221359027,-0.432879285446402,0.299923723141696,-1.44329791892418,0.148936565779913,0.544560540217301
25.4104,50.1298564887519,0.00636259579766491,0.301633528445198,0.0210937949453484,0.983170834711378,0.992702066924321
28.8071,25.5486486596328,-0.122750737023659,0.247288410260491,-0.496386939017298,0.619621438252041,0.874902053781892
17.3805,11.5073013195792,0.0766890853990334,0.304436760578892,0.251904813509406,0.801114638902254,0.950760017024347
13.5396,16.0450156267042,0.005906005387727,0.35557464302863,0.0166097484832501,0.986747947466844,0.99402978041591
128.2055,80.9118228349027,-0.112133641355306,0.16105366045228,-0.696250187921257,0.486272162221767,0.820654733989735
525.6761,249.393319241317,0.0232556126596056,0.137087441787501,0.169640722420468,0.865292694824291,0.967829952338113
404.4967,219.891708264772,0.151308132814619,0.13970907574029,1.08302293185226,0.278798244530949,0.686583659496182
13.4474,17.7785589692309,-0.289529520138864,0.287736368968605,-1.00623192395416,0.314304018880554,0.716674940404185
51.0729,32.5198078396079,-0.0607657559942558,0.326251911876846,-0.186254099308371,0.852245500995925,0.963665190210818
74.8402,36.1258134304598,0.108254690891328,0.161952875573635,0.668433274234195,0.503857061535596,0.82896965010341
24.7091,14.3723669322096,0.585390811694549,0.265998900327144,2.20072643523937,0.0277553962054124,0.276429351186806
56.0977,42.5842023943933,-0.277356336628824,0.222550308031107,-1.24626354859979,0.212667655447162,0.620533116202665
620.1207,320.781044353796,0.0749793376913618,0.111494800130324,0.672491789784993,0.501270665162805,0.828039848770279
29.8973,13.1130510136545,0.439614652824131,0.409524324034711,1.07347629194028,0.283057470315368,0.690507405751462
501.6089,441.457230620278,-0.160526541367081,0.153825939931386,-1.04355963265158,0.296689177533923,0.704464836146042
71.6463,42.2029500672558,-0.290665654197312,0.186209437063496,-1.5609609200322,0.118532971915964,0.494490911353426
105.9769,56.423192080201,-0.135948916943823,0.349872143629974,-0.388567422182669,0.697596169904017,0.907874681439318
44.7857,53.938225871129,0.151570709872331,0.198947798500954,0.7618617095258,0.446142545205705,0.801856980957099
29.5238,25.0103049267535,-0.376429911842626,0.261541487369158,-1.43927418792762,0.150072853100087,0.54477829726167
15.1677,19.2357192326401,0.335316947038663,0.240260045880532,1.39564173397934,0.162822408273071,0.560807089850692
28.4795,13.8600428491926,-0.451462866428569,0.236246603597052,-1.91098140483151,0.0560069705950895,0.371265193426995
31.0877,15.2101859388205,-0.0932482204451554,0.294673739842144,-0.316445640847089,0.751664279006582,0.930823263765315
28.2519,12.837366691972,0.574633001640319,0.33019773837338,1.74026934427557,0.0818117343009355,0.427130932267841
84.0527,80.2932415320275,0.503293261486212,0.213252187731374,2.36008486871981,0.0182707546312273,0.226815731735135
24.1217,31.766488341982,-0.23594233466849,0.188427980292367,-1.25216188329567,0.210510882041518,0.618218418472634
8.3562,13.2970623905688,0.153777732804667,0.338923662334636,0.453723802420248,0.650027632861061,0.890808592970812
32.1357,15.807858717699,-0.332369113953926,0.219924164581159,-1.51128965108003,0.130714669496921,0.516703318927968
34.867,29.8252103302939,-0.207388017327283,0.218150012289204,-0.950666998140468,0.341773446159014,0.736394749876277
6.7719,10.341518445108,-0.37873659090437,0.295783589555604,-1.28045166898338,0.200386332163666,0.607743911781342
17.5059,16.2710878640017,-0.844859375639828,0.257368552554606,-3.28268301334358,0.00102824216954122,0.0568239288481737
7.7711,10.0348284563103,0.154941013702385,0.295522182314544,0.524295714416019,0.600072877186611,0.868760378552006
21.4963,24.7351574568608,0.0210669448749775,0.257071338963583,0.0819498002379869,0.934686632720245,0.982660283672524
274.5073,241.920121704265,0.0457241584588469,0.25000823995717,0.182890605792354,0.854883854067865,0.963901152889363
37.1359,16.8691232525857,-0.166261951499576,0.28329096676329,-0.586894645456518,0.557274466182482,0.853597319792133
17.4568,10.851313398537,-0.328810581021753,0.258411791650252,-1.27242870351204,0.203220841004097,0.611996199593382
25.6806,22.1265152751377,0.184825501887717,0.370018074595234,0.4995039825822,0.617424381819681,0.874210328636391
27.5557,20.3606650058235,-0.456162396578728,0.215899445925209,-2.1128465366083,0.034613905086719,0.306632085969228
97.6024,45.4947561163858,0.0187414355031757,0.199377547931253,0.0939997291452189,0.925109371895572,0.97968093888036
33.5166,24.3556161067633,0.0370490295361272,0.294856492535835,0.125651055594866,0.90000814666726,0.976413285590125
11.0913,9.63811523443866,-0.303448177387936,0.329039249620536,-0.92222486447403,0.356411296059704,0.747726706084823
34.7149,25.9813624335105,0.847153015653715,0.451575494615114,1.87599421526573,0.060656074229263,0.382259984453201
85.2081,65.6540787501526,-0.205723574929409,0.183952423905045,-1.11835207474951,0.263416654277804,0.679375852285526
22.8383,16.8810278323649,0.547030627680665,0.236495008100234,2.31307473284517,0.0207185306439524,0.238652908818376
26.4543,16.5642293843778,-0.00030451748423512,0.214054805957498,-0.00142261456299927,0.998864918187079,0.999494448662075
28.2454,16.1924467033413,0.411247336863572,0.374823749121374,1.09717523990296,0.272564794639056,0.685431474903796
35.1929,28.986355725167,0.101855514692793,0.180807547936554,0.563336629776839,0.573205679786079,0.859040327188875
15.0723,21.7639044825368,-0.422904313073153,0.464502796603971,-0.910445138683882,0.362587801835814,0.754010843411532
41.2276,17.5674170259531,-0.502695928223127,0.246616786513285,-2.03836865823425,0.0415130782510046,0.326999090437901
8.2013,13.8018233150951,-0.125404260444472,0.434611401556316,-0.288543420617608,0.772930798265468,0.93783197504187
88.6532,104.127899925254,-0.221428664988254,0.23272657766425,-0.951454136483307,0.341373889906908,0.735791846186584
33.3005,18.8876243428961,0.0171205405339422,0.235714817658202,0.0726324322926861,0.942098617633185,0.983506025301001
25.4424,15.447247705707,-0.203285503102775,0.301536695987098,-0.674165054562623,0.500206383926121,0.827719208423554
12.7184,14.5918393649393,-0.4878335572831,0.312818295316168,-1.5594789837661,0.118883054971915,0.495392856701424
35.35,17.8365708685745,0.162444460492082,0.209820809227106,0.774205671451087,0.438809174952266,0.798665755000471
30.3537,19.8734493324745,0.171826818406,0.24231438589459,0.709106963549191,0.47825810198304,0.81573179759612
1217.7144,418.326460804486,0.365682303309654,0.161905322801293,2.2586181663617,0.0239071467997033,0.255939751017729
40.7064,23.7320896182852,0.0923729384766051,0.303286567770649,0.304573127506455,0.760691289300958,0.934535949548227
18.6582,13.4133984194661,0.686447837175198,0.343166139170735,2.00033674311227,0.045463913966812,0.33934106017789
43.7194,28.163490731635,-0.358420766002607,0.257963485148273,-1.3894244210439,0.164703728508839,0.56211344552206
50.0804,25.7091546107168,-0.0737645134000417,0.217286120774172,-0.33948101764266,0.734247394682134,0.925718145326573
87.6478,54.8799258585012,-0.168114006719214,0.216562603973418,-0.776283641010564,0.437581529975963,0.797667903204477
37.3052,35.6317591033757,0.231294602709975,0.394792839003837,0.585863217006646,0.557967437394863,0.853597319792133
82.4388,39.9560929372055,0.326070965561395,0.225722407830228,1.44456622049966,0.148579766725196,0.54414145621188
21.006,23.5224733217986,-0.367912497355806,0.273396418922735,-1.34571074048992,0.178395821195714,0.577907763025612
19.5203,11.3147132734899,-0.251534029476429,0.367988642927913,-0.683537479513202,0.494267275563629,0.823555425254474
34.9991,26.4994339370414,-0.237836814956509,0.214644527177817,-1.10804975129638,0.267840330242392,0.684488539880795
19.5105,10.4932629178705,-0.00980543206542601,0.33868533418095,-0.02895145161552,0.976903310343982,0.991044637377272
113.131,89.7423050321038,0.34126453142683,0.201924808538191,1.69005747187466,0.0910169600262549,0.446869193390005
74.0367,81.2624496799739,0.27764122001538,0.189973359648656,1.4614744958391,0.143885269728037,0.536513945678877
310.8164,279.903045968031,-0.203271633316778,0.256899048344261,-0.791251017187034,0.428797525934081,0.794200985667357
30.8888,18.9104223221493,-0.0550290558147631,0.256555552645933,-0.21449177477249,0.830163580496576,0.95857630601018
26.2786,22.6583242469753,0.494799094199926,0.245882443081936,2.01234007600552,0.0441841006064558,0.335613471231979
84.1545,72.3247081174274,-0.0817900372632788,0.203389710550054,-0.402134587054985,0.687584979636633,0.904755824382679
26.9153,18.3408271763154,-0.6057073375387,0.336009961360959,-1.80264696643329,0.0714436759808257,0.402034238921405
10.9146,15.0297617109888,0.617032825546943,0.317017252770744,1.94636985890847,0.0516103274928218,0.357951989213759
1159.5353,839.104319872632,0.632608725808576,0.253052380701402,2.49991216859977,0.0124224100599739,0.183499302448413
51.5849,28.3942264146454,0.00734891957866713,0.199371832398978,0.036860370345399,0.970596338141694,0.988789873777891
117.2194,76.9429191486394,-0.09175162345188,0.159841311986942,-0.574016956638692,0.565956326796556,0.857520082739223
15.6615,16.0548927062218,-0.301936186830306,0.337049277868171,-0.895822084948664,0.370347792652283,0.761179345240449
276.523,93.7768032284941,0.00135061736567547,0.133000528531577,0.0101549774319491,0.99189763954937,0.996600882117541
83.8671,51.3474708369322,0.042194891491277,0.246772288872657,0.170987154530349,0.864233866049821,0.967696265830202
35.7484,26.1005438267619,0.148947184088881,0.221907950305359,0.671211571662574,0.502085758002085,0.828495430430401
98.2996,42.4880449024053,0.268255841768647,0.244104020790605,1.09894069298743,0.271793935493147,0.685431474903796
15.8948,11.5015940889015,-0.146107782219321,0.258916729396392,-0.564304139635701,0.572547164639514,0.859040327188875
63.6502,23.6937132596126,-0.107466800807353,0.22643636600773,-0.474600448249924,0.63507178670551,0.88532580065911
38.0475,35.9825822872691,-0.0413740722353875,0.235712616473059,-0.175527610080712,0.860665077835524,0.966188732437506
36.9169,25.6308198697012,-0.0929414713564088,0.197400696025583,-0.470826462255045,0.637764665801367,0.887067504449041
78.2704,36.1353546979495,-0.170056501706668,0.221594910615059,-0.767420611035961,0.442831477923294,0.800854645615397
102.5557,38.3045034261923,-0.415392322391386,0.21927643663613,-1.89437738392608,0.0581749361505411,0.375406692991827
17.8899,11.6977661858495,-0.78969819734806,0.314519824270444,-2.51080579476932,0.012045594413096,0.181718036844194
34.9686,13.7474050203653,-0.433318222788212,0.312318175487246,-1.38742557045294,0.165312032296054,0.562560099975559
45.7623,27.1115398737804,-0.283602234522426,0.306786591585476,-0.924428388661861,0.355263319854968,0.74665608906886
30.1776,29.3966365372276,-0.492909398901898,0.205883319367673,-2.39412012792375,0.0166602912189034,0.216901460890173
340.6045,130.090687973516,0.279722488323809,0.191017670981459,1.46438016381721,0.143090104882569,0.535498595921673
28.1269,13.278998578019,0.130343172436579,0.409465903975836,0.318324849934932,0.750238536395723,0.930823263765315
75.1998,41.0307879794796,-0.171367064480507,0.184338177623388,-0.929634146815851,0.352560541259847,0.745993617402692
5.9584,10.1041948288987,0.373695354770183,0.425240343711221,0.878786221243292,0.379517198553176,0.767863333842052
7.445,16.0343090750058,-0.319980635543554,0.277832196113033,-1.15170466209529,0.249442455849999,0.664557408644335
36.4696,11.0375593561113,-0.116701074769746,0.318204458826013,-0.366748709934185,0.713806469132456,0.917836524967346
53.7134,49.6950000471868,0.0498132673770215,0.349719191684383,0.142437900354,0.886734127411412,0.973620531905895
70.0033,40.840731924553,-0.439844805942649,0.265880013619388,-1.65429811724132,0.0980669553506911,0.460907009416174
10.8124,10.7334164501522,-0.179417282456453,0.324438974473025,-0.553007796760158,0.580258071318049,0.860205581762669
130.5092,92.584666522515,0.0888739344765605,0.19059705305114,0.466292280252173,0.641006303710832,0.888117763366624
60.2951,30.6350983280787,-0.184142458096105,0.220145823105463,-0.836456742619595,0.402898002328464,0.778696547997498
13.7865,14.1089808707541,-0.636765096579364,0.491621069560612,-1.29523557065704,0.195238977557947,0.601676788913532
37.8672,23.2995656756246,0.31602123944586,0.227384040744915,1.38981275207604,0.164585744759604,0.56211344552206
11.6385,15.090997542041,-0.55131750000035,0.374812076676203,-1.47091711902503,0.141313532416381,0.533549211510325
22.7901,20.0086339617565,-0.313662807941022,0.221447640882368,-1.41641973105344,0.156652650344202,0.55483028032572
49.1939,25.7102826645001,-0.364901717772043,0.197351634007136,-1.84899263493734,0.0644588762150926,0.389740620376655
46.6034,21.158309185861,0.153079164116177,0.285371026828288,0.536421534510886,0.59166725172011,0.866006329568277
19.2457,17.5898035399322,-0.0724631645157822,0.35266776300563,-0.205471472351799,0.837203784354115,0.961497780961666
10.2701,10.6933276974548,-0.441221040711671,0.311654710191666,-1.41573679550783,0.156852580948656,0.555218381295789
7.0209,12.547393400129,-0.0703083594953594,0.269877421345814,-0.260519606066889,0.794462993850249,0.949062032894592
21.5163,18.0090195317136,-0.106439447664981,0.239590200454967,-0.444256265334973,0.656857317080254,0.892736701808825
8.4522,13.2804325373075,-0.45866075594653,0.369472965765614,-1.24139192429439,0.214461000972168,0.622220420667599
10.4675,10.9181023298882,-0.348009042092468,0.332234514639471,-1.04748009841818,0.294878206331813,0.702335882910462
18.3286,15.4744136865297,-0.632008165567072,0.231218375416737,-2.73338208707665,0.00626875643604161,0.128772530257471
14.1614,22.3395368090719,0.320265539113627,0.318253788645639,1.0063212145142,0.314261078693348,0.716674940404185
24.9915,17.9909813124491,0.305255274169323,0.268616290889588,1.13639896209718,0.255789629983645,0.673693529133067
187.8574,84.1986731510268,0.185651650878248,0.230730918860583,0.804624069435732,0.421036648225246,0.790972241927281
50.4797,24.48498267874,-0.197708521462988,0.288748986641525,-0.68470723919263,0.493528679982055,0.823555425254474
93.0316,42.669679321796,0.146262732682229,0.16744437297998,0.873500435274204,0.382390369088691,0.76840706934271
12.5209,12.5423413261466,0.354842268029987,0.290752562869025,1.22042696555639,0.222303060248799,0.631696998984809
225.1693,165.011029710202,0.63229584595072,0.172263731360219,3.67051056515508,0.000242066463491197,0.025541123937976
19.321,37.3032135629312,0.287330001171617,0.236113120915908,1.21691670525142,0.22363590900151,0.632708407373057
60.7652,42.1476471529134,0.140200207806041,0.170314143391463,0.823185937551845,0.410402264501112,0.782947193170853
20.868,11.5422724373414,-0.353626349336671,0.336024891059982,-1.05238141204708,0.292624593320493,0.700225126929294
27.2529,9.5030383837074,-0.44189846884393,0.410064301736717,-1.07763213469787,0.281197955568707,0.688056902065977
58.3131,24.9808260905118,-0.424637868443469,0.221686814155518,-1.91548545663874,0.0554306221090904,0.36943728075961
166.2375,185.122981990833,-0.135530919516856,0.497177544384439,-0.272600645478988,0.785160215706489,0.944929983842563
11.937,14.642140769911,0.330746969301621,0.437973749911366,0.755175325846708,0.450143791384381,0.803174680039786
64.7388,46.4227227376342,-0.368121937540607,0.177166422515633,-2.07783129733923,0.0377249001149837,0.313723901178824
14.0422,14.326966316673,-0.00649968356352101,0.286437884051886,-0.0226914243031611,0.981896416490626,0.992401477064881
26.2299,12.865221232597,0.526860853391508,0.278096191514258,1.89452739544078,0.0581550416014891,0.375406692991827
12.8254,19.1745478780253,-0.165075565207687,0.355463387376691,-0.464395409119177,0.642364478646777,0.888117763366624
63.7058,43.1387746298798,0.399534422123678,0.264512607129639,1.51045512143723,0.13092733260575,0.516703318927968
47.4886,20.6355195188866,0.286542130013495,0.246071461473124,1.16446713608352,0.244234754112554,0.659122152497575
24.6023,17.7933951866768,0.303653022387986,0.313931238219296,0.967259658867941,0.33341424501881,0.731112760260622
28.3826,37.2269620986538,-0.370694417489822,0.259338554735319,-1.42938414177619,0.152893853833257,0.548064300941012
25.5693,19.0224703854469,-0.529805420963779,0.35477704446478,-1.49334752411348,0.135346241552197,0.525396496739261
13.5962,13.9115330206269,-0.741583002009501,0.30118407631599,-2.46222513182092,0.013807796442955,0.195925853358051
54.7893,13.789899143238,-0.150214768454536,0.314362523030999,-0.477839301600603,0.632764585967899,0.883914157938791
29.0975,25.4948454595275,-0.0263090498490391,0.35487570751657,-0.07413595603134,0.940902205192747,0.983506025301001
25.6956,38.3527959857008,0.0248950759439056,0.216662435475991,0.114902594393961,0.908522328688145,0.97705552321547
76.7985,34.6062964921582,0.609752495152775,0.318880780628967,1.9121644582972,0.0558551032631174,0.371059037353358
6.861,13.5011369917437,0.16264813124049,0.379665368159471,0.428398650182316,0.668360907251933,0.896706525157637
43.2642,22.4917257881256,-0.274559200346938,0.264028584290402,-1.03988437874951,0.298393620831944,0.704970703580276
13.0631,14.3431885966652,0.140205233725468,0.336327290828219,0.416871415281843,0.676772462640386,0.900551548134006
63.7083,36.1433226178448,0.129702222116632,0.19390884720322,0.668882436192824,0.503570475006629,0.82896965010341
40.6526,11.9346813234199,0.133299396171788,0.29502302316522,0.451827097226704,0.651393547127122,0.891098926369064
14.0797,10.6235906968455,0.18677580394476,0.328209856493656,0.569074329272529,0.56930569856449,0.859040327188875
20.4656,10.5009703988659,0.114617734336343,0.287278544943974,0.398977704230215,0.689909632632262,0.905874934300268
19.8111,10.5249890540483,-0.331575396395262,0.301870121827778,-1.09840415602453,0.272028048411897,0.685431474903796
15.7623,11.4296629930146,0.879929197021159,0.293149905591568,3.00163561453478,0.00268533398894482,0.0850703296638377
27.1816,17.6839174171614,0.168112131114255,0.234162013714342,0.717930839625155,0.472799931369094,0.814529151215571
7.3722,11.1232018074051,0.482754936485029,0.34019396911712,1.41905789140791,0.155882138990908,0.55483028032572
8.3438,9.32424153523646,-0.355502322663841,0.357297525114256,-0.994975609053433,0.31974812730342,0.720717478625013
33.7424,19.7095415419987,-0.747314554320772,0.248905045867786,-3.00240821440692,0.00267852732350464,0.0850703296638377
10.1853,10.4679317104816,-0.50874836117479,0.308270743851832,-1.65032969012238,0.0988755229351813,0.462442444754859
113.178,92.3455121498969,0.150857687872366,0.166022581428139,0.908657645090666,0.363530868003572,0.755137478907446
21.1209,22.5954036545263,0.526677155654736,0.260495463089293,2.02182851635386,0.0431940706904875,0.331370242687947
167.3315,63.9047983480231,0.409238769429324,0.194131069466068,2.10805395836371,0.0350263223577727,0.306632085969228
42.9632,24.6509529580046,0.147636859532895,0.224767285379741,0.656843184645241,0.511281753395677,0.833820310760906
15.0083,14.0071264253842,-0.118282599007461,0.318982904977532,-0.370811718000348,0.710777772925346,0.916002547691266
28.9919,16.5910977892619,-0.0269385788740695,0.217540439926537,-0.123832510788185,0.901447890033722,0.976907387424689
13.7278,10.8760347411579,-0.385883029207656,0.330489232686203,-1.16761150150404,0.242963508719094,0.65700475332806
38.736,10.1306835037246,0.0369944335003858,0.266774549580095,0.13867302393956,0.88970853588054,0.973981907282789
71.8987,23.0581305417503,-0.635945958814888,0.296355175382219,-2.14589118612384,0.031881661167597,0.297739829597087
18.6559,21.0783456244314,-0.437651183384508,0.239979193389347,-1.8237047020758,0.068196727615599,0.395721332575879
55.0985,49.3641494542506,-0.20029188501187,0.267086111425248,-0.749915014086863,0.45330589126426,0.80537347998458
28.704,10.8376619458958,1.4168829290851,0.469586896056652,3.01729656637217,0.00255040162355944,0.0830953303932087
12.5497,9.50803190264744,-0.504640191829924,0.293801534318529,-1.7176227244709,0.085865452626617,0.436068765612034
33.1633,31.2661029219992,0.171136267243601,0.210656364496269,0.812395427277164,0.416564769249697,0.786659651825258
388.7576,315.463077330724,0.292105601841999,0.133180299269138,2.1933093966976,0.0282850950863108,0.279448793508824
22.1539,19.4203522985743,0.209947180458246,0.21884257462198,0.959352542899392,0.337381174032731,0.732323800633588
44.6377,53.417915553441,0.0538782111950076,0.24482552093244,0.220067789460051,0.825818360156186,0.957123226154342
23.12,10.6422499560978,-0.620750850683104,0.345832944081975,-1.79494423913519,0.0726625845277776,0.40555093725994
41.5668,20.7559937762605,0.0537886819237028,0.222949759251012,0.241259206129682,0.809354225917184,0.952172556821622
60.2557,37.7175208342766,-0.387081998123306,0.283249291327232,-1.36657711060649,0.171757895799165,0.572060850778248
59.1172,43.8490928400269,-0.734944859636784,0.301580481746755,-2.43697753707396,0.0148105993624925,0.202123322885991
96.6755,65.7872544123493,-0.000614109989573603,0.150406311383331,-0.00408300678292988,0.996742240977903,0.998692494832743
86.378,62.1557915403259,-0.240010579854523,0.146054525306676,-1.64329437482724,0.100322041602471,0.465267128790328
32.2393,30.1645397689767,0.305391179772535,0.255422205717813,1.19563284998771,0.231839866288902,0.642315589876151
56.7158,27.7582500211524,0.168849322108982,0.213822270553215,0.78967135496281,0.429719724427448,0.794200985667357
66.1484,40.1955372059426,0.333501694460035,0.258894981697724,1.28817365355277,0.197685521011599,0.605572047166637
25.8629,18.8834313675718,-0.974805954089987,0.218677191611638,-4.45773949677021,8.28284730102626e-06,0.00254490483324032
31.8907,22.9251071182113,0.552039950264488,0.315284784678036,1.75092480542067,0.0799588633489153,0.42128766978319
30.9551,26.2382328844608,0.0459322880904901,0.231778318996965,0.198173359308433,0.842909430304705,0.962236343760892
10.9396,10.7987103575679,-0.00835050487654259,0.273037847955742,-0.0305836899135543,0.975601549629124,0.990704329454391
35.6326,32.4179379732525,-0.776250874857779,0.232468610944977,-3.33916424975547,0.000840308629531941,0.0517558100523888
45.8438,24.6308889344126,0.0480839441072642,0.245691471248962,0.19570864166685,0.844838220142351,0.962236343760892
17.5377,11.5979266741631,0.554026264300258,0.3190574068025,1.73644696060357,0.0824848349356947,0.429550263288003
261.703,124.016788890695,0.524915881528975,0.187446631105287,2.80034844282763,0.00510474718632466,0.120152917102424
59.6535,19.0939513283289,0.370518852572486,0.299644147148786,1.23652958383501,0.216261776097409,0.624496529191062
28.7515,19.2256208695856,-0.217119059762643,0.237916182608632,-0.912586346090632,0.361460138080448,0.752656790160954
12.3117,13.2853925878505,-0.255031938760504,0.253517008336928,-1.00597565596689,0.314427280606946,0.716674940404185
25.1282,15.2542197615498,-0.00911192425315797,0.250030271755332,-0.0364432842039002,0.970928901281659,0.988789873777891
27.3518,20.4657389331391,0.255580143638333,0.22896114503869,1.11625989464346,0.26431090329148,0.680146775848469
8.8937,10.9194527069111,0.00687348043584891,0.350569985716013,0.0196065856060391,0.984357210290144,0.993084067843201
109.3375,28.9172315841282,-0.263808200167914,0.201224771395876,-1.31101254750051,0.189853524466349,0.593340788217426
175.8684,64.5419123080525,-0.0222026404675198,0.223624651141081,-0.0992852995151797,0.920911750030591,0.97968093888036
61.3622,47.1472211388368,-0.0645229548690689,0.154653753761776,-0.417209109378994,0.676525462772711,0.900422128814881
18.453,13.6663727187234,-0.695391839637767,0.629152028944916,-1.1052842677849,0.269036432644284,0.684488539880795
10.7145,14.4458108563147,-0.111231458589624,0.294533426979876,-0.377653089261153,0.705688320671295,0.913306632108991
16.3688,23.7534377810523,-0.445532882218106,0.286980319227656,-1.55248584090072,0.120546018032709,0.49882510492323
36.8706,32.3886888291848,0.0695197551655847,0.220210315108055,0.315697087720309,0.752232437405786,0.930823263765315
95.8387,58.5156360625269,-0.0310395878907715,0.222725055492733,-0.139362802366814,0.889163464879168,0.973981907282789
44.1266,24.6988365983644,0.506033935983003,0.36645229450405,1.38089989767388,0.167309741430149,0.56645639729381
40.0279,21.6079570990405,-0.437157674467013,0.206996476828783,-2.11190876851787,0.0346942751517029,0.306632085969228
73.6155,48.6614971505233,-0.140750648613974,0.189409572870213,-0.743102085502398,0.457419877120054,0.807714122098486
137.4898,62.6929811611776,1.00975425326216,0.207863943583084,4.85776530482571,1.1871800834352e-06,0.000663201964791757
30.9049,17.8373743820355,-0.713611162908902,0.266165614498876,-2.6810794634478,0.00733850874934783,0.139515389712948
93.0282,66.1160403991674,0.0873959050315124,0.150974901622551,0.578877045735781,0.562672139614699,0.85627050468854
124.5023,72.3758380738077,-0.126923640843772,0.174700951303442,-0.726519460236455,0.467520382060991,0.812693998053532
6.0212,12.9958171153404,-0.28130914109705,0.235663232971115,-1.19369125828606,0.232598761254892,0.643723866981229
31.3115,13.4018033470543,0.172290664915895,0.283719816124467,0.607256367459056,0.543680789748243,0.850224073282803
4.9657,14.3657667951359,0.51096830259806,0.361762015536589,1.41244321032477,0.157819500988118,0.556066335653839
33.7241,20.555167499353,0.15029748424869,0.262004690488102,0.5736442502945,0.566208561165636,0.857520082739223
32.7513,33.2456288699584,-0.175117102960206,0.209167017674635,-0.837211836297273,0.402473505453441,0.778696547997498
46.5516,33.0950204865169,-0.0409078209073677,0.207322139939104,-0.197315254991017,0.843580842257068,0.962236343760892
46.2726,19.0316893580631,0.1601929158775,0.192019555054983,0.834253135476907,0.404138354411321,0.77908955355892
20.4684,16.1027148179472,0.325710356787272,0.319353634458026,1.01990496316109,0.307773535472335,0.711907827508434
26.5515,21.3193143780657,-0.491773469480106,0.262992232137942,-1.86991632978029,0.0614954377688041,0.38430355553639
43.0418,16.7372541964072,0.0927219366399095,0.250588511585801,0.370016710076359,0.711370039815669,0.916002547691266
18.7792,24.9921534675765,-0.549069695281296,0.363055919644129,-1.51235571594453,0.130443394176841,0.516703318927968
8.0435,13.4311070334091,-0.44593168602596,0.291698222413924,-1.52874324133925,0.126328108031523,0.509039502355764
66.6446,30.1173567896737,0.0256976439963071,0.264413327298293,0.0971874007217374,0.922577573445658,0.97968093888036
59.9634,38.0111529422025,-0.0554468294373891,0.151794783677263,-0.365274932999522,0.714906188130923,0.918481816028543
44.9841,17.6459693636338,0.142207775023186,0.245506463177669,0.579242489922849,0.562425564394254,0.856159553148207
29.3011,29.4554009604072,-0.282285036206947,0.243581071119343,-1.15889561906328,0.246498734868499,0.661370482498672
28.1032,13.5804285649446,0.00562081413190561,0.448547183484791,0.0125311546674692,0.990001846830539,0.995727782264968
61.9509,48.8781128513478,-0.194955134417009,0.252256280001806,-0.772845514155735,0.439613813627023,0.799135586028892
159.3276,124.082146150553,-0.138302663314822,0.214113788624264,-0.645930671739787,0.518324254866118,0.83641285312813
47.9443,28.0140938978218,-0.373913670377231,0.181355438472181,-2.06177258055919,0.0392293927244941,0.319290885154988
44.6806,16.6589197419799,-0.535395440602356,0.276022208218308,-1.93968247721179,0.0524182904196353,0.359643631266564
28.5211,11.01407937812,0.136476527094369,0.294240095343246,0.463827089694088,0.642771633113943,0.888117763366624
130.8713,68.1486769916819,-0.148726771889814,0.118167095422883,-1.25861409521464,0.208169753373355,0.616780682005431
15.3305,13.166277983103,-0.245407044107118,0.353120170889963,-0.694967504939247,0.487075666107565,0.820654733989735
36.7519,33.1432373821013,-0.257241710304612,0.20591323588704,-1.24927234131627,0.211565480620947,0.619024686443846
36.7427,41.9635776469156,0.0381468004578342,0.236507744449588,0.161291971840546,0.871863446019576,0.97057986880259
152.1654,105.608231895092,0.292883474314106,0.212502006557351,1.37826215883313,0.168122362028452,0.56826837990365
21.8792,14.7218091908335,-0.728467070125191,0.268970556708678,-2.70835246444536,0.00676181685534675,0.131253022960977
149.2866,93.9938831905887,0.0961843526850079,0.21077311036835,0.456340718780089,0.648144987481222,0.89061962166192
83.6846,49.557533965466,-0.223742519916025,0.220871263893683,-1.01299968122483,0.311060313192219,0.71613496166402
10.3691,15.1380243154198,0.830070858784746,0.343189816533,2.41869315112656,0.0155763735580144,0.208682160204282
14.6547,19.9729195576932,0.135018715686703,0.275242377977928,0.490544794295921,0.623748440382506,0.877660150956462
15.8339,13.2569941169601,0.195031586494011,0.3237966309928,0.602327411177875,0.546956218079224,0.850684872174865
52.6176,32.5372766125544,0.461234030398371,0.227172199546155,2.03032779239636,0.0423232309922223,0.328507293478467
255.5856,164.845243156745,0.0555703940651029,0.263863242498428,0.210603013663162,0.833197060493549,0.959782536439969
198.0179,128.581303152843,-0.35941913423155,0.222439411518878,-1.61580689221095,0.106136070951314,0.476517278343537
46.2201,25.6521792606835,-0.182926307052799,0.250712302491935,-0.729626369486529,0.465618599197418,0.811005184826568
675.2488,294.874891164484,0.00423353811071125,0.16363389638129,0.0258720118773345,0.97935942385796,0.99192609276475
100.0051,37.5960627194777,0.372482583832616,0.215802604388218,1.72603377465519,0.0843413367061075,0.433308854673777
45.6382,29.5152674390462,0.0564648081528649,0.251560505269329,0.224458160045481,0.822400819765738,0.956186181100515
115.1545,79.4047434475468,-0.477826779024233,0.185807035637339,-2.57162909566493,0.0101221269508244,0.167656253673359
38.2706,16.7587480654821,-0.199659929767415,0.201712172530017,-0.989825885384798,0.322259230220292,0.721460080374155
22.6303,13.7743127262817,-0.261906409432314,0.241652221936271,-1.08381544077581,0.278446637609583,0.686543720545821
17.8487,23.4119346667055,-0.513826814318733,0.249002020497686,-2.06354475876034,0.0390608998652409,0.318763917226966
16.2801,14.1295384919459,0.0167118048162392,0.346529842038522,0.0482261634897852,0.961535998993069,0.986972027885079
43.2359,19.5433523085318,0.472429371187518,0.412207344723021,1.14609644208296,0.251755249597349,0.667401211723774
28.3198,26.5695762434031,-0.296318127340519,0.200506461944391,-1.47784826716807,0.139448395785788,0.530430150410062
301.6172,222.353120129238,0.051254595525067,0.135794627535295,0.377441997929889,0.705845161029504,0.913306632108991
59.7676,29.301393690813,-0.088694177104191,0.220076268702522,-0.403015634657453,0.686936722834715,0.904677702918844
17.532,15.0311734289587,0.49228982197632,0.275060921292941,1.78974832070758,0.0734943805300773,0.407753839170124
14.157,12.9695890862122,-0.0424115218891965,0.28526373433038,-0.148674776303942,0.881810265592915,0.973513439941768
50.6674,27.7718264629821,-0.469692012893172,0.276847323944491,-1.69657414852725,0.0897772007049175,0.445263033358933
111.34,88.4711094745801,-0.310990156862086,0.179340971603538,-1.73407199749971,0.0829053093246221,0.430645076753848
111.2582,65.0935406310683,0.222145885292345,0.139254045017649,1.59525624741594,0.110654945261195,0.484078691793458
29.5166,12.2760770674291,0.236853309864484,0.254517725047281,0.930596522582009,0.352062313980104,0.745758369615464
59.5259,38.2034704151971,-0.018150395266658,0.21043649831991,-0.0862511751125293,0.931266750384448,0.981583907566455
80.6546,51.3545877072225,0.0981767883535269,0.189742430746071,0.517421369419028,0.604862045506917,0.870385544215723
24.8436,15.3278152888985,0.386732084485273,0.256188535809299,1.50956046203859,0.131155616501267,0.516703318927968
87.67,66.3011517491754,0.23961288511861,0.191324724438227,1.25238850243829,0.210428333798042,0.618218418472634
5.6325,12.1687981415392,-0.00144639072435888,0.267048812665189,-0.00541620353943413,0.995678515946374,0.997952125345044
74.2893,32.4340703955295,0.405447479744276,0.176822886326183,2.29295815812187,0.021850413996472,0.243244192044059
29.2887,11.9752122802664,-0.33653250225329,0.385911221521136,-0.872046428001728,0.383183049838063,0.768770269379949
245.5317,141.994372079494,0.240545041966195,0.143345311427191,1.67808098898564,0.0933312895010973,0.451947024416267
59.9261,36.3842443917019,0.228799460320078,0.228158135796909,1.0028108772932,0.315952119648294,0.718943038678086
115.3478,114.579977272296,0.185657360876496,0.183110941760185,1.01390642793835,0.310627403884504,0.71613496166402
26.2324,13.0512172675331,-0.235519120834547,0.285627443178956,-0.824567549298776,0.409617151069011,0.782947193170853
77.1548,47.4631065353083,0.308096898618123,0.187448896544526,1.64363143394092,0.100252356829903,0.465267128790328
111.9356,51.0113871516766,0.13140311827709,0.243930053497222,0.538691794607367,0.590099536452773,0.865225877237483
10.8019,11.020589963822,-0.373512696991537,0.378206779448788,-0.987588581928404,0.323354180518331,0.721814961113827
25.3496,19.5133650921597,-0.177110653727764,0.225667204792669,-0.784831158300043,0.432552569006287,0.794425813957657
86.4449,42.4301133980802,-0.219110940747251,0.225376467516418,-0.972199729465051,0.330951195143235,0.728805912032251
21.8125,14.6127099290519,0.449589794552915,0.27507450173293,1.63442918816743,0.102168763635891,0.470096588022416
56.8187,43.9808827305364,-0.0132491971357157,0.204594166263058,-0.0647584306909342,0.948366339443682,0.983506025301001
26.4181,28.2233161901294,0.190191329960139,0.262730961899677,0.723901471623137,0.469126226454511,0.813469507326006
56.6856,49.328950332413,-0.115085625398014,0.199778149543305,-0.576067130770315,0.564569807385637,0.857519296586156
19.418,10.8713207753612,-0.414923437902771,0.259027983567152,-1.60184792464789,0.109189242386802,0.481398285974624
11.0125,17.4946644325268,-0.472089988781914,0.186235865598561,-2.53490372149649,0.0112478235076121,0.175989906464579
77.4581,49.2267597072599,0.187307065177908,0.226936619127379,0.82537170906196,0.409160591512855,0.782932144566719
20.421,15.8667160502056,0.301470557745646,0.422755184947016,0.713109072295423,0.475778266006136,0.81573179759612
77.6193,47.6761587876547,-0.0841157136983364,0.263355823342917,-0.319399482535114,0.749423603169822,0.930823263765315
440.3335,171.385059263705,0.288779044204541,0.142021346480556,2.03334957286915,0.0420172181348455,0.328399283459243
45.2448,36.852749670515,0.393127727826842,0.42347566982992,0.928336043449046,0.353233283001338,0.746206416616314
19.4915,13.979499588489,0.345900152844418,0.523543008971098,0.66069099752512,0.508810498289445,0.832681913451775
15.2937,13.6804687071221,0.209041162320091,0.25620103011762,0.815926314676105,0.414542280641375,0.78606462498379
54.3621,29.630679930322,0.238691503968431,0.208545932593316,1.14455123147332,0.252395104112083,0.668430751703329
18.3381,16.0392879240493,-0.0167533171136204,0.259519132601325,-0.064555229303101,0.948528132152128,0.983506025301001
36.6056,18.5380342045639,-0.122402189995036,0.423466464215089,-0.289048130935027,0.772544545582884,0.937817325371457
29.639,36.743199171175,0.111747105130874,0.198638553682257,0.562565036139081,0.573731106040171,0.859040327188875
39.4205,16.8851849557985,-0.161738441165117,0.256595896616152,-0.630323568295658,0.528482906091214,0.84315533768357
14.0372,11.5581069984853,0.329002932007596,0.305219399613998,1.07792274155469,0.281068235619343,0.688056902065977
355.5615,140.627013379759,-0.259615120292981,0.149672549712385,-1.73455400333505,0.0828198326014237,0.430645076753848
41.3559,35.0080680660095,0.332155836528015,0.169058940845467,1.96473392573559,0.0494450411899184,0.348440112513817
26.4275,25.5946826955101,0.136391599509477,0.22505189683118,0.606045100840848,0.544484804755778,0.850607908974445
29.9767,24.6756553277875,0.249946113813927,0.289768748388608,0.862570981873879,0.388373390640257,0.769624599837664
14.0493,13.0856568894098,0.154332556710009,0.350379591634565,0.440472448723479,0.659594962571389,0.893194228705642
32.705,16.6035388612993,0.542057174333348,0.340947069399642,1.58985726226605,0.111866982976237,0.484950692370068
44.8678,36.5127068144497,0.399695634987598,0.185591444733654,2.15363178815279,0.0312690593216194,0.296068365995919
10.1663,11.0703103778693,0.220714063571007,0.307438715780488,0.717912391127074,0.472811307141732,0.814529151215571
18.5189,43.9391169472019,-0.191074315648523,0.323247259038746,-0.59110885028609,0.554447490276884,0.852879462595976
47.6029,23.188859736637,-0.152157086055043,0.224372942199545,-0.678143650314674,0.497680616706067,0.825883713113362
21.4742,12.526300226618,0.0354798837757674,0.381920010898079,0.0928987294809115,0.925984015111416,0.97988148318575
22.3023,16.0448184986841,0.00563226407644776,0.22413146904679,0.025129287290184,0.979951839675041,0.99192609276475
23.1239,25.6418200723239,0.788337535938642,0.585492029261459,1.34645306261992,0.178156448027012,0.577907763025612
25.9931,11.9686523421468,-0.171502866794633,0.378318953770989,-0.453328772151474,0.650312017586178,0.890808592970812
30.739,23.1395443806299,-1.07232957790223,0.343973517378559,-3.11747714206172,0.00182406091010018,0.0732851890064631
42.7228,17.0411758887626,0.444529406700079,0.437886037780443,1.01517145637552,0.31002410429947,0.715664207708582
115.912,57.5861799823226,-0.0731991480674964,0.182528259071425,-0.401029125242755,0.688398680710406,0.905051324981909
40.0526,21.5979361902678,-0.453934718727222,0.30320141821997,-1.49713916706648,0.13435705023569,0.524538801587239
39.6717,55.6277149916635,-0.635403412340224,0.169510153213731,-3.74846816130867,0.000177917918005122,0.0232495062836821
57.763,40.514410049416,-0.0977827587231016,0.200145013220676,-0.48855955564223,0.625153552350256,0.87793308314416
43.687,23.7677431382204,-0.234547524974591,0.208766530271023,-1.12349199208369,0.261228599710373,0.678946460066931
19.6682,9.92825098266406,0.154465298924318,0.273327855472578,0.565128272993804,0.571986519144033,0.859040327188875
25.7276,15.8664470095928,-0.32540753266704,0.256875846652697,-1.2667891392179,0.205230696569252,0.613396221020456
8.028,13.5886927540547,-0.883730004967507,0.464928615679866,-1.90078643293493,0.0573299918341858,0.375406692991827
492.2074,373.135456031646,0.190849395717099,0.132710344151284,1.43808982591092,0.150408569003724,0.54477829726167
43.8627,18.8548792504936,-0.189332239584898,0.242376534194122,-0.78114921567968,0.434714738496398,0.795044223112167
18.6339,24.0169024577212,-0.62554790887801,0.353753596091401,-1.76831533527756,0.0770082016105984,0.415514786653401
55.7884,17.7762764574526,-0.23299910464919,0.603800581317109,-0.385887512961538,0.699579978952278,0.909054550784891
198.3694,99.5062717100946,-0.0184738317497415,0.124927800201714,-0.147876066975588,0.882440576314274,0.973620531905895
11.6135,15.1450055032179,0.399952527902167,0.403204710254571,0.991934165773138,0.321229641249795,0.720814907838047
63.1086,15.8086911287613,-0.8864363158622,0.282568570778728,-3.137066211643,0.00170647585270065,0.0713353341145953
3.3428,11.9118595319109,0.441311797964688,0.564253923243835,0.782115603960065,0.43414663721213,0.795044223112167
62.5039,39.3017049329558,0.306545731571031,0.173374106248233,1.76811715546568,0.0770413200121175,0.415514786653401
31.3393,45.2889054487384,0.155694885337702,0.277933837096727,0.560186866644512,0.575351984203325,0.860205581762669
91.672,38.4207474621246,-0.00339275447338404,0.278216756369494,-0.0121946446276521,0.990270322476732,0.995727782264968
14.8859,10.9023193753094,0.21532410600689,0.27014499081633,0.797068660633753,0.42541115619095,0.792803609750161
18.4847,19.6717938896646,-0.0488430257404162,0.360967817417095,-0.135311303068269,0.892365748712214,0.974402387674113
16.4834,10.2015556194292,-0.524828475370014,0.399845086403814,-1.31257952946301,0.189324671191975,0.593340788217426
29.8995,11.6698954159976,0.237222120176322,0.377453840997412,0.628479815040348,0.529689665537961,0.844343189294623
105.6045,70.1714061554912,-0.214717406086506,0.21051496680333,-1.019962662736,0.307746168799249,0.711907827508434
12.428,11.6213803699606,0.411635587242555,0.276856309892496,1.48682031990672,0.137062273248623,0.529050043412556
8.5781,11.5726067172423,-0.0165138662099497,0.277083804040269,-0.0595988143989452,0.952475162664614,0.984207487806021
25.1799,18.5072277685254,-0.50818189655553,0.2808909293961,-1.80917873584631,0.0704232400413667,0.399585235507109
34.3962,21.9916813290654,-0.203042656905894,0.187103421771219,-1.08518943685682,0.277837761684266,0.686543720545821
11.0149,11.4879277035319,-0.671230618941845,0.306756312798184,-2.18815584533202,0.0286582521767342,0.280869154108504
46.6573,23.6944635510441,0.140891563703149,0.206994928608364,0.680652249068945,0.496091557651972,0.825029126325133
24.0635,38.9799454072701,0.268934602449337,0.278599995338142,0.965307275482636,0.334390928785213,0.73177786943915
21.8001,25.0009661256082,-0.984866512709118,0.459683850632967,-2.14248664892838,0.0321543418960705,0.298923496144256
99.1163,57.0221628844262,-0.423074156555537,0.201454885248669,-2.10009380528701,0.0357205901506665,0.308290767522255
21.5585,16.6076207724024,0.527599522721121,0.278240707505646,1.89619817837192,0.0579338439796343,0.375406692991827
41.0953,44.9136875194279,-0.263304878974523,0.223123621762459,-1.18008517831806,0.237966338960847,0.651069970131081
19.073,11.4916143397672,0.311510403524304,0.249126884081644,1.25040862078223,0.211150317028444,0.619024686443846
30.3972,18.3854780361768,-0.00155409737266657,0.208823027079703,-0.00744217433488982,0.994062058812533,0.997381952243134
13.9973,11.413544662878,-0.831094019783174,0.417151826593624,-1.99230583878708,0.0463375114642332,0.34129909328258
62.1915,49.7889261269348,-0.240101992014138,0.172507230486919,-1.39183726581446,0.163971682375535,0.56211344552206
76.34,60.9702843786395,-0.528674054840825,0.246995731059799,-2.14041778200948,0.0323210187356729,0.299008302653075
56.1298,43.4395574756348,-0.0973204264184072,0.183522061070255,-0.530292793416001,0.59590894249028,0.868727099148796
391.4759,221.739633744893,-0.17910898499708,0.316334322724481,-0.566201553642599,0.571256773908122,0.859040327188875
29.7831,28.610670062056,0.0389370105987377,0.172631556561663,0.225549785764861,0.821551599532279,0.955961859330781
52.8767,32.4809635790764,0.0324985734550134,0.158767494761596,0.204692865525233,0.837812094875793,0.961590460032078
5.3219,13.9350331534479,-0.015222367418135,0.471011690467623,-0.0323184492576439,0.974218096509395,0.990085102395286
35.1959,26.6973319499502,0.172014437804223,0.33911287857004,0.507248319584816,0.611980595280132,0.872439530921188
99.497,62.9204049590615,-0.0153345305427025,0.164290393543153,-0.0933379622021218,0.925635074229353,0.97968093888036
89.3036,57.385773640884,-0.0173884817724291,0.170441856794768,-0.102020020782611,0.918740783710141,0.978919576851682
11.2472,13.5170480321261,-0.361140497024165,0.393404002170733,-0.917988874112762,0.358624690669325,0.750084657645678
23.1412,16.1671166656779,-0.814576110623875,0.311977460662909,-2.61100949053503,0.00902753884473926,0.158497789145494
20.6281,26.3682010186663,-1.45884838667549,0.430338952581222,-3.38999846034189,0.000698930162109945,0.0476233964097962
65.5623,67.8410687962085,0.17873549846318,0.237298518910941,0.753209498666365,0.451324032312766,0.804310952718788
41.7161,15.5649279184281,-0.179566155392953,0.252941385899472,-0.709912119578243,0.477758634337297,0.81573179759612
41.6817,21.486278071842,0.0416401469637732,0.259588428808454,0.160408332354825,0.872559426342186,0.97102487335316
26.8484,20.8742357728872,0.419842067160689,0.287174859208639,1.46197361537023,0.143748440223252,0.536329183468055
91.427,34.1534208297059,0.210217702898246,0.210249740981467,0.999847618917049,0.317384257003562,0.719677586452727
44.234,19.1517006558673,-0.111183891640536,0.276625721461039,-0.401928971222567,0.687736300636398,0.904761200473275
101.3387,49.6788319835612,-0.109667432972361,0.260637215666453,-0.420766591954029,0.673925529043387,0.899299104445519
43.551,55.9186698051043,0.113618376689842,0.216419550682618,0.524991278890808,0.599589253574473,0.868760378552006
20.5502,14.2732431528033,0.437084850454359,0.320930770492059,1.36192877293819,0.173220364711103,0.57444098281151
4.6738,9.76952601361058,0.240525638646838,0.333045371162872,0.722200815483523,0.470171022038451,0.814088737792697
23.0345,15.5425436701343,-0.0895408496165876,0.419683218651296,-0.213353419048629,0.831051310201057,0.958619540275502
29.4757,34.4257654620086,0.891975283666102,0.275315369562729,3.2398310529586,0.00119600540580327,0.0602414198250908
27.6005,19.7386461856469,0.135987793047041,0.244766523127101,0.555581667417917,0.578496866748397,0.860205581762669
14.1293,22.0606890743554,0.059445526831577,0.280344951647167,0.212044220815481,0.83207253541772,0.959303138863394
73.8261,40.3901978910551,0.241818969993406,0.226784651969039,1.06629336638892,0.286291047277007,0.693245394538184
47.8186,51.4591424703871,0.374711970929943,0.181961744126202,2.05928983990204,0.0394664811984928,0.320795670588278
53.0634,20.2775018042646,-0.411182382001854,0.339051646037222,-1.21274262139024,0.225228238977203,0.634704655083816
140.9408,80.4596467026584,-0.176021766436012,0.194321051179234,-0.905829632805231,0.365026033903348,0.756521071951458
37.0471,13.652350322578,0.0545623030400463,0.289289574782767,0.18860791330285,0.850400130215174,0.963665190210818
29.6375,20.1010748348673,0.101600226194025,0.238367557784383,0.426233448621931,0.669937746616286,0.897774389514978
27.7386,24.6733306256617,-0.210454957987089,0.335900785678541,-0.626539046528149,0.530961434155972,0.844746310730077
36.7303,16.4237497910731,-0.337054574520364,0.287915634351103,-1.17067131585267,0.241730919248001,0.655243272509469
14.0204,10.4282125502864,-0.0343738974590264,0.35091969378546,-0.0979537428869448,0.921969024481755,0.97968093888036
18.4871,22.677155432471,-0.17173544445301,0.277670174676873,-0.618487184130811,0.536254243235411,0.846898567124544
74.0678,51.8554120531056,-0.262422504924666,0.142251082938256,-1.84478388145958,0.065068983064313,0.390961919671224
8.0136,11.8332794362549,0.00942559115313319,0.383100894255986,0.024603417257583,0.980371293548556,0.99192609276475
119.2326,86.8087143895453,-0.400920672854122,0.173667665923331,-2.30855105193339,0.0209685068002125,0.240394541580794
573.5705,174.107605869051,0.0549068990013366,0.15169864775725,0.361947188146325,0.71739149613849,0.919187304663193
67.1144,55.9115820968653,0.128330451299419,0.182504095888311,0.703164773781046,0.48195306923103,0.8192535575172
25.4618,14.0771828889852,-0.122309558679408,0.308105670426868,-0.396972761033426,0.691387547310599,0.907040238732628
12.956,21.2235963383571,0.462538950860855,0.26101868550287,1.77205302359769,0.076385755859441,0.414553994014927
49.8269,44.052479923012,-0.262887029394282,0.208429101852725,-1.26127794562986,0.207208724250258,0.616012390187632
16.2304,18.3114034229437,0.167303467030053,0.334041120926951,0.500846921378399,0.616478860465735,0.873977607875928
28.4089,21.5898586135972,0.200973254727004,0.215330382893512,0.933325116625052,0.35065213082114,0.745755542997045
38.0342,22.0634473785794,-0.480816177157548,0.338584280913353,-1.42007826193382,0.155584898058474,0.55483028032572
47.6852,30.7790189235966,0.212877128465207,0.19218649870432,1.10765912226082,0.268009059646698,0.684488539880795
22.0205,22.3962860355593,-0.224542838606174,0.205818210949918,-1.09097653492291,0.275283207859094,0.685431474903796
32.169,24.3750096707272,-0.0240267484563799,0.204863599906121,-0.117281686289757,0.906636837091912,0.97705552321547
14.8134,13.7357176526339,-0.0487943334629477,0.332236135881917,-0.146866424789777,0.883237453633975,0.973620531905895
15.6831,12.4918081190167,-0.309355991985937,0.406180248115709,-0.761622440827822,0.446285377379548,0.801856980957099
30.3788,23.5291964530423,-0.192587005827454,0.210343424038458,-0.915583678015258,0.359885295346764,0.750932135791464
21.8611,16.0902840051048,0.770240039083834,0.246052131954341,3.13039368107066,0.0017457217842709,0.0719963782841924
13.3528,24.8750433754616,0.363326216539923,0.28224544912279,1.28727041541017,0.198000051462023,0.606233341422088
25.3951,22.2525184234967,-0.483565999791838,0.313023733126903,-1.54482216080337,0.122389285438722,0.50186000189466
11.6115,14.3824084519439,-0.265480214302311,0.324792894761624,-0.817383072672064,0.413709546137549,0.785903773765491
21.0497,10.0207207802508,-0.26216364418757,0.301337201382604,-0.870000925822315,0.384299898256013,0.768975211586845
194.505,149.922792483058,0.336205042719572,0.164477028564894,2.04408509597389,0.0409451412524267,0.325404131486281
35.4654,46.2627358421905,-0.312044911867103,0.276802427167192,-1.12731999881859,0.259607209856747,0.678556488545177
40.6793,18.3132328310086,-0.245452907550179,0.232465473342605,-1.05586822860543,0.291028421270009,0.697764201601328
18.6564,15.9783616678849,0.0717036007921058,0.322335058785701,0.222450517986555,0.823963189134933,0.956955924633181
79.6567,83.8268842019698,0.151179225503271,0.181090761597674,0.834825720370779,0.403815841998293,0.77908955355892
59.9961,79.0692069283055,0.500397353430761,0.235977413360483,2.12053071649846,0.0339613139688356,0.304352068660443
30.4112,22.2693440718345,0.771214834075375,0.355706493228876,2.16812132686919,0.0301494565898904,0.290389358534289
35.7026,21.8705964061489,0.194863964377546,0.354021401372499,0.55042989949783,0.582024545660288,0.860948127120121
5.9706,11.6038380574707,-0.452695081526044,0.27972233868155,-1.61837300395738,0.105582236269756,0.4761528957916
21.789,32.4858429340084,-0.294512003117106,0.271980961586955,-1.08284050986027,0.278879221172086,0.686583659496182
40.0106,30.6483610474164,-0.425369865816893,0.245264467037787,-1.73433139726416,0.0828592996701999,0.430645076753848
9.0257,11.549560930835,-0.577882226166354,0.446805410461619,-1.29336443255983,0.195885045474106,0.602400740561147
44.6888,19.8344485935584,-0.639682200241099,0.261624468069314,-2.44503965917907,0.014483621432118,0.199555725785572
55.1637,21.4215868427546,0.0393979486009825,0.25817213208342,0.15260341340115,0.878711033026759,0.97322382739378
7.4588,13.5269766902603,-0.340692056419125,0.392312003699529,-0.868421188254186,0.385163799712408,0.769124498127157
10.8026,11.1600627673787,0.361800957523531,0.304922419084696,1.18653445886193,0.235411301568362,0.647249417511224
40.9272,17.9531931881991,0.156940305901656,0.235667759721483,0.665938803369333,0.505450216854111,0.829813407044753
8.6095,10.3660225438533,0.190585998983105,0.365035461222428,0.522102697488271,0.601598828435965,0.870330480676954
523.4593,400.664827679814,0.274218304922471,0.125245435288574,2.18944749795195,0.0285643305843945,0.28083712241362
25.9412,18.186322019798,0.501328679093877,0.332021879246657,1.50992663565235,0.131062145294641,0.516703318927968
19.7731,13.0906946698953,0.547421709895272,0.370458407518219,1.47768736998727,0.139491476495144,0.530430150410062
26.4014,12.4934975725512,-0.392990274616376,0.270869047268422,-1.45084969500755,0.146821718241579,0.541973244695766
30.8718,18.0042647540466,0.521960082885069,0.30617782487375,1.70476122201304,0.0882389664812766,0.441554111585867
18.305,25.9143729684029,-0.576925293852857,0.362660319304119,-1.59081449815043,0.111651329154683,0.484950692370068
13.7669,21.2678129127974,0.201322685555055,0.274014842248883,0.734714528245141,0.462513370423353,0.809300425357955
19.6926,11.6213712346926,0.295768073291961,0.28989526623329,1.02025837515382,0.307605938883253,0.711907827508434
413.5898,205.531587154376,0.204612261351344,0.14183208478916,1.44263733876231,0.149122659303089,0.544731286738106
50.3794,27.8715958842992,0.117498914977464,0.198389102730144,0.592264964962768,0.553673172651268,0.852879462595976
16.5813,25.9720556578807,-0.360997168963628,0.379827382380802,-0.950424286687432,0.341896708315361,0.736402128495582
59.3903,39.5781436402285,-0.0166543142869231,0.208690649859057,-0.0798038354769171,0.936393273786822,0.98344499528628
70.4846,34.9974029611572,-0.126292033149499,0.201365097884282,-0.627179359662791,0.53054167137844,0.844746310730077
23.5247,11.8763075539069,-0.955032839547146,0.27269884117341,-3.50215217430953,0.000461515942432216,0.0383245333276482
45.7357,26.6219111463866,-0.289580854592926,0.219860330421327,-1.31711279628294,0.187800818357488,0.592116997848519
101.7467,74.7641271487292,-0.365434435657706,0.270920269637265,-1.34886339861903,0.177380846472887,0.577855592511648
59.6772,45.7246134143302,-0.318358551987488,0.198935297079332,-1.60031204447611,0.109529376210759,0.482119013112144
54.5902,40.3938728966828,0.0348523755099644,0.208855852990383,0.166872869545913,0.867470080762922,0.968830087334143
57.0629,36.9395231609685,-0.407131912745586,0.29845122715339,-1.36414889839384,0.17252070759941,0.572780543827697
37.7612,15.3841898164277,-0.234979605722777,0.29643152322804,-0.792694390812178,0.427955899138108,0.794070462196098
14.6113,16.1975144244778,-0.157978971418973,0.221566830945776,-0.713008218534458,0.475840671535784,0.81573179759612
20.619,22.6563837204502,-0.49160303477083,0.310354877748518,-1.58400292702723,0.113193053010075,0.484950692370068
24.9199,31.4320767783391,0.101517367159157,0.409057915667536,0.248173579512556,0.804000107501455,0.950760017024347
91.2338,60.2330802938868,0.338690122231482,0.18654661840787,1.81557899640379,0.0694349779370373,0.397795686267993
37.4671,34.0622292748455,0.0343382281637157,0.234435625795716,0.14647188560683,0.883548882570445,0.973620531905895
20.929,17.1310241616174,0.288920567954262,0.21972079001119,1.3149441522559,0.18852867251652,0.593194415060939
41.9774,23.6575122996116,0.173299162476274,0.199883887869932,0.866999157976371,0.385942471052292,0.76913511017364
28.7871,18.2862464609472,0.193815616668934,0.291698762117797,0.664437569984151,0.506410293613694,0.831167535859015
24.0913,41.1593961736741,0.170310263699965,0.230471549913807,0.738964370065018,0.459928633118629,0.808947556674579
44.562,33.4823776514272,-0.0457397312961673,0.205457150139798,-0.222624188377211,0.823828009245526,0.956955924633181
21.0938,26.7301880356778,0.391513770076721,0.29945667356721,1.30741374173733,0.191072232808119,0.59540510679812
70.9589,50.8000202343759,-0.272699689441488,0.171873915529266,-1.58662638598615,0.112597287744009,0.484950692370068
41.5969,30.1028242917214,0.125056350054944,0.219659006387371,0.569320384862373,0.569138735383436,0.859040327188875
28.3941,25.0399457861056,-0.21775462433878,0.239609501699318,-0.908789604729602,0.3634611948241,0.755137478907446
34.1294,14.4849693981337,-0.382282557309512,0.315767082469349,-1.21064727304696,0.226030618328487,0.634704655083816
20.646,20.5150125453122,0.00546560319311022,0.275573620205707,0.0198335500656062,0.984176154060486,0.993064444450195
16.9012,13.9144274549998,-0.202137884114292,0.334321159325465,-0.604621868750786,0.545430272680988,0.850684872174865
10.1548,10.3549032359614,0.1549863617327,0.286096651140047,0.541727283822114,0.58800639127429,0.863186639842454
289.4711,106.106421177999,-0.117941425388527,0.169701794286031,-0.694992211984147,0.487060182241743,0.820654733989735
7.2635,14.3678418818387,0.192941989874243,0.423695507795012,0.455378889614262,0.648836679909408,0.890808592970812
81.4334,38.3148692188588,0.0109845483706314,0.202723149104556,0.0541849730489636,0.956787792865401,0.986846532718336
65.6216,22.4777949940346,0.64698614652359,0.258789395200331,2.50004891437979,0.0124176159845002,0.183499302448413
58.2663,33.5912422865939,0.261585507677152,0.271387896949026,0.963880521636838,0.335105830485978,0.731944826205843
18.8658,14.2212303942415,0.104190787366204,0.349836376935966,0.29782719647041,0.765835056186072,0.937205237636561
64.6485,45.0600557830219,0.264947742049636,0.173479524787221,1.52725655880487,0.126697227130202,0.509039502355764
840.9068,294.811507194385,0.0647977504420356,0.157912650191934,0.410339199318596,0.681557140670873,0.902428060638336
21.6527,28.6856320097612,-0.0118759682101646,0.241479861132232,-0.0491799529554202,0.960775887155784,0.986972027885079
6.279,32.7261460292135,-0.920767882920502,0.353549393750441,-2.60435429729641,0.00920475490865351,0.16023574763081
34.9477,20.1669219816348,-0.552613965660625,0.266323317683562,-2.074974022054,0.0379889424693389,0.314681894730103
17.715,17.8629259328848,0.138610230646982,0.326675057327286,0.42430613399453,0.671342566323312,0.898044402472767
576.9818,465.28699343639,-0.260084636279445,0.140875617082035,-1.84620051124953,0.064863096765807,0.390385631367173
32.2803,21.8417792699958,0.171127868735123,0.268491784215481,0.637367244719051,0.523885659008452,0.840542395458731
12.0033,24.0055810281431,0.491713897628294,0.330217203474205,1.48906202479758,0.136471036573542,0.527762441626442
153.6395,94.3205567436103,0.135793612422411,0.133155524023312,1.01981208379036,0.307817591161905,0.711907827508434
46.4855,49.4946671652182,-0.276597462225506,0.276797471436193,-0.999277416771009,0.317660322177125,0.719772374549569
14.0294,15.2349510433192,-0.145594491069866,0.243450950853213,-0.598044454374102,0.549810271379397,0.85121070453866
16.9803,14.9547309851761,-0.00995417345713495,0.258103132075358,-0.0385666511564402,0.969235891023202,0.98844398071473
44.3607,22.49250485082,0.229121240149355,0.237861729619816,0.963253906021655,0.335420118892702,0.731944826205843
38.9813,17.0165128074995,0.0665512318051592,0.225152252210892,0.295583238238376,0.767548375892513,0.93740888178476
99.1173,40.2382747577455,-0.0340162545974038,0.221490811425296,-0.153578626483459,0.877941990575222,0.97322382739378
25.8529,35.4840866221366,-0.0653341045305186,0.243814675711262,-0.267966250759616,0.78872529696859,0.946070066342374
49.3975,39.5701652511518,-0.312445575809753,0.286842445547526,-1.08925851337432,0.276039902058172,0.685781557589152
9.5942,17.2898873397158,0.76645161348473,0.325649655866147,2.35360793318254,0.0185922094163297,0.227772556917324
40.0336,21.4819370711893,-0.0345546832789779,0.256346292258922,-0.134796891246143,0.892772463831185,0.974402387674113
19.1537,9.48349283478657,0.289156729677199,0.286952935136769,1.00767998605548,0.313608116104783,0.716674940404185
12.9476,14.3433338223367,0.836490439626749,0.270589320224966,3.09136531675122,0.00199238344581745,0.0743486780581398
6.4888,18.4739099737239,-0.225749318368236,0.360382486372162,-0.626415896734526,0.531042185377114,0.844746310730077
18.3157,21.3547600774669,-0.494066696320337,0.236440970009564,-2.08959850021065,0.0366538813821823,0.312042930957416
114.0201,73.5526509094146,-0.116041782774801,0.183668456892738,-0.631800281539738,0.527517389648214,0.84315533768357
10.5526,19.4993549493667,1.12330276401085,0.499943818164769,2.24685799323283,0.0246491040620925,0.259364288461572
50.5998,35.3254431422903,0.0371647918152152,0.251640026772262,0.147690303056794,0.882587184749198,0.973620531905895
53.7232,41.1181309163351,0.544739857114492,0.267077446430205,2.03963256499402,0.0413869360416193,0.326999090437901
9.9831,11.6516818993934,0.120048595039028,0.273039721637966,0.439674470508745,0.660172895371007,0.893539426921338
9.4568,16.3199601426884,-0.183539987905404,0.337884727440373,-0.54320297130859,0.586990061020035,0.862536206446935
14.7706,15.6394015437845,-0.502132661692744,0.326449130727991,-1.53816510576387,0.124008250474529,0.506669347849723
480.9157,213.501916603429,0.256418991283182,0.259357907460554,0.988668492099786,0.322825363333716,0.721630359289081
13.2772,20.3598957624963,-0.225774768294512,0.370773597866339,-0.608928924804138,0.542571550919492,0.850224073282803
52.6043,25.4613319864833,-0.296065612260423,0.198318424591625,-1.49288001288876,0.135468597897968,0.52553947858776
46.0122,28.6550580091944,-0.690759057415047,0.217581102646771,-3.17471990449671,0.0014998119822665,0.066465395733006
10.1312,13.47273331041,-0.613053810801148,0.28664883453309,-2.13869284275907,0.0324605526569835,0.299008302653075
592.8346,415.785554908315,-0.175028922957344,0.140767788153045,-1.24338760489048,0.213725035653652,0.621647161191338
47.5377,32.9783056575795,0.135140930800578,0.224580507228147,0.601748265993945,0.54734171648383,0.850684872174865
39.7787,28.4729179522592,0.261183713400038,0.203254195704883,1.28501019373428,0.198788721885383,0.60731136238402
15.7364,17.9747359876164,-0.101421366548944,0.2572136365318,-0.394307890967535,0.693353738106271,0.907086243252467
16.5187,15.9172342931194,-0.026280826984828,0.303074924971284,-0.0867139602107237,0.930898879574426,0.981364490476042
74.2879,55.2454866246773,-0.154687055447051,0.181088805374592,-0.854205510534305,0.39299113045987,0.77239643187975
8.5182,12.5805867981588,-0.0208147345302386,0.296431074889353,-0.0702177885297888,0.944020316071878,0.983506025301001
2343.1883,1019.69026449871,0.527732680283205,0.174939233079472,3.01666282053189,0.00255573920981553,0.0830953303932087
113.5589,75.3038022330797,-0.0585949444043529,0.133754515472187,-0.438078252517294,0.661329558685457,0.894140844471316
21.2549,20.7887274292754,0.146008546116052,0.208659838456659,0.699744364780476,0.484086964934784,0.819930125297151
57.3214,30.8284158638337,-0.234666428751001,0.188904707169701,-1.24224765103492,0.214145203351275,0.621786648632068
67.6555,59.2837063990087,0.0270881717687703,0.27982841937179,0.0968027901868679,0.922883008094865,0.97968093888036
29.1891,30.203185437256,-0.229474556674326,0.311678469698918,-0.736254117571864,0.461576063304975,0.809300425357955
21.643,21.8571193873731,-0.576370875347289,0.345566360630966,-1.66790214850456,0.0953351531103141,0.455456307092236
32.9164,19.3927094996104,-0.230823747242338,0.22167514671929,-1.04127030322724,0.297750115224108,0.704970703580276
4290.026,1321.76277494966,0.0859566846475942,0.191465483061489,0.448940891450337,0.653474296821751,0.891167233459756
24.4454,13.1728386993297,-0.0680538550952611,0.358713608888644,-0.189716401633335,0.849531367581806,0.963665190210818
37.4123,20.0825327874321,-0.124805454066839,0.276260458119365,-0.451767346352961,0.651436595829854,0.891098926369064
10.5163,14.7720874037605,0.341141456076156,0.414526009499406,0.822967553925335,0.410526444765238,0.782947193170853
17.6289,18.3937711229818,0.318410008022817,0.299922726380528,1.06164014933244,0.288399079583115,0.694565981726491
124.6029,51.6179642687531,0.0452566247061707,0.197915039416326,0.2286669312228,0.819127798879599,0.954608768637042
45.8989,49.3952106841576,-0.701616232417297,0.284782991615744,-2.46368727442819,0.0137516035298549,0.195610193729071
112.0814,76.1735297651522,-0.269635809197202,0.147296853597725,-1.83056054906366,0.0671661615038255,0.393957000616611
37.5575,36.1733066901109,0.471658532695578,0.362886937369546,1.29973962720864,0.193690223712332,0.599656045802987
44.6052,18.9505710990003,0.21224212259285,0.28258031639034,0.751086010887154,0.452600894125776,0.805062345499515
62.1178,83.7529211554331,-0.213724744106977,0.190071356158617,-1.12444477919451,0.260824384400339,0.678946460066931
301.2264,117.344976642165,0.223546710881995,0.106613087049005,2.09680365769018,0.0360109596791984,0.309727671939399
108.2729,50.9403604879499,0.165975653424972,0.200864126975689,0.826308091564107,0.408629344597196,0.782932144566719
19.2615,32.5002160003581,-0.0832818885131588,0.234323591008103,-0.35541401595488,0.72227945019835,0.921596183859814
25.9525,21.0666941538664,-0.438759725204289,0.257287299767883,-1.70532990007717,0.0881329141172855,0.441554111585867
27.9227,12.5558637082824,0.458520969460024,0.349774599747312,1.31090413595291,0.189890153359958,0.593340788217426
192.3145,103.423462561683,0.619770760800055,0.183035963313145,3.38606003750054,0.000709038695447585,0.0476233964097962
34.3294,23.8505832022316,0.0615551040678371,0.208319478416216,0.295484150285993,0.76762405835243,0.93740888178476
144.0362,242.913153058747,0.195359446463077,0.178381214491106,1.09517948412005,0.273438011882988,0.685431474903796
20.5154,13.428262205501,0.18546207501524,0.265920520500971,0.69743423586057,0.485531082365984,0.820597885589001
47.9909,21.593194855674,0.114025735313153,0.233330883707467,0.488686853199041,0.625063412744651,0.87793308314416
19.3127,21.1762085731966,-0.311236324641019,0.284895895086989,-1.09245633232443,0.27463257420163,0.685431474903796
30.9386,12.365313720362,0.19312844448302,0.291941236580334,0.661531912193145,0.508271256185324,0.832443195431454
58.106,57.2440528445881,0.30849241694835,0.221064055067567,1.39548881818015,0.162868484395595,0.560807089850692
70.1893,50.3377129079003,0.228247731345153,0.211305772729196,1.08017745278389,0.280063166783223,0.688056902065977
18.3867,22.6441254522942,0.166185481161999,0.228368024873487,0.72770906195849,0.466791701908131,0.812162481390095
283.7182,323.017655595104,-0.0846688648587079,0.123594766226806,-0.685052186621994,0.493310990302385,0.823555425254474
42.8448,27.34258478655,0.252438344081922,0.224283088364204,1.12553445702512,0.260362624433691,0.678946460066931
12.8932,18.0451173889023,-0.394444866391034,0.28616193038376,-1.37839741946827,0.168080619699696,0.56826837990365
8.3645,14.6840906361503,-0.359234823218679,0.362048903738036,-0.992227346940421,0.321086635152176,0.720814907838047
34.9153,26.6976685697498,-0.0420956235184755,0.17016889823735,-0.247375542502255,0.804617600346279,0.950760017024347
27.7882,21.441535026796,0.695907670584649,0.267732846507991,2.59926146403511,0.00934245834296704,0.161716638077556
27.0598,10.7784840387671,0.614730888183051,0.300507524479999,2.04564224888141,0.0407915815207336,0.32511578267822
283.5953,141.513201778035,0.273764808503291,0.160967780174524,1.70074289529539,0.0889912764971687,0.442794651072957
74.1979,43.9925764886601,-0.157726347161172,0.164703736123269,-0.957636729279321,0.338245971480268,0.733384500669198
82.0411,44.6876150299655,0.0499221244173772,0.183914608542178,0.271441865402053,0.786051206314753,0.945076240032119
30.8349,25.4592345683449,-0.047920967055992,0.254102220017873,-0.188589328549044,0.850414697314051,0.963665190210818
42.0615,31.0784735258976,-0.515203247875298,0.374958029872964,-1.37402910947086,0.169432645539217,0.570500606486844
50.7342,16.1199298989665,0.188607522800495,0.240741246548355,0.783444987116535,0.433365847042572,0.794935262709434
5.4708,14.7376198479731,-0.561295340085322,0.432208359335432,-1.29866840370319,0.194057751849921,0.59984149150793
13.3085,21.9861160925201,-0.270046088433252,0.385702675895693,-0.700140562432297,0.483839526420171,0.819930125297151
100.3087,71.9783634312161,-0.382061346929009,0.289567650825731,-1.31941998990399,0.187028742464857,0.590591789540877
36.0705,30.3586082380297,-0.0324731647862706,0.284107883184162,-0.114298710835916,0.909001004407099,0.977081736097955
31.9871,18.5507080202773,-0.175640045998256,0.215699559171182,-0.814280968737936,0.415484009666401,0.786163021507102
9.0798,15.9944459670697,1.12088404645588,0.391366272904696,2.86402821105851,0.00418290755899659,0.105471482226876
6.4338,12.055131301909,0.176279997069272,0.514627632331595,0.342538927166832,0.731945354137632,0.924588206416137
10.612,12.8757381836028,-0.234282357067856,0.247846535830669,-0.945271864634489,0.344520098522183,0.738944504509184
29.8107,15.1917466040247,-0.443344869609039,0.314788880005607,-1.40838796339039,0.159016221421676,0.5567832938098
29.1778,31.2712877627693,0.194189874401566,0.197108104700641,0.985194772667987,0.324528407801986,0.722022833433455
526.7157,448.815964691431,-0.373760342025845,0.146137056703621,-2.55760140827159,0.0105396822570645,0.171339543570532
29.4627,30.1262301521592,0.41348340558581,0.255721882547546,1.61692617568202,0.105894217408713,0.476517278343537
12.1388,11.9506721261289,-0.407689118828189,0.368914809871138,-1.10510369310084,0.269114660534377,0.684488539880795
55.667,25.0136937793363,-0.216168270418339,0.192138331067455,-1.12506582740353,0.260561140727571,0.678946460066931
18.6212,10.5666197674017,-0.102059719613832,0.400842093211475,-0.254613278750613,0.799021802174116,0.950622148572564
50.2643,37.6249873552905,-0.0593669877603853,0.390353944369211,-0.152085020829798,0.879119878419269,0.97322382739378
24.1408,16.6251089950237,-0.0904641352388301,0.224284183227699,-0.403346031525498,0.686693682889416,0.904551485821107
16.4344,13.6474762115956,0.0242367903399114,0.294468912369783,0.0823067879894763,0.934402756702566,0.982563279310386
16.0035,13.9180626602394,0.415150251616168,0.37775096045377,1.09900515174726,0.271765818797751,0.685431474903796
106.5482,50.6601733397386,-0.0852500729254285,0.140267365383679,-0.607768404947511,0.543341087045036,0.850224073282803
58.7063,55.701845734394,0.0604055548544179,0.177575692704431,0.340167924643611,0.733730071801125,0.925445667327158
28.6679,23.7414010529445,-0.156934391002179,0.227720141316731,-0.689154635574824,0.490725961036396,0.822467698599069
36.2456,25.815217696249,-0.993297932977136,0.257175079541246,-3.86234130752093,0.000112305516123455,0.0191699276827397
80.7879,28.7816501005673,0.111229794479201,0.252640575928554,0.440268923827406,0.659742345449274,0.893194228705642
38.4005,25.5235427304014,0.123280598680187,0.286535096195402,0.430246068691412,0.6670166536028,0.896308186396065
7.1503,16.3032556742146,-0.573924729931269,0.46250714699132,-1.24089915942864,0.214643003329488,0.622454580207505
60.7098,27.741552373514,0.542615812984249,0.202447434198074,2.68028002001426,0.00735605960406755,0.139515389712948
265.2764,273.774678603734,0.0377651184607349,0.206253505391195,0.183100492712145,0.854719169181464,0.963892327880362
68.8459,32.6656518785541,0.208232709388904,0.264808100112426,0.786353247126871,0.431660565597087,0.794425813957657
31.5107,27.4159686200628,0.421899724038815,0.3273126959023,1.28898062715156,0.197404821682173,0.605230580821725
9.5711,11.8685432130081,-0.317678784879738,0.375113305242691,-0.846887541550163,0.397057807289001,0.775001241646596
85.8197,38.0943246689319,0.298982113580864,0.245141700871131,1.21962975910833,0.222605259851312,0.631999244296704
34.8412,22.2111424541058,0.693047826103558,0.24621253133785,2.81483571261678,0.00488021753085129,0.117144284090161
53.6216,14.4719305576972,-0.0840089178050309,0.27844537806629,-0.301706993265411,0.762875436721595,0.936076189827116
19.3218,16.7855700163023,-0.0604265440797416,0.2525629120318,-0.239253434297326,0.810909070945124,0.952376136139739
93.2174,36.0105357408879,-0.0753870084430618,0.327648743953826,-0.230084838822656,0.818025845743762,0.954608768637042
35.1161,26.5236606111362,0.401395128645646,0.286836478465572,1.39938661495534,0.161697078522091,0.559813848684495
26.118,12.6387300755082,-0.0125396215801199,0.257852804300767,-0.0486309296271734,0.961213420840553,0.986972027885079
88.1171,49.2449296903317,-0.188892268296152,0.267759101833601,-0.705456012522554,0.480526496924236,0.818186567913392
40.534,26.7927188454217,-0.281675163499383,0.315142460515084,-0.893802640999246,0.371427495899167,0.761607864100263
16.1043,12.3405775941727,-0.125499042145629,0.29104764524296,-0.431197586363792,0.666324708770716,0.895966156541805
148.7875,69.2942803620563,-0.0903058820836299,0.192912256384038,-0.46811894576493,0.639699531445924,0.887148187933921
28.9537,35.2026644189902,-0.0807118829448344,0.241662014442062,-0.333986634726928,0.738389644106953,0.926729064238427
21.6641,15.2703175758843,-0.0138331935478607,0.287096898172653,-0.0481830128988081,0.961570388205374,0.986972027885079
12.0868,9.32977733727478,0.0394874026485451,0.381541534990503,0.103494374864136,0.917570613730575,0.978463935687972
28.8364,9.42386458894317,0.165839513536017,0.324364035754923,0.5112758976193,0.609157879651578,0.871566007360583
18.9951,15.2931929562836,-0.162411743367858,0.254124653756052,-0.639102664646482,0.522756146578706,0.839826541366313
111.4585,114.629782001835,-0.142797538577354,0.184718345067138,-0.773055532331951,0.439489516302826,0.799135586028892
19.9624,13.6879328774135,-0.337246074239576,0.359137346979675,-0.939044844753118,0.347707720418863,0.742412766495453
23.1117,30.8391314892629,0.172118546600008,0.248291136674378,0.693212608816291,0.488176136527965,0.821424523265154
113.2654,73.4130239197237,0.0308071439525119,0.15718852507621,0.195988504488961,0.844619163601365,0.962236343760892
218.1217,228.698581072869,0.120216589292242,0.12212259548274,0.984392681936017,0.324922474838191,0.722164044237418
36.2938,20.2280901586763,-0.00592420823169243,0.226234780407407,-0.0261861072865279,0.979108896863267,0.99192609276475
76.3619,40.8180505152319,-0.0749537575114854,0.189073236998656,-0.396427113119231,0.69178996764037,0.907065244953633
13.9022,12.8663209997942,-0.147200988513272,0.233382284355098,-0.63072905863455,0.528217695558049,0.84315533768357
29.444,23.5254860785777,-0.495082077620399,0.232402381792225,-2.13027970626833,0.0331485279582136,0.300439091892659
25.0002,25.5298022996926,-0.0264333261582789,0.17770958483456,-0.148744515850888,0.881755233368472,0.973513439941768
307.2101,151.372606024019,0.120764363901137,0.1447850955733,0.834093892212806,0.404228076672984,0.77908955355892
25.2834,23.27866669823,0.270323107168893,0.192248233257908,1.40611490981165,0.159690005668361,0.55795615033059
178.2746,129.351010434426,-0.173606593000209,0.141617722914602,-1.22588182769255,0.220243148236368,0.629778569526514
147.3482,75.3167499214984,0.118630931770987,0.263220945182548,0.450689559254924,0.652213308342479,0.891098926369064
30.9109,14.6521322800226,-0.892005284263782,0.390120711330926,-2.28648533224663,0.0222258812564692,0.244325653525945
16.5899,12.3837785151794,0.149350132695436,0.287644869102331,0.519217092804473,0.603609360720165,0.870330480676954
13.675,15.164164012581,0.373544202558062,0.263570744740861,1.41724455392546,0.156411439679607,0.55483028032572
128.7217,64.6024442280072,0.323028101272235,0.155433643027719,2.07823798619086,0.037687445007398,0.313723901178824
57.3877,50.2359116698492,-0.1905700756336,0.282044431032306,-0.675673952987113,0.499247676859799,0.827372437724675
44.0063,59.6468585812038,0.0601654514624392,0.153149277677904,0.39285494763466,0.694426618287086,0.907086243252467
31.1855,13.0775665906642,-0.175303331623331,0.291978365397323,-0.600398359600305,0.548240780793122,0.850684872174865
75.5468,23.1894495874814,0.109689064462076,0.282331821410924,0.388511163615621,0.69763779426468,0.907874681439318
46.5818,28.2051952351175,-0.311064690268382,0.215454050641036,-1.44376348155385,0.148805517625534,0.544560540217301
43.5942,24.2061125785192,0.231900292366235,0.226785407362904,1.02255385416023,0.306518837393684,0.711468334218693
6.5344,9.4371280391739,0.223836920645198,0.443309137645312,0.504922866769979,0.613613012617175,0.872583217131839
32.6251,18.6700825138846,0.404404295008236,0.226189144264381,1.78790320076346,0.0737916264243199,0.407753839170124
120.1951,59.640645685019,0.431207936860386,0.205879218718089,2.09447043536162,0.036218094039456,0.310198348665755
112.6092,91.8890098398406,0.292751201502891,0.215732727990162,1.35700875908008,0.174778427405773,0.575332022313892
48.4605,19.4076323523847,-0.501648308242591,0.254668559130462,-1.96980856198116,0.0488603149456708,0.346612121043882
26.8079,26.6641384126149,0.0533562688114422,0.232234328540609,0.229751859454802,0.81828459460641,0.954608768637042
24.8628,11.4654937154983,-0.044260862988722,0.307410363365081,-0.143979736090282,0.885516471153995,0.973620531905895
30.2733,24.5012961937856,-0.297241138153023,0.204289708782056,-1.45499810012521,0.145669787466593,0.540543987911965
14.3352,12.2514642883154,-0.610511486805428,0.243097855886918,-2.51138161864093,0.0120259613555657,0.181718036844194
53.7873,49.9234688561771,-0.116190749164731,0.152725813200959,-0.760780032723385,0.446788462587324,0.801856980957099
22.1889,13.057791724028,-0.0471376576683722,0.27323254049112,-0.172518462053037,0.863029948337385,0.967325446834601
39.6081,17.4818717151187,0.119692992264081,0.233980500110074,0.511551142970345,0.608965186384252,0.871566007360583
17.0933,12.6742690764031,0.173943020536574,0.269430466090381,0.645595218167438,0.518541534968911,0.83641285312813
34.2454,24.4887226970451,-0.433165338941661,0.210644385477279,-2.05638207712108,0.0397457024912779,0.321230389150366
29.0369,20.5016121044253,-0.126718569152441,0.230468597929048,-0.549830086576274,0.582435920550948,0.861074155955499
81.2516,80.3478205015083,-0.0176032147157249,0.247779086726814,-0.0710439890156392,0.943362745744024,0.983506025301001
13.5747,12.0674079277936,-0.0371215497217535,0.321309407197948,-0.115532097380778,0.908023380773475,0.97705552321547
7.4235,10.3551407804242,-0.0929997666912053,0.291218070553179,-0.319347513409965,0.749463006830664,0.930823263765315
36.8614,36.1866230351643,-0.321079716353127,0.205267200696535,-1.56420370747788,0.11776973682557,0.491974869335911
309.4617,207.965981259843,-0.215031548641052,0.213657737387826,-1.00642996256547,0.314208786531795,0.716674940404185
18.8534,27.0442217333193,-0.10973203919607,0.209915036677716,-0.522745015949202,0.60115170731699,0.870013481267759
13.5387,13.0914354257237,-0.534355433349898,0.33835227478404,-1.57928724933491,0.114270185149845,0.486281362704845
51.6026,30.5219643381062,-0.208904067523013,0.183622365801769,-1.13768312814648,0.255252821013404,0.673015624857753
17.8276,11.2474002920468,-0.284756251161706,0.373294980407246,-0.76281832359774,0.445571751691745,0.801824897571831
110.8412,101.563117659044,0.432914587967899,0.200245455643096,2.16191966293356,0.0306243690993329,0.293803420036469
23.4199,21.2323485317152,0.023026746598631,0.245723297751508,0.0937100666047433,0.925339473475857,0.97968093888036
6.1476,18.4048544787137,-0.637930425189221,0.417356507068608,-1.52850240594033,0.12638784663825,0.509039502355764
92.1928,67.1615769845088,0.0192522875937815,0.164297865998978,0.117179170141511,0.906718073009996,0.97705552321547
128.9645,49.3416144373239,0.137976303546455,0.178594140893823,0.772569037572648,0.439777474510921,0.799135586028892
22.7714,13.3488376180339,0.216527461372416,0.337804516989154,0.640984505779619,0.521532749734234,0.838660783392183
46.7198,22.3300731198937,-0.382217115048188,0.222047638125967,-1.72132934299151,0.085191077757356,0.435161407164549
1451.9908,954.606202233374,-0.0257946726974974,0.170556288618659,-0.151238473271255,0.879787602047669,0.97322382739378
56.2765,40.9889411092932,-0.00743890196144562,0.179541941365378,-0.0414326697420912,0.966950968462491,0.987243914372936
48.906,21.6274417570829,-0.298109134004307,0.236749539400046,-1.25917513824844,0.207967079441894,0.616631198080175
34.1197,16.6847108977752,0.144525856347053,0.25122087667563,0.575293973413131,0.565092496665529,0.857519296586156
9.0242,11.2101226166849,-0.0530777062081626,0.465849393417536,-0.113937480563787,0.909287353823283,0.977086384419507
54.2982,14.5294304963059,-0.404153731719381,0.465620380950915,-0.867989779343414,0.385399927859453,0.769124498127157
20.3162,22.3314560896683,-0.45878751085175,0.237997669857242,-1.92769749017688,0.053892764470615,0.364324573896512
19.4527,22.2307695955332,-0.44486214199186,0.29503055224779,-1.50785109746271,0.131592640987102,0.51769320029817
13.7517,22.4207971073041,-0.273189825037701,0.303800115525296,-0.899242005110277,0.368523770798323,0.760180789377541
14.0452,10.0496758801486,-0.218480380613161,0.246143825354235,-0.887612680507982,0.374749130305972,0.763538927629377
22.5262,11.7747903598838,0.27757636267052,0.379676281086182,0.731086919299849,0.464726063580152,0.810890226336162
13.079,15.4750075132529,0.354653225885791,0.318350159447435,1.11403501886529,0.265264163716949,0.681030899195546
45.8277,43.5592817051436,0.201246432498878,0.238403397383746,0.8441424690561,0.398589798339898,0.775001241646596
28.2922,16.144679797927,-0.0723629693874427,0.278887742875938,-0.25946988075282,0.795272718113947,0.949184098993437
244.4794,120.326709763265,0.0827458103823344,0.111626014713054,0.741277117122214,0.458525433305777,0.808739048468455
63.1402,39.893694595292,-0.555072972284944,0.204253346546427,-2.71757100517702,0.00657630430947132,0.129940160712866
66.5754,40.6392207997037,-0.377126206257178,0.190276042110761,-1.98199522164567,0.0474797754538424,0.343015196588546
110.6587,76.2378660873928,-0.104294972853812,0.202590751581803,-0.514806189519954,0.606688459744842,0.870385544215723
35.6011,27.0151465177683,-0.123133424709855,0.186608400319365,-0.659849312780791,0.509350534299723,0.833100621046526
41.8391,22.9544186753704,-0.0274866657119353,0.199566722325311,-0.137731708932563,0.89045245811468,0.973981907282789
124.7777,91.9413602819926,0.0716552338754181,0.126952267506701,0.564426577663417,0.572463855394823,0.859040327188875
16.8753,11.7237161725719,-0.465015535864867,0.267673592634233,-1.7372484573041,0.0823433250504955,0.429177041929852
27.3523,12.6280425856312,-0.305552612972593,0.37036327208195,-0.825007866614224,0.409367124571663,0.782932144566719
67.1863,31.9570082715565,0.642031340439232,0.218257894808717,2.94161794697925,0.00326502476577435,0.0941951980548516
45.5378,21.110767160533,-0.368473445639217,0.32431020422855,-1.13617592303554,0.255882944995375,0.673693529133067
56.7592,17.1398442433922,-0.758138864638924,0.235452070780225,-3.21992863399611,0.00128222512984229,0.0630341873830471
312.5993,129.182320810134,0.0264247683843344,0.134338359857065,0.196703074329999,0.844059904131648,0.962236343760892
27.1597,12.8549634584584,-0.432086249828722,0.343773932073365,-1.25689067586576,0.208793225324271,0.617603104070406
26.3401,17.8837298967272,0.129667620466617,0.242839454414608,0.533964387208807,0.593366173425585,0.866701104683332
66.6609,39.9328138097804,-0.153696451686143,0.172763154213181,-0.889636753774997,0.373660964407112,0.762839410724819
62.8827,31.840813098359,0.0887588549780572,0.178205949270283,0.498068977727773,0.618435425191046,0.874634220437049
27.5747,14.497974990497,0.676526389180659,0.337909696716716,2.00209226238281,0.0452748095631268,0.33934106017789
15.0709,28.796185717269,-0.32521381039368,0.379623593247803,-0.856674390575599,0.391624860392984,0.770983014622705
306.2485,160.831743750745,-0.0595162626011399,0.151887322741023,-0.391844832913533,0.695172866732753,0.907164422610483
54.2414,79.9413147777368,-0.251657274524747,0.162616972059659,-1.54754618375518,0.121731596933426,0.501367736699666
358.2524,201.849812633703,-0.176183086237461,0.14309549923762,-1.23122730747036,0.218237860833731,0.626576430572439
46.4942,35.7670877935914,-0.547686411476681,0.182655303762607,-2.99846979635749,0.00271339049863502,0.0850703296638377
38.3585,17.5930493956468,0.125588175233401,0.247313416709642,0.507809794164332,0.61158674049862,0.872392960456238
137.4081,104.314920284843,0.047240748204921,0.153625637531746,0.307505628382885,0.758458539606833,0.933265463733277
54.4255,21.002706263052,-0.377078870015289,0.207601614470371,-1.81635808072729,0.0693154611158216,0.397795686267993
11.4162,14.0094160575199,-0.125717591499266,0.266287464313105,-0.472112316002397,0.636846622028012,0.886995125195406
33.3289,23.0957742910264,-0.236116427185558,0.261065698857443,-0.90443297690552,0.365765858634486,0.757288140602734
11.0483,12.4733202040588,-0.33688883371931,0.277958051135888,-1.21201322409118,0.225507318597743,0.634704655083816
63.7882,60.8580085838235,-0.040379706638295,0.198950878585804,-0.202963198380046,0.839163796935025,0.961790768399045
52.2834,52.0416239552331,-0.331695606801372,0.24628710003179,-1.34678432917744,0.178049703214518,0.577907763025612
106.9541,41.5264667687869,0.295686040712209,0.192949093960714,1.53245622792306,0.125409891270652,0.50884155500902
25.1484,26.2195630779398,0.102673916447607,0.33010404154485,0.311035017829848,0.755774000639685,0.932103685515168
47.7733,23.7623630208032,0.196333780666403,0.177725321301647,1.10470347853907,0.269288095638463,0.684488539880795
37.0988,21.5899550163627,-0.345714087846392,0.398321566035832,-0.867927115488626,0.385434233765142,0.769124498127157
29.2693,41.0140822960766,0.308621982274598,0.213465596446511,1.44576918909709,0.148241950688366,0.54414145621188
56.7994,23.0672577774057,0.359901184820021,0.196123718414252,1.83507220712509,0.0664949913304473,0.392518464673966
6.0684,13.3437305597874,1.06285936118299,0.317168887984064,3.35108329173948,0.000804960870053609,0.051525880692494
52.7121,53.6927923552542,0.174956484175677,0.19352847563123,0.904034838310088,0.365976928530788,0.757343399591561
61.5742,18.6108960983394,0.207646157137641,0.256134008424891,0.810693427298356,0.417541748803311,0.787778337855802
15.6969,24.5543018439561,0.406421670957331,0.225754244849532,1.80028362801424,0.0718158647033015,0.402653730476083
42.447,34.7241400130022,-0.0724938320647317,0.208913266551078,-0.347004444770421,0.728587979570221,0.923509309913162
44.3561,18.4312348310276,0.294120944838883,0.262741161078079,1.1194323098522,0.262955753505805,0.679375852285526
228.7256,76.2063881629445,0.215500658707658,0.19807980848888,1.08794864227545,0.276617780650831,0.685781557589152
50.9227,28.6549952068387,0.0632893586140701,0.204228202643652,0.309895292593359,0.756640582679202,0.932449888979082
37.4402,23.1832222080939,0.0248945113567523,0.214788334355815,0.115902529955433,0.907729790597146,0.97705552321547
29.475,34.184847591994,-0.321436446023037,0.238864344657445,-1.34568617381556,0.178403747186263,0.577907763025612
19.8435,12.4468056491849,0.299788949863905,0.285457432795492,1.05020544369107,0.29362366726853,0.701474443497795
30.1148,19.6339765789939,-0.111374229018845,0.221049177513632,-0.503843670768586,0.614371236703231,0.873106209422144
20.6836,15.7038785965028,0.0373077330448226,0.297319717350654,0.125480184688937,0.900143411369904,0.976413285590125
20.4241,19.525991993909,-0.163192607646233,0.333794316032687,-0.488901697266327,0.624911294031939,0.87793308314416
114.036,71.0556799811567,-0.112364541275529,0.193777513170788,-0.579863676836926,0.562006552304243,0.856011509510132
24.0762,19.5535376214622,-0.011490421334142,0.27099070335645,-0.0424015333065798,0.966178606048327,0.987243914372936
19.0334,33.944506889909,0.302573083272278,0.224400136416406,1.34836407902538,0.177541311417737,0.577855592511648
39.3598,29.6645812978465,0.146981742984112,0.196886703684292,0.746529553462366,0.455347585803268,0.806808777437228
88.7769,60.2838224211276,0.300008009536347,0.168151009375124,1.78415824354088,0.0743979552952455,0.407753839170124
71.1508,79.6678279139641,0.0856347384352315,0.210339484495283,0.407126311261602,0.683915219649254,0.904069580773039
38.7939,25.4979805469547,-0.182447565964644,0.451900048094767,-0.403734336240617,0.686408087330099,0.904551485821107
19.7535,17.7431986384688,-0.316996345413522,0.29798780872261,-1.06378964553079,0.287424003050448,0.694542075794337
26.9575,15.7408756430421,0.30331938618488,0.259688879114691,1.16801068732297,0.242802453981265,0.656988586400209
18.1457,15.3378468846257,0.413723553997395,0.291577078583157,1.41891658976685,0.155923335073016,0.55483028032572
7.9372,13.5359541375709,0.122662964132742,0.496607539647533,0.247001816001025,0.804906818647375,0.950760017024347
99.1527,46.5287182815621,0.156671580568499,0.272358476364906,0.575240332739235,0.565128768811577,0.857519296586156
76.2547,56.5342526377175,-0.217777007491261,0.188829842431985,-1.1532976180378,0.248788247488863,0.663831428927078
77.7043,32.8692081935737,0.0511565578106563,0.205996369520819,0.248337181522445,0.803873533138005,0.950760017024347
23.4878,9.01285087506984,-0.0455887907895863,0.357290841859359,-0.127595743994836,0.898468899401928,0.97580264878488
22.6341,24.1580217326847,0.0236433081182442,0.287257094543198,0.0823071338093226,0.934402481711285,0.982563279310386
416.889,289.900064989476,-0.21101878442717,0.137151618012968,-1.53858034986665,0.123906778780898,0.506669347849723
213.6395,92.0882750541881,-0.0265641482037849,0.149715411128279,-0.177430953858345,0.859169895362415,0.965191774589039
169.4165,69.9748755047104,0.244769535266402,0.161082098340786,1.51953282076427,0.128628433150631,0.512287691794479
45.5557,31.7277427681191,-0.434471275463267,0.210058855528489,-2.06833115590474,0.0386088939843067,0.316436608467073
83.736,42.1823737864249,0.155781155377285,0.158443894357193,0.983194436171177,0.325511752606531,0.722754214354635
9.1934,13.6584278560577,0.132991115288562,0.288651126404626,0.460733054968708,0.644990136629806,0.889633025630288
50.3874,24.3053787089806,0.260777739905441,0.198961345496492,1.31069549843811,0.189960660144196,0.593340788217426
253.0927,98.8303416030458,0.851257185739229,0.291076066228265,2.92451796799969,0.00344990162307828,0.0964587868897567
44.8015,38.0954333906481,-0.466644623796618,0.219865389178902,-2.12241056011283,0.0338032761764539,0.304130500884786
16236.6971,8866.50432920431,0.074009302683267,0.134020043687186,0.552225627205516,0.580793778416344,0.860205581762669
29.3992,15.0768574690832,0.114268142547466,0.258403419483503,0.442208322071997,0.658338464508887,0.893037084013249
17.5624,14.0671693916487,-0.025440184876508,0.279167350752412,-0.0911287971460188,0.927390251023145,0.980524130688599
51.9351,20.897015535848,0.327641261045972,0.236650340781619,1.3844952006569,0.166206876640186,0.563671562339859
112.6577,48.0806518920052,-0.270035887291121,0.20856865396646,-1.29470983369604,0.195420346356439,0.601933848802165
144.6023,102.530006822562,0.324732435433622,0.184241193302976,1.76253979694766,0.0779781385826103,0.41845067696724
22.9644,22.6896416350784,-0.0388211269763214,0.234272489117792,-0.165709286320863,0.868385737672177,0.968830087334143
28.1518,24.1372741277814,-0.223046144912321,0.222429072033563,-1.00277424561959,0.315969797728258,0.718943038678086
13.7982,15.5564917623087,-0.265074163274564,0.391269542772444,-0.677472009184029,0.498106523733189,0.826367329465564
66.0812,32.8191095580591,-0.764831944318484,0.262853835293289,-2.90972335809783,0.00361748799128536,0.0987976164731047
8.3698,18.4585410246942,-0.188259096857731,0.289651693154052,-0.649949927127146,0.515724566445885,0.836096433402578
8.6297,25.7167832522885,0.0996970155455725,0.209096872646099,0.476798214549635,0.633505817252561,0.884145638659321
111.9953,67.385402120281,0.022926643851574,0.143549236013255,0.159712754231983,0.873107353453835,0.97102487335316
191.2661,120.774006600825,0.231901743575732,0.157504587941196,1.47234913348881,0.140926621620181,0.532919439911393
19.0867,13.5140918061885,-0.128367827321134,0.250902279962706,-0.511624794084033,0.608913629446387,0.871566007360583
15.3372,14.9935288113121,-0.223989507318899,0.250114501286236,-0.895547863746457,0.370494291556417,0.761179345240449
59.0222,32.4137520477394,0.223733401895372,0.202404029075843,1.10538017902567,0.268994888683033,0.684488539880795
34.0842,24.0816486977584,0.678772696527599,0.218031233297944,3.11319018959106,0.00185076708393326,0.0737008955864358
54.2495,33.5905604093732,-0.24351040775026,0.359717000643921,-0.676949955977497,0.498437706634485,0.826693578210232
31.7745,14.947933078763,-0.381194113450601,0.311674661044438,-1.22305134518539,0.221310303843431,0.631068128592986
119.6677,84.9306363608091,-0.222895007398776,0.16066239301635,-1.38735022685796,0.16533499439477,0.562560099975559
25.8372,13.5766744638586,-0.673065898067217,0.363362211168329,-1.85232772528296,0.0639787767659293,0.389257013095679
34.764,33.2786871007323,-0.0558273315769177,0.204221953815313,-0.273365965479916,0.784571912348114,0.944776484691194
9.047,11.9974693673704,0.0495926788360447,0.329010885195553,0.150732638546498,0.880186625543881,0.97322382739378
28.6956,29.5746722960996,0.463194345719968,0.20446117031426,2.26543917853954,0.0234857424077653,0.253192784378453
68.0919,77.9670718697251,0.133444782445153,0.706092277200154,0.188990570714493,0.850100207097648,0.963665190210818
17.7158,19.9300673382426,-0.423190285786925,0.335355101977203,-1.2619169450289,0.206978673919517,0.616012390187632
28.2618,19.2757651650738,-0.0194245559541978,0.265198318722344,-0.0732453963048493,0.941610842349444,0.983506025301001
36.1271,46.5438791469894,0.0550752627888706,0.28039382068849,0.196421100342499,0.844280582245384,0.962236343760892
68.6896,30.672058495202,-0.00180663589666344,0.203612136706028,-0.0088729283327144,0.992920520367562,0.996844136656551
15.4106,16.7392912785174,-0.611134077730887,0.388726972421321,-1.57214220028064,0.115917576491192,0.489523828521395
22.7894,18.20831770923,-0.315561067821656,0.329212761398144,-0.958532307439998,0.337794408356657,0.732961383951856
20.0031,27.1151745665761,0.283565558352071,0.36288162914194,0.781427153043219,0.43455130620088,0.795044223112167
23.3441,18.5189520804778,0.150801424934135,0.304728693548507,0.494871103794269,0.620691109226931,0.87560763686857
19.6003,16.7736251976373,-0.2657007160233,0.259743205984736,-1.02293615348274,0.306338034248314,0.711468334218693
414.813,333.453788755782,0.113901352058213,0.144162511529871,0.790089953688216,0.429475236560027,0.794200985667357
86.6434,45.0415556630646,-0.369565696227046,0.187251566731427,-1.97363206448953,0.0484235950240316,0.346070274056714
37.933,16.1105897465341,-1.14812731700392,0.326284167099453,-3.51879567804455,0.00043351044028216,0.0364920774730668
9.3484,18.6505167850875,0.0563905880488805,0.339411626565293,0.166142181455392,0.868045059423253,0.968830087334143
18.8343,10.35489675729,0.235930171171354,0.279560344201908,0.84393289700973,0.398706903978168,0.775001241646596
14.8492,11.4940792167813,0.402242377049272,0.368540532984702,1.09144677735073,0.275076338893689,0.685431474903796
128.8334,86.0498948923364,-0.0259461431347129,0.183550056895154,-0.141357314585491,0.887587673623951,0.973620531905895
626.9121,421.3014162709,0.0732141134704752,0.140498970452163,0.521100711520182,0.602296615315162,0.870330480676954
33.0219,12.2825143406953,-0.258177780857297,0.251838660329015,-1.02517135581963,0.305282341308509,0.711468334218693
15.4303,15.7897919434556,0.228098181499799,0.308383458690298,0.739657640745488,0.459507756900332,0.808947556674579
159.7123,109.943617149995,-0.332772548836806,0.139158768358053,-2.3913157091229,0.016788109844602,0.217268569875728
76.9232,54.1381670152834,-0.442832720012925,0.154639505071448,-2.86364548184712,0.00418796446922014,0.105471482226876
21.6887,15.3364968131805,1.29070429123889,0.26247230675847,4.91748751393653,8.76620463519619e-07,0.000553713503628734
30.279,13.2450683625783,0.586444733002218,0.287076978291017,2.04281352163225,0.0410709015095582,0.325652502937078
82.4609,63.950288252841,-0.260435974852881,0.215481225046442,-1.20862490361632,0.226806984346479,0.63582523668299
729.4617,573.914853325406,-0.17605032467207,0.0929949451647471,-1.89311714050892,0.0583422932151659,0.375406692991827
38.7769,29.3584029004242,-0.701621060281182,0.256552090438329,-2.73480936788484,0.0062416411981475,0.128772530257471
221.1527,101.529200392909,0.170909336879276,0.201401608804097,0.848599660618998,0.396104095888732,0.774818204756031
221.3522,128.778703004416,0.327489981781104,0.197296450667014,1.65988785238628,0.0969370156759521,0.459982981721024
25.4097,18.8869161392015,0.0888153512581505,0.267448299515546,0.332084187557109,0.739825689760504,0.926729064238427
21.2753,20.238137729911,-0.553452736024417,0.292110836961242,-1.89466690719815,0.0581365446053797,0.375406692991827
8.7849,19.8891283171197,0.505429712731326,0.387890812482732,1.3030205832829,0.192567734494311,0.59802872260306
204.5778,99.6853931734063,0.484703166933924,0.184465650371031,2.62760663548471,0.00859878862205673,0.154501625972335
14.7811,11.1380823665422,0.113382718143112,0.275999656685303,0.410807460794749,0.681213722019885,0.902331840681287
134.7593,89.7365733111104,-0.48757904210314,0.2107334612918,-2.31372388188507,0.0206828730234843,0.238652908818376
123.5089,93.5825212762975,0.410703220402861,0.194618489899171,2.11029908111835,0.0348326026994537,0.306632085969228
20.579,14.1321122227257,0.0810922133091448,0.656620974974751,0.123499273400858,0.901711749629428,0.976907387424689
30.4046,24.2081162165029,-0.0930645043752457,0.24004565493209,-0.387695017439804,0.698241743468822,0.907891560223425
29.5873,18.468917821694,0.738673256011922,0.248436114357605,2.97329258236851,0.00294623459514746,0.0887480960155938
111.2029,65.2885706227452,0.253993745638799,0.155862702572943,1.62959926554547,0.103186219736627,0.47203977620292
19.1905,25.3722866902445,0.560446356624498,0.302079989145543,1.85529123663492,0.0635546489531855,0.388214033615631
31.987,24.8891955672305,0.260946582414741,0.200862948460641,1.29912751164197,0.193900172987882,0.599656045802987
23.227,18.8382468831953,0.393558865193691,0.262251202627467,1.50069422466195,0.133434667532618,0.523264857682155
17.04,27.9490501031571,-0.366253460221763,0.211590096941192,-1.73095747634899,0.0834593491079587,0.432238151215483
25.0084,17.6222147985068,-0.74203713018897,0.370380796065181,-2.00344385581585,0.0451296681654805,0.33934106017789
56.9082,45.8577809750323,-0.544802142905738,0.215742832351923,-2.52523866942215,0.0115619737412468,0.179550048876143
30.4333,12.0562775299792,0.985300889738885,0.333119044476247,2.95780414262428,0.00309838921068183,0.0915365466328837
37.9163,21.730017354449,-0.24019611228586,0.208579265333386,-1.15158192690888,0.249492911593569,0.664557408644335
27.65,12.2973561243692,0.115402200936734,0.330396858373137,0.349283590361513,0.726876416617246,0.923244229043608
43.5355,24.0658165345682,0.110233430331595,0.19009202030691,0.579895095825799,0.561985363116334,0.856011509510132
18.6471,19.2698916682802,0.144778686615939,0.251650355812275,0.57531683652353,0.565077036833087,0.857519296586156
7.7371,10.4377071092314,-0.582557525833156,0.370987900761061,-1.57028712968286,0.116348327031023,0.489935050905612
41.5479,25.0772059534679,-0.528038506955044,0.218774620491958,-2.4136186627482,0.015794983737496,0.210542679103933
6.8564,24.2593878232846,0.572483640481519,0.285862719271351,2.00265232885474,0.045214618929169,0.33934106017789
19.8162,19.7351341742379,-0.53896559532206,0.239872910555646,-2.24687979177636,0.0246477105295865,0.259364288461572
17.2402,15.1809859279925,-0.16714789913408,0.271147800473055,-0.616445712790099,0.537600390892351,0.847637677172425
11.9703,24.0343706091477,0.123955152163161,0.304414715670893,0.407191721628763,0.683867181273802,0.904069580773039
39.4755,16.0106287683411,0.491408141479599,0.275503730403536,1.78367146157994,0.0744770660533841,0.407753839170124
34.4705,33.2936817904447,-0.321872059176195,0.319654006180886,-1.0069389181816,0.313964128198117,0.716674940404185
21.3347,16.9899805466958,0.114635694737407,0.317194278108174,0.361405304727195,0.717796483016883,0.919232314215465
283.9493,163.340975837287,0.337957149047696,0.178166484712328,1.89686152024255,0.057846217217109,0.375406692991827
10.4146,12.3785451716515,0.454257959551732,0.299052907576076,1.51898860717872,0.128765363705053,0.5124238652943
23.9895,11.1589620554565,-0.0474536604046627,0.388214937959103,-0.122235534403011,0.902712485067434,0.976942084120479
41.3411,38.6017367820009,-0.0474697790166103,0.16904105027186,-0.280818055379253,0.778849954451466,0.941576425359878
28.7491,11.4497052516199,-0.0644659705542616,0.349358109689092,-0.184526904532522,0.853600122772657,0.963754491665423
22.35,11.6723167311411,-0.0176839866497951,0.266156818330886,-0.0664419824398801,0.947025946872983,0.983506025301001
212.1119,123.219283244649,0.00854215690208081,0.166080759989147,0.0514337536909092,0.958979888801846,0.986972027885079
150.0185,92.9404470405315,0.265618865301231,0.167885931175851,1.58213891682806,0.113617861119769,0.485185376359265
40.9592,19.5296837088159,0.351995172487722,0.197277592154809,1.78426332480529,0.0743808867282474,0.407753839170124
15.7598,20.8581487123986,1.1207988596219,0.43631491235628,2.56878421498161,0.0102055984977898,0.16768289510406
128.2484,60.4244181395633,0.147207054140736,0.169843919697533,0.866719599988567,0.38609566362819,0.76913511017364
410.4384,290.074872458306,0.118514462082978,0.117174518715375,1.01143545014985,0.311808061254462,0.71613496166402
26.1876,23.5053092701488,0.7061640422684,0.218658312294072,3.22953211730038,0.00123992953571578,0.0614465080401084
74.875,27.686315341644,0.0997248265821855,0.168005728302695,0.593579918909145,0.552793115357599,0.852879462595976
29.2894,23.7097011769903,-0.431580554931334,0.264638386998998,-1.63083126308871,0.102925928798515,0.47203977620292
19.2453,11.2064868633136,0.0538486348643252,0.266489794958488,0.202066405104606,0.839864810940484,0.961790768399045
21.1465,14.4372495693354,-0.762321035237828,0.321028244234846,-2.37462294650983,0.0175668847764337,0.221205956867183
56.4331,21.8683773460616,-0.301604178476083,0.24657822239901,-1.22315821544058,0.221269944152964,0.631068128592986
32.7964,18.0243910569869,-0.0126442948561496,0.365641858525104,-0.034581092293845,0.972413778645331,0.989664987844432
21.7109,11.0725694535609,-0.197099870963989,0.285580259152078,-0.690173303817297,0.490085209452179,0.822467698599069
107.2403,96.9759187350947,0.11339899784178,0.208184259416194,0.544704955887549,0.585956455793984,0.862276812663919
15.5169,17.7650437334228,-0.151374805459912,0.241406078820177,-0.62705465496033,0.530623409405307,0.844746310730077
13.226,19.2059827420133,0.0890669564543401,0.285726850800314,0.311720638801939,0.755252841466471,0.932103685515168
11.3711,19.4599337673639,-0.66809063916909,0.311228295240142,-2.14662564229128,0.0318230967997021,0.297645250889146
131.2901,88.0667014445359,0.349522914039974,0.193307431553647,1.80811938387881,0.0705879219342956,0.399781364319121
41.5873,25.0494730718612,-0.413103749920069,0.223194779007618,-1.85086654695435,0.0641887544691058,0.389740620376655
31.4651,12.6153356125601,-0.0879685646490109,0.269765402110173,-0.3260928345922,0.744354118156377,0.928562466264812
14.0991,16.259603562788,-0.297756545726518,0.254556899594956,-1.16970526511087,0.242119598595696,0.655775741330118
45.4876,56.1738937718622,-0.127070992443692,0.21016190667832,-0.604633800920878,0.545422342630838,0.850684872174865
46.8726,19.7923278637859,0.532372852080326,0.293041233059227,1.81671653003428,0.0692605293377997,0.397795686267993
20.9108,17.861970149355,0.0518479690141252,0.25737859303162,0.201446314564924,0.840349603611327,0.962166632046134
23.8213,24.611901443723,-0.224818804541258,0.20047978539478,-1.12140385674571,0.26211599522729,0.679167130935142
146.5586,69.8149071505698,0.120912094239693,0.16826349734301,0.718587787303688,0.472394940388654,0.814529151215571
50.2771,35.5830507046619,0.236331313888393,0.310881104947754,0.760198384935972,0.447136010248934,0.801856980957099
24.2924,13.0683978151014,0.237091360773911,0.261842992417802,0.905471475805634,0.365215664626714,0.756658887097491
28.4764,17.2467495968066,-0.0170999419203092,0.256278811434609,-0.0667239785629817,0.946801444714808,0.983506025301001
9.509,23.8259697611855,0.288801192290208,0.31594223258565,0.914094927818541,0.360666967499037,0.751703876375607
14.5255,16.8744900815428,-1.47127390498611,0.349430155588167,-4.21049494858175,2.5481182146772e-05,0.00652424434549642
159.6147,183.68529471692,0.172072060390843,0.175201317959955,0.982139075176205,0.326031337303145,0.723042179701702
56.0243,19.1995162253678,0.694449630345529,0.37330468137719,1.86027570772372,0.0628465286163827,0.385806112235436
64.7202,39.9133451831341,0.144771031849426,0.145292826111951,0.996408671532595,0.319051621410023,0.720004485334041
42.3495,28.6791018008337,0.0637620910744813,0.232867881656949,0.27381230344343,0.78422886805845,0.944574784081047
115.9203,49.3492942648877,-0.37130304807127,0.401775934681707,-0.924154524997675,0.355405868271182,0.74665608906886
23.0373,11.6187347545009,-0.0298035953911289,0.302953579702466,-0.0983767725088423,0.921633118052848,0.97968093888036
17.3624,12.9938942451927,0.00105020348161354,0.364280693911251,0.00288295124931709,0.997699740895022,0.998903587589736
13.5651,16.2306220564554,-0.381636640571551,0.456188255194721,-0.836577084626285,0.402830330760642,0.778696547997498
120.6816,49.8079099645883,0.0097955973128176,0.176043805688402,0.0556429536075575,0.955626245459741,0.986804138779106
63.2593,39.3459722872193,0.0876144213833382,0.177031514770071,0.494908612724304,0.620664630816498,0.87560763686857
20.4271,26.9846666400654,0.344408863725451,0.315399773420272,1.0919756218928,0.274843816509783,0.685431474903796
21.1455,11.5962676741744,0.477781781916957,0.265877267107943,1.79700125217168,0.0723354209723317,0.404632144531148
17.7212,15.1890710351723,-0.24090617052254,0.273509515768678,-0.880796303724539,0.378428080728692,0.766858864173514
5.9029,13.9673408019243,-0.311226025961093,0.215232104956655,-1.44600186865138,0.148176677695057,0.54414145621188
683.4193,350.160439424033,0.193004027507315,0.10067418965539,1.91711528215894,0.0552232875667074,0.368455051137261
14.1216,10.8570992301786,-0.0988914404794036,0.307725176236678,-0.321362852688218,0.747935430577025,0.930823263765315
23.9403,10.746596021868,0.27777390496084,0.396962954193528,0.69974767677041,0.484084896203324,0.819930125297151
39.8513,35.4346024423873,0.0565782173083414,0.256889200283604,0.220243658534028,0.825681396693427,0.957123226154342
30.1489,24.6286023021169,-0.198608122340338,0.289361241277017,-0.686367398286777,0.492481457591838,0.823394212868961
9.8248,16.1506845649255,0.0758234997225071,0.299174597606598,0.253442305359801,0.799926439550394,0.950760017024347
9.0497,16.2163192935995,0.131690692743672,0.280446135061369,0.469575709128081,0.638658182672528,0.887067504449041
100.3299,32.1052300932183,0.0114399704940285,0.233116701948908,0.0490740062740584,0.960860318429815,0.986972027885079
52.6286,34.4353901604886,-0.160463361816532,0.178577268804912,-0.898565438313603,0.368884174888475,0.760461549824454
52.6854,22.6868643186766,-0.642900567466686,0.221781797299586,-2.89879771601925,0.00374596484757231,0.100519449730707
26.3919,15.6701260851501,0.364350423676508,0.257525064179397,1.41481538830991,0.157122631059929,0.555244770941239
33.8195,17.833694428009,-0.576941489934025,0.348549064770811,-1.65526621141099,0.0978705096472381,0.460907009416174
27.9035,17.8763760247754,-0.181252250484829,0.240232505433234,-0.754486784200831,0.45055697805682,0.803572216004686
26.7949,15.2967553545024,-0.146537732107853,0.384574910405627,-0.381038201252633,0.703174902445137,0.91160543787455
33.1554,20.3508216271001,-0.764717408311924,0.278550138204238,-2.74534923314674,0.00604465345236019,0.126772680767076
127.1279,53.1918901667452,0.0972679030884691,0.156160088037321,0.62287300366546,0.533367979707947,0.845446165947072
45.2342,31.261694111854,-0.13153097101603,0.202326427698603,-0.650092884613008,0.515632225097699,0.836096433402578
53.5842,31.6542602945118,0.0172049964423583,0.204216308953064,0.084248885559442,0.932858551257776,0.982074440847455
3.6721,10.1635456897227,0.226133291441575,0.447288764916144,0.505564434384955,0.613162454244732,0.872583217131839
53.5149,34.0202872166473,0.0559536700296788,0.201996773452431,0.277002791051292,0.78177796302661,0.943354466215639
74.011,34.4025399518501,-0.45375799470093,0.241590734807087,-1.87820942331775,0.0603525215554325,0.381389481845622
13.0804,14.9950206435473,-0.0931634119805686,0.512818146935481,-0.181669491489914,0.855842109777599,0.964097115413996
28.1146,16.361028419423,0.0820768910978328,0.26275223327347,0.31237371448869,0.75475652441467,0.931882427672925
18.8661,14.374031341954,0.0554138799250297,0.258507577641428,0.21436075658058,0.830265742060284,0.95857630601018
13.4905,10.4611315824824,-0.101249277862401,0.294275292839983,-0.344063128389977,0.730798811228443,0.924404836352157
45.3814,37.2026188945568,-0.285140508391538,0.161961527528555,-1.76054469689578,0.0783154959924533,0.418915218736818
27.7376,58.6734704955153,0.318262864156528,0.334280633543842,0.952082867566982,0.341054957037333,0.735563062412698
48.5579,33.108741797027,0.104187254961339,0.202305217717804,0.51500033531844,0.606552785686855,0.870385544215723
50.2279,26.3117076889885,0.156282440330441,0.256517173009994,0.609247476481242,0.542360415623764,0.850224073282803
15.0108,20.6007048788347,-0.450894020498577,0.23768376390729,-1.89703332312783,0.0578235402057916,0.375406692991827
167.9142,117.715591581785,-0.177503079285631,0.173832510238529,-1.02111554991679,0.307199696683516,0.711818301704452
92.8348,61.7713378684029,-0.684964748467107,0.287084924300155,-2.38593074901752,0.0170359586856935,0.218551077502269
37.8397,20.3565245506171,-0.107509776507278,0.301007666839149,-0.357166239771322,0.720967358025796,0.921069524962269
20.0014,16.3714006896829,-0.0561634469760893,0.228816789546021,-0.24545159945439,0.806106780043252,0.951052017970846
37.1777,22.6446243669189,0.121278739566578,0.258568965775063,0.469038266843213,0.639042283654051,0.887067504449041
26.8315,20.7445344335959,-0.273402257769293,0.291948284769166,-0.936474958177826,0.349028699991122,0.744198945678503
23.4975,25.4892270555264,0.173375442038379,0.308276070189534,0.562403179500065,0.573841353277958,0.859040327188875
106.6081,66.7519217208655,0.0937803081992575,0.169007228532028,0.554889332331046,0.57897035896353,0.860205581762669
10.9113,21.4911049354157,-1.79588506645542,0.72001208138688,-2.49424296186282,0.0126226110789432,0.185564461914129
20.8141,15.3673035331693,-0.314586313453385,0.289101716299123,-1.08815097150061,0.276528464828427,0.685781557589152
68.5381,23.391811398584,-0.206858953740518,0.176072833542654,-1.17484878035092,0.240055220337564,0.654163782250257
73.0156,40.4292636349702,-0.127392378794865,0.212009502216227,-0.600880514614567,0.547919572293709,0.850684872174865
49.5184,45.6302937727484,0.232106213806893,0.232586789873707,0.997933777463994,0.318311471629991,0.720004485334041
56.6444,40.9396544643499,-0.0112067082339503,0.216834968094339,-0.0516831225721607,0.958781185501422,0.986972027885079
86.4847,25.8055854436784,0.478997977570804,0.354128292773326,1.35261143304753,0.176179798007055,0.577092142192618
24.2394,22.4053568603596,-0.410101921281184,0.208815583458597,-1.96394308551449,0.049536692547862,0.348686111920517
131.3603,117.996035360826,0.0974686808080906,0.153268817162429,0.635932883234798,0.524820168716053,0.841546928494839
86.9864,54.7784740820857,0.194429098283585,0.255904411621216,0.759772358170106,0.447390668368148,0.801856980957099
18.7218,10.5913525687673,0.530924551931328,0.435920835734919,1.21793800251884,0.223247533400077,0.63266556249915
20.8788,18.9144237168525,0.0502715984987515,0.202004104705873,0.248864242496207,0.803465795582518,0.950760017024347
24.1359,9.76693853390887,0.363871584122841,0.292566387071083,1.24372313499716,0.213601478311155,0.621647161191338
26.5126,20.8604062377422,-0.500558145101613,0.21520294022464,-2.32598190609806,0.0200195159653332,0.233434393941124
77.401,30.6274375620251,0.194160231316446,0.225699378692117,0.860260371302598,0.389645532409117,0.769624599837664
35.7123,36.1392479831208,-0.73045157484645,0.292127352689666,-2.50045594197551,0.0124033559823295,0.183499302448413
56.5906,34.8029438020357,-0.357187585815667,0.214577007823691,-1.66461257633508,0.0959900746521727,0.457255045533024
1.6494,10.3785509700627,-0.393289246259745,0.31949415699563,-1.23097476948577,0.218332300902149,0.626576430572439
31.8529,18.0332690431169,0.0752075258122347,0.315647571678269,0.238264230617594,0.8116761623563,0.952376136139739
33.7392,26.9355420420591,-0.0033662657389584,0.249761583529923,-0.0134779163848275,0.989246504175407,0.995401959744208
27.6179,22.2721064418857,-0.38965054575369,0.371095250008242,-1.05000143694924,0.293717452094358,0.701474443497795
13.9236,16.047490584637,0.0235557742239525,0.262402633910263,0.0897695799502078,0.928470322245804,0.980524130688599
31.5225,13.4397560399099,0.00632070942971927,0.237628286934267,0.0265991457131015,0.978779454641915,0.99192609276475
21.8761,15.9070607992652,0.0387042439376168,0.214537627511548,0.180407718620517,0.856832495162571,0.96416815750916
117.7771,103.869816527837,0.25743471763612,0.17548905021502,1.46695601418262,0.142388021280079,0.535498595921673
32.8015,14.2659636321641,0.318312417514231,0.316223799950224,1.0066048715003,0.314124692511842,0.716674940404185
85.2318,44.6459308985116,0.307499208602098,0.170957137620686,1.79869184101788,0.0720674402657452,0.40369591652963
32.2471,29.5483353686783,0.219971794989025,0.271444504225852,0.810374833767128,0.417724777316605,0.78788175463798
38.8056,24.919058698769,-0.165363881728958,0.183217615289976,-0.90255449219355,0.366762388273891,0.757547061469782
41.2251,13.8755018042453,0.107843386249605,0.253920112404426,0.424713841012484,0.671045292671805,0.898044402472767
29.4117,21.303388765651,0.016130265155126,0.205307988421636,0.0785661838057646,0.937377685778874,0.983479420711732
46.9219,32.1538139270515,-0.0480012168236274,0.175998132022731,-0.27273708119486,0.78505532823768,0.944929983842563
27.8283,15.0258578414272,0.229744264448023,0.214297130063933,1.07208278701391,0.283682849443956,0.691095830229309
23.9621,19.2626390327515,-0.0830998365637951,0.281421323507275,-0.29528621189093,0.767775248498405,0.93740888178476
67.1279,35.7883444738352,0.405810297333127,0.22421857627795,1.80988704892171,0.0703133049356753,0.399585235507109
20.8428,17.0800605337314,0.0131077848832974,0.206843254138716,0.0633706181904625,0.949471383498327,0.983661890897426
19.0932,11.8549287759539,0.00514104878597393,0.256678260514531,0.0200291554713995,0.984020114524563,0.993064444450195
15.6372,10.1532174610367,-0.14027350292969,0.302472412476019,-0.463756353121332,0.642822317606694,0.888117763366624
74.0451,50.4208673458935,0.0472889243828588,0.152083503699647,0.310940524333597,0.75584583643972,0.932103685515168
42.111,24.4749925664999,0.301060624650097,0.180430678831288,1.668566712713,0.0952032804024943,0.455287488783215
22.4419,11.599901589872,0.157896946561219,0.295816742721747,0.533766091494492,0.593503376486161,0.866701104683332
26.9689,18.2562552237548,0.202061990153553,0.253191774649227,0.798059061884972,0.424836216734935,0.792615024633713
322.247,210.152365461217,0.369561485096337,0.132498878696419,2.78916688754081,0.00528438268197867,0.120745075270462
49.5125,16.3986005076266,0.219095265891303,0.290746272160088,0.75356173705528,0.451112427194492,0.804202455790587
41.3912,33.1617793371004,-0.537384582390409,0.204146375672371,-2.63234936510871,0.00847966161970273,0.15280797845476
107.7006,57.8030975617348,-0.158871802796321,0.177527928460879,-0.894911601648813,0.370834344420634,0.761607864100263
18.6028,12.8393117658504,0.335960054353723,0.266693263707445,1.25972456028084,0.207768742250553,0.616631198080175
46.1658,14.5063888160838,-0.414420427099685,0.227950535313108,-1.81802787403173,0.0690598725762221,0.397725320506921
1085.4194,777.781538271268,0.447771403169098,0.140968368385192,3.17639629583833,0.00149117093455411,0.066465395733006
27.5913,24.5919703259802,-0.0707856162258183,0.274649172373765,-0.25773103779642,0.796614490418587,0.949539337884326
24.655,30.1425668421076,-1.91291752853811,0.699594864348399,-2.73432185686468,0.00625089095313152,0.128772530257471
16.9908,14.2042022193721,-0.759822770698101,0.354278897497938,-2.1447023123993,0.0319766559032876,0.298173824773448
31.8282,15.5456019374185,-0.2506298562455,0.23627873014652,-1.0607381209899,0.288808930469905,0.694882880868273
20.786,10.0564527249139,0.163250625113889,0.295412106913682,0.55261995461002,0.580523675052978,0.860205581762669
111.8136,63.5661797448312,-0.0440913625331583,0.163300136115627,-0.270001994988779,0.787158718808948,0.945391937205602
35.7226,19.0454545180068,-0.0731479461297964,0.211724255218711,-0.345486850593639,0.72972839412533,0.923944905837259
67.8716,19.062044029878,-0.251306627061172,0.262898973329383,-0.955905699739318,0.339119879105967,0.73376466799513
102.1869,59.2455790561518,0.0456826953202066,0.143622775817026,0.318074170759698,0.750428675725122,0.930823263765315
16.9244,10.5098374722234,0.210869854007738,0.392878078822703,0.536731025155768,0.591453422115527,0.866006329568277
63.2821,34.6996532586485,0.167802596795977,0.176033448055842,0.953242685689749,0.340467123422269,0.73512665967317
141.957,94.4240429098491,0.079392150745421,0.170996939907758,0.464289891902441,0.642440064998177,0.888117763366624
36.2943,16.1225418264319,-0.0869852211158941,0.23290148381273,-0.373485044800473,0.708787473940102,0.914498809041517
13.0951,11.1023631783828,0.353360059257461,0.319871441015044,1.10469399248695,0.269292207399948,0.684488539880795
24.1637,16.6531672661821,0.245596480933418,0.249532975274411,0.984224552539943,0.32500511624252,0.722164044237418
18.1654,12.1386855975255,1.22804172271138,0.309867472335327,3.96311917948727,7.39768277238322e-05,0.0142058626988422
5.5117,9.21691578485694,0.0485604509354698,0.32408053427352,0.149840690198583,0.880890305608495,0.97322382739378
31.2518,15.6159366643892,0.577284895509804,0.278915683015234,2.06974699044899,0.0384760438081262,0.316436608467073
19.071,11.8082809387754,-0.0633272517629156,0.259969495925461,-0.243594932311109,0.807544553520312,0.951737875217168
35.3012,12.6888301723496,-0.185990632951192,0.514048491465741,-0.361815346293235,0.717490023347399,0.919187304663193
42.5816,26.2804852700489,-0.467863532486494,0.227844683150614,-2.05343186427229,0.0400307115845057,0.321553885865082
201.7064,79.0815303591848,0.0557521116944604,0.187905535208791,0.296702870580749,0.766693365272416,0.937205237636561
21.7498,16.1111895159672,-0.178239980106228,0.318330348132302,-0.559921418589187,0.575533038595805,0.860205581762669
686.8435,363.313618476216,0.352367881267329,0.229621186094915,1.53456171558,0.124891522760395,0.508608545261472
4010.0883,1470.6301043388,1.23256634320273,0.242415471327034,5.08452012759498,3.68556685597984e-07,0.000452956166599923
16.3445,13.0774356938507,0.0250816841128737,0.34580072645855,0.0725321903448349,0.942178388733965,0.983506025301001
18.4762,10.8430185356024,-0.136043600058074,0.390490936033259,-0.348391185311627,0.727546421485189,0.923280578349578
58.079,16.7269097320099,0.49789642109352,0.357665734741862,1.39207190605739,0.163900624597245,0.56211344552206
79.2735,46.6820772068152,-0.380690509981115,0.259561369811091,-1.4666685965565,0.142466229580318,0.535498595921673
27.6868,19.0945009713785,0.164796143782258,0.264188837184457,0.62378163111864,0.532771004657066,0.845446165947072
25.829,18.8448541231094,1.09066582716152,0.371715584285911,2.93414070668238,0.0033447254374603,0.0951753851616309
24.4393,14.6733542974046,-0.212711458467001,0.309967152410307,-0.686238708885618,0.492562591782962,0.823394212868961
52.1756,54.1396741511109,0.140308592043478,0.188593539529896,0.743973480710015,0.456892518911754,0.807714122098486
54.9142,24.6612657050917,-0.0254149960919269,0.261379618754499,-0.0972340391842027,0.922540536747592,0.97968093888036
29.3667,29.6098108391204,-0.331342245913207,0.268442739063442,-1.23431256538811,0.217086455468408,0.625995433530439
45.2199,21.6057835882304,-0.0261320256101767,0.339016665325878,-0.0770818319065742,0.938558446032177,0.983506025301001
30.4481,25.0269382296125,-0.673389409417004,0.207525028545724,-3.24485877263058,0.00117508886619809,0.0602414198250908
45.1396,23.8277174335539,0.366466401896873,0.289150716261599,1.26738887814245,0.205016274616991,0.613351999766995
29.5027,23.6626943602196,-0.174614004263594,0.187870688926752,-0.929437185018646,0.352662564451557,0.745993617402692
82.5107,30.9408962201407,-0.0227768709696122,0.175544726440078,-0.129749673667281,0.896764480806723,0.97580264878488
21.1823,13.283836464817,0.0261962231219828,0.348368573513788,0.0751968607781033,0.940058082020877,0.983506025301001
24.3078,15.1368701134099,0.0763694205146159,0.268083522232425,0.284871743994786,0.775742404450479,0.939656580500113
23.8658,27.2281055580608,-0.0687834141336313,0.19987620377083,-0.344130080699829,0.730748461763958,0.924404836352157
25.9878,20.6545179751006,0.009751122481639,0.284731896517456,0.0342466811793992,0.972680442155627,0.989664987844432
126.5588,67.8890686733497,-0.241815091866632,0.240840544006716,-1.00404644435569,0.315356227666104,0.718525776421287
34.7542,18.5018333205337,-0.101052178848876,0.219720101689764,-0.45991321718737,0.645578512761729,0.889663652199919
25.2701,12.2242282039911,0.107699513815382,0.270160137445248,0.398650647848478,0.690150636949541,0.905997791936537
24.06,15.9254184484935,0.0060399646103285,0.24667416097535,0.0244855990852324,0.980465270537525,0.99192609276475
35.7669,25.2054407961472,0.324727590959872,0.213314578888367,1.5222944097497,0.127935328177216,0.511491601593357
65.3245,27.9316902890096,0.735291756413096,0.362843316343629,2.02647182211493,0.0427164574350589,0.328700060518935
81.1694,72.0676761871626,0.306749074239146,0.16780899801573,1.82796559103697,0.0675547159236242,0.393957000616611
31.6593,36.5821435761328,0.0928053761341167,0.264059278822003,0.35145659924594,0.725245827024247,0.922511895710432
41.2717,21.6708826131233,-0.045814885288495,0.199690222423291,-0.229429787460397,0.818534886491159,0.954608768637042
46.8343,60.6693770897609,0.00588196589334663,0.312251590512033,0.0188372647956775,0.984970926082836,0.993540108466682
15.8186,63.5767487015795,0.3375833149837,0.326400062230883,1.0342624099897,0.301013504852556,0.706812375742819
57.4109,45.8392245341279,0.12244196808937,0.204917631879444,0.597517973277209,0.550161610839085,0.851358121029005
32.4659,23.9540026918501,-0.635809097541163,0.200182951192489,-3.17614009461671,0.00149248856104609,0.066465395733006
26.5641,16.7217028726394,-0.123205595886341,0.272805460570631,-0.451624375951385,0.651539606409508,0.891098926369064
25.26,13.1617616888551,-0.0637679723907951,0.273410525837929,-0.233231592658562,0.81558157482519,0.95407362979265
35.4277,25.4198532956276,-0.0257828391281093,0.24276876066019,-0.106203281913187,0.915421067085472,0.978381679342985
44.758,30.1257809382857,-0.361629072084818,0.160517454710317,-2.25289562893608,0.0242657305432952,0.257905673952496
15.9625,11.3425625369007,-0.18590892297306,0.272234130649823,-0.682900863786973,0.494669488096686,0.823778862968601
54.6335,33.4718064777334,0.108537575107008,0.231830420464072,0.468176587394099,0.639658313550507,0.887148187933921
27.5356,10.409940138757,0.0601615269711459,0.467551508924335,0.128673581034003,0.897615940876491,0.97580264878488
77.3211,42.7348648601583,0.242278974525251,0.1785759726524,1.35672773288963,0.174867737167976,0.575332022313892
18.0644,13.4270757844589,-0.207408249867749,0.333255177321491,-0.622370675632933,0.533698158077042,0.845446165947072
15.672,12.2444657954746,0.423420722831838,0.290247950769424,1.4588241595139,0.144613511265368,0.538249561917435
53.9971,24.7922435653522,0.406820410663003,0.221011920529961,1.84071705131332,0.0656630338412592,0.391862619074346
71.3925,37.612296967516,-0.0293998531333719,0.225822310788799,-0.130190205877701,0.896415943207925,0.97580264878488
26.2924,14.0980735005924,0.554199326330109,0.400835839930466,1.38260921584818,0.166784721737348,0.564990140615218
29.6863,36.6358429841738,0.274235939615084,0.400189973100179,0.68526439453403,0.493177095529295,0.823555425254474
14.8432,20.9423097718888,-0.0347389372632599,0.487188619110253,-0.0713049030716342,0.943155093077928,0.983506025301001
9.5998,19.7442975640385,-0.20637853205076,0.304219361255149,-0.678387237417379,0.497526199012028,0.825850484313591
18.753,14.3420760935942,0.14019104725643,0.255133232127663,0.549481720148011,0.582674906012167,0.861074155955499
100.8277,55.8821320064256,-0.731843169478657,0.244011463912705,-2.99921633903428,0.00270675036728349,0.0850703296638377
33.8178,19.9841148142378,-0.225382055457114,0.216811288200866,-1.03953100102569,0.298557847916435,0.705051294309538
14.33,18.4788977380834,-0.139735698158183,0.300866466307574,-0.464444242899878,0.642329498241316,0.888117763366624
17.8772,14.580296101985,0.505545546104998,0.248011465807046,2.03839586391669,0.0415103596065572,0.326999090437901
18.8438,20.2539798501448,-0.0783866826618014,0.315247326900531,-0.248651379323304,0.803630461388207,0.950760017024347
25.0217,16.504887359237,0.126552916970351,0.292260782901577,0.433013679474641,0.66500483190599,0.895402285244747
55.328,25.3630667514418,0.20755809160101,0.289853671319565,0.716078877511187,0.473942645527617,0.815107068784552
24.2796,14.5210373870066,-0.199502828973623,0.222415132222656,-0.896984062999383,0.369727421179175,0.761130654320278
64.5803,46.8753606664612,0.110360526943134,0.166605386602902,0.662406715613426,0.507710600961813,0.831968438109424
20.1246,22.4645518372783,-0.257554273999832,0.219722861845717,-1.17217786003843,0.241125655331732,0.654441667318621
25.3001,15.241685419477,-0.140389772945682,0.357042307089793,-0.393202066416111,0.694170243606509,0.907086243252467
68.0253,64.0234974131997,-0.0121761890183092,0.193116751087494,-0.0630509210088805,0.949725955849378,0.983661890897426
39.8847,19.9885473715454,-0.456369811351289,0.33647011637349,-1.3563457470461,0.174989186388593,0.575332022313892
29.5271,20.9371546841599,-0.146881717968907,0.224122761690459,-0.655362788058842,0.512234204075211,0.833820310760906
10.8533,11.2357745019238,-0.577412865901511,0.281646819069657,-2.05013096831286,0.0403516521102589,0.323289647793596
38.3167,20.1358941557839,0.0996451783472547,0.191510047969042,0.520313056176366,0.602845397389394,0.870330480676954
22.4228,20.9830479392098,0.193763741140953,0.20845891180169,0.929505673162506,0.352627086524625,0.745993617402692
11.4941,10.8567907411469,-0.182796236606309,0.259501292394392,-0.70441358854003,0.481175246071889,0.818610710717542
35.3563,17.0378463141243,-0.0448769011802085,0.216017199522657,-0.207746889041127,0.835426604138229,0.961186385027039
330.4907,280.367990655509,-0.0644298233575143,0.158478680171001,-0.406551993542561,0.684337062287187,0.904069580773039
104.6925,56.663327571639,-0.163258242634074,0.153180187850626,-1.06579215579286,0.28651760764363,0.693245394538184
18.2587,22.1109562952484,-0.259184328462178,0.230731412303241,-1.12331617907987,0.261303234834547,0.678946460066931
32.8638,37.395497993684,0.54865154990073,0.181137308345306,3.02892625993328,0.00245424579378053,0.0815207589339534
7.8153,13.2359684380681,0.319168995515859,0.29028717772221,1.0994939494754,0.271552671679738,0.685431474903796
37.2686,21.9782603042895,0.500759790184082,0.223462789598415,2.24090906179054,0.0250319661527112,0.26249391127715
113.2407,93.3327726447834,0.12085529177505,0.190374537748092,0.634829075382802,0.525539898101083,0.841609601178123
31.8312,18.370534555454,0.502772311477331,0.229946375780618,2.18647634593295,0.0287807734032033,0.281173056538449
41.9333,25.2707741963341,0.401243743259646,0.27904412134201,1.43792222294432,0.150456123477671,0.54477829726167
10.9619,9.90365496159427,-0.123309559778005,0.2893799615213,-0.426116442651224,0.670022999425641,0.897774389514978
73.1747,25.6646856046121,-0.0676462153403763,0.232540222638289,-0.290901137759718,0.771126931121147,0.93741878145726
20.9163,29.5788191336239,-0.0513928346105808,0.191762907934902,-0.268001957020944,0.7886978123378,0.946070066342374
14.3168,14.1244764573685,0.516124105851034,0.303199726784434,1.70225781970438,0.0887070481606562,0.442687403410829
121.1168,27.9126114130434,0.751866208661022,0.261542373954913,2.87473955861024,0.00404360889855716,0.104197879534421
23.616,12.7246785202981,-0.242123097795331,0.308158848920256,-0.785708729908924,0.432038147618558,0.794425813957657
20.6906,24.2607554997438,-0.374457860610724,0.284160775373397,-1.31776759166945,0.187581459912273,0.591771245174904
54.7686,22.2095639537327,-0.487349583084647,0.266512942843918,-1.8286150679371,0.0674572938129426,0.393957000616611
25.1338,22.7642803047188,-0.0399682510874434,0.234173128602736,-0.170678212850151,0.864476795060236,0.967791930341619
44.9992,31.7940098827152,0.24739472868903,0.159145391246089,1.55452022048493,0.120060377242091,0.498157338388016
8.9865,10.5009409444692,-0.363544478576603,0.368788231763625,-0.985781126577861,0.324240529178072,0.721905091231614
18.8386,14.0111366770172,1.07627311440789,0.321848287208599,3.34403865791068,0.000825682310989955,0.0517558100523888
42.6507,25.8072855596253,0.0186749942870733,0.241237444390801,0.0774133316419156,0.938294735492864,0.983506025301001
55.3184,30.2841137289042,-0.296456865387849,0.270791722760597,-1.09477816517288,0.273613834534672,0.685431474903796
11.74,12.6395917971726,0.00684860042516946,0.278006961097282,0.0246346364786634,0.980346391761643,0.99192609276475
32.1057,30.6687148568409,-0.394760413851654,0.208685030157934,-1.89165659632076,0.0585367498583072,0.375645545917747
103.0422,56.5384417167268,0.519400530664057,0.204335834760122,2.54189643864377,0.0110252835359024,0.175065548651473
31.6659,17.1862938149248,-0.37852849278023,0.335527387845722,-1.12815974639388,0.259252460541332,0.678206202650695
12.0215,13.998344500963,-0.0833684423094211,0.410207028959035,-0.20323504090357,0.838951325626784,0.961790768399045
46.4684,33.4332254691106,-0.13557283486067,0.173492634627568,-0.781432797719055,0.434547987395094,0.795044223112167
28.892,19.7927753336624,-0.0231866999304632,0.245915385283199,-0.0942873090423404,0.924880930919283,0.97968093888036
12.6196,13.3619465698166,-0.274612332519046,0.435330082307538,-0.630814050486517,0.528162115322472,0.84315533768357
173.5586,86.6765724044874,0.207479808761189,0.145010471227794,1.43079190767722,0.152489863029854,0.548064300941012
47.2791,35.8414010245763,-0.370973363543266,0.286813212474893,-1.29343191808411,0.195861716821113,0.602400740561147
5.3904,14.0560349733675,-1.5287086078296,0.372846631103182,-4.10010036380493,4.12971002319255e-05,0.00939891410834008
20.3733,11.4425430300993,-0.264207985455546,0.257162975196359,-1.02739511881058,0.30423444900308,0.711031132228469
19.3222,14.5130967036065,0.454401116977182,0.235434038108953,1.93005701565929,0.0535997736261207,0.362919650346488
18.3644,19.2622934101462,0.206103931013538,0.305324273617903,0.675032903775824,0.49965486027604,0.827372437724675
46.3208,13.9486698834045,0.211942635090338,0.260621890444063,0.813218854061792,0.41609259147692,0.786298305069827
30.459,26.3068028203394,-0.602794026453109,0.222341947094312,-2.71111247486476,0.00670578752186204,0.130816077212198
8.1932,12.467178942735,0.0867608160240856,0.252772384420671,0.343236925279369,0.731420227754643,0.924588206416137
51.4224,26.3112275764281,-0.0892290124681759,0.205379309344427,-0.434459599426036,0.663954726438885,0.894553184945473
56.4399,24.0790674012316,-0.0294400473182319,0.250420932028469,-0.11756224641351,0.906414520438576,0.97705552321547
47.4829,30.3592653046088,0.0495902309457832,0.195213190579026,0.254031148195942,0.799471494434646,0.950760017024347
16.7547,13.2293812330255,-0.56572765415423,0.435132640391798,-1.30012690761337,0.193557476801071,0.599656045802987
23.3889,14.7827702897471,0.223793577024252,0.271128676519983,0.825414632995331,0.409136230079985,0.782932144566719
19.9834,16.7997938309021,0.254610869542826,0.25164205630152,1.01179776260352,0.311634759981948,0.71613496166402
32.4252,48.8839493507868,-0.14197926492431,0.272710395639739,-0.520622855579993,0.602629524404711,0.870330480676954
82.109,41.1867813348898,-0.0269146393892855,0.242180586113995,-0.11113458688475,0.911509622243383,0.97762919510935
25.9414,20.344288819033,0.540526841104132,0.249141274081278,2.16955959263415,0.0300402252700875,0.29024714510171
8.3166,8.71859357462587,-0.457840163220591,0.352977328335514,-1.29708093542315,0.19460334041058,0.601225503681757
17.0566,17.0787413816776,-0.128308340503599,0.238008380943633,-0.539091690783718,0.589823588728838,0.865027673684656
71.76,37.1085217214906,-0.0431953920893946,0.182256390928906,-0.237003442618614,0.812654119516103,0.952376136139739
23.4629,11.8028063526919,-0.202412586775196,0.254243568340132,-0.796136508375326,0.425952696207988,0.792803609750161
502.8697,317.664937139346,0.125385098696513,0.176833275828841,0.709058281643071,0.478288310291102,0.81573179759612
43.0346,13.0550397945725,0.483774464459874,0.668692680572408,0.723463077307438,0.469395430438194,0.813469507326006
122.7148,67.318523393586,0.0979220313361201,0.25022189728531,0.391340775521603,0.695545362736922,0.907457803400932
42.302,18.2670988064025,-0.0463232051076243,0.327495271091503,-0.141446943503137,0.887516871473384,0.973620531905895
22.9982,29.9372265293714,-0.0828912642574734,0.234765265333076,-0.353081466885105,0.724027366526488,0.922238954414426
127.9076,111.455215733111,-0.107684799209957,0.161588985671536,-0.666411753019163,0.50514795224411,0.829813407044753
24.4735,11.102079014559,0.624761960224367,0.332577707891269,1.87854430829328,0.0603067416178817,0.381389481845622
41.9839,10.1024567101603,0.539949137252156,0.343513566811115,1.57184224851606,0.115987140724992,0.489523828521395
252.7222,90.1749186569549,-0.0933136486486809,0.198736475471904,-0.469534585571701,0.638687569564816,0.887067504449041
77.0004,34.8804460940748,-0.0456903828973763,0.229069669979613,-0.199460639644885,0.841902429706348,0.962236343760892
113.7856,49.8432610944527,-0.0897202740112859,0.282324640537424,-0.317791156452009,0.750643359366409,0.930823263765315
172.3293,94.3365021537411,-0.31058490001706,0.145794894683042,-2.13028652815499,0.0331479650892146,0.300439091892659
16.0494,12.8964449828512,0.055576983111297,0.322747786856983,0.172199424363286,0.863280750413347,0.967325446834601
8.0769,10.9937132634675,-0.417286909529241,0.340960008340201,-1.22385880842918,0.221005494940067,0.631068128592986
92.2018,46.9478025750526,-0.35139776642132,0.211479190362964,-1.66161864823774,0.0965892618617237,0.458687027929129
94.8209,53.1365866140147,0.0229987319580006,0.214382270560686,0.107279076286722,0.914567583440435,0.978312500301293
45.1611,25.6829312045575,0.378113845820335,0.2621435076855,1.44239256260341,0.149191660794179,0.544731286738106
13.6213,11.5856472977539,-0.333050472722587,0.253651294335572,-1.31302492894821,0.189174548124754,0.593340788217426
12.7472,11.0454995508325,-0.0213222313102054,0.255512596429316,-0.0834488459988854,0.933494650429691,0.982247367618228
38.4522,29.9895290892257,-0.184025675180835,0.245415016941903,-0.749854990431979,0.453342045120693,0.80537347998458
158.2203,78.9611671094661,-0.125105290794056,0.132915896735291,-0.941236480112004,0.346583685973989,0.741201017424883
13.9611,13.0835423185212,-0.219822321083966,0.25628462209421,-0.857727316167878,0.391043052780333,0.770426277439931
53.1868,29.844935367279,-0.645120465357148,0.251041291932198,-2.56977830376758,0.0101763615773951,0.16768289510406
15.9753,12.9011377330659,-0.258959450776257,0.249667683478378,-1.03721653987583,0.299634951441424,0.705462366516304
38.7738,19.4399537582415,0.243701927386983,0.241201414120531,1.01036690964507,0.312319535397443,0.71613496166402
38.8273,12.4440063914921,0.0866872995696966,0.248079560667156,0.349433461332204,0.726763916115087,0.923244229043608
20.7336,12.5987287010706,-0.116822170817772,0.273310156019771,-0.427434430242399,0.669062934174865,0.897291953405619
43.3362,41.7557740200541,-0.27355551635882,0.235988824080561,-1.15918843794668,0.246379383274403,0.661370482498672
22.2942,13.9847974468741,-0.345933119459232,0.238450782220288,-1.45075271399046,0.14684873106891,0.541973244695766
44.3181,20.6997381556187,-0.155879536975907,0.199585734401255,-0.781015423990778,0.434793423129865,0.795044223112167
540.0647,235.211284753954,0.179641400905386,0.132547115918596,1.35530222336722,0.175321286931783,0.575507109078958
36.0255,21.3959076131231,-0.158361011211045,0.239930146216426,-0.660029653248314,0.50923480022079,0.833100621046526
84.4165,95.9219669388929,0.210206700802671,0.155710803069668,1.3499814827146,0.177021922676737,0.577695015851592
124.5328,111.326854277872,0.221380928384398,0.204553077602242,1.08226642678473,0.279134159524473,0.686936087416054
141.3794,99.5292987241357,0.249327399403081,0.166925643930428,1.49364347821235,0.135268829025064,0.525396496739261
41.4645,27.2817089754793,0.0681421585290849,0.169443249623121,0.402153279523663,0.687571223713922,0.904755824382679
49.4179,64.9431870626676,-0.217953818646865,0.133890128544604,-1.62785577261027,0.103555471244501,0.472068524330459
37.9478,36.9125647201863,0.489539501161577,0.240468273866017,2.03577583558626,0.0417728699745732,0.326999090437901
22.5997,13.7426991154319,-0.509902229695156,0.242770097131864,-2.10035023142984,0.0356980435778142,0.308290767522255
18.8948,13.6937366499941,0.243761092863675,0.342041781199403,0.712664669236908,0.476053284057859,0.81573179759612
2137.346,1304.86703317816,-0.0906810844277749,0.135233354571773,-0.670552651118681,0.502505554552535,0.828743057628913
48.6555,71.5749718044794,0.306192106032673,0.154812220384741,1.97782904522473,0.0479479956546586,0.344608693915645
10.3642,8.76835988021544,0.456191642173491,0.365086707019568,1.24954328219088,0.211466433140936,0.619024686443846
2.5528,9.57142738624914,0.452976163328149,0.296326543384604,1.52863850181733,0.126354085700462,0.509039502355764
375.34,170.385352451294,0.193028982630382,0.134296502326177,1.43733440027765,0.150622998705871,0.54477829726167
17.7716,12.7154652711822,0.342652665713806,0.401515639864869,0.85339805400638,0.393438600289915,0.7729156645721
123.5972,120.67958069072,0.105351589586364,0.185247657933925,0.568706728934412,0.569555180556625,0.859040327188875
36.8925,21.8862744224674,-0.00647894881722425,0.211013677592316,-0.0307039282531332,0.975505658348006,0.990704329454391
20.9784,14.6898033735079,0.384819612575634,0.245274286314587,1.56893581613389,0.116662895282491,0.490351225383657
51.4958,44.7174305944144,0.0231444755139053,0.171558691494583,0.134907041504429,0.892685372135366,0.974402387674113
443.9898,272.98158111368,0.301314700313963,0.101970321892929,2.9549254598838,0.00312744602382931,0.091894844996366
24.07,25.3695390562969,0.249785567618243,0.253623490532411,0.984867636250444,0.324689092279201,0.722118882394387
16.2078,12.9193625421893,0.535832417988619,0.270417159324422,1.98150302047133,0.0475348909774339,0.343015196588546
37.532,35.0480477169551,0.57659293790894,0.20892340855579,2.75982926898768,0.00578315759248932,0.12479599466972
27.5252,19.411161840496,-0.201343293405099,0.264592320084228,-0.760956679849985,0.446682942384915,0.801856980957099
69.9986,111.865661361008,0.699185573350187,0.250939514000094,2.78627132971145,0.00533182217923687,0.120745075270462
22.9075,13.4907197419443,0.222424952867485,0.2777232769765,0.800886966656044,0.423197086017906,0.792615024633713
39.714,14.1461334768051,-0.0191479649440561,0.26461835225693,-0.0723606839085159,0.942314872434633,0.983506025301001
10.785,10.9295019158417,0.0288127094122261,0.304263429318945,0.094696590637658,0.924555826086609,0.97968093888036
31.0212,28.0378859204401,-0.020216614066183,0.196491132847473,-0.102888175019461,0.918051722858228,0.978463935687972
10.5979,13.6188917005084,-0.568357527115141,0.362870786428423,-1.56628074888374,0.117282905820517,0.491612180264037
36.2536,31.6218503740475,0.210542162980252,0.254962654638161,0.825776478045577,0.408930899612611,0.782932144566719
264.7324,169.28581209168,-0.106468497351979,0.173739097462135,-0.61280678274033,0.540004105485299,0.849241733082598
76.525,36.6951037190666,0.132450548182726,0.214645975568971,0.617065136355966,0.537191763253184,0.84763513068861
14.0396,10.5238350100193,-0.0632675896137209,0.343905670180858,-0.183967858338738,0.854038669861484,0.963754491665423
326.8359,233.809479183658,-0.0340792669695056,0.122586481751419,-0.278001835786524,0.781010949528607,0.943261062274624
32.7283,42.617961324524,0.0701653461770363,0.255622005626472,0.274488677158592,0.783709103913943,0.944477827721353
38.046,38.5075921942421,0.880781063553573,0.249026492847223,3.53689703245321,0.000404857473445809,0.0360557851351376
24.0303,25.9537505817608,0.151542970334181,0.205155364981572,0.738674176752792,0.460104869995451,0.808947556674579
41.7993,21.9395625422357,0.453904427570797,0.256393739935074,1.77034130273906,0.076670301511934,0.414735037667988
7.8585,9.84627293479573,0.0362267510717969,0.279077175841285,0.129809078662884,0.896717479959486,0.97580264878488
59.4565,64.8004847739795,-0.166434471441184,0.210053976134686,-0.792341447202438,0.428161610620847,0.794160307052551
10.7208,18.3321092629024,-0.0726155648224881,0.345859011755676,-0.209957128061725,0.833701134037107,0.959861515775872
91.2008,61.5167796962273,0.0981236385408101,0.17733709838824,0.553317041006221,0.580046334152839,0.860205581762669
28.6224,42.8528215735354,0.275706245072649,0.26622042087875,1.0356314671977,0.300374105846175,0.706170936762129
19.0616,10.1665927601437,0.12306886014377,0.299000877844077,0.411600330511231,0.680632389323649,0.902175589386071
148.9301,50.1630714557597,0.302972087946526,0.185388270864074,1.63425704622201,0.102204888787298,0.470096588022416
65.8378,51.92146195935,0.0595673969838784,0.18668293266692,0.319083250583806,0.749663384428603,0.930823263765315
127.9625,50.6184947218588,0.337011815680764,0.184212514833548,1.82947296488126,0.0673287857443622,0.393957000616611
30.2416,24.559308951617,-0.211411129319621,0.226778895016686,-0.932234586044994,0.351215305104905,0.745755542997045
27.6001,24.4573265521362,-0.152267076888379,0.214543857303585,-0.709724709912889,0.477874865907988,0.81573179759612
80.5357,72.4099149188362,0.307676104742729,0.155290838759264,1.98128947722214,0.0475588197711052,0.343015196588546
118.992,62.2989815470375,0.00753564017885691,0.156600036587607,0.0481202964128379,0.961620370743327,0.986972027885079
140.5391,144.742325678514,0.00871654317147963,0.136102621047255,0.0640439038161744,0.948935268349819,0.983506025301001
13.5896,36.7958614356187,0.708869188771284,0.441923379094571,1.60405450877852,0.108702038048605,0.481398285974624
45.6734,28.8113533284235,-0.103980106195242,0.188319583362051,-0.552147070096986,0.580847594890042,0.860205581762669
19.5944,14.4731893576496,-0.352447972136622,0.248270233268249,-1.41961429486318,0.155720001471905,0.55483028032572
47.3784,21.2894753573282,-0.595959599410227,0.256726314669971,-2.32138104025818,0.020266287889011,0.235418410355336
26.1076,27.019412628948,0.56952843681669,0.230080465547522,2.47534459503715,0.0133107676375191,0.191691426914317
38.1747,20.5143438882142,-0.177248784647439,0.245945918112842,-0.720681953201257,0.471105218350928,0.814329554645977
20.8211,12.3135514466519,-0.122797745076931,0.366299996370502,-0.335238182619923,0.737445421230712,0.926729064238427
40.3207,22.1201347114513,0.17108634433932,0.220801552037694,0.774842127514181,0.438432952577107,0.798509334198672
194.2172,170.342897650318,0.195074011048789,0.15312358431616,1.27396450337795,0.20267599645527,0.611711197552866
41.7857,36.5335111526487,0.1426269392353,0.262673438660357,0.542981962556635,0.587142221573235,0.862536206446935
57.9022,33.3288130966547,0.330192902403854,0.237479941020725,1.39040333673924,0.164406433805197,0.56211344552206
24.5747,11.4711059892576,0.0642202985804887,0.289558458517976,0.221786988745493,0.824479708707962,0.957033881330867
64.7002,22.4468469286642,0.419478805480771,0.370120202449416,1.13335830550374,0.257063815900802,0.675445349142503
16.1315,9.50060567822021,0.390451304790099,0.339394957542547,1.1504334289974,0.249965398261968,0.665036672392266
18.8597,14.4879301821709,-0.0939534503372234,0.273366109317998,-0.343690922666387,0.731078738453741,0.924568604198032
33.8725,27.5554818145892,0.238669086731707,0.240127201133112,0.993927741653075,0.320258047333696,0.720717478625013
48.4674,33.4629475793546,-0.228272684084376,0.194077994030753,-1.17619045489621,0.239518777900042,0.653571443248561
61.2772,46.195530596943,0.227642765464487,0.163856154767794,1.38928419129014,0.16474634912697,0.56211344552206
25.4164,18.322835492084,0.101078403758157,0.232074120037436,0.435543626070207,0.66316787995275,0.894553184945473
58.9581,40.2099906586975,0.204954675079972,0.192919872213162,1.06238239082759,0.288062124601144,0.694565981726491
25.9267,12.6494743119979,-0.624692127792539,0.271230461442401,-2.3031783541953,0.0212688101887086,0.240884631381279
6.9421,10.4761880569569,0.433295192194478,0.422482418992032,1.02559342759929,0.30508326673084,0.711468334218693
27.0718,26.0518140657723,-0.132240575689931,0.25106963102519,-0.52670876660771,0.598395846828792,0.868727099148796
21.4025,15.7797487450283,-0.450622362693349,0.336892777956942,-1.33758392039779,0.18103210897585,0.581309132905363
20.7538,10.5791420931466,-1.23957104444242,0.405473579928237,-3.05709448359573,0.00223493816616662,0.0796114576468088
19.9501,10.4813140640857,0.144189202048604,0.470622587855574,0.306379688883214,0.759315571196447,0.933945993795469
11.8581,14.9888270945818,-0.216370586958611,0.396938083575291,-0.545099087015595,0.58568537058316,0.862276812663919
79.612,31.5777144074533,-0.295619214332419,0.161256775557803,-1.83322042320294,0.0667697978728984,0.39367659863936
18.6482,10.882753590559,-0.417849650742347,0.325842174602263,-1.28236822397958,0.199713505592887,0.607743911781342
43.6746,33.2600656475313,-1.22020936336393,0.278773073652126,-4.37707037978353,1.20285142689292e-05,0.00321370522532914
33.7204,13.7462598388576,0.271803056581762,0.26019849692689,1.04459887275265,0.296208400814543,0.704283950338992
42.6898,24.7513414913701,0.0202393861539322,0.231677210416,0.0873602807871795,0.93038513997099,0.981213798266428
67.9549,34.4463143470743,-0.00911872710204752,0.200784286048363,-0.0454155416318342,0.963776093338405,0.98711586125942
24.7651,10.3857182038152,0.999471567038869,0.418420984556155,2.38867457400367,0.0169092727180116,0.217379667054773
190.1038,180.270296979674,-0.186497951798678,0.152830273998045,-1.220294558924,0.222353231701243,0.631696998984809
114.8946,54.6270519221043,0.334250612900223,0.211586901804976,1.57973206303814,0.114168239601318,0.486184222002843
96.7752,66.9318124879198,-0.272575085704151,0.189827682319658,-1.43590798967429,0.151028524713544,0.545921801254985
142.4533,90.0259305210504,-0.204860758493605,0.14615849632836,-1.40163427812889,0.161024485476098,0.559669379666641
9.7934,10.7449156163412,-0.467331260174178,0.389496703993354,-1.19983367094719,0.230203944455406,0.639513218209072
96.6842,66.074571554341,0.00785658757970316,0.130559294919458,0.060176394063325,0.952015146444125,0.984052892288778
10.2021,13.3520249336849,0.0966850412141301,0.306079705591775,0.315881907384872,0.752092145161481,0.930823263765315
46.1776,18.2357799527092,-0.249211489220012,0.241227470277759,-1.03309746992355,0.301558287259377,0.707689188522531
43.3295,16.4699413438186,-0.0791799404161629,0.236320044269856,-0.33505384894794,0.737584465834214,0.926729064238427
13.6945,13.7019548315966,-0.319786331129418,0.412649131885356,-0.774959418109869,0.438363639913706,0.798509334198672
26.6295,21.503985621284,-0.297599359393419,0.220443454894616,-1.35000315403189,0.1770149711687,0.577695015851592
269.3919,114.156261868285,0.0704615660490914,0.137378618573856,0.512900528339574,0.608020903842805,0.871335926798982
41.8632,19.6169065367919,-0.10128575993854,0.262713430432376,-0.3855370460956,0.699839564894069,0.909073378845008
11.2394,9.72435199518664,-0.307695206702092,0.320575040943353,-0.959822716692603,0.337144447208457,0.732323800633588
9.2351,24.2855625933455,0.0174815833832483,0.258127719384665,0.0677245490136495,0.946004906886003,0.983506025301001
14.7249,11.2710368733075,0.801317762856971,0.296981114140505,2.69821118146206,0.00697132008727513,0.134713087850018
39.0174,29.191410418566,-0.0329200286177797,0.190976490893226,-0.17237738772876,0.863140848058231,0.967325446834601
35.8589,20.74814073079,0.351158086516807,0.2218666445994,1.58274393679525,0.113479839588488,0.484950692370068
18.6102,12.6343429136523,0.408988878651656,0.41924827361153,0.975529070468206,0.329297888884407,0.726844657756711
190.7665,61.7081036865448,0.160219056000427,0.220591954763548,0.726314140387236,0.467646212712333,0.812693998053532
1029.8445,1366.73404710257,0.642579681934087,0.219892788629794,2.92224081534533,0.0034752272764592,0.0964587868897567
118.2482,44.6203534229174,-0.83529641498343,0.474342304636568,-1.76095702790713,0.0782456764942332,0.418915218736818
20.6407,11.3265927266117,0.59492586422545,0.328031473519592,1.81362433867163,0.0697355807365825,0.397795686267993
28.3257,27.448695257758,-0.187834040781004,0.232408562950499,-0.80820619686466,0.418971890996546,0.789027309981957
24.213,27.5225881390552,-0.604785460734235,0.23234433186022,-2.60297058203287,0.00924198835449509,0.160429430616871
25.0103,14.2939356613111,-0.0385862474028453,0.323523680253339,-0.119268695795714,0.905062483575296,0.977043318898406
31.7738,18.712361604806,-0.316094058878822,0.218460007243565,-1.44691956604397,0.147919452465462,0.54414145621188
39.5487,15.5471775894362,-0.00236373167630512,0.260735596683477,-0.00906562704276472,0.992766775226529,0.996844136656551
20.2024,42.3289168627977,-0.0778540153232608,0.263197651975257,-0.295800569416097,0.767382388116144,0.93740888178476
28.2002,10.9637850726425,0.666244061904207,0.320377605665732,2.07955877727402,0.0375660213429096,0.313723901178824
28.0166,27.9185847513453,0.0626227553321572,0.19945880921505,0.31396334701186,0.753548877026028,0.931514353113044
40.648,12.514849539316,-0.206121798766074,0.318399530062961,-0.64736841390851,0.517393533446636,0.836227080137004
15.9079,24.698493268203,0.361956998069145,0.399000007987014,0.907160378004116,0.364321993038586,0.755709786693821
18.1319,13.4397904493352,0.402432060172958,0.377776031948253,1.06526625868124,0.286755457112899,0.693471973222653
21.674,15.101553238291,-0.516510362817193,0.227976855625275,-2.26562631281388,0.0234742726278132,0.253192784378453
79.0932,34.2556285970193,-0.0955510248035297,0.157745829432099,-0.605727740299208,0.544695560099077,0.850610982670605
48.3655,21.208012682922,0.635700219993745,0.380985026036201,1.66857009213098,0.095202610181723,0.455287488783215
37.1629,16.9029500245747,0.18798054058547,0.248304098042478,0.757057745189978,0.44901526769304,0.802238170833249
52.6597,21.2316767092025,0.113769806953693,0.200894840241886,0.566315226497153,0.571179511386808,0.859040327188875
39.4365,35.3667730335077,0.0701918044463349,0.215257042911501,0.326083660246104,0.744361059205934,0.928562466264812
33.428,23.4528958324529,0.339362376590608,0.26332121674394,1.2887771854731,0.197475559731092,0.605230580821725
78.7081,24.2648774771691,0.324653853080658,0.236768661261396,1.37118591350329,0.170317008258098,0.571361631348114
34.2987,32.3958396402312,-0.0536651639710561,0.22238345151795,-0.241318153867778,0.809308541841218,0.952172556821622
15.482,25.6036356415832,0.9135827742826,0.35779766606294,2.55335028966313,0.010669213464185,0.172079571489282
32.5586,26.6752146451519,0.256578030976572,0.201713400401354,1.27199298839865,0.203375610525883,0.611996199593382
579.2078,591.5881364135,1.21608603094302,0.43443992968673,2.79920409668588,0.00512287457784135,0.120152917102424
33.9077,30.2826363098295,0.425614292139705,0.207761898195025,2.04856759510439,0.0405044160439676,0.324088068476798
19.0225,17.4205275815873,-0.183076140915179,0.216453312672322,-0.8457996722477,0.397664508345712,0.775001241646596
95.2196,57.8846087084266,-0.0430469457050736,0.132775478070228,-0.324208553648025,0.745780146665641,0.929200932940057
36.3092,25.7164929697132,0.0223648541511717,0.192284950998568,0.116310995920519,0.907406071277055,0.97705552321547
110.2256,69.451649879159,-0.469647026604318,0.15907508515211,-2.95236068021108,0.00315354340388101,0.091894844996366
20.7244,10.2878545840234,-0.10195649076416,0.257530962219012,-0.395899933295996,0.692178850272005,0.907065244953633
37.4504,12.9749458279002,0.906478238114698,0.419686073536776,2.15989592048083,0.030780727655532,0.294134624608114
48.994,22.422262027024,1.23124183812168,0.375661639267544,3.27752879032932,0.00104720050586997,0.0568239288481737
193.9258,97.5720587029476,0.510497152685933,0.24860323018053,2.05346146273008,0.0400278436006148,0.321553885865082
221.842,107.865049850891,0.179541555639897,0.15323531390071,1.17167218880259,0.241328692944507,0.654441667318621
20.5754,14.5750519751443,0.525687727492356,0.286101432360116,1.83741732138786,0.066148311671831,0.392518464673966
10.4962,14.3397850764585,0.432827402685272,0.274461160077711,1.57700784534585,0.114793719900202,0.48783361603509
118.8461,93.5799240272936,-0.0638511931708403,0.162770881332487,-0.392276509460027,0.694853918302625,0.907086243252467
13.1991,11.3979356335943,0.649758397085408,0.301847786144417,2.15260282470495,0.0313499063599189,0.296377191664157
11.8169,15.7688937376925,-0.417545420072279,0.372722620283437,-1.12025779319419,0.262603922392498,0.679167130935142
29.8757,19.71752102068,0.564775752590866,0.251221851699985,2.24811555511236,0.0245688224484903,0.259364288461572
8.1529,10.4335582440327,-0.0648794551544395,0.288570334740073,-0.224830647311267,0.822111023269586,0.956186181100515
57.1416,30.7612893394089,-0.0882261910710317,0.256254138636275,-0.344291770429742,0.730626872665205,0.924404836352157
101.5014,55.2253096160137,0.397149797968368,0.159940983331924,2.48310213989473,0.0130243736395561,0.189790043138628
46.9136,18.5328934029046,-0.267957039725804,0.211138597451002,-1.26910495267445,0.204403634109884,0.61331070879162
17.1028,32.4199915529762,-0.417707646940428,0.261736730671272,-1.59590763539049,0.110509416572467,0.484020217275703
24.139,16.9407398308671,0.0766552651917341,0.289032579258419,0.265213234398735,0.790845200275403,0.947133844414802
29.4224,18.8865601357567,-0.389332527096533,0.257059355384595,-1.51456276125037,0.129883168660658,0.515636512523258
1262.5416,582.551419761971,0.325738688483936,0.186902924219943,1.74282285760609,0.0813645623244901,0.425157513166659
53.2096,18.1620215436943,0.745647835199641,0.316520968974473,2.35576125529862,0.0184847936624995,0.227772556917324
21.8325,10.0059216777396,0.444458248529817,0.300601666803983,1.47856215587667,0.139257373437353,0.530430150410062
61.5568,28.9763759988243,-0.407582742400573,0.206954564011035,-1.96943104080971,0.0489036141489089,0.346612121043882
148.7468,93.4726070424683,-0.172139136923132,0.202267981478853,-0.851044914101392,0.394744403608744,0.77399628595269
34.0377,25.4637631995785,0.210591360367087,0.194299875774599,1.08384711790236,0.27843258991372,0.686543720545821
260.0441,135.280705573352,0.550495196914789,0.177421470760722,3.10275410610934,0.00191728871362159,0.07419752698423
12.4585,15.1180073836042,0.256626927137021,0.33232066282696,0.772226815371534,0.439980102068849,0.799135586028892
138.3551,49.6978979667219,-0.112701973458372,0.171327753041131,-0.657815044310513,0.510656986096319,0.833820310760906
78.5913,65.5673197937461,0.559288335115109,0.25157097328766,2.22318309543441,0.0262034562439291,0.267475479433463
100.9927,43.6381698645753,0.336473284066712,0.253284008516134,1.32844266812557,0.184031911668053,0.585819723601878
102.4382,66.8172951784818,-0.137911195690675,0.150508517248264,-0.916301603471323,0.359508727239995,0.750401198671797
17.123,11.8303394054344,-0.0135580662870445,0.320024981735391,-0.0423656497487275,0.966207211280807,0.987243914372936
13.063,12.6861335586247,-0.255159620079971,0.448372703367267,-0.569079290875045,0.569302331594538,0.859040327188875
4.7267,14.9796532481245,-0.169733576010043,0.622646976569369,-0.272600016377231,0.785160699349085,0.944929983842563
19.8771,25.7059771298078,0.0580606016689813,0.226822035017151,0.255974256048761,0.797970715912134,0.949744344233985
43.3039,25.5243774683783,0.0933303618629629,0.256396545577013,0.364007875585553,0.715852128381209,0.919120628688367
51.4078,33.1907803785892,-0.0761327372439845,0.162159964059964,-0.469491576945787,0.638718304134788,0.887067504449041
49.1195,29.2596919414996,-0.163403711402945,0.159915971860731,-1.02180982613326,0.306870917771644,0.711562806048396
131.8237,51.4030588714022,0.0823295315315861,0.206154545565091,0.399358312987532,0.689629205740218,0.905874934300268
33.4398,23.7797760299787,0.498533311814079,0.269821226230782,1.84764304416761,0.0646539984298662,0.390273890325666
77.9571,42.3492948212269,0.636348511688495,0.253135266075312,2.51386747312866,0.0119415298434023,0.181718036844194
22.1462,28.1044222416035,-0.0633121706853695,0.210499770518142,-0.300770734949152,0.763589325804951,0.93609020656055
48.8411,39.4214925685344,-0.084424294221783,0.183648472280725,-0.459705943498032,0.645727302820604,0.889663652199919
19.8636,14.7785416529788,-0.134870025608522,0.237981941463794,-0.566723780716114,0.57090186144972,0.859040327188875
52.9146,31.2262530092028,0.126483600309417,0.206851175959314,0.611471507100814,0.540887475765076,0.849707090841554
37.0554,37.437297816043,0.0086015815991705,0.269780916503745,0.0318835806129048,0.974564892755779,0.990171405138368
27.7975,22.0816616222502,0.347406883751477,0.221189286215406,1.57063160560658,0.116268244195556,0.489935050905612
39.2833,26.4659727050333,0.306297667105026,0.340985916352295,0.898270727370949,0.369041234612596,0.760482356369685
37.3591,23.0034137203525,-0.134078063110369,0.226665736225606,-0.591523294799696,0.554169851641318,0.852879462595976
67.2833,54.9083901375765,-0.0726961711295391,0.203534409974722,-0.357168948182117,0.720965330560597,0.921069524962269
10.15,15.6631660844431,-0.585303690352732,0.437230691467794,-1.33866103586611,0.180681046329677,0.581309132905363
58.2391,15.7412209399921,0.3420711992681,0.241940341043369,1.41386590509428,0.157401278354668,0.555560514353495
15.0887,10.9309770725102,-0.203576792317275,0.352628876822353,-0.577311745288043,0.563728880779047,0.857029681441673
34.0424,29.7967699785579,-0.236259786102939,0.16995443993711,-1.39013600462785,0.164487581875951,0.56211344552206
73.4533,33.0444576779414,0.579868612405399,0.241395776552675,2.40214895507448,0.0162990700212819,0.214930869701238
34.4848,19.252331052513,0.0244738584398073,0.340995719946139,0.0717717467060084,0.942783557679808,0.983506025301001
18.6217,12.4499004940113,0.601821794366677,0.300819766763138,2.00060588053226,0.045434879372514,0.33934106017789
42.5107,17.2173745783356,-0.11018814670785,0.260153934440528,-0.423549799255637,0.671894172984439,0.898044402472767
32.6423,14.1796038889019,-0.020962274587297,0.29948537082975,-0.0699943190187195,0.944198181315424,0.983506025301001
37.8951,11.5195258309605,-0.368232680042194,0.347665666227985,-1.05915744869878,0.289528080170808,0.695637785072544
100.9069,32.830196670325,-0.276213222554099,0.32003668220572,-0.86306738543349,0.388100418593517,0.769624599837664
216.1633,142.773225207621,0.0975862935256422,0.139632617408063,0.698878924832123,0.484627699343424,0.820206959057161
39.6968,32.1213002119636,0.351047768447123,0.209335943794626,1.67695887330045,0.0935505243160577,0.452651946395413
162.7041,63.9423468911186,0.011898460580822,0.167515359127457,0.0710290724551937,0.94337461744606,0.983506025301001
20.1996,21.9928728384776,-0.0104297046182003,0.26161825843071,-0.0398661189809986,0.96819986275476,0.987811415677902
38.0521,27.7956135414242,-0.651360920653116,0.236713056255762,-2.75168987700171,0.00592886378286648,0.125326671133452
11.1706,15.2641865344723,-0.144676505978899,0.317959637771829,-0.455015318902583,0.649098218082235,0.890808592970812
311.9298,116.419692875288,0.185295229672787,0.156637959781244,1.18295226732757,0.236828065314369,0.648822318928577
23.9724,18.8702656900327,0.457572187012428,0.290563071501095,1.57477749890424,0.115307811934852,0.489003798716126
46.6989,21.3021060918464,0.443332251756018,0.237924337447717,1.86333292555008,0.0624154404957588,0.38431150485615
51.4064,30.2297730479218,-0.0584403542498521,0.251630566138498,-0.232246642952297,0.816346452134428,0.954118128058941
33.8858,27.4433184962201,-0.262560372327362,0.243688182511458,-1.07744400906686,0.281281952014766,0.688056902065977
25.1783,16.3770045958649,0.208986787590608,0.303582324914785,0.688402355602455,0.491199440852794,0.82273035788981
14.8833,17.4164230640383,0.115233095302582,0.317926759509697,0.36245170265093,0.7170145090236,0.919187304663193
14.4537,10.3528698918897,0.300130959277398,0.274550031890401,1.09317400989124,0.274317405974923,0.685431474903796
63.6103,75.9105357494771,-0.166569554269303,0.20806918216974,-0.800548896921306,0.423392845394092,0.792615024633713
26.4902,19.8827444830755,-0.153215611669129,0.330652308661529,-0.463373784654162,0.6430964661237,0.888117763366624
35.6803,27.8867228004512,0.402994122446802,0.214621482675616,1.87769703863195,0.0604226220737867,0.381389481845622
24.6174,11.3354669135842,0.123591184245699,0.278277924467113,0.444128597273281,0.656949611973882,0.892736701808825
19.4516,19.797152611073,-0.294197726889396,0.29511910411773,-0.996877947867561,0.318823756831375,0.720004485334041
13.3021,31.7603176712992,-0.48584336957977,0.511950430459815,-0.949004709583706,0.342618216785018,0.73683421142903
270.0881,183.355599665861,0.107510975770147,0.21180608700687,0.507591530014243,0.611739831831722,0.872392960456238
135.5985,95.6001535444296,0.121644210321812,0.122874489848944,0.989987510600088,0.322180223637056,0.721460080374155
16.9732,31.656446275961,0.023034439500198,0.201588211116645,0.114264814259747,0.909027873925469,0.977081736097955
235.2415,82.9519973476831,0.288617340922202,0.16445382775934,1.75500530972476,0.0792583995380141,0.419141880517295
76.6637,25.061133599411,0.0610104920445935,0.228070369870271,0.267507313989525,0.789078583556624,0.946309113184124
20.0612,15.5200073962003,-0.64630929920607,0.366765998728953,-1.76218433945865,0.078038157169155,0.41845067696724
20.3903,22.9849573308994,-0.228201690099708,0.247933492761946,-0.920414936915428,0.357355965953375,0.748692099511223
46.6992,28.2912093490405,-0.464070539707219,0.195576378639773,-2.37283532364601,0.017652132061447,0.221824849729226
12.3591,12.3032554545715,0.104192165694525,0.328841659792787,0.316846003514821,0.751360455440359,0.930823263765315
17.4387,13.818478627658,0.0679123128045215,0.33563787123604,0.202338051288502,0.839652454497235,0.961790768399045
22.0504,13.5959695683791,-0.0464021134701478,0.257232523762776,-0.18038976095006,0.856846592051672,0.96416815750916
61.8705,33.4702167022611,0.484702539009734,0.216690039329858,2.23684734429298,0.0252963190106088,0.262633558850758
14.7818,10.2020815932619,0.194502418507312,0.337838617242849,0.575725830559794,0.5648005130548,0.857519296586156
365.9148,190.904210147904,-0.892038044027673,0.239276590587977,-3.72806233086011,0.000192957659962211,0.0232495062836821
24.4457,9.81028540311642,0.932921854767087,0.469644818028852,1.98644128276057,0.0469843465445648,0.342489691003975
95.9143,34.2947267834125,-0.107984294376462,0.266616125900968,-0.405017866085757,0.685464378357085,0.904227748216215
191.607,240.038148209211,0.0937341409232815,0.131415288431768,0.713266637708969,0.47568077785101,0.81573179759612
21.7549,20.7830030401453,-2.07785887894137,0.61392781014533,-3.38453291185734,0.00071299470621664,0.0476233964097962
36.5394,42.0925203421883,0.327752840016755,0.240772176520804,1.36125712178556,0.173432448212974,0.574524201762117
13.2267,11.1269131733889,0.296542778648344,0.263903334334703,1.12367954499675,0.26114899707765,0.678946460066931
46.3134,29.8039304688329,0.0940427650388628,0.192471779190613,0.488605474705609,0.625121036340848,0.87793308314416
19.2205,26.3316919540314,-0.304268254708063,0.2053330104354,-1.48182824604225,0.138386001298137,0.530430150410062
12.7469,19.1882802507916,0.0408140395238007,0.225212207113408,0.181224810355188,0.856191121175092,0.96416815750916
144.0517,68.2353898177394,0.487784483379856,0.457702946829296,1.0657228378339,0.286548950712285,0.693245394538184
73.5679,57.6867406354545,0.311551809695489,0.154729136137131,2.01353033742378,0.0440588667306635,0.335076406014762
24.0804,16.9574170216662,0.504556697895914,0.248369522144737,2.03147589744077,0.0422067421210637,0.328507293478467
38.5631,20.9995982519476,-0.119703825546605,0.284337915867278,-0.420991429094107,0.673761340504788,0.899275290486951
24.8097,12.4692470175678,0.0205277289664099,0.256400298735627,0.0800612521422057,0.936188540093717,0.98344499528628
47.6216,41.4416552601919,0.232627984474433,0.235076382225234,0.989584671468803,0.322377165327733,0.721460080374155
176.7294,95.6222660322495,-0.479479965601439,0.197840774931139,-2.42356493886727,0.0153690051893714,0.206657629953364
7.3498,13.236491481605,0.171762992320376,0.414285655032733,0.414600385588551,0.67843446586755,0.901646311154776
178.7961,96.927952425694,0.0462552104837153,0.145963132182236,0.316896532652953,0.751322113087285,0.930823263765315
42.4799,23.7184562277903,-0.0589107329292869,0.228124022344026,-0.258239935996067,0.796221738415448,0.949337740955141
453.0197,275.769147008353,0.367746205878586,0.175604427900029,2.09417387862192,0.0362444937904007,0.310198348665755
177.8594,141.944663222518,-0.285866052541262,0.111876414031847,-2.55519498917697,0.010612832772692,0.172067291560042
18.2052,10.6779922695306,-0.032480682706001,0.337475396361226,-0.0962460761768671,0.923325137146945,0.97968093888036
12.3915,20.7549212314988,-0.35261664818193,0.317141902442621,-1.11185764311207,0.266199362935344,0.682654881543352
32.7325,12.1979644035108,0.15923527127051,0.270730456114255,0.588169035563951,0.556418838982468,0.852879462595976
142.5638,112.984603876102,0.140328943019686,0.195113022072132,0.719218745778061,0.472006151016523,0.814529151215571
58.0881,39.5843555790334,0.892072493990379,0.287355575921926,3.10442033751506,0.00190652261116999,0.07419752698423
40.1537,26.8593470382318,-0.189821605148438,0.201362705055426,-0.942685017546765,0.345842039060544,0.740850030176702
83.5994,44.9003576287061,-0.174548004449433,0.214668295524008,-0.813105652249945,0.416157486075507,0.786298305069827
84.8394,68.3584836072531,0.354764540501419,0.198726615481718,1.78518886180123,0.0742306880083682,0.407753839170124
39.6653,37.4843883680587,0.004152761012996,0.273633318047955,0.0151763719514164,0.98789147194335,0.994533587109745
28.7731,17.5350402264778,0.061406248676728,0.403743206774613,0.152092339007471,0.879114106500837,0.97322382739378
15.9904,10.4766613246774,0.349121434839957,0.320924502594496,1.08786157497325,0.27665622152376,0.685781557589152
17.912,12.6494889772016,0.320659556222841,0.375434830786836,0.854101777266652,0.393048599265741,0.77239643187975
32.7478,32.2955595860076,-0.211784474818015,0.328604775204091,-0.644496035355782,0.519253827704115,0.83703947956543
72.3313,35.977608932885,0.0204061730245885,0.185901244287547,0.109768888867816,0.912592664995674,0.977786075622948
29.9666,16.1331908855334,0.102614428779798,0.245880255843933,0.417334968306403,0.676433414575225,0.900422128814881
30.1487,15.1624046166672,0.229559267361271,0.314443189541422,0.730050053544031,0.465359589690716,0.811005184826568
32.1589,11.574740832431,0.103343336735142,0.291206036530696,0.354880475577808,0.722679135945071,0.921658925963461
148.0356,80.8706846221661,-0.661228651085791,0.210611620196022,-3.13956395411786,0.0016919947757281,0.0713353341145953
19.4087,18.6365736249992,0.20276939353047,0.244075952716299,0.830763503220484,0.406107244152536,0.780545485952648
119.3956,38.1995251076999,0.182264776542917,0.210308803526905,0.866653100042955,0.386132109826799,0.76913511017364
62.8909,33.5413447191996,0.147969052426863,0.176301566604749,0.839295164963536,0.401303695780579,0.778520222356483
26.0899,21.3031900438982,0.258807328366373,0.374285369575194,0.69147059811639,0.48926985152372,0.822139250099332
55.601,41.9354642982739,-0.214609209504998,0.28779129571327,-0.745711259171701,0.455841856257247,0.807014752722783
65.3497,14.0678420168391,0.364004826122114,0.298922177869842,1.2177243880533,0.223328726077655,0.63266556249915
340.708,117.042499528626,0.157776739984684,0.113083413335708,1.39522442178409,0.162948174712083,0.560807089850692
59.7487,33.683013809268,0.559560113241813,0.197126486256369,2.83858411859525,0.0045314173808937,0.111382239222367
54.2165,27.1258729874974,-0.371784984592145,0.251929692264932,-1.47574897285697,0.140011293711282,0.531757032278265
65.1307,40.2445482271742,-0.451109688144977,0.276958928924292,-1.62879633416076,0.103356141007605,0.47203977620292
41.1709,20.8967303774354,-0.067868095741936,0.290808827429401,-0.23337701383364,0.815468660721498,0.95407362979265
27.7514,14.6620012500748,0.539084781377127,0.295472474349651,1.82448393057146,0.0680789435505438,0.395411255310105
11.1834,9.37053464367576,-0.180017604968669,0.463974668099517,-0.387990158398168,0.698023316706394,0.907891560223425
63.2073,48.3998592513992,-0.770917794712125,0.248938225424625,-3.0968236934972,0.00195606173660623,0.07419752698423
36.9355,20.1909226780702,-0.252640059572659,0.247101803771365,-1.02241285056105,0.30658554092939,0.711468334218693
61.2397,36.5210788634439,0.36625170721306,0.202334775570747,1.81012733070692,0.0702760435341609,0.399585235507109
47.8231,25.8665843518334,-0.579494940246627,0.261297566360267,-2.2177586585236,0.0265712923173383,0.268294559983985
19.8255,9.60656452569698,0.45552461144136,0.347158415348874,1.31215200698386,0.189468851343202,0.593340788217426
11.8074,11.5828158125891,0.502704521854861,0.302118811054268,1.66392989599235,0.0961264397782151,0.457549939920319
52.4925,44.9045985114871,-0.239246430315308,0.304787003970815,-0.784962702472107,0.432475436889355,0.794425813957657
2555.0452,2212.4921480561,0.0664089362488023,0.160273233116619,0.414348266129263,0.678619070641308,0.901646311154776
19.6387,16.9986029522487,0.0286466937651737,0.686786905794514,0.0417111822072868,0.966728939608067,0.987243914372936
1.8872,13.5340174803617,0.416560673452067,0.317102424396796,1.31364707868274,0.188964997841915,0.593340788217426
59.7738,18.2224628809506,0.22142479691022,0.22471747837264,0.985347461682709,0.324453426983333,0.722022833433455
65.5198,65.2882497739897,-0.824681263407485,0.236779227769448,-3.48291220972507,0.000495990985747059,0.0398896596232878
86.9159,95.7906565311687,-0.154068310281128,0.275863601541276,-0.558494522004111,0.576506744154411,0.860205581762669
40.1,24.4507193377263,0.691784077923124,0.190558236881435,3.63030267935125,0.000283089052505059,0.0271809723069311
49.8176,32.6214445067314,0.0443718703272994,0.20163077995236,0.220064963979127,0.825820560629833,0.957123226154342
14.4683,12.5396141269663,-0.202081108159063,0.273863362477907,-0.737890261518152,0.460581137277516,0.808947556674579
36.432,21.8455913212453,-0.0424699149608053,0.192257716062435,-0.220900964760308,0.82516954620601,0.957123226154342
31.4948,18.9524732573736,-0.0432849646902878,0.243456306924616,-0.17779356483745,0.858885101348316,0.965191774589039
15.1453,22.141919136695,0.362825473646797,0.264486939513417,1.3718086583568,0.170123011170046,0.571326078748541
46.6769,29.4914116297006,-0.156016798044234,0.210474290462248,-0.741262971841297,0.458534008289307,0.808739048468455
26.5271,10.8663077738769,0.422257650018475,0.328250294516301,1.28638924952284,0.19830724840878,0.606871534597586
61.6234,27.4101374808729,0.339389483837467,0.228663260848926,1.48423267724541,0.137747203538113,0.530153495536389
90.6101,48.6747510939988,0.468416317990996,0.179484549057626,2.60978630445011,0.00905987980986453,0.158612425731104
32.4495,15.770426193977,-0.737144215901839,0.286422560843811,-2.57362483503459,0.0100639333905522,0.16714289374309
25.2113,16.0562840993539,-0.264693743855684,0.3029987240312,-0.873580391145238,0.382346808749232,0.76840706934271
7.7006,11.3795291232319,-0.0907111550845379,0.2750828201256,-0.329759434061059,0.741581741281238,0.927543211922085
18.059,13.1560292632222,-0.01134166192181,0.247482490187852,-0.04582813884409,0.963447230812776,0.98711586125942
55.5243,32.0182377623644,-0.226140924029822,0.295033955079571,-0.766491178850353,0.443384098587729,0.801169544330973
12.6597,10.8021319684156,-0.298361233641749,0.272734382913142,-1.09396266966739,0.273971350942912,0.685431474903796
456.7281,188.513325727578,-0.318742881397296,0.186946384561508,-1.70499623271625,0.0881951270367131,0.441554111585867
21.7305,14.3708421115825,0.0213562453759903,0.344992049410699,0.0619035870898189,0.950639610894337,0.983955126234213
49.4408,18.5862845358321,0.202165654983214,0.293799963947762,0.68810646627295,0.491385738765937,0.82273035788981
61.9618,42.8998577860386,0.0226225162146694,0.200466699969118,0.112849247372029,0.91015007392458,0.977433101060214
86.4207,67.258067334968,-0.477926352839462,0.172192006675115,-2.77554319778151,0.00551095777821385,0.122698679518566
28.3815,24.7920412563906,-0.382613747662766,0.251287340443113,-1.52261449776211,0.127855180502431,0.511491601593357
56.9984,29.6466348915307,0.0674399799485358,0.295916431356204,0.227902112902126,0.819722340087559,0.954737259256644
55.4636,25.8456274617968,0.0634470166241739,0.266886466147673,0.237730363551172,0.812090231986316,0.952376136139739
24.3241,24.2647934354697,0.426699946970862,0.355565451321035,1.20006020097155,0.230115960909579,0.639513218209072
28.8235,16.3051909616713,0.602762815313697,0.28843253720948,2.08978786216455,0.0366368601734285,0.312042930957416
195.8125,124.329280265337,0.165946413766128,0.178323956394548,0.930589569238613,0.352065912165087,0.745758369615464
29.555,19.0255240675775,0.237086090174783,0.303301862675646,0.781683594301976,0.434400545491625,0.795044223112167
52.1374,19.0293010909975,0.70279341187994,0.424973985593452,1.65373278295736,0.0981818186046821,0.460907009416174
59.917,28.1213056863037,-0.44672096485952,0.210881846367147,-2.11834718139642,0.0341456755714672,0.304352068660443
309.3905,103.115281136777,-0.045281242608735,0.172435544731212,-0.262598077903938,0.792860381693901,0.947884639204089
24.6516,12.4517950699557,-0.010258855215869,0.237039765358912,-0.0432790472954429,0.965479093406202,0.987243914372936
26.9051,37.3068712729133,-0.112987142252769,0.300005484967573,-0.37661692173722,0.706458310507618,0.913306632108991
153.2154,92.7679161116572,0.265186878800284,0.192729850367707,1.3759512514244,0.168836726254064,0.569430122300343
39.2486,19.7226224533924,0.331275454486681,0.309816427051382,1.06926368507807,0.284950869253274,0.692583531124325
241.0858,102.682019463891,0.247524690129466,0.281665789815247,0.878788617857445,0.379515898855144,0.767863333842052
18.0352,13.295335225064,0.722158117695143,0.359030216329168,2.01141320382084,0.0442818298295475,0.335940548521691
128.6206,92.3839820484548,-0.281985104542181,0.183931130945623,-1.53310156411503,0.125250832381194,0.50884155500902
26.3456,18.6214685763623,-0.278947013357687,0.276428704838481,-1.00911015562106,0.312921808018074,0.716674940404185
29.0287,17.5462856476233,0.321976885118811,0.245958619328749,1.3090693304326,0.190510867031149,0.594560323974816
39.0533,31.5608398760501,0.109484836335357,0.251967126767716,0.434520319137858,0.663910642907624,0.894553184945473
54.5931,16.555252535167,0.0792570765204628,0.269633248050891,0.293944003914175,0.76880069235499,0.93741878145726
28.2278,18.1469517281334,-0.145132443244278,0.225201416283983,-0.644456174561811,0.519279667793962,0.83703947956543
6.145,13.6931346203483,-0.359625692922334,0.267604558742177,-1.34386983021771,0.178990483534819,0.578588385755636
77.8243,74.1163575678715,0.0691179292418136,0.184973926679077,0.373663091240588,0.708654988299088,0.914498809041517
17.3175,20.7880883941676,-0.151439847677077,0.224292123365601,-0.675190218027523,0.499554920651911,0.827372437724675
19.9606,13.7110484677993,-0.244725850234226,0.225595921822695,-1.08479731484936,0.278011435057631,0.686543720545821
2008.3013,676.767317154865,0.0586052678893609,0.158349568056173,0.370100585740601,0.711307545696417,0.916002547691266
55.003,23.7079341166491,-0.501838278217039,0.217859231910461,-2.30349787712137,0.0212508464635511,0.240884631381279
38.2502,26.339599596236,-0.184335589820179,0.266696316436799,-0.691181611666027,0.489451418128767,0.82221950913102
24.8121,18.6775804937376,0.340478175916322,0.352666828252328,0.965438619797592,0.334325165716379,0.73177786943915
52.1728,84.7019126038263,0.0151610998800125,0.216786896421427,0.0699354994710555,0.944244997798616,0.983506025301001
64.192,30.2860332723968,0.120167186102524,0.344329241188816,0.348989199080624,0.727097418297178,0.923280578349578
38.1228,15.6692809288205,-0.286584956364612,0.260820361544339,-1.09878291199245,0.271862767439995,0.685431474903796
73.4348,27.8597028539752,0.403368207445655,0.216360416348707,1.86433458694935,0.0622747326232551,0.38431150485615
58.5042,26.4240884605092,0.072687345177901,0.17701054739386,0.41063849724258,0.681337630717847,0.902331840681287
14883.7391,8287.29469444372,0.377632606305043,0.224443158939183,1.68253114993525,0.0924658898268221,0.448817451015657
26.5789,21.5387751613597,-0.0347915870278312,0.201748416997486,-0.172450359440811,0.863083484040662,0.967325446834601
33.5045,17.7409739933278,0.539355347917742,0.273524159424678,1.97187461996851,0.0486239212567154,0.346070274056714
238.0888,105.109758670097,-0.28196093092422,0.237855516512135,-1.18542943657073,0.235847698780084,0.647869516765138
16.4226,11.9027429812104,-0.03860898433035,0.372588387829819,-0.103623691965367,0.917467985407592,0.978463935687972
16.5124,14.0021558080771,-0.248499181172305,0.321724163624874,-0.772398250639487,0.439878589657373,0.799135586028892
76.5896,37.0878761930181,0.170134847449991,0.182327481926358,0.933127829400443,0.350753971893293,0.745755542997045
156.007,82.1886171161042,0.354412034414445,0.276369901077769,1.28238289709673,0.199708360815181,0.607743911781342
100.5838,56.7736326687344,0.258548130247575,0.199540247366676,1.29571920281559,0.195072243105966,0.601676788913532
26.936,12.4962684536896,0.291014058066235,0.264907603864687,1.09854928216739,0.271964710351958,0.685431474903796
97.0415,58.5407149426082,-0.153036840151514,0.184714181364836,-0.828506176519523,0.407383898461565,0.781815757665934
23.4061,12.0715143474036,-0.164074409841448,0.364760115649713,-0.449814557025232,0.652844160539223,0.891098926369064
69.7519,33.9346151062138,0.305865195269048,0.223751032820518,1.36698897615546,0.171628760889622,0.572060850778248
16.5961,15.7526721009078,-0.0573619923011745,0.33494933777379,-0.171255726858353,0.864022690954199,0.967636128287508
104.6902,55.2443541420361,0.000123988709357848,0.148051813150812,0.000837468361373916,0.999331797002407,0.999494448662075
43.3617,19.6116614813915,-0.750569414851298,0.376692959658282,-1.99252307643917,0.0463136958150587,0.34129909328258
44.058,21.2463102173819,-0.018876966569166,0.575262220591479,-0.0328145424703136,0.973822481244133,0.989932034283738
41.9823,19.5635050215332,-0.103481175612811,0.410600710231046,-0.25202385927336,0.801022621876394,0.950760017024347
62.5838,16.6815128066839,0.133639953538311,0.279494875193727,0.478148135795624,0.632544773625354,0.883829946035627
2771.838,1659.05926372858,0.0548490531285199,0.162902125030147,0.336699432977742,0.736343490856765,0.926729064238427
10.3318,14.5758147372885,-0.40455089338681,0.344541923524207,-1.17417029907069,0.240326820016661,0.654203676263042
84.3447,73.4165229756482,-0.263917539041664,0.189178621986414,-1.3950706283325,0.162994542306483,0.560807089850692
55.6307,31.6223407160993,-0.118546978734956,0.210547399455838,-0.563041761813927,0.573406446836444,0.859040327188875
10.5735,14.0061794404713,0.755318363567618,0.367370562048758,2.05601221653512,0.039781338672649,0.321230389150366
70.111,36.7381890111732,-0.269637060995015,0.205645883177816,-1.31117169392527,0.189799763263922,0.593340788217426
21.1627,12.8568859531896,0.241584828000207,0.31106236848384,0.776644340418689,0.437368633625918,0.797667903204477
616.9625,267.494464316307,0.0695531545576833,0.182770836733272,0.380548427751558,0.703538355414619,0.911791382880755
46.1098,24.1648391917709,0.240166578858529,0.327587702314757,0.733136736090809,0.463475036196211,0.809566258506457
7.3624,10.7697336789154,0.242256690638422,0.338214846758699,0.71628047366963,0.473818181285425,0.815107068784552
60.5478,69.2669615689066,-0.174079056470784,0.182824254206043,-0.952166096488472,0.34101275227635,0.735563062412698
36.1793,17.0749516171022,0.389130202723956,0.237376141130654,1.63929787075684,0.101151239270984,0.467349146857289
39.3074,16.7341223537733,-0.522476021421063,0.28789924720752,-1.81478773039117,0.0695565366762434,0.397795686267993
17.1803,14.9542354002315,0.669068466679903,0.325562094964518,2.05511783167762,0.0398676249990241,0.32150466616667
17.7346,10.0149415551063,0.055492988029459,0.328821904126228,0.168763051770895,0.865983021815584,0.968067249237177
1370.8593,384.164584698146,-0.03527785291676,0.139881011060486,-0.252199012927534,0.800887240992155,0.950760017024347
21.3369,15.473289271004,-0.373991139929139,0.300249392975325,-1.24560165209018,0.212910675472553,0.620947366292758
29.1591,24.7516657255053,-0.106714511599661,0.36058974987068,-0.295944384547626,0.767272554454855,0.93740888178476
100.2191,48.2989252785882,0.263112383003333,0.216096267863059,1.21757023203227,0.223387332329352,0.63266556249915
9.7576,12.5064711362375,-0.0897675170595435,0.33906981565735,-0.264746411842979,0.791204821277443,0.947340613890192
20.0492,11.269429620784,0.427008420947786,0.298673591331844,1.42968254757199,0.152808151491481,0.548064300941012
13.268,15.0906678313387,-0.528829825705194,0.344380595628795,-1.53559704703925,0.124637238885821,0.508562970088558
35.4308,24.4408675943697,0.291597129166604,0.213810212850041,1.36381291276821,0.172626455194287,0.572780543827697
68.2384,31.8684323608446,0.0774837520361153,0.220319195855458,0.35168861131351,0.725071802473988,0.922511895710432
68.5639,23.9528804602926,0.426850013563042,0.209610873730232,2.03639251135605,0.0417109568176988,0.326999090437901
39.0812,22.1204192062128,-0.200245151764336,0.323338358889672,-0.619305276528179,0.535715269067594,0.846482470666074
38.3929,17.4807856799939,0.48733103630239,0.348314635298354,1.39911157016116,0.161779528650893,0.559813848684495
20.2026,10.6480959102368,-0.966552466660229,0.29507165861256,-3.2756533487662,0.00105417866374155,0.0568239288481737
67.3701,42.1842261184989,0.0209299251962469,0.181754150028294,0.115155143324038,0.908322152516545,0.97705552321547
69.0676,26.5084101893019,0.432803781807633,0.217272191368791,1.99198884625324,0.0463722816873756,0.34129909328258
52.6566,26.9819324028745,0.337236026844616,0.211935172389583,1.59122255660661,0.111559498229195,0.484950692370068
22.8503,15.2106776077008,0.0270544678187523,0.259400827383066,0.104295996630728,0.916934454814639,0.978463935687972
22.6181,18.8896510051113,0.26530528367514,0.284733993623751,0.931765400747041,0.351457779091854,0.745755542997045
26.555,20.6365246367181,-0.369489160098893,0.199865129305422,-1.84869247268372,0.0645022312323935,0.389740620376655
16.5243,13.7169587266339,-0.571614129193875,0.295013362374691,-1.93758724890528,0.052673599371832,0.359643631266564
36.7304,23.1449503577888,0.0688886308094613,0.230363472651328,0.299043203406338,0.764907081389688,0.936512057210527
89.9376,52.838743990885,-0.130608297909854,0.156642151272254,-0.833800460789436,0.404393435638669,0.77908955355892
596.7584,258.398550023436,-0.196974740557021,0.182511950807108,-1.07924297387626,0.280479427021262,0.688056902065977
54.5802,21.1095190621662,0.0447144501684595,0.22798410447536,0.196129683125747,0.844508663650257,0.962236343760892
25.1743,11.6369746910062,-0.232331391237181,0.301618088157444,-0.770283349571212,0.441131831028689,0.800104811591291
33.0908,22.2066689795965,0.334337799053042,0.262279586752476,1.27473816469206,0.202401933676215,0.611484701298102
38.4907,39.063317453123,0.11873120275667,0.23383238187287,0.507762020836028,0.611620247448682,0.872392960456238
164.8995,134.285451277888,-0.220923304310442,0.173786065543327,-1.27123715943361,0.203644290592356,0.61222806540608
71.5691,46.2239116576959,0.0460228483929115,0.179522969666541,0.256361893290858,0.797671409583474,0.949744344233985
13.4459,15.1169042020206,-0.102412649707275,0.330361100012912,-0.310002145238264,0.756559325004254,0.932449888979082
23.0052,14.7194907582555,-0.0190982416766299,0.24376653350404,-0.0783464465039597,0.9375524720114,0.983479420711732
62.7133,23.9745551169556,-0.237505309922653,0.297630379909347,-0.797987456774382,0.424877769103898,0.792615024633713
30.5709,20.2105023226871,-0.432840037357707,0.232111892822775,-1.86479043401793,0.0622107846798297,0.38431150485615
26.7538,13.3920109917947,0.452748279372792,0.413316855456622,1.09540240954511,0.273340378954612,0.685431474903796
76.8179,27.6381268309802,0.36258719128526,0.283207809472884,1.2802866981674,0.200444324137012,0.607743911781342
38.1966,23.2191751398421,-0.376712150286019,0.219238128479606,-1.71827844407576,0.0857458392304582,0.43582149054687
240.5703,78.2657133192339,-0.125763580563225,0.166039063225071,-0.757433691328096,0.448790077805845,0.802238170833249
56.458,35.6428028095724,-0.0134318961162074,0.267205727457293,-0.0502679947919686,0.959908827968903,0.986972027885079
28.3846,19.0609485909586,-0.0314193106296594,0.221676548425623,-0.141734932507762,0.887289381321706,0.973620531905895
161.8045,67.9625248726944,0.139527001890204,0.172686374331601,0.807979219149491,0.419102545123044,0.789027309981957
23.4965,15.3075670288758,-0.139385555163638,0.247463012818971,-0.563258135330325,0.57325912112341,0.859040327188875
39.2664,27.8383017645744,0.31803544646898,0.185833449237661,1.7114004382615,0.0870072163491976,0.43890929376383
20.3365,13.5480996221157,-0.0510793351378928,0.262263063578567,-0.194763740043748,0.845577909895658,0.962236343760892
77.7382,27.7912814340504,-0.0874347958235908,0.296051887721433,-0.29533605239451,0.767737178280536,0.93740888178476
24.8019,12.3116950349256,-0.473201332970193,0.349539332050841,-1.35378565323048,0.17580477211139,0.57678607828323
11.3175,12.97258862106,-0.604535019702239,0.25804992797447,-2.34270563238463,0.019144481037167,0.229129536309335
66.4579,21.213576817533,0.0995055137960131,0.22222282743871,0.447773592582234,0.654316603515895,0.891168133053105
140.5886,130.426430015244,-0.311105741339443,0.169735324891461,-1.83288741773925,0.0668193152776001,0.39367659863936
90.2357,25.9134266015218,1.38883946168505,0.35132113691953,3.953190729891,7.71159184372382e-05,0.0143599187514191
20.586,14.196292038654,0.16399518417023,0.267925230844465,0.612093096470753,0.540476164796613,0.849418422679075
12.303,13.2464993007744,-0.456852470330079,0.308200852283732,-1.48232059368057,0.138255011241685,0.530430150410062
41.851,14.8926502296622,0.24561160433816,0.255760691012563,0.960318035448596,0.336895175726909,0.732323800633588
29.7865,31.6876638027201,0.108742004885391,0.199301001468334,0.545616951667294,0.585329269414241,0.862276812663919
6.8921,10.9832735599273,-0.453643194285344,0.341116190407452,-1.32987881268105,0.183558203247338,0.585347773199219
30.3573,18.2915680132227,-0.335886878732701,0.277319985138497,-1.21118886749166,0.225823028359549,0.634704655083816
460.7446,159.685632812012,0.475952345632571,0.175425747591766,2.71312707607871,0.00666515416081023,0.130551146255354
31.3538,31.2291248002847,-0.275042062807415,0.208324666807465,-1.32025682326717,0.186749285887643,0.590012525336538
24.9564,22.3090864799276,-0.179538317509759,0.187763797407642,-0.956192407634228,0.338975035053965,0.73370961268285
308.1364,145.338296719561,0.273879806599724,0.186968848250259,1.46484191972523,0.142964051899447,0.535498595921673
42.8696,27.7162337909523,0.215914329909898,0.257727775703101,0.837761197142476,0.402164835586622,0.778696547997498
54.8315,60.1743381489112,-0.406647704023449,0.167436130726514,-2.42867356202621,0.0151541698528172,0.204664557682553
61.2422,47.3477954824427,-0.278926443381339,0.222774645974495,-1.25205649934362,0.210549277158942,0.618218418472634
36.86,40.6348507866505,-0.762119354245138,0.206425523675479,-3.69198217679352,0.00022251306179016,0.0248607775400097
212.1106,128.565181276835,-0.0434969770949517,0.145283533180599,-0.29939371753082,0.764639655146235,0.936512057210527
6.6096,22.4937160345087,-0.236713693238852,0.385819148564714,-0.613535367851623,0.53952240443239,0.848992500203793
19.1606,19.8011700960255,-0.0183381583230878,0.350832235929297,-0.0522704485079972,0.958313199790799,0.986972027885079
32.1097,17.6077447237693,0.308626272422425,0.22951981513023,1.34466068756334,0.178734835475612,0.578099077233358
30.3674,28.1649465405273,0.444126279940373,0.304300298391749,1.45949998172074,0.144427545661998,0.537883192783623
31.175,41.7385528970473,-0.83182754702825,0.304670707059761,-2.73025114575615,0.00632860929825165,0.128772530257471
12.0709,9.77557343694114,-0.22294957156182,0.295544743482526,-0.75436825211206,0.450628129593515,0.803572216004686
21.389,15.7178460218859,0.562804947637667,0.266917845124056,2.10853248637644,0.0349849557790964,0.306632085969228
243.4343,120.084657965089,0.141266180610266,0.160180758328943,0.881917291964402,0.377821535277703,0.766242024515342
72.5595,21.9693132800729,0.243613129775224,0.21764520131367,1.11931312202068,0.263006579690764,0.679375852285526
262.0231,171.682213087887,-0.0339137890546357,0.146422573120574,-0.231615852199981,0.816836394015788,0.954451348398367
29.0742,26.4077396672687,0.170584188866395,0.280691387261894,0.607728618004352,0.543367479239914,0.850224073282803
51.5114,29.5573154689926,0.484925787838145,0.198604102804456,2.4416705445184,0.0146194813307894,0.20052837673594
45.6345,25.453863268154,0.220641649006837,0.360209311120127,0.61253732814601,0.540182308782321,0.849241733082598
30.1032,16.9304343470275,0.586562852887582,0.281593490811646,2.08301282532105,0.0372500545319734,0.313723901178824
451.8359,196.036735591383,0.311132429466516,0.193572662238338,1.6073159601609,0.1079850749339,0.480150713074397
54.4087,30.1934048747608,0.3278982594236,0.328992558464785,0.996673787862281,0.318922876868115,0.720004485334041
21.3309,18.4230392306892,0.512331639724584,0.291383231380534,1.75827427438849,0.0787008527114159,0.418934150232043
7.6562,12.1816097079458,-0.179505573827663,0.31087751038619,-0.577415759681908,0.563658630555678,0.857029681441673
15.8635,11.347145619944,-0.217743190549021,0.274660560284516,-0.792771959408606,0.427910696368301,0.794070462196098
22.2116,20.6200519220977,-0.208261060732133,0.239139891331431,-0.87087545107018,0.383822162157475,0.768770269379949
30.2688,14.2981915578315,0.0250370290031695,0.267032743247975,0.093760146035422,0.925299691025444,0.97968093888036
29.4863,14.7537182391127,-0.310129045957984,0.307780172646185,-1.00763165895842,0.313631324543216,0.716674940404185
158.6026,138.852139656213,1.25399063980278,0.314829896686177,3.98307356766932,6.80296849821312e-05,0.0134852391682321
86.5725,35.0956310195721,0.142857362034474,0.253853794709023,0.562754487078763,0.573602075936339,0.859040327188875
25.5574,15.4535465585085,-0.518179333220752,0.281410245933425,-1.8413662640533,0.0655679031202648,0.391862619074346
12.9591,12.4185260542747,-0.119560671718169,0.282908447662434,-0.422612589712515,0.672577939602624,0.898280105060606
18.8547,15.8857135240173,-0.273178363499835,0.243821617061842,-1.12040255819707,0.262542255293065,0.679167130935142
76.9307,37.6574241081824,0.0864500269237855,0.276259106640451,0.312930958096159,0.754333116778193,0.931771813257011
54.9132,20.3677314685304,0.272260957733682,0.366377808710516,0.743115306824716,0.457411873177547,0.807714122098486
42.2562,12.9134829864801,-0.349800284592259,0.34763681574523,-1.00622335940568,0.314308137808935,0.716674940404185
76.9407,34.3464833826333,-0.163446487876321,0.188948778113896,-0.865030668670411,0.387021956068687,0.769624599837664
30.1651,21.4167063896486,0.176970494653469,0.418894450771037,0.422470372495336,0.672681721710245,0.898280105060606
19.6413,15.9633871737186,-0.481004227106523,0.311021976392651,-1.54652810288646,0.1219770783821,0.50186000189466
48.1979,85.4541373307547,-0.0185667656281149,0.224955417652486,-0.0825353122048258,0.934221039034102,0.982563279310386
60.7427,35.7481725005252,-0.403774870815542,0.276129638134173,-1.46226559938975,0.143668441485907,0.536329183468055
23.743,11.0830236068019,0.00159212480346053,0.267258930698479,0.00595723704835427,0.995246840647978,0.997844972390574
346.834,104.516277744632,-0.134962885921159,0.133551383992574,-1.01056898016619,0.312222768722831,0.71613496166402
10.3425,9.04289091033061,0.220302909041575,0.583702695031344,0.377423148662599,0.705859166598224,0.913306632108991
173.8032,94.7278979377458,0.107823512907539,0.152750369958071,0.705880535262442,0.480262433224703,0.818097441491805
52.025,28.7626264161894,0.590747801646882,0.24984407892475,2.3644658868414,0.0180560901505239,0.225060190618599
29.3757,22.7988629114918,-0.038386460377123,0.232235768969924,-0.165290904787773,0.868715017284154,0.968830087334143
11.8768,10.0707295119116,0.0456674437477507,0.33105923013592,0.137943423987911,0.890285131054693,0.973981907282789
32.6966,20.5068994834159,0.133516226019185,0.308417566528467,0.432907332490939,0.665082092838456,0.895402285244747
26.9194,17.6804229033923,0.328938743632584,0.324927987531681,1.01234352304143,0.311373831781426,0.71613496166402
23.9869,12.6001720342001,0.20896252262402,0.375424370001976,0.556603511442052,0.577798354108612,0.860205581762669
61.0257,36.1566600727662,-0.0483669320592772,0.144197745041183,-0.335420862826,0.737307632328742,0.926729064238427
33.3872,27.5036961058492,-0.486599734061083,0.228283228642696,-2.13156146841912,0.0330429141940299,0.300367910831825
25.8745,21.6697783199414,-0.207877680666267,0.262870128221006,-0.790799936352964,0.429060747082708,0.794200985667357
22.1085,20.1123800227885,-0.737672715914324,0.339241187782157,-2.17447863785933,0.0296692080014331,0.287566692695278
111.7945,66.1190286600639,-0.178738215259239,0.16036649153778,-1.11456086334053,0.265038649276596,0.680878971490252
16.4729,16.5110610146397,0.125784675286524,0.317576317116922,0.396077001044804,0.692048224356133,0.907065244953633
22.1392,27.2221567950291,-0.124529922096285,0.211377766386345,-0.589134440320822,0.555771091690825,0.852879462595976
23.8115,37.9803786140349,0.173838530652716,0.241102268843968,0.721015739446309,0.47089983095774,0.814203562531038
132.5923,57.5767038543624,0.162660018599783,0.171615094671826,0.947818832083699,0.343221691706049,0.737446606829955
47.5624,59.5971081933125,-0.420616466637352,0.194935177058767,-2.15772480361793,0.0309492343155164,0.294134624608114
18.5203,20.3777718568653,-0.224958930349097,0.218390740543869,-1.03007540424503,0.302974610122928,0.710060632801447
20.0837,12.8077869324436,-0.231087121118243,0.301765430261836,-0.765783943236087,0.443804869749483,0.801169544330973
94.5431,40.7695015640471,-0.0455112168489827,0.244026756767948,-0.186500929044681,0.852051950366646,0.963665190210818
66.9897,33.0600727927781,0.0747774775716399,0.210111907554075,0.355893573296863,0.721920268888496,0.921596183859814
30.8606,19.2031642469104,-0.688577939709436,0.235663216507404,-2.92187278911982,0.00347933617465122,0.0964587868897567
20.478,28.6845329161732,-0.941813676457589,0.322385732436315,-2.92138758542498,0.00348476007966249,0.0964587868897567
14.3894,13.8639623769217,-0.13029479377353,0.308453328885647,-0.422413316932736,0.67272335939608,0.898280105060606
27.9697,16.7440215317121,0.211620577438007,0.315966599170024,0.669756164081549,0.503013242012631,0.828760540987489
43.8384,22.1167916493222,-0.637748730726646,0.23415673071165,-2.72359768941256,0.00645751148555293,0.129906568651991
170.5521,58.9815722894587,0.323114421809117,0.189344323745392,1.70649119771662,0.0879166637881472,0.441018693043399
36.2782,27.4803232078363,-0.211281595868681,0.213533641498865,-0.989453438744473,0.322441339891924,0.721460080374155
96.7877,24.1507082086959,0.503552673971033,0.229362426696721,2.19544535355333,0.0281316667886555,0.278821116800464
99.1933,97.8879969142724,-0.359395713791089,0.173772232460861,-2.06819989995834,0.0386212296745818,0.316436608467073
15.8901,17.0553284980004,-0.548203306367383,0.409997162717289,-1.33709048797831,0.181193101698771,0.581309132905363
162.4134,102.777843440344,0.090488883829332,0.153261440284317,0.59042172422147,0.554907949635916,0.852879462595976
51.969,14.8970507877915,-0.072461197134055,0.244201237629764,-0.296727395149054,0.766674640186543,0.937205237636561
67.659,32.423319251929,0.161420188380356,0.249960660823536,0.645782371708137,0.518420306008816,0.83641285312813
22.8163,17.2005763514768,-0.122908007599977,0.477872942626516,-0.257198088940634,0.7970258592038,0.949539337884326
22.3658,17.5670177075074,0.347410801669572,0.26391429621962,1.31637734918487,0.188047421043188,0.592590462723277
20.3301,28.6966704115363,0.0622702520606431,0.271808831642211,0.229095764418027,0.818794485433975,0.954608768637042
115.2285,78.1101772364744,0.230183674176167,0.18440902024349,1.24822350811385,0.211949217295013,0.619024686443846
62.8378,40.6261824209555,-0.321472045226002,0.168087156244193,-1.91253188172792,0.0558080073679496,0.371059037353358
57.3704,48.966287750872,0.335065999710948,0.198652872060871,1.6866909410113,0.0916627949056815,0.446869193390005
87.4024,51.4900147167807,0.0527526978232076,0.158228831055675,0.333394979102423,0.738836152682972,0.926729064238427
86.0539,35.9882713672363,0.260163351313465,0.161240265290354,1.61351354046072,0.106632983904015,0.477432553329024
32.5915,20.6642693407258,0.698599373744278,0.431352980241762,1.61955383582312,0.1053281530363,0.4761528957916
40.424,25.2529987602635,0.392453351699293,0.183880669618298,2.13428280696363,0.0328196377930914,0.299668163801703
11.7704,12.6542989371741,-0.153651920636333,0.308932927735228,-0.497363365448767,0.618932834797629,0.874902053781892
399.4587,122.769312044748,0.144201998224974,0.218266077121127,0.660670682897501,0.50882352888713,0.832681913451775
139.6109,79.6419929110028,-0.0636781174654147,0.181377988835785,-0.351079631404819,0.725528608344641,0.922676593186634
40.177,46.6766723346127,-0.442832364544156,0.238817480626713,-1.85427115042861,0.0637003773413292,0.388717794203046
35.7553,30.1275222334102,-0.0507090932636632,0.332485043052124,-0.152515411815723,0.878780435762761,0.97322382739378
26.4537,14.277362178026,-0.268110640549952,0.322668065968243,-0.830917803239752,0.406020065504779,0.780545485952648
30.3326,30.1109436145301,-0.318975605102099,0.225071451942742,-1.41721929791099,0.156418821348909,0.55483028032572
14.9831,11.2548019036615,-0.510827082328956,0.283156406376028,-1.80404564695098,0.0712241513446727,0.401903039497717
16.827,15.0311850267579,-0.0987288236544837,0.311422835351224,-0.317024997679239,0.751224634446833,0.930823263765315
9.1379,22.212946527263,0.346082344825159,0.296126255915831,1.16869861388964,0.242525080624361,0.656527145566827
10.4299,15.0464323779572,0.26220219341827,0.310933649460081,0.843273778420476,0.399075344325228,0.775153063509289
42.6688,18.8259730980419,0.0424920101049648,0.405012918607994,0.104915196905342,0.916443100133485,0.978463935687972
18.7125,18.12896586288,0.115511099956867,0.269287554930406,0.428950754841676,0.667959062724836,0.896706525157637
48.2254,18.4432581438099,-0.145038517358528,0.254188210155139,-0.570594982631201,0.568274220385709,0.859040327188875
67.5353,17.9495079249706,-0.0443730199679428,0.413929029739753,-0.107199584421129,0.914630645114879,0.978312500301293
12.7702,12.3530637582687,-0.276955553158015,0.367790790059915,-0.753024710360195,0.451435065244443,0.804310952718788
187.1441,141.406993018984,-0.221344394586862,0.118618604594538,-1.86601752181676,0.0620389140914726,0.38430355553639
17.5853,19.1291042792171,-0.178578958642522,0.256760559080841,-0.695507749639604,0.486737156272222,0.820654733989735
41.8995,22.1520812042037,0.0867874659895743,0.21018504314759,0.412909808851779,0.67967269426153,0.901719418955397
70.9215,87.0065513704482,0.0632524274012387,0.197367388245749,0.320480642538984,0.748604002197095,0.930823263765315
14.1259,14.6234504879782,0.287011354387253,0.244361587766963,1.1745354783869,0.240180609890683,0.654203676263042
206.131,74.0881458947573,-0.00512348010505202,0.159007430462546,-0.0322216395180276,0.974295299297689,0.990085102395286
153.1514,75.0058146688919,0.0373895029189855,0.21566794342995,0.173366066019588,0.862363696581403,0.967188340115481
158.1078,70.8675839574447,0.376545989200758,0.247732083537106,1.51997264070303,0.128517851973083,0.512287691794479
22.4975,20.2831128617942,0.554453413538212,0.300993676396697,1.84207661827242,0.0654639434009303,0.391700031352207
5895.3687,2021.97964904694,0.105690006678236,0.157794245649256,0.669796330299413,0.502987633243747,0.828760540987489
91.68,92.0871330470264,-0.0830523207414529,0.228452003943046,-0.363543848633335,0.716198663732674,0.919187304663193
34.5954,39.9649798948104,-0.182097371542868,0.296895368031705,-0.613338539937821,0.539652515182427,0.848992500203793
42.607,43.51382380013,-0.15737623777939,0.204852644492817,-0.768241182187464,0.442343911215799,0.800854645615397
63.9776,19.4174766624329,0.444978187988098,0.231971285544303,1.91824685087204,0.0550797181519973,0.368277900388149
200.9773,186.872196070006,0.0866246643040995,0.116547579398859,0.743255799484647,0.457326826393238,0.807714122098486
40.2304,25.0053042869542,0.0256094160842517,0.177268654731235,0.144466691661193,0.885131956708143,0.973620531905895
32.9071,35.0210369392961,0.40641604366331,0.321225967425324,1.26520295641351,0.205798582953415,0.614111654535886
16.1521,11.8113144225479,0.574737320271532,0.299093803298777,1.92159554605484,0.0546566694743849,0.366739608537569
33.5003,21.6516188625647,-0.0243050833074284,0.217232951737681,-0.111884882624888,0.910914683253243,0.97762919510935
57.569,33.1320472698425,0.195527042385955,0.196928344968446,0.992884200683675,0.320766390082405,0.720814907838047
20.5334,14.1296864407282,0.396206571973568,0.283770921063832,1.39621977645992,0.162648323098991,0.560807089850692
40.1264,22.88949756942,0.100902656064886,0.256652641375253,0.393148714637055,0.694209645840992,0.907086243252467
18.4239,11.7434393629031,-0.661402298782139,0.300029067372235,-2.20446073633779,0.0274919583253439,0.275267424596924
36.3281,12.4249683054789,0.0682627217594259,0.320076189481192,0.213270227535738,0.831116194327842,0.958619540275502
132.5157,81.5794913401685,-0.3877959635676,0.235947601601212,-1.64356815214861,0.100265436984358,0.465267128790328
39.8802,21.8017254214328,-0.00313477479466095,0.182888376723726,-0.0171403719078134,0.986324631511387,0.99402978041591
18.7043,14.6919045469808,-0.191575160011455,0.275640078894512,-0.695019246764803,0.487043239892246,0.820654733989735
37.2541,28.1572821817713,-0.544668226754871,0.302121955856862,-1.80280915105992,0.0714181925166079,0.402034238921405
12.6074,11.9167931830109,-0.394389303005332,0.314800787880014,-1.25282184222377,0.210270550756093,0.618218418472634
6.4148,12.6687841488013,0.129153256263461,0.386940713417155,0.333780477951988,0.738545215765778,0.926729064238427
65.0649,60.7056930100087,-0.111688051580867,0.255160386403149,-0.437717049873101,0.66159140836806,0.894298109199677
42.1952,52.1889318727523,0.237003027907744,0.135878806856076,1.74422364599344,0.0811200996491247,0.424240861569252
20.6578,14.7362992532913,-0.0594780830463117,0.258166276327401,-0.230386725533752,0.817791275238631,0.954608768637042
36.53,17.860998592209,-0.108541413247386,0.251517820556509,-0.431545617750768,0.666071690783508,0.895930013845712
25.5783,18.8956544102855,-0.0668018432889962,0.228100267102394,-0.292861749517412,0.769627827028534,0.93741878145726
33.8226,13.9866490839767,0.243449630871649,0.236412884503508,1.0297646483309,0.303120499519854,0.710131707796227
16.2054,16.1086176922896,-0.320217314807125,0.245121921975394,-1.3063593505899,0.191430382569123,0.595916768433261
22.9669,15.1844125137038,-0.206504639791628,0.251157831544665,-0.822210633535048,0.410957027855609,0.783291233304192
29.757,23.3173534502188,-0.634473827773005,0.257814115045474,-2.46097397600242,0.0138560416194279,0.195925853358051
85.7978,64.2928708724006,0.239436631027026,0.136805136808673,1.75020205097918,0.0800834550575601,0.42128766978319
13.1726,14.1804093864755,-0.195883319368044,0.235076287716855,-0.833275534808436,0.404689350893192,0.779229984304027
72.2369,50.6974857595504,0.433318780700252,0.179707324019203,2.41124719354203,0.0158980692044752,0.211458084981602
14.4492,12.9512052381017,-0.330253095479007,0.305255673083257,-1.08189011572909,0.279301357406424,0.687072394420528
491.5236,319.358441508283,0.306056119937422,0.0988246407623981,3.09696162390578,0.00195515183075341,0.07419752698423
36.6741,57.5558258457345,-0.153905140464137,0.191632479788598,-0.803126592287071,0.42190156899816,0.791970038321888
97.1956,59.03829342325,-0.00128191455070938,0.232591452448505,-0.00551144307847338,0.995602526922897,0.997952125345044
36.7884,27.3383845475133,-0.46013336008021,0.351662909718224,-1.30845007353462,0.190720698124043,0.594913040595049
16.6896,10.8195117673006,0.396797908309976,0.267055777105585,1.48582409491593,0.137325655122682,0.529079491678682
253.333,95.4899530704099,0.315471453982635,0.332016499303531,0.950168002627573,0.342026894251159,0.736424409661308
24.6792,22.3998393620034,-0.829738801773555,0.395774251263658,-2.09649515885458,0.0360382889237868,0.309727671939399
65.6302,27.0474782305107,0.215139112237423,0.240823950999431,0.893345995465089,0.371671913579878,0.761607864100263
33.8914,14.154196151857,0.661067250650202,0.343771698524368,1.92298334472506,0.0544821415789684,0.36672035700453
132.0944,135.272502993329,-0.0327768247663966,0.167100173376211,-0.196150752594388,0.844492172924236,0.962236343760892
43.9549,47.0245808052076,0.336674559375507,0.252658062009104,1.33253044331265,0.182685944546505,0.583778018324637
13.7043,15.16124522906,-0.106186105602584,0.316845513086003,-0.335135266926635,0.737523050436376,0.926729064238427
82.3497,23.1315306844458,0.0263370341435744,0.268510342990512,0.0980857342411762,0.921864215325778,0.97968093888036
29.5193,12.7497793828984,-0.264466214432262,0.333535671925548,-0.792917329967922,0.427825989778891,0.794070462196098
30.3335,14.6519151025968,0.279166589368763,0.251670127714624,1.10925596098286,0.267319777446945,0.684164944777792
207.7252,105.847159180768,-0.251957672502126,0.21110318225653,-1.19352853807742,0.232662442402817,0.643723866981229
27.9398,18.2948872456229,-0.103479780785969,0.220471929621762,-0.469355808530806,0.638815330228372,0.887067504449041
86.0675,40.898564454989,-0.113347996257993,0.184212265059376,-0.615311886108441,0.538348769418418,0.848037641610695
38.3606,27.9420751109809,0.122543831382269,0.306877909406463,0.3993243815408,0.689654204197347,0.905874934300268
68.0054,40.5939116412341,-0.453665997731593,0.191431230463201,-2.36986408452722,0.0177946253634297,0.222737334376769
190.3984,126.454024765329,0.114455802010796,0.151096424640552,0.75750172304261,0.448749333994068,0.802238170833249
14.566,12.124958904132,-0.203161737140752,0.342350609404338,-0.593431796409642,0.552892214786255,0.852879462595976
511.4368,315.691731402349,-0.177396279013217,0.214345764051388,-0.827617376990417,0.407887224019125,0.782293068538553
34.1614,20.908346099847,-0.0847955705234244,0.320480464284085,-0.264588890660925,0.791326179186063,0.947340613890192
39.1824,20.1443656630976,0.299085417957962,0.212944629572266,1.40452200442304,0.160163463893787,0.558255522193602
311.938,135.66100299895,0.0507545944013621,0.156500553190001,0.324309361001063,0.745703833306419,0.929200932940057
65.5773,23.6815263242111,0.166769832376214,0.262768003538197,0.634665675160758,0.525646484836719,0.841609601178123
34.8655,26.0531059728121,0.0132474920842602,0.201762341347991,0.0656588935068486,0.947649399985064,0.983506025301001
37.9876,13.1039922060994,-0.421551031803857,0.290948120834809,-1.44888728132807,0.1473690636,0.543241089275345
23.8058,12.8792574215899,0.0871490597622123,0.284774550549969,0.306028258472909,0.759583130147112,0.933965866075125
31.5041,17.3394546688309,0.579417894378799,0.287091673872238,2.01823301443654,0.0435669993111851,0.332570448158053
27.5078,36.0107972459457,0.271633987993697,0.262064768458855,1.03651471195886,0.29996207950542,0.70569179883645
23.4529,16.1797084462829,-0.306625892165132,0.259017570148425,-1.18380344618871,0.236490877742836,0.648318772234484
43.6038,24.4921085262978,-0.151971561924293,0.175121741000846,-0.867805225414925,0.385500968955516,0.769124498127157
48.2474,29.3030868505077,-0.228933394098843,0.184634195199525,-1.23992954745705,0.215001453890902,0.622612598567197
40.6689,16.6334540421169,0.311290007265176,0.36525284152434,0.852258961124144,0.394070378189866,0.773900328517532
36.1888,41.1244604918489,0.172501504966189,0.258496988065115,0.667325009306245,0.504564554926768,0.829813407044753
91.182,50.024811320024,-0.0428314794443969,0.159087893309601,-0.269231545866552,0.787751506105035,0.945825127982697
79.922,32.838437895913,0.411656930478624,0.252765758020411,1.62861035332714,0.103395531125977,0.47203977620292
61.1291,28.7606608895131,0.394260129303303,0.274248787474549,1.43760026410287,0.150547505948156,0.54477829726167
43.5122,29.3826663752608,-0.00927029653156488,0.189323055264159,-0.0489654919134397,0.960946796399789,0.986972027885079
19.9637,24.8699605864975,0.502180249002689,0.341373172911821,1.47105949984068,0.141275026549608,0.533549211510325
10.2721,13.6902993585064,0.273531788063564,0.298482499508965,0.916408126149952,0.359452874787568,0.750401198671797
77.3567,37.4876962322036,0.00442988640610808,0.193271264206374,0.0229205641319647,0.981713636898595,0.992401477064881
47.0284,36.8157150770462,-0.148793747880546,0.229505608137652,-0.648322928088552,0.516776107511842,0.836096433402578
21.6401,13.522776475582,0.198078400165271,0.328571425443976,0.602847310588927,0.546610270164234,0.850684872174865
23.1418,14.2612234229831,0.104660796099508,0.252506970186391,0.414486760592197,0.678517661011516,0.901646311154776
144.4271,70.3296994666985,-0.190360159559987,0.247520808242948,-0.769067299477881,0.441853359491189,0.800232506358196
114.2016,75.5024131324266,-0.0512256193193065,0.135348466638054,-0.378472106790046,0.705079911006524,0.912919522363062
62.6806,37.2774195581735,0.127785001432658,0.253032412385173,0.505014358548423,0.613548751090423,0.872583217131839
46.7286,31.2099300409357,0.030845465976789,0.227811660120596,0.13539897808769,0.892296432060796,0.974402387674113
157.0915,105.320088715525,-0.236396045714334,0.169894564723209,-1.39142794885445,0.164095694311191,0.56211344552206
35.5483,15.2249718003938,0.22069817029374,0.241893072963699,0.912379042482378,0.361569217991072,0.752656790160954
28.2995,24.0735937205412,-0.0810270595605483,0.257306136018972,-0.314905275148875,0.752833576242823,0.931375185273753
26.7163,20.7021042047303,0.0132762181388354,0.46738587203726,0.0284052619754348,0.977338927446587,0.991047476758956
22.6237,17.7725347775659,0.290528568987064,0.22497670185426,1.29137180246899,0.196574783450729,0.603372649502861
27.794,15.857067958125,-0.218031378401477,0.229841944093823,-0.94861440221927,0.342816763299528,0.73683421142903
9.8991,10.5086838014315,0.444854350723249,0.384636470236161,1.15655790635276,0.247453028441366,0.661705334974845
56.0385,28.4332850761915,0.0401833422966365,0.307037779197445,0.130874260495468,0.895874776672039,0.97580264878488
28.5837,13.2781554385749,-0.0727081719496411,0.33322084802324,-0.218198148107979,0.827274727918422,0.957820167061762
62.2678,30.1012403277568,-0.0843661136503077,0.169597032487384,-0.497450411796467,0.618871463482254,0.874902053781892
10.1374,15.2806228745159,0.217298362555937,0.488472801094568,0.444852532360073,0.656426327926655,0.892617788251669
44.9095,23.5625626007328,0.247648245049688,0.176931840500685,1.39968161948064,0.161608680333849,0.559813848684495
154.8614,95.8154657712142,0.0151705138139172,0.16239381012692,0.0934180545555312,0.925571447776621,0.97968093888036
42.5131,18.6086474955664,-0.099090600379574,0.211536791485314,-0.468431990878774,0.639475695141498,0.887148187933921
70.8657,35.3489709170203,-0.0255570145880026,0.240843450591476,-0.106114633905296,0.915491400524355,0.978381679342985
129.9769,48.0204404024603,-0.492687777208958,0.285099473511642,-1.72812587529678,0.0839656593874368,0.432652720087934
42.6023,22.4861953282801,-0.0320934667823854,0.301836210000265,-0.106327424341689,0.915322573442526,0.978381679342985
186.2324,75.8116282980546,0.331217438505439,0.180483641344853,1.83516597979413,0.0664811001929963,0.392518464673966
41.4574,31.4384857140911,-0.0269652213360311,0.229049035481953,-0.117726849533735,0.906284091862016,0.97705552321547
20.1036,10.7570617879943,0.182014435901846,0.288652080412662,0.630566859735204,0.528323773441978,0.84315533768357
61.4051,23.2272491027696,0.0702887954292751,0.206458897664368,0.340449339914333,0.733518167434515,0.925368330709319
443.797,128.07125480271,0.151834894208534,0.176172774648122,0.861852204529339,0.388768853099147,0.769624599837664
63.7726,31.5239181457328,-0.342352422227229,0.153683809639202,-2.22764143491079,0.0259044352733169,0.265747503763827
40.0608,17.4290315004945,-0.182388775722216,0.236235692505272,-0.7720627386488,0.440077269832672,0.799135586028892
28.7876,24.7050471014428,-0.174720617008753,0.215285270169242,-0.811577201131318,0.417034277800443,0.787304343190084
11.0459,9.59051655454481,0.567737719871589,0.361098268609026,1.57225267808276,0.115891962957562,0.489523828521395
16.9175,35.7985306928166,-0.0184759439761536,0.436411786295145,-0.0423360334353077,0.966230820497863,0.987243914372936
90.6114,91.7733894720958,0.103581416793199,0.172684417394624,0.599830710587464,0.548619064024246,0.850684872174865
11.1032,24.3089363782716,0.0762617927513491,0.324561222008692,0.234968898253984,0.814232873064925,0.953074687505592
31.2931,21.425463456506,0.0807263734805961,0.235717897907735,0.342470275686041,0.73199700963621,0.924588206416137
22.0999,10.3192893994174,0.280473806484353,0.273692531663602,1.02477698159877,0.305468429904359,0.711468334218693
40.2922,38.3092266795486,-0.149666335213652,0.211008693000467,-0.70928990216209,0.478144593441947,0.81573179759612
30.5568,25.6658711450616,0.0297985545364952,0.255742516821693,0.116517796519814,0.907242182578456,0.97705552321547
131.7587,38.8778464203019,-0.577369786027188,0.312229500509405,-1.84918396591355,0.0644312531899901,0.389740620376655
72.1591,47.2257211797377,-0.218439303226115,0.182475630817184,-1.19708753573217,0.231272437645506,0.641611345070715
24.0473,15.7402851325355,0.371846641746388,0.216702088347013,1.71593474055929,0.0861739873567453,0.43691349200264
335.8611,205.322369273182,0.330355145360653,0.124884489535939,2.64528562824918,0.00816219868188409,0.149275925298148
39.7552,28.8416465662388,-0.511892243509171,0.222896557750806,-2.29654620364958,0.021644670534642,0.241391107868194
44.5292,14.093586478773,0.0809542842381753,0.280686452020014,0.288415360469208,0.773028811109366,0.93783197504187
63.7654,31.4162581895894,0.232416139531017,0.197200232747372,1.17857943823403,0.23856568321278,0.652085509329905
21.904,20.6416472451583,-0.0444222374894921,0.278598263486119,-0.159449082466034,0.873315071295553,0.97102487335316
18.4864,23.0299255455539,-0.0158316154472945,0.260021592947929,-0.060885772092262,0.951450180648282,0.983955126234213
23.7591,17.2978319687973,-0.00285735920585184,0.264243240111533,-0.0108133672772321,0.991372349336501,0.996561931404024
105.2895,65.471945004915,-0.12281112304926,0.155136249373584,-0.79163395753831,0.428574140814418,0.794200985667357
81.4023,46.5344507382183,-0.290608335631258,0.240739339182352,-1.20714934508951,0.227374634269356,0.637106434928167
31.6291,34.4229786663776,0.608871355158278,0.296991988810345,2.05012720241116,0.0403520195049126,0.323289647793596
29.789,11.1071297426948,0.292012418477441,0.295438099587761,0.988404741585123,0.322954466259689,0.721656434605742
125.3179,84.0332970757869,0.0681940287469447,0.131260874947404,0.519530505752531,0.603390845489745,0.870330480676954
122.2393,50.3075721461524,0.18478734757051,0.193751867547767,0.953731955770457,0.340219340199954,0.735117779651145
45.3144,21.1090606481145,-0.0383530122896864,0.268476581628987,-0.142854218632325,0.886405315874338,0.973620531905895
29.7887,12.7727795709456,-0.268217891962211,0.267561280357626,-1.0024540606313,0.316124343451292,0.718943038678086
46.9013,43.1076417743616,0.12137865915236,0.242519781421388,0.500489726821334,0.616730288013882,0.873977607875928
100.842,62.7462656441354,-0.0560965692986418,0.16581887419459,-0.338300266306308,0.735136923053883,0.926269508338345
65.1054,41.5024597859737,-0.228443117029098,0.178652932322018,-1.27869783081609,0.201003483864714,0.608456358792446
55.5497,45.7637297293057,-0.0514974006024267,0.233509616436733,-0.220536530307647,0.825453325546631,0.957123226154342
55.9577,65.1815688979261,0.186181863273133,0.22298700739652,0.834944894085512,0.403748735953558,0.77908955355892
10.5698,18.7382610671009,-0.143805119643928,0.252482570481125,-0.569564542098474,0.568973083464316,0.859040327188875
230.3696,81.1472356306975,-0.0323737746954802,0.172135510624804,-0.188071447767938,0.850820643065068,0.963665190210818
34.972,15.7433444171106,0.189630165516155,0.27394688473939,0.692215082849191,0.488802268126488,0.821802992513617
105.1474,95.9004321176767,0.249246616292726,0.144215382728785,1.72829424695606,0.0839354839749848,0.432652720087934
15.4124,21.1614991339609,-0.297239977862206,0.306032675038589,-0.971268763457125,0.331414459422005,0.729195626935216
55.9788,32.0354178870665,-0.251821628261678,0.273122744107649,-0.922009000328529,0.356523881013594,0.747726706084823
22.8574,17.8556313260775,0.218042375342774,0.256700097522136,0.849405112999504,0.395655909049942,0.774818204756031
14.9652,11.0849444716331,0.474325607269315,0.311703793763418,1.52171907034705,0.1280794871314,0.511735011978188
15.9116,14.6779536239407,0.129269669271428,0.332216317702142,0.389112943534967,0.697192598981714,0.907872117131306
31.8564,38.8269104197968,0.16851598818507,0.238161432187834,0.707570435049131,0.479212058100543,0.817080493070986
22.9068,19.2183470827826,0.0571833113951623,0.23345279786223,0.244945924481525,0.806498301976579,0.951052017970846
36.506,15.7036304606581,0.0289493497051802,0.241014479663187,0.12011456633492,0.904392393666476,0.977043318898406
101.0184,55.208974183321,-0.0574291699764023,0.180194581492129,-0.318706420031341,0.74994914586021,0.930823263765315
36.671,23.6069854704617,-0.0145171208430055,0.241293064370433,-0.0601638546092599,0.95202513338597,0.984052892288778
19.7954,12.278079465662,0.138279286065342,0.297521958731224,0.464770017833411,0.642096160834012,0.888117763366624
29.3777,21.5423295966717,-0.365792326274689,0.213911333288524,-1.71001844853778,0.0872624616302428,0.439531005506428
71.4394,88.9834084781698,-0.485386934934936,0.212955273941702,-2.27929050993033,0.0226498017933659,0.247656640605398
24.8895,20.3189664870735,-0.342330238273757,0.306499861388851,-1.11690177190472,0.264036326938131,0.679802463417519
45.6555,23.4318805350435,0.0516289578634192,0.202929340529929,0.254418398682988,0.799172338409417,0.950622148572564
19.343,10.5522740883167,-0.0169206741845788,0.276410983698074,-0.0612156360727742,0.951187477301163,0.983955126234213
148.5908,90.9350365380921,-0.336044288978924,0.170385839677982,-1.97225479308624,0.0485805274910145,0.346070274056714
32.1813,19.6226887928855,0.395001665647335,0.302841978151279,1.30431609269842,0.192125830612538,0.597476330523303
56.2672,12.6447931043772,-0.0278889259185883,0.228923794261453,-0.121826243569668,0.903036629390721,0.976942084120479
55.5872,36.9085588860977,0.167333405000194,0.226685734286984,0.738173513770169,0.460409015719,0.808947556674579
34.6956,24.807783712226,-0.142267315102028,0.22875047837358,-0.621932317316015,0.533986373746237,0.845489890922604
26.1096,10.597926147484,0.345326704548302,0.351266402916046,0.983090616357171,0.325562842202381,0.722754214354635
171.3794,139.888383958382,0.32226922427913,0.142993348262415,2.25373577299356,0.0242127954601075,0.257905673952496
16.0613,11.5313271536826,-0.71830944716689,0.294921576631382,-2.43559476173795,0.0148673298526392,0.202123322885991
16.3266,10.0976841227324,0.271689199741998,0.311836280305277,0.871255902219022,0.383614442634665,0.768770269379949
107.5266,61.6733684781303,0.302936779348834,0.16994219640036,1.78258717237688,0.0746535294751009,0.407776980181762
21.735,20.6352140937201,-0.506340324663682,0.279982433693118,-1.80847176012003,0.0705331081504085,0.399781364319121
45.0123,39.7544087400623,-0.114118949794282,0.159590814950394,-0.715072166463676,0.474564451666648,0.815511196148964
13.7004,11.2970652346507,-0.0804191268107072,0.325694259381044,-0.246916009399543,0.804973226163097,0.950760017024347
18.4086,11.531676355183,-0.503229520930132,0.341768863620848,-1.47242646857499,0.140905749934713,0.532919439911393
47.5823,52.0939241065292,0.0356758515033873,0.194281794948589,0.183629410634321,0.854304189090046,0.963754491665423
17.1811,21.3348378609332,-0.126617124941293,0.274331478075627,-0.461547926725302,0.644405544671665,0.889259391872307
39.8757,32.0728083525581,-0.49992839273967,0.233445682507123,-2.14151912072486,0.0322321982243748,0.299008302653075
23.4546,12.4213365678291,-0.311422193100832,0.295420613201245,-1.05416541427557,0.291807191512743,0.698813402901717
222.5306,104.384220164996,0.306965034303237,0.182101852520282,1.6856777130757,0.0918578918183643,0.446869193390005
24.7265,10.8374685437729,-0.128793431983854,0.325065987078511,-0.396207038273579,0.691952299495665,0.907065244953633
12.3264,45.6956935431131,-0.149701802497225,0.266014981307865,-0.562757036318838,0.573600339809064,0.859040327188875
16.9529,12.6281214275887,0.157632983229259,0.280185940928922,0.562601330768582,0.573706385647657,0.859040327188875
113.2322,38.7388493069382,0.850922110382803,0.476711199209439,1.78498451849661,0.0742638280693026,0.407753839170124
212.3504,75.2984929534383,0.158421115914033,0.201105400134482,0.787751675529822,0.430841972490017,0.794425813957657
3670.4956,2660.81803131868,0.0487543456832254,0.117737618604394,0.414093186707328,0.678805862360546,0.901699529659652
17.1025,18.9886654187006,0.337515860982207,0.329421384226351,1.02457180117455,0.305565275658899,0.711468334218693
11.1174,10.8775043052341,0.185528966602151,0.30843883940837,0.60150974163313,0.547500525347468,0.850684872174865
33,12.1391994468603,0.358943067907327,0.327059589961467,1.09748522570341,0.272429335732769,0.685431474903796
1.8328,13.6760284802398,-0.446427146065837,0.375760082753061,-1.18806431698392,0.234808071267844,0.6467483630394
37.7962,27.1923506003781,-0.355554824340561,0.247257136840256,-1.43799620461621,0.150435131031165,0.54477829726167
42.4873,19.4167738582486,0.193917331422737,0.374966825027658,0.517158635056405,0.605045424986692,0.870385544215723
286.2971,142.84879799899,0.19997960694256,0.119678447805129,1.67097426988846,0.0947267601500548,0.455287488783215
13.8558,13.6273516048542,0.0589517201208977,0.410139380185801,0.143735819989272,0.885709084623612,0.973620531905895
142.7396,42.7861477455979,0.176087251885459,0.184475704917084,0.954528142145356,0.339816371106597,0.735012882946159
22.3293,17.4872245059236,-0.319451341497277,0.299043662527268,-1.0682431414782,0.285410848986216,0.692750639776382
21.7985,13.9712318582801,-0.184895608902722,0.383336103953237,-0.482332884891212,0.629569490028997,0.881462301940758
24.8348,12.0552228066406,-0.069939824178129,0.248275088950152,-0.281702946815463,0.778171294734241,0.941126275564241
23.0045,19.0761081541335,-0.201707745383593,0.41032543211172,-0.491579925586173,0.62301633750953,0.877477743294994
40.9573,21.2005274579849,0.602306666232375,0.211962309137159,2.84157437557744,0.00448913794473672,0.11078615530284
42.4649,26.300119254561,-0.352982248079199,0.194798613463246,-1.81203675839202,0.0699805169658458,0.398545205519112
66.8519,25.8237950852926,0.713302122420644,0.36897025593962,1.93322391422622,0.0532086200097005,0.361289469568629
124.9628,88.7429352675649,-0.361928120324566,0.224701750451547,-1.61070449872891,0.107244144710922,0.478587704610468
135.5858,69.2403846776791,0.277293843001397,0.144487459689903,1.91915508513003,0.0549647098432281,0.367928259244702
30.7311,32.6626337440198,-0.251644329155647,0.221695611388634,-1.13508935778847,0.256337880092475,0.67431347310285
92.0707,43.6894297532982,-0.131995934835784,0.22014856469298,-0.599576631443705,0.548788424969341,0.85073281317775
753.3173,451.542945152357,0.114335673476676,0.128267329949404,0.891385776267244,0.372722245764288,0.762256147274107
14.3895,16.6165846415015,0.248961607326519,0.220461548168559,1.1292745124704,0.258782049274711,0.677552489472987
200.5338,117.913081712762,-0.573316167464013,0.158228050326657,-3.62335354749311,0.000290807892076217,0.0274925307201285
36.5888,23.4739029670866,-0.164383612379905,0.245539909130405,-0.669478183656903,0.503190492827391,0.828760540987489
29.0629,18.0017499488675,-0.0540392681166082,0.275714755545166,-0.195997011511979,0.84461250510208,0.962236343760892
16.1575,12.4124770911153,-0.070966322398976,0.372013758399938,-0.190762628522687,0.84871156906457,0.963305645175561
212.7211,138.641396790016,-0.0219621571448611,0.183330156022525,-0.1197956605795,0.904645019544201,0.977043318898406
10.0574,29.8472653310125,-1.1372916516831,0.53848561591639,-2.11201862792132,0.0346848515749373,0.306632085969228
132.5311,42.4491057087185,0.252935792003875,0.18885098506202,1.33934060190795,0.180459816638847,0.581309132905363
13.9131,14.0719281083299,0.0296189934838045,0.444302221927843,0.0666640678844383,0.946849140324941,0.983506025301001
75.8495,42.7764280299744,0.00341512239174875,0.192247199386665,0.0177642244081795,0.985826945040315,0.993914122604223
33.7641,26.3050230911064,0.0179435069146156,0.259954451586241,0.0690255804627478,0.944969257791414,0.983506025301001
49.3757,26.5631638149655,-0.163418987833539,0.231863932144772,-0.704805556957012,0.480931249887664,0.818422190683937
52.9108,28.1274367332867,0.0601501870834608,0.244254580008042,0.246260221943352,0.80548080016552,0.951052017970846
13.4547,18.0654750533004,-0.213282610892366,0.450791253846578,-0.4731294342391,0.636120838341731,0.886587106284857
46.0438,23.8702410085992,0.091858399506452,0.213621052545351,0.430006305146122,0.667191054662339,0.896346530585936
76.8035,36.6451433478089,-0.225745709539763,0.24227327630777,-0.931781304897155,0.351449558124004,0.745755542997045
24.8804,16.6926734458089,-0.020686122121398,0.256477499935351,-0.0806547245922633,0.935716543993569,0.98344499528628
70.076,18.1821283925219,-0.0709661168849069,0.297140565403351,-0.238830119975624,0.811237313599607,0.952376136139739
34.8861,16.818446894888,0.255203856468424,0.228216359661896,1.11825399741942,0.263458528233753,0.679375852285526
85.6365,62.0922242457195,-0.266099588324267,0.142308322944919,-1.86988071264997,0.0615003847380645,0.38430355553639
76.4794,47.4729688521007,-0.123353987619832,0.164996978156515,-0.747613616916183,0.454693248896984,0.806607971845257
38.7219,20.618862295886,0.175131682841464,0.206917249655443,0.846385128031092,0.397337932203376,0.775001241646596
36.9556,23.8422593817212,-0.210842601745134,0.285738128659631,-0.737887529165867,0.460582797798698,0.808947556674579
38.7214,22.2928149419904,-0.0847436284194343,0.260804379797191,-0.324931768727709,0.745232712399147,0.92908399628581
383.5489,160.631669619101,0.291864732537565,0.193114822746575,1.51135334091148,0.130698450434657,0.516703318927968
64.6863,15.9473741628035,-0.751210014092255,0.256249453895423,-2.93155752206531,0.00337266900583939,0.095507147653839
201.9775,95.6358295721229,0.0236047712477172,0.131417471009404,0.179616690736866,0.857453500479326,0.964321332438773
54.2058,30.9740743038377,-0.128494762234228,0.205541447671917,-0.625152560175256,0.531870934281525,0.845446165947072
19.8646,17.5410293069278,-0.564734422229221,0.266403569354613,-2.11984555461228,0.0340190721492281,0.304352068660443
19.4098,21.9225169775507,-0.0615212144726012,0.224073204289757,-0.27455855182508,0.783655413729584,0.944477827721353
22.4232,10.7696235465531,0.532224978940987,0.42627681647065,1.24854310245519,0.211832234049994,0.619024686443846
54.9351,48.7049235472246,-0.0421381758161317,0.178136046185114,-0.236550528197661,0.813005503698027,0.952510737888346
17.5358,10.4310330188204,0.875154600404312,0.288480394503253,3.03367097757641,0.0024159776469936,0.0809338862304884
84.6255,47.769261888759,0.216259380956619,0.211190980895777,1.02399913120979,0.305835685263346,0.711468334218693
43.8714,13.4803481170401,0.879164141069471,0.469478694841057,1.87263905844996,0.0611182439514785,0.383236335797791
6.0159,11.5156949264703,-0.39008761418596,0.293424429486569,-1.32943127764969,0.18370572449262,0.585514355294164
108.5712,33.6774435974616,0.050456672073759,0.246042031196346,0.205073384528734,0.837514790569768,0.961497780961666
64.0595,43.703105056169,1.4878809229998,0.294910047494181,5.04520254783505,4.53041182860578e-07,0.000463989678113042
10.8998,14.9923015871882,0.297507508745441,0.402024599582639,0.740023145484872,0.459285950265699,0.808947556674579
14.5175,9.93177209032706,0.0902893767563691,0.340431688308356,0.265220247871246,0.79083979772234,0.947133844414802
16.4925,16.5039965055067,-0.126599753825799,0.310936953804502,-0.407155702391673,0.683893634194902,0.904069580773039
79.8469,58.9925603668443,0.363634738184067,0.119262807711875,3.04902043780963,0.00229588861943517,0.0797693062452158
97.1912,57.5670872196676,0.0275552215560409,0.21351749446288,0.129053694758634,0.897315161747056,0.97580264878488
68.8654,55.9967142549572,0.0375323696388492,0.202051706189068,0.185756261833932,0.852635905480263,0.963665190210818
46.6035,36.6662305101298,-0.149942309608864,0.201436283159799,-0.744365946674638,0.456655114709723,0.807714122098486
8.3395,15.0904792588173,0.103528154437024,0.416704951425837,0.248444742695719,0.803790318826085,0.950760017024347
57.4378,25.7809572711032,0.161785211248669,0.174693071601272,0.926111206161261,0.35438819087426,0.746304123688255
12.4439,11.0753448178236,0.378199209704778,0.352530111347524,1.07281391725415,0.283354615194779,0.690957980306315
319.6683,191.332470027009,-0.17551151402699,0.136875879914773,-1.2822676583798,0.199748769121468,0.607743911781342
60.7528,37.7413149463366,0.305627402727549,0.19164109983603,1.59479048590854,0.110759095307014,0.484078691793458
26.3818,12.2493908089681,0.526432401674725,0.342127591507935,1.53870197768751,0.123877069304484,0.506669347849723
19.0493,20.7427071404097,0.0252891232815488,0.228806092008124,0.110526442104745,0.911991880565887,0.977786075622948
56.2225,34.9106810158572,-0.392745261076533,0.197217698898824,-1.99143009612955,0.0464336232568256,0.34129909328258
41.9014,21.5980490627498,0.0205611802219998,0.23417308438754,0.0878033454432899,0.93003297875799,0.981213798266428
103.2293,56.1183096938035,-0.642869636002246,0.232740783521982,-2.76217011163206,0.00574185535138469,0.12479599466972
19.2619,19.7770659843086,0.0372271573825917,0.279622270709477,0.13313373533566,0.894087615675531,0.975152667873656
34.6193,16.1215946596733,-0.625968706809733,0.240011368490717,-2.60807940368018,0.00910518305305706,0.158952698468851
90.2935,57.1963149610888,0.281408347110425,0.175532271312087,1.60317157071418,0.108896780196222,0.481398285974624
48.311,39.0114577942421,-0.156620731877186,0.214073809386194,-0.731620240356628,0.464400390774657,0.810721704917689
10.9305,12.7584523811447,0.697799402447725,0.286866605049785,2.43248740063914,0.014995513215327,0.203415957413211
20.8817,14.9311789153843,-0.00722515695563242,0.393196204140116,-0.0183754494055536,0.985339337672358,0.993748601673501
47.0639,34.765174175515,-0.48074300906639,0.201564749678067,-2.38505497530802,0.017076569258011,0.218568085168128
195.418,124.832953295812,-1.1706649996852,0.291400795986072,-4.01737063113979,5.8851124738411e-05,0.0120546720505845
700.5497,221.601870099245,0.151390175313187,0.14584549934817,1.03801746361594,0.299261924791381,0.705462366516304
28.7977,11.0592444492549,-0.156981946390595,0.244811391436747,-0.641236281813936,0.521369180342119,0.838660783392183
83.3124,53.8803342589047,-0.622060824769816,0.312667136132856,-1.98953056743864,0.0466426713202424,0.34129909328258
13.0416,22.7057027127702,-0.739986663899065,0.523037696078078,-1.41478648565438,0.157131107675641,0.555244770941239
22.2828,15.5958911573779,0.0929115681629206,0.26724842077315,0.347659933383806,0.728095590233182,0.923280578349578
47.9311,30.0496175692031,-0.049958770692716,0.216510475898907,-0.230745281424825,0.817512693126845,0.954608768637042
44.9265,23.195995210784,0.562023543115399,0.264079158969537,2.12823891634792,0.0333172797387389,0.301080417639045
15.8436,10.2899182539647,-0.181944044848645,0.299896572250594,-0.606689311195635,0.544057117014529,0.850478500141002
20.7885,23.1818701532683,0.115527278004381,0.234114698626412,0.493464437227553,0.621684461879606,0.876807670013812
68.3659,35.1985265306031,-0.107942002039949,0.174831038760829,-0.617407542762556,0.536965948124504,0.84763513068861
20.5608,25.1182682532879,-0.452377531029779,0.233038785148977,-1.94121133415874,0.0522326489072035,0.359520164192474
37.2459,21.864017627029,0.183049655619102,0.204662799158671,0.89439632591552,0.371109877571047,0.761607864100263
24.0218,13.0331739800456,-0.104173738015554,0.309769128632184,-0.336294770481303,0.736648593077109,0.926729064238427
40.7738,24.0433552215097,0.0432689857562236,0.262884152876502,0.164593359024386,0.869264058655509,0.969030425018917
36.8762,17.9243934983253,0.63293746723575,0.339025737540031,1.86693043374329,0.0619113032172225,0.38430355553639
29.7849,20.4431966065147,0.266437492690825,0.270739840486017,0.984108922471592,0.325061960351619,0.722164044237418
75.3241,29.762586159744,0.861045306521581,0.320758756706717,2.68440155886023,0.00726597774017739,0.139062777472059
12.0437,15.4885912823969,-0.464813936440625,0.402886069789821,-1.1537106177017,0.248618829400773,0.663667552853062
28.3658,13.2858464378018,0.371611831834845,0.279886414815268,1.32772371992445,0.184269394537174,0.585819723601878
8.453,10.6570611672705,0.266496689906233,0.315557781556725,0.844525806308877,0.398375648975755,0.775001241646596
42.1527,25.5282374543567,0.584727857127559,0.262057661998352,2.23129464205949,0.0256616183591747,0.264138433529528
16.5111,12.058120675647,-0.0551488765222419,0.287811559161426,-0.191614529600288,0.84804416043536,0.963305464461653
49.054,26.89504549646,0.0897862618404876,0.176279445641676,0.509340504865193,0.610513571050068,0.872268837610323
70.2419,25.3417963793052,0.041894182142516,0.302537966509561,0.138475784133334,0.889864406685683,0.973981907282789
62.3419,27.2500262806643,0.14158204928797,0.298095079051786,0.474956009801739,0.634818328272893,0.885173275978427
32.4502,23.5983375841173,0.261891262474242,0.232567014425465,1.12608945478025,0.260127657113916,0.678946460066931
24.2945,11.0356652869704,-0.424646351656257,0.299495329377264,-1.41787303507944,0.156227836235291,0.55483028032572
37.6946,30.028288328726,-0.580732785284139,0.22403644873948,-2.59213529116167,0.00953822537876694,0.162631740963675
48.7062,23.6300029533844,-0.138798076052077,0.23215494263286,-0.597868279167236,0.54992782701684,0.85121070453866
27.391,18.5331438566196,0.0749976859033966,0.275620117419056,0.272105267952445,0.785541079084581,0.945076240032119
19.1328,12.3851373281126,-0.204196794009835,0.268630268309223,-0.760140676979788,0.447170500435706,0.801856980957099
40.8472,16.9023568505711,0.457860656635989,0.267498124294006,1.7116406249367,0.0869629168301053,0.43890929376383
110.7565,64.4780917564375,0.687401966433851,0.226224266266036,3.03858634522203,0.00237690978728131,0.0802533551804597
11.1636,13.8987407215058,-0.241493521798316,0.295624892491341,-0.816891702735722,0.413990319882652,0.785903773765491
20.156,21.2081110380007,-0.0682395914829181,0.226764750286137,-0.300926803644799,0.763470310758906,0.93609020656055
27.7347,13.2496836857665,-0.0854145674398148,0.259815243224794,-0.328751178643948,0.742343767442707,0.927729157594159
104.6391,216.462789794391,3.07726096801829,0.682607403460495,4.50809785012299,6.54114096406376e-06,0.00220048085112197
66.1954,45.8889966266222,-0.324899764017099,0.147921146758856,-2.1964389212501,0.0280605424162549,0.278565481660559
59.8375,27.152672218495,0.377648232982536,0.256769262852439,1.47076884821515,0.141353639762215,0.533549211510325
85.6584,34.5198993422086,0.132525222636736,0.210274981877354,0.630247219395952,0.528532849594322,0.84315533768357
134.9657,68.011271356881,0.0638329163279182,0.225081399319078,0.283599251297652,0.776717510940623,0.94010815535358
12.4826,10.3409992199557,-0.476683060951048,0.478368436226844,-0.996476825918762,0.319018521350252,0.720004485334041
38.6511,25.4749092643047,-0.923870760299325,0.273747082240783,-3.37490632863332,0.000738408197144502,0.0487905201231502
49.8936,32.9902799575962,0.0510662729584519,0.283473841746133,0.180144568697752,0.857039074144609,0.964208185759543
12.7737,10.3864482869297,0.482094336346057,0.394332036880924,1.22255939476618,0.221496157598874,0.631305143063581
55.4174,30.1928028943535,0.237181963182703,0.167168997165183,1.41881549333181,0.155952814513558,0.55483028032572
30.9129,13.0710812126668,0.564868135612108,0.368955335509611,1.53099327004419,0.12577105594782,0.50884155500902
65.3,63.2648192628658,-0.0485768271688219,0.155274207611537,-0.31284543592939,0.754398093867657,0.931771813257011
27.5877,14.5065824383536,0.0226281742814892,0.258059659824847,0.0876858254283044,0.930126385894471,0.981213798266428
46.1325,15.4475896217729,-0.156553972683765,0.265788202288461,-0.589017764279304,0.555849357006542,0.852879462595976
39.6636,21.2174488063801,-0.302715156508014,0.261519486628411,-1.1575242839863,0.247058223708541,0.661705334974845
47.9935,34.8142500252332,0.18168877752407,0.251794637420515,0.721575246341078,0.470555662617847,0.814104995528092
23.2108,18.2033082409414,0.350849318943707,0.218955932625935,1.60237411581397,0.10907290512696,0.481398285974624
37.3544,19.2002911944593,-0.351136512281058,0.246211647693829,-1.4261571926837,0.153822972972584,0.550519609153483
265.5684,188.06757536989,-0.0356849784421944,0.164344483489111,-0.217135237426809,0.828102953498935,0.95814209174373
19.7559,14.9672070521883,-0.161620284033287,0.32511623652368,-0.497115387903781,0.619107683902523,0.874902053781892
17.2855,13.3574863959717,0.0715121629104679,0.231952073186365,0.308305771654003,0.757849674670504,0.932997911516658
57.9161,37.2873703815115,-0.0104669274214807,0.163021802265812,-0.0642056907481248,0.948806446184978,0.983506025301001
89.2333,22.6883340128871,0.671240047886623,0.243426689217306,2.75746283221808,0.00582518352226954,0.12479599466972
41.3857,26.8380466796718,0.4863699151388,0.279902319489695,1.73764160306184,0.0822739843895724,0.429177041929852
54.978,29.6687661982098,-0.28617225088591,0.236380528300648,-1.21064223412655,0.226032550356323,0.634704655083816
17.2786,12.2423660875847,0.375084817849973,0.305916796817595,1.22610076253387,0.220160758944298,0.629778569526514
42.9919,40.0305065951103,0.654055417807507,0.275994900884108,2.36980978892124,0.0177972385970697,0.222737334376769
1884.4191,897.651402828749,0.616801823716611,0.12400486170735,4.97401323806364,6.5580827558563e-07,0.000503742731684212
46.6389,20.6065696045141,-0.0883829185332145,0.195243146930345,-0.452681284453718,0.65077825811136,0.891098926369064
30.703,12.0521310259149,-0.328601602596985,0.285710799209768,-1.15011964373012,0.250094596697636,0.665036672392266
17.416,12.3184585794178,1.45401335542626,0.48994958152453,2.96767955368376,0.00300056972102449,0.0899439070033925
24.2215,18.5640428550568,-0.0295963516822973,0.255549157758401,-0.115814710335606,0.907799391808606,0.97705552321547
37.2862,15.5335704261075,0.266822788604637,0.374704281682769,0.712088976956323,0.476409679730747,0.81573179759612
12.3301,11.9624513397479,-0.712903559954743,0.495135937107452,-1.43981380975793,0.149920083061027,0.54477829726167
141.7008,65.5321164080825,0.476603383724752,0.715290416428017,0.666307520384225,0.505214559687896,0.829813407044753
54.6532,25.7127003741351,0.23786715570965,0.246125982911047,0.966444716223307,0.333821697699672,0.73133509584267
166.1787,66.7498858550451,-0.0641446179773679,0.201285513260027,-0.318674786567992,0.74997313598609,0.930823263765315
32.7664,12.3885040229331,-0.153802998571682,0.277747737043447,-0.553750681135605,0.579749485100179,0.860205581762669
42.8138,29.630909040703,-0.410234445461456,0.294616389703769,-1.39243592616806,0.163790431717306,0.56211344552206
24.7593,12.1883604228249,-0.65170902846732,0.329875160569048,-1.97562322468626,0.0481974662304254,0.345850100481714
9.2015,13.1478451537369,0.241232375409003,0.314759764258575,0.766401563354935,0.443437402880743,0.801169544330973
32.177,22.1817730013349,-0.0609206613968817,0.179734651718397,-0.33894778115647,0.734649068534646,0.925844652613905
24.7151,15.751690124513,0.990475541968818,0.388540874387692,2.54921838926143,0.010796466740437,0.172771583645795
49.4071,31.2541572640515,0.0729257461519076,0.166097975735426,0.439052588263143,0.660623431935472,0.893579350482825
67.8826,61.8415756482415,-0.0268546025584724,0.157849045751368,-0.17012838076178,0.864909174238654,0.967829952338113
41.835,31.9853265823169,0.324200302767598,0.219703418677624,1.47562702810422,0.140044045225824,0.531757032278265
28.6107,13.1131546628678,-0.312602427568916,0.260501846015325,-1.20000081515939,0.230139023858398,0.639513218209072
264.1059,212.56619147129,0.149108767797659,0.176397888118995,0.845297919309967,0.397944522486295,0.775001241646596
1360.1103,945.077864389599,0.316971653058858,0.0942635832137307,3.36260984626656,0.000772094012228887,0.0500215462326379
64.664,22.6756840133238,-0.359702034857002,0.276651136076901,-1.30020082316602,0.19353214858915,0.599656045802987
49.3413,17.7972448785162,-0.193593282467532,0.242369938660974,-0.79875121286526,0.424434684679315,0.792615024633713
421.0026,162.694923494895,0.149800037896098,0.140158024625782,1.06879387245975,0.28516256102601,0.692618157116534
34.5924,18.8302461672086,-0.110091159035921,0.242650732459166,-0.453702150082927,0.650043219192228,0.890808592970812
11.4521,11.1646502573976,-0.034733056321358,0.290551588108252,-0.119541787905897,0.904846135412111,0.977043318898406
139.7202,49.2423525484055,-0.232078557253401,0.188066874477382,-1.2340214506054,0.2171949112101,0.626014413408097
37.6252,11.7539058170201,-0.12913438690365,0.356730461090991,-0.361994281365033,0.71735630387557,0.919187304663193
81.232,46.1277765465556,-0.172226061587807,0.192675807172766,-0.893864487269944,0.371394400600825,0.761607864100263
13.7866,12.8537557697628,-0.308465716191578,0.259752139517239,-1.1875386927125,0.235015203851549,0.646783444955841
22.5305,41.190625356392,0.352110848494971,0.2535417290439,1.38876882248446,0.164903058679969,0.562303453502114
161.9653,81.1464669780201,0.0349916923223795,0.14148916469899,0.247310049478506,0.804668281952439,0.950760017024347
120.0413,62.1572671483976,0.229867216534396,0.184118578817777,1.24847377168763,0.211857607688291,0.619024686443846
56.5651,27.5841834861216,-0.21345441611454,0.182073886466162,-1.1723505235014,0.24105635488314,0.654441667318621
269.4445,149.445868503759,-0.294886769283097,0.140718371387363,-2.09558116950733,0.0361193610891888,0.30999088532551
25.6319,16.4283916114323,-0.636231350199662,0.416398343416519,-1.52793919634605,0.1265276352124,0.509039502355764
87.5386,64.4872432092206,0.0840595794076207,0.186777816512688,0.450051194392833,0.652673527083169,0.891098926369064
11.7498,11.1509837333782,-0.083745912755333,0.45572175837403,-0.183765447263545,0.854197463553936,0.963754491665423
28.0137,15.9964504880162,0.0218817418938229,0.216488465872762,0.101075786211556,0.919490299394537,0.979079516510038
25.3136,19.9121379542726,-0.0249416752458044,0.264630102497358,-0.0942510886343831,0.924909702497203,0.97968093888036
62.8775,25.9718094588205,0.45330961715141,0.204355599329785,2.21823927819011,0.0265385219321654,0.268294559983985
16.9831,15.714073130387,0.847946745537264,0.308192339782458,2.75135568306402,0.00593491640355324,0.125326671133452
156.5737,171.780490233771,0.0883266578227313,0.183845440216574,0.48043975264592,0.630914733301748,0.882935785957468
58.8799,21.4417611411196,-0.00577970782445116,0.352339241208321,-0.0164038152680073,0.986912236015861,0.99402978041591
16.8853,14.2311728027314,0.126120930572705,0.280706824615646,0.44929769963874,0.653216916994134,0.891167233459756
67.9527,26.9111516149348,0.0514831474539438,0.256696918174905,0.20056005276567,0.841042596590081,0.962236343760892
23.4525,14.3045778600126,0.564942009161909,0.302631542239682,1.86676512626856,0.0619343945087505,0.38430355553639
33.7734,20.6015133370009,0.0691223684688444,0.386753205073295,0.178724746329496,0.858153837270189,0.96466647296826
23.676,13.0471628754039,0.520528815997978,0.292500062687528,1.77958531432538,0.0751438513614097,0.409724016518068
30.1129,26.8603649908707,-0.555212550980883,0.440038410641912,-1.26173656106738,0.207043596336319,0.616012390187632
34.7377,24.8259496883886,0.0373422148184653,0.181479960439124,0.205764949078173,0.836974521871625,0.961497780961666
34.6067,24.3923963282086,0.621593068195875,0.229130144358237,2.71283846102779,0.00667096174518816,0.130551146255354
26.8901,11.7712375148392,0.607175974414902,0.479825180900799,1.26541081748778,0.20572409943782,0.614111654535886
21.2553,23.6789973330353,0.299377768547584,0.386774355220415,0.774037276532915,0.438908747703269,0.798665755000471
15.5843,11.9025127539644,0.0348869899845909,0.246009153558043,0.141811755701032,0.88722869821224,0.973620531905895
38.4889,31.867593572995,-0.115966523907052,0.219301804731077,-0.528798766837593,0.596945053292903,0.868727099148796
70.5948,38.1428353002491,0.361801942361173,0.153750004924009,2.35318328958749,0.0186134565807375,0.227772556917324
19.709,18.9349529845091,-0.405045270245465,0.22111583323919,-1.83182391017342,0.0669776597504209,0.39393674650026
51.9135,21.8938797756043,0.361246250596677,0.263721435657287,1.36980238142692,0.170748598488427,0.571487003110775
54.1133,50.6713271064465,-0.142221099984773,0.204019223145875,-0.697096566646,0.485742362707878,0.820597885589001
36.7334,23.7054825594437,0.0890273828288615,0.258597561430103,0.344270001374027,0.730643242388399,0.924404836352157
55.3621,44.7221604295867,0.22799541690784,0.196244460196462,1.16179288159061,0.245319606241528,0.659908477111746
58.3022,44.4877264706344,-0.303649321282288,0.223619565914078,-1.35788351095789,0.17450065031858,0.575332022313892
29.2312,14.5907606459758,0.57697524503246,0.342345327134167,1.68536036364925,0.0919190659796527,0.446869193390005
146.5947,73.9864986640756,-0.0163800845640334,0.137285280410162,-0.119314208450427,0.905026427194922,0.977043318898406
9.1828,30.4941307876321,-0.679253979870675,0.397993945734395,-1.70669425289193,0.0878788959828765,0.441018693043399
28.3768,33.5781032949389,-0.332834122826019,0.31940780773503,-1.04203502471088,0.297395440816447,0.704970703580276
165.6046,122.495752242276,-0.185329374079235,0.260692376366514,-0.710912135837359,0.477138685180764,0.81573179759612
270.7268,107.27779537406,0.174930962398059,0.127263010433743,1.3745625048618,0.169267119727303,0.570500606486844
53.2937,21.3929574092392,-0.435429510249938,0.267811401146058,-1.62588115512104,0.103974939729427,0.47362935851544
66.5118,22.0719696127951,0.0811201930305059,0.20035566971747,0.404880945694709,0.685565025051154,0.904227748216215
89.6573,55.6839183855776,-0.100603104526328,0.169657349401902,-0.592978169710811,0.55319576200417,0.852879462595976
26.8081,14.0487891090522,0.369433848973689,0.27334932125005,1.35150819941398,0.176532695148086,0.577324859864285
22.8357,10.1495091764078,0.0335314377028543,0.279653832724452,0.119903372595266,0.904559692808356,0.977043318898406
44.5022,40.1677769651367,-0.00722862784454833,0.276699511161124,-0.0261244691550577,0.979158060157557,0.99192609276475
23.2967,14.7950761849845,0.938341234509061,0.334481535678364,2.80536033956555,0.00502603569439588,0.119247063096767
60.3074,25.4043211006611,-0.070397691737482,0.380040960876668,-0.185237116481051,0.853043058071808,0.963754491665423
34.696,38.1989932198173,0.179447186272761,0.224822729839768,0.798171903706771,0.424770739565987,0.792615024633713
19.0462,13.8889667906662,-0.268552668976718,0.346493965662445,-0.775057275422634,0.438305816134044,0.798509334198672
21.5365,24.7014671539292,-0.84865489330305,0.453164866909503,-1.87272879093808,0.0611058455320723,0.383236335797791
88.992,79.4754076042657,-0.398677342995395,0.290773305883154,-1.37109333948145,0.170345861006989,0.571361631348114
42.3559,32.1832994917856,-0.293376565461085,0.359118375443333,-0.816935544161199,0.413965263868846,0.785903773765491
16.2763,21.1527398075389,-0.280958199071841,0.348711426139837,-0.805704023472902,0.42041352903291,0.7900431608279
32.9646,23.6215722560422,-0.606741680670292,0.252694869555609,-2.40108428690029,0.0163465708012598,0.215095669322787
33.7927,35.5058493688314,0.416449038824426,0.249400722132166,1.66979884927412,0.09495916815135,0.455287488783215
37.9797,31.4055441788205,-0.0463561359755323,0.24663612267975,-0.187953554701817,0.850913060189495,0.963665190210818
110.8898,76.2161972752158,0.124787562957089,0.151430155378285,0.824060192273854,0.409905357475336,0.782947193170853
67.2763,35.3847073540641,0.209466959624508,0.295372038351184,0.709163131330194,0.478223249802997,0.81573179759612
77.162,34.4824615087682,0.154734687850723,0.169059009839164,0.915270283423115,0.360049755521579,0.751020280950475
73.4293,52.2671063894495,0.42882670706629,0.156899118831862,2.73313649088007,0.00627343290908749,0.128772530257471
21.9432,19.1029027197896,-0.246383464312341,0.397589838694788,-0.619692558343974,0.535460215951122,0.846470977194213
46.4047,35.7831410403117,0.307729137623679,0.230140049439564,1.33713857441614,0.181177407813046,0.581309132905363
11.8445,9.00607351407333,-0.278555590744325,0.288507394790269,-0.965505896120344,0.334291484218401,0.73177786943915
33.262,23.8532181428455,-0.281844836797688,0.281149106518253,-1.0024745953777,0.316114430325854,0.718943038678086
506.2074,121.135932759603,0.495279523861656,0.202391150519323,2.44714021631281,0.0143994808108339,0.199527884422885
53.2468,28.2641295789832,0.078512374497593,0.37417114391323,0.209830115910274,0.833800267171943,0.959861515775872
47.0371,33.4626374679653,0.106314713713028,0.264163256299544,0.40245837063908,0.687346719578697,0.904755824382679
129.5758,79.1887828411676,0.259622568187799,0.135591218969156,1.91474470221303,0.0555250696904214,0.369665821503402
54.3506,24.8772711706936,0.59773900397102,0.471483460000915,1.26778361211199,0.204875236068007,0.613351999766995
21.98,21.0981850562741,-0.772709039756083,0.239017380252353,-3.23285712085148,0.00122558843365972,0.0612296010149509
56.9187,18.8716736319598,-0.389973610107335,0.232816919309425,-1.67502263694608,0.0939297903019064,0.453772453934917
77.4311,29.229588022751,-0.0232093883396445,0.181721863571332,-0.127719295210365,0.89837111977944,0.97580264878488
65.8895,44.9811232426463,0.195787037333889,0.216689869439986,0.903535720612513,0.366241639001298,0.757343399591561
28.1499,24.0346997972234,-0.169763779742312,0.322488189226502,-0.526418595823604,0.598597398070429,0.868727099148796
37.0026,25.9827138659502,0.0567621126831839,0.185921288640926,0.305301846271139,0.760136269901518,0.934394354579882
19.1239,9.65463566775244,-0.0607635464010225,0.380036914883706,-0.159888537195437,0.87296887834432,0.97102487335316
10.7683,16.5946351827839,-0.224410712422287,0.254164151577025,-0.882936130173652,0.377270781175443,0.765763262582753
81.4421,38.6306939835089,-0.133399700502065,0.206654298996258,-0.64552105206619,0.518589580214512,0.83641285312813
21.6783,12.3053881713446,-0.0493827325323102,0.313983768937693,-0.157277978729244,0.87502577468479,0.971974317379209
9.6704,18.8851214273305,1.12695723709007,0.425469274551948,2.64873941432515,0.00807926010381864,0.148399958780313
43.0239,41.1598058879371,-0.128020814398141,0.226272068251002,-0.565782667687152,0.571541530231226,0.859040327188875
19.3227,62.4833768703841,-0.0936741413598041,0.329167433595999,-0.284579006909822,0.775966696559312,0.939656580500113
39.7777,40.8047981781347,-0.724438803072532,0.261616574171854,-2.76908603885568,0.00562137882933802,0.123369188951008
49.0237,27.6494973602918,0.326174740791517,0.213642048936043,1.52673475290045,0.126826981926115,0.509039502355764
51.0827,19.5342842133092,-0.0769139156618647,0.2002579261107,-0.384074264403136,0.700923405410418,0.910200848394851
22.632,9.62346444723145,-0.112724376085136,0.273025790758253,-0.41287079792746,0.679701277233751,0.901719418955397
42.1957,27.7826233148502,0.0366649252406495,0.213157000853709,0.172009012576664,0.863430443594432,0.967325446834601
98.8957,54.4577401635339,0.096462308604621,0.129213363165052,0.746535081525613,0.455344247739514,0.806808777437228
19.5484,11.9631754666156,-0.206427448924729,0.388047854360675,-0.531963897248772,0.594751000492064,0.867698218904021
16.5752,9.2633548590584,0.258445859677054,0.29032379608227,0.890198678732549,0.373359214006606,0.762839410724819
71.1545,29.2497545415361,0.0303243699271243,0.232268665204157,0.130557300531564,0.89612552275481,0.97580264878488
112.0059,62.6741203255079,-0.177110848559476,0.130402196031549,-1.35818915592975,0.174403670634426,0.575332022313892
37.5701,19.6954748603341,-0.221188745071717,0.233968469233141,-0.945378434097079,0.344465708222042,0.738944504509184
133.6705,71.0197820281049,0.0437543674469679,0.184270904159235,0.237445882444676,0.812310898247103,0.952376136139739
51.2409,53.5098750098538,-0.329634170226294,0.166097125338625,-1.98458684672755,0.047190456939252,0.343001901991678
21.6076,20.7162668838703,0.135958105245485,0.201855234656913,0.673542628094674,0.500602138650466,0.827952047071877
169.8271,89.7700250815216,0.0430567813409292,0.17350369595701,0.248160600288294,0.804010149389416,0.950760017024347
39.8264,24.1744969810185,0.168950809572752,0.271284053335689,0.622781942010027,0.533427826535622,0.845446165947072
35.4572,38.3970138947906,0.353237439328936,0.343875326430147,1.02722531155689,0.304314382060354,0.711031132228469
33.7671,10.9778364384207,0.177654937013237,0.409250345036087,0.434098441621525,0.664216957100304,0.894698202845543
51.6955,26.7655435644826,-0.0875159785171493,0.175461718162674,-0.498775342186102,0.617937660408528,0.874332701637211
16.984,24.7883078671157,-0.402528852092809,0.515167861883483,-0.781354742551566,0.434593881486785,0.795044223112167
22.0354,19.2004104719278,0.452114994176975,0.261589250134447,1.72833934859557,0.083927402391982,0.432652720087934
35.8541,27.8535393603422,-0.351178146134389,0.236131301582504,-1.48721556092252,0.136957887493277,0.528979395754987
18.7013,17.787699246145,-0.384837638137352,0.368330502218833,-1.04481609809418,0.296107973217797,0.704283950338992
21.501,18.0829769064602,-0.189378317388742,0.367968423575334,-0.514659153491117,0.606791221313359,0.870385544215723
81.0682,70.7716817832985,-0.266660870276604,0.200992850319509,-1.32671818849628,0.184601921987404,0.586025608468976
165.0015,171.676932636752,-0.26402086765165,0.172052057040574,-1.53454060470424,0.124896711928326,0.508608545261472
46.6263,27.7812422716674,-0.155754509589472,0.282065911739953,-0.552191892415087,0.580816888546399,0.860205581762669
80.3523,50.3791361874068,-0.321358101463608,0.183017164080634,-1.75589050938426,0.0791071057961876,0.419141880517295
23.9193,14.6548146307758,0.470285730862788,0.283657162819254,1.65793708922645,0.097330165028365,0.460907009416174
35.9283,29.3366605860758,0.272246956922036,0.364673747789209,0.746549370697784,0.455335619434675,0.806808777437228
391.2849,197.580696637408,0.151893597418005,0.138151882157751,1.09946817260559,0.271563909185543,0.685431474903796
29.4482,23.0817025801111,-0.161254317418354,0.216173855063373,-0.745947364315085,0.455699211803918,0.80699471369887
7.109,9.64457424904144,0.489274385158406,0.349399716384742,1.40032851263005,0.161414966360928,0.559813848684495
464.3133,213.454637967124,0.0518307812521067,0.179431947569072,0.288860383863105,0.772688221050559,0.937817325371457
19.8969,13.0220934486152,-0.161911627153058,0.318452887810006,-0.508431963881757,0.611150441347428,0.872392960456238
13.9996,14.3075119655518,-0.270188414459177,0.239004990173063,-1.13047185443088,0.258277451662291,0.677122447631111
11.9138,16.0385223442647,0.992631428579979,0.301429214710059,3.29308301962296,0.00099095209542204,0.055866060792371
80.2245,32.0199849840023,0.153943996180379,0.169304908622704,0.909270720103239,0.363207242174443,0.755043471976304
16.3116,11.0733846019277,-0.243418785770303,0.346897766316734,-0.70170179633861,0.482865152531735,0.819930125297151
19.5337,10.3100617299227,-0.221761331637322,0.313557738892164,-0.707242412261391,0.479415846011689,0.817201213243225
12.8351,11.746832670664,0.0848893740819164,0.352713914396077,0.240674865995195,0.809807120465437,0.952376136139739
86.6142,58.9462023686436,0.464913724902589,0.205687534720689,2.26029120108768,0.0238031837182903,0.255271490312206
25.7236,24.0099341222896,0.326154164522453,0.202339917431969,1.61191211631344,0.106981065209653,0.477894549041581
239.5775,197.735769996568,0.778604979408985,0.168474229249465,4.62150788804667,3.80960845535262e-06,0.00146312774738387
79.5355,45.5392790228046,0.191931515142741,0.269129285569292,0.713157301840067,0.475748424478485,0.81573179759612
139.5594,81.8599716288438,0.0203603390071888,0.184808410889782,0.110169980409233,0.912274569484737,0.977786075622948
17.947,14.506353583892,-0.0259945625818762,0.252847831764,-0.10280714056563,0.918116037945785,0.978463935687972
24.4446,10.3268564036033,0.138207287751529,0.301517461240276,0.458372417912451,0.646684904237991,0.889663652199919
41.3665,22.6257952892463,0.2154569563076,0.249986882282778,0.861873048458122,0.388757381575335,0.769624599837664
10.9106,9.27667778060102,-0.303178793205906,0.333803951250524,-0.908254057718947,0.363744009367948,0.755137478907446
418.686,136.316723300781,-0.00453236190944405,0.156755732944861,-0.028913532055879,0.976933553114574,0.991044637377272
50.7563,54.8121832565949,-1.12962158121435,0.392518508186503,-2.87788106205075,0.00400356053132233,0.104197879534421
89.2023,68.0116659946479,-0.0634671339458571,0.151149151457823,-0.419897388332789,0.674560415735287,0.899755536074092
13.4154,10.5632510181036,0.421298477369943,0.315781497359076,1.33414554333715,0.182156162442187,0.583298394063178
51.6797,28.0242706975709,0.271006454749228,0.199833281181101,1.35616276301656,0.175047386933952,0.575332022313892
19.0506,13.544418419118,0.816812330688244,0.334706466468859,2.4403840753529,0.0146716539848505,0.200795798968611
14.6177,15.0296009866159,0.4848465054105,0.33781736898678,1.43523261360038,0.151220822915878,0.54597647286608
24.1977,23.1650947509902,0.0979700842151492,0.260811124806858,0.375636140090651,0.707187419245785,0.913854131557485
32.0917,22.8076718351651,0.185648059730841,0.309803484122222,0.599244583245552,0.549009796459192,0.850823318045257
63.5672,27.6257064656779,-0.169204089988588,0.251867617247849,-0.671797715948866,0.501712483015386,0.828424235484281
10.9215,17.4411762559994,-0.428149019642774,0.440829218618531,-0.971235575047649,0.331430982266893,0.729195626935216
26.7953,22.8429122490731,-0.24604424953911,0.205744540730992,-1.19587255469787,0.231746296816823,0.642315589876151
62.0275,52.4988857401148,0.227998521868968,0.172453231534198,1.32208900836837,0.186138513483304,0.589435718785341
17.8201,23.7102308202815,-0.17064110579692,0.207717912955455,-0.821504045409476,0.411359220756763,0.78381470125591
110.3241,52.4396671672019,-0.348965896258388,0.158208577691576,-2.2057330983576,0.027402693009626,0.275146321150575
16.5109,15.5753229177489,-0.541425941046224,0.220297011040815,-2.45770897429885,0.0139826433535795,0.196172016912662
7.8333,15.1694687488756,-0.553682882589867,0.272430768982203,-2.03238013333963,0.0421151877238682,0.328423640308591
39.7078,25.8813339877196,-0.350344503381507,0.180487477175036,-1.94110144850517,0.0522459734131618,0.359520164192474
45.2409,17.4177594088378,-0.188142665398607,0.309156784304809,-0.608567157345996,0.542811379202491,0.850224073282803
364.0091,157.926594558204,-0.0729247445795546,0.175229623369581,-0.416166759804917,0.677287981327502,0.900656707478359
34.756,22.4350694543615,-0.179729617999283,0.207942653639055,-0.864322998932464,0.387410479368454,0.769624599837664
35.7695,22.8051251235658,0.0871320621499881,0.201941114565688,0.431472621795626,0.666124755520324,0.895930013845712
41.5829,24.6579841664733,0.158558676826336,0.220176070375127,0.720144912006972,0.471435777525244,0.814529151215571
16.172,12.0733513649071,0.197081514358456,0.2420573753572,0.814193387281119,0.415534173125316,0.786163021507102
35.1637,31.3373957577449,-0.307858769156313,0.234440018606821,-1.31316645931778,0.189126863318644,0.593340788217426
14.5767,18.455455477582,0.632506572644905,0.270278776289022,2.34020066736034,0.0192733812348845,0.229129536309335
44.4351,20.0569844464538,0.504344549944048,0.276073232976761,1.82685059506114,0.0677222362464219,0.394344193230975
37.636,37.1880960525221,0.0570403999142693,0.211026806123278,0.270299309183248,0.786929996777453,0.945391937205602
98.7917,91.4043465875091,0.160261443247141,0.125980111508572,1.27211701377353,0.203331546977842,0.611996199593382
61.4779,38.8953906964206,-0.155155846291808,0.160433489544059,-0.967103855515149,0.333492118309279,0.731112760260622
55.5939,40.3414827182495,0.277684617404548,0.15301591297106,1.81474339506812,0.069563352884501,0.397795686267993
98.7795,51.7509711001173,0.0969185456094242,0.200940247248532,0.482325203320522,0.629574946007809,0.881462301940758
29.7255,10.5235896277399,-0.991526403497199,0.449325198839143,-2.2067010843346,0.0273349494447494,0.274915326248748
21.0247,25.0673814714964,-0.535579450509652,0.231052130695847,-2.31800264683419,0.0204491772094288,0.237094705569698
16.8638,9.54346072852481,-0.156595113564179,0.255677192713986,-0.612471968664623,0.540225538587449,0.849241733082598
77.029,28.2327181333822,0.0747502259355523,0.224547416022341,0.332892835106663,0.739215178048099,0.926729064238427
8.2679,24.6481457404177,0.117691256974199,0.376354999772742,0.312713414316977,0.754498403206716,0.931771813257011
90.2979,43.0436467030712,0.259613633870008,0.180465406684107,1.43857838818076,0.150270013209468,0.54477829726167
20.3767,19.2207167443757,-0.241467190249574,0.266456325894884,-0.906216767189203,0.364821129918069,0.756351499104768
75.932,46.882824635696,0.252081103370367,0.19071380768876,1.32177688875971,0.186242456389091,0.589435718785341
15.3801,21.5297055296845,-0.240299610617514,0.302485273134973,-0.794417553380487,0.426952388624531,0.793834320150604
29.8458,21.2759462904636,-0.0292533909323462,0.239399991741502,-0.122194619638639,0.902744887431001,0.976942084120479
366.1685,276.434564495561,0.19966324560177,0.123707259037589,1.61399781350828,0.106527900551784,0.477432553329024
19.8751,11.3394307943094,0.205208647084889,0.289159528262774,0.709672782763727,0.477907073888076,0.81573179759612
43.0745,28.0012538093588,0.23080204379364,0.260411887136214,0.886296114711978,0.375457982147091,0.764476242642105
459.0347,267.756527406528,0.0624525387863389,0.15361950081838,0.406540435645438,0.684345552700419,0.904069580773039
41.9552,32.1982746267667,0.0436889291903398,0.155795422784429,0.2804249855966,0.779151469999163,0.941593007134675
9.8893,19.7332295085142,-0.707053938320127,0.404081638682485,-1.749779922259,0.0801562964759749,0.42128766978319
141.0759,79.1332762570487,0.0832157671113754,0.154130076250679,0.539906091891062,0.589261796486278,0.864410059538835
3.0219,13.9517850013268,0.160089571838848,0.288237851243825,0.555407872866169,0.578615708797285,0.860205581762669
71.4283,35.7742826978711,0.203870639779573,0.198938124562784,1.02479421793901,0.30546029522891,0.711468334218693
57.2571,50.4954116705458,0.7305946830382,0.206994843007818,3.5295308444501,0.000416297174595597,0.0364163226657739
12.0848,11.4772795879832,0.0258013895677764,0.307419619214809,0.0839288970355133,0.933112964098498,0.982074440847455
134.5079,77.4351500132117,-0.0768919514222586,0.13760822923214,-0.558774368737385,0.576315717208632,0.860205581762669
29.8518,17.4753261001502,0.116910113190003,0.28817387762237,0.405692959245962,0.684968216190195,0.904211090699377
38.4034,27.10764328923,0.224983855542221,0.214390926086492,1.0494094113454,0.29398972851259,0.701851935396218
32.938,19.3632878767977,-0.0638904935975142,0.278690110216793,-0.229252819728026,0.818672421341541,0.954608768637042
41.5096,26.7792804224085,0.17844394966076,0.17199031563067,1.03752324080821,0.299492070227372,0.705462366516304
13.8216,15.7971866794665,-0.013261385962727,0.24581544016728,-0.0539485475513765,0.956976157602696,0.986846532718336
24.8532,26.285206356076,-0.174875809757309,0.248431136396885,-0.703920661047627,0.481482183853543,0.818906177630783
16.4429,12.8156689421708,-0.469014226940482,0.351489766753216,-1.33436097236305,0.182085584032924,0.583298394063178
45.2907,15.209192465449,0.127973019771749,0.336377159987372,0.380445033118639,0.703615091557452,0.911791382880755
49.9343,29.2184903037415,0.0343605595912354,0.17948480033585,0.191439941025314,0.848180930275085,0.963305464461653
15.3722,11.5460198275652,0.165247275802948,0.270875295414527,0.610049268428361,0.541829171202963,0.850224073282803
72.5652,50.9330036884764,0.205335734009649,0.298006519330037,0.689031013386131,0.490803751141218,0.822467698599069
32.5297,25.5680072204012,-0.158365224787244,0.206208130877336,-0.767987295716525,0.442494732578273,0.800854645615397
373.765,134.954554781713,0.0348173994938564,0.196848428084127,0.176874155576068,0.859607239394894,0.965330132690355
25.9442,12.2048939900504,-0.327193933093108,0.256779786959118,-1.27421997256038,0.202585468842352,0.611711197552866
13.0637,11.4983379993752,0.197000043670257,0.355400642733383,0.554304128870256,0.579370725093615,0.860205581762669
4.0004,16.3050383624247,0.690920265751011,0.507748320228786,1.36075342492456,0.173591625023485,0.574741667979158
26.8934,21.0885672390799,-0.270542241954516,0.22446011233478,-1.20530208748628,0.228086704050874,0.637908861744177
30.8795,28.1612588517433,-0.177615016163666,0.28449346451937,-0.624320198229273,0.532417321674693,0.845446165947072
18.8126,10.999516022789,-0.0930629965853376,0.321671812744825,-0.289310386854326,0.772343864470822,0.937817325371457
25.8844,14.9673615502263,-0.0634341705152244,0.228882174041746,-0.277147710523121,0.781666688370917,0.943354466215639
20.0926,18.0308914479576,0.164223179936289,0.236097495511552,0.695573578959263,0.486695917224571,0.820654733989735
38.0386,24.606347561286,0.499911030081618,0.274445779154902,1.82152930761402,0.0685264358155903,0.395798724175879
37.9627,21.6209827140042,-0.399739549942743,0.213205965709814,-1.87489852177407,0.0608066854772171,0.382259984453201
18.8466,10.3072906173792,-0.078689797002352,0.305806851906992,-0.257318619617734,0.796932819900627,0.949539337884326
339.9524,161.002653689203,-0.520704489870453,0.175851451225888,-2.96104744226187,0.00306594707589105,0.0911337423945228
51.0848,39.2371221837265,-0.241186756075731,0.235527226310052,-1.02402919549619,0.305821485232843,0.711468334218693
742.3336,219.138899980586,0.136163473925869,0.146840386284522,0.927288992975236,0.353776507689264,0.746206416616314
134.6235,82.1554204343991,0.757249084896954,0.222487680518102,3.40355512329297,0.000665149906051643,0.0459252378953634
48.7359,26.7980019014923,0.143543782193719,0.305654686408448,0.469627290457769,0.638621323458007,0.887067504449041
24.4316,27.7258571714536,-0.266119110742882,0.361360711589131,-0.736436204070408,0.46146527863693,0.809300425357955
65.4181,39.6248654068582,0.204509743030589,0.187913891836749,1.08831625502312,0.276455516981036,0.685781557589152
22.5725,19.7585227962056,-0.354464992105381,0.268385049789674,-1.32073300052728,0.186590406486933,0.589813810628707
25.9538,16.3832443159311,0.352311928806869,0.274191311297609,1.28491281193249,0.198822753331023,0.60731136238402
32.7415,28.0523701719526,-0.585169294737024,0.359031729473704,-1.62985398420025,0.103132361042714,0.47203977620292
46.6426,38.7886342988511,0.591222287275759,0.173498770046188,3.40764540934998,0.00065525985175676,0.0457564976027874
68.8037,64.5885273282274,-0.00585574413388764,0.195415990760969,-0.0299655320482464,0.976094542259662,0.99073473247716
52.9205,51.236364560476,-0.0505768255369708,0.161746893493646,-0.312691171029863,0.754515303949046,0.931771813257011
16.0904,18.5392559805129,0.048845658297727,0.313310092532834,0.155901962502558,0.876110298372431,0.972137555705776
10.6093,18.1756887767426,-0.757501249292411,0.232045362690112,-3.26445329702204,0.00109675542611944,0.0586048877695997
14.4744,24.0108846619748,0.0229187836831864,0.24970096359248,0.0917849228671407,0.926868923300817,0.980480208931575
39.1411,23.7324840676437,0.164641236356382,0.287058772254412,0.57354539303354,0.566275473287105,0.857520082739223
372.5648,99.7388796603884,0.44165591895853,0.19073094399794,2.3155965660365,0.0205803065239975,0.23816569414306
219.9815,156.09592051262,0.2334967679128,0.198244750869588,1.17782068321396,0.238868101139401,0.652085509329905
26.7411,24.1517250497262,-0.0332958383684144,0.298917906343691,-0.111387901700781,0.911308753402971,0.97762919510935
10.3762,17.0654714684502,0.665869220067361,0.357062485091831,1.86485348606732,0.0622019437792899,0.38431150485615
35.2466,16.6144826193763,0.241762312216579,0.347008629318496,0.696704034972806,0.485988033122439,0.820654733989735
147.541,90.6855251358849,0.797430380762988,0.341993951721569,2.33170901634017,0.019716004173247,0.23165362455947
16.419,14.8923675100982,-0.167833358886487,0.225611933651193,-0.743902843126934,0.456935255225336,0.807714122098486
50.7867,22.319341610811,0.230435486712758,0.224407344830876,1.02686249813448,0.304485215282367,0.711159881379758
15.3549,12.540525056857,-0.298453601375167,0.284121355516467,-1.05044409925698,0.293513979380587,0.701474443497795
130.8492,68.0304973443556,0.22331637198521,0.175501752138557,1.27244525632373,0.20321496300337,0.611996199593382
94.4963,73.4953297846041,-0.120733836336389,0.225494133831027,-0.53541896760321,0.592360177059165,0.866006329568277
52.6035,14.9460948900771,-0.255256804898484,0.286259348658784,-0.891697707321853,0.372554982752835,0.762256147274107
80.4291,39.2974323050857,0.148229273696588,0.204785539677885,0.723826857744661,0.469172038429118,0.813469507326006
16.7667,26.1228296567234,-0.326635843366334,0.40335967500015,-0.809788046775406,0.418062003728566,0.788034053040503
41.1304,30.7743703741454,-0.746428872812117,0.283186405846775,-2.63582169694965,0.008393382295765,0.152145528635622
14.413,14.1431411242122,0.141867601520063,0.287802246513174,0.492934309022389,0.622059004162497,0.877134598572405
37.8226,16.2944542023801,-0.866519004163169,0.408481108018244,-2.12131965751637,0.0338949112185103,0.304352068660443
31.0016,15.5034926144084,-1.27731737564944,0.419295352190291,-3.04634279625821,0.00231643574738318,0.0797693062452158
14.9378,9.27246825626634,0.0712256309517473,0.354844976644062,0.200723233073107,0.8409149920588,0.962236343760892
22.0623,12.2536709664966,0.189707077209664,0.356948814205439,0.531468573812041,0.595094113039228,0.867786740537745
9.8016,22.074928415685,-1.49942927905193,0.398315254860267,-3.76442845398413,0.00016693045316628,0.0232495062836821
28.6818,16.921264239786,-0.329548391314884,0.249165681726149,-1.32260746757686,0.185965949587743,0.589435718785341
20.2279,14.3132109091846,-0.803716298078701,0.280939180598644,-2.86081954238668,0.00422547492461151,0.10578308452869
22.1018,22.1420440399447,0.459340148457612,0.234932637606993,1.95519938454026,0.0505595412029556,0.354262691781257
36.8493,11.7039743254503,0.29886661731627,0.320393931510159,0.932809856627367,0.350918151169052,0.745755542997045
20.6887,17.6505192467974,0.309938737773143,0.246647879765165,1.25660410325942,0.208897028189952,0.617603104070406
68.8397,26.897119323879,0.0526581089358823,0.209299300973087,0.251592378431563,0.801356150298753,0.950760017024347
171.1966,140.447953969356,-0.541912145075256,0.162482352684144,-3.33520616930443,0.000852361793013806,0.0517558100523888
26.081,14.7234234363464,-0.51370149837331,0.29646310683888,-1.73276703415408,0.083137084403172,0.431484276737747
18.6806,12.7172833405313,-0.744250955739583,0.374059406785134,-1.98965977660092,0.0466284264525562,0.34129909328258
26.4983,11.6608728977777,-0.452591638285521,0.321288372068662,-1.4086773055976,0.15893060846325,0.5567832938098
20.7622,19.2041850516402,-0.231231389490115,0.26849966445019,-0.861198057597614,0.389128969696123,0.769624599837664
30.199,13.7429001581118,-0.0624393418851373,0.261596851263374,-0.238685372486666,0.811349560036633,0.952376136139739
18.5259,22.3939311850616,-0.992814720142816,0.315313699397738,-3.14865710573037,0.00164022530608988,0.0709801725769175
44.9057,24.7463069312071,0.214570472102018,0.206614757004142,1.03850506717541,0.299034977426442,0.705415387479774
45.5257,51.1688078044292,0.168305556151628,0.219797127709807,0.765731371948764,0.443836156238844,0.801169544330973
49.025,38.1702407184742,-0.391408324439107,0.178507923233756,-2.19266639456982,0.0283314236543527,0.279448793508824
11.7907,13.4417593804549,-0.822462753554856,0.335810246984775,-2.44918897186644,0.014317830761666,0.199508095307114
43.2058,30.3471538725365,-0.145672007946377,0.308118823530272,-0.472778671154653,0.636371092465805,0.886734776236365
20.5353,13.9805998568325,-0.173189589711834,0.259037381330906,-0.668589177446146,0.503757578175422,0.82896965010341
429.4183,597.628853197064,0.209957262045424,0.257711360620519,0.814699288148911,0.415244460941112,0.786163021507102
103.8674,68.8006985421595,-0.0381439094934785,0.204133916730304,-0.186857285180459,0.851772530734443,0.963665190210818
25.2953,21.8644625888202,-0.196442865157508,0.313283081495381,-0.627045878825742,0.530629161986674,0.844746310730077
107.5448,49.7764055151487,0.0818326679310222,0.191093175599622,0.428234381862373,0.668480486858769,0.896706525157637
36.1376,13.8051872937615,-0.0397940128116351,0.367029717548233,-0.108421773248935,0.913661130386813,0.977786075622948
34.1119,17.6881868552531,0.134602043534042,0.276278972197774,0.487196120874837,0.626119354070807,0.878614082932888
25.9708,13.3400537622872,0.0285187273031607,0.258734888079353,0.110223741045754,0.912231934356952,0.977786075622948
26.1789,11.4997029526374,-0.280917856668989,0.320729219386661,-0.875872354898615,0.381099429853402,0.76832545815261
276.347,124.599408848193,0.548563735607993,0.160298703487448,3.42213457547363,0.000621315530942173,0.0444367281507005
27.4004,22.7100006861012,0.247377031332881,0.223572146822088,1.10647517970893,0.268520901202611,0.684488539880795
42.7703,14.8798353299353,0.208022519812375,0.334152598215757,0.622537490126166,0.533588500071733,0.845446165947072
34.4805,13.724857564977,0.135336580957113,0.342749596388362,0.394855551642331,0.69294949471185,0.907086243252467
24.7777,26.8791353767386,-0.332654981831731,0.292155469885906,-1.13862315143934,0.254860367917963,0.67273065328861
26.2453,12.9720079877738,-0.161782259649972,0.367242864295378,-0.440532071223169,0.659551789345107,0.893194228705642
7.1118,12.125902687516,-0.326681340166879,0.408076245445256,-0.800539957454357,0.423398022514103,0.792615024633713
8.0334,13.2866352512918,0.559125637775495,0.33073590680484,1.69055015277015,0.0909227518597754,0.446869193390005
20.1609,9.73663450615223,-0.459018984060177,0.512208816989102,-0.896155959904032,0.370169473128226,0.761179345240449
37.0078,34.4634480982955,0.555206481141891,0.262186573467267,2.11760073675629,0.0342088957377886,0.304352068660443
67.9533,47.5255652080098,0.216177783794393,0.2033053715921,1.06331565222054,0.287638829338352,0.694565981726491
32.5784,14.4493002242307,-0.0877530701258765,0.317598828313677,-0.276301617961912,0.782316413317315,0.943354466215639
79.1211,52.8119862517027,-0.161647987428244,0.20743078529458,-0.779286387980849,0.435811031271163,0.795907956247531
33.6408,21.7111491781257,-0.619100626394794,0.290719781328305,-2.12954420771132,0.0332092614213198,0.300546261316657
22.6003,10.6590496517537,1.3961236410335,0.458687692655028,3.04373468787073,0.00233661108610884,0.0797693062452158
30.8839,18.2727028579308,0.494284671498652,0.292711071758452,1.68864357787785,0.0912877542148255,0.446869193390005
43.7187,31.3110104938969,0.199915744545321,0.217221462112094,0.920331456208307,0.357399575705134,0.748692099511223
74.5426,22.0785226403534,0.0823756270985442,0.297963083286225,0.276462527471612,0.782192837202969,0.943354466215639
105.4974,35.4683620820055,-0.0190896081547456,0.183082222374711,-0.104267950799042,0.916956710807184,0.978463935687972
31.3426,20.5712719821791,-0.181700035631716,0.245261912336542,-0.740840817478383,0.458789963053057,0.808739048468455
191.8444,164.203181204842,-0.0695864233074165,0.14811386297754,-0.469817084697661,0.63848570713874,0.887067504449041
35.6333,26.8192172454978,-0.474000191954165,0.206000779582541,-2.3009630978811,0.0213937170195233,0.240884631381279
1002.6063,340.208743144967,-0.0421433016439293,0.205580613979787,-0.204996477187644,0.837574877377998,0.961497780961666
23.9564,16.1011573256,-0.0634999236862616,0.224951938472974,-0.282282180439581,0.777727148162898,0.941111090922587
47.0476,39.8100700720888,-0.0154541549172389,0.222566517740739,-0.0694361176789448,0.944642480533424,0.983506025301001
189.7309,187.506436817614,-0.272566700270152,0.161033810734168,-1.69260541638738,0.090530599407155,0.446869193390005
15.2515,11.928362394378,0.195545736383564,0.23872121548593,0.819138491673311,0.412707403017666,0.784680381046893
26.4661,47.1058460786982,-0.554483318450781,0.285457360088643,-1.94243833222096,0.0520840586085497,0.359520164192474
15.8534,12.7087032410453,0.166688100411467,0.350234593775273,0.475932713027264,0.634122315653758,0.884805093027325
45.2211,54.3547395033501,-0.300836601783619,0.232784531041589,-1.29233931669571,0.196239661864664,0.602946361079181
49.4015,48.2942347206818,-0.289037361158084,0.181558570883848,-1.59197860916737,0.111389510989311,0.484950692370068
111.1947,74.3032888780665,-0.266568072877002,0.187191241926135,-1.42404137145577,0.15443449633612,0.551744174410149
33.0182,44.8635224572883,-0.435082793457738,0.224349390804428,-1.93930900323689,0.0524637232565383,0.359643631266564
8.6037,13.8737486227264,-0.132277899923644,0.28619651900945,-0.462192553499493,0.643943242800252,0.888821030325146
33.3937,15.6032332458826,0.0454716228778424,0.364640786851007,0.124702514138722,0.900759066945656,0.976563949608514
21.6801,9.73964860219953,-0.193365181679105,0.299336732431535,-0.645978794878882,0.51829308839067,0.83641285312813
31.3679,22.4999035724869,-0.563047406193434,0.431360196794998,-1.30528363622066,0.191796284022627,0.596753501427364
38.5231,29.0164488650405,-0.346584720516452,0.207610914745462,-1.66939546960417,0.0950390309024101,0.455287488783215
140.2272,66.3892709356656,0.953047165459011,0.206164368460358,4.62275403153511,3.78678641408597e-06,0.00146312774738387
173.2741,72.415820806184,-0.117027350037254,0.212579142963428,-0.550511910086059,0.581968310178719,0.860948127120121
96.7552,43.0389731417279,0.066724642524105,0.202057590312766,0.330225864917134,0.741229304643241,0.927354545646878
26.0341,18.7446045670219,0.134828432632246,0.259085975818799,0.52040035052512,0.602784565823819,0.870330480676954
219.7493,72.0137374328143,0.0484483065431317,0.155640102939361,0.311284210355525,0.755584569745127,0.932103685515168
24.738,20.0627397482562,-0.379652961242711,0.252381146848315,-1.50428415903383,0.132508216087761,0.520628508861438
54.3268,33.5033804495678,-0.114692538269252,0.252514979071852,-0.454200929746101,0.649684213917829,0.890808592970812
68.5737,36.0335261294493,0.415229013492825,0.190928550042263,2.17478744483688,0.0296460483722029,0.287566692695278
16.2633,12.0830157940501,0.15295167963354,0.328981860826386,0.464924355553627,0.641985628246971,0.888117763366624
10.1074,10.9662676665056,-0.0856232248773408,0.309725478561098,-0.276448761255043,0.782203409237909,0.943354466215639
79.6226,28.9225987438723,1.02720692739474,0.446960872121242,2.29820324656094,0.0215502240157053,0.241391107868194
15.3161,14.2272261895347,0.318252875816779,0.278935297021509,1.14095591061836,0.253888270843215,0.671177162672361
34.5489,35.1301476360347,-0.435228363371505,0.233507605180821,-1.86387232670421,0.0623396357534862,0.38431150485615
18.0637,16.6380637085484,0.122934506322152,0.236911449110204,0.518904876838463,0.603827076758773,0.870385544215723
5531.0326,2987.5199230446,0.419059952643448,0.179122829333881,2.33951168704649,0.0193089674365623,0.229129536309335
46.3531,30.6998796993351,0.653164198386349,0.211643536377277,3.08615235582728,0.00202764897696111,0.0750596564061807
61.7005,30.2761167061542,-0.283836483316664,0.193147431559415,-1.46953278656129,0.141688335718619,0.534484237563484
13.8997,17.9090728845896,0.851407773615885,0.446379842759105,1.90736160565243,0.0564737776441197,0.372751196158019
69.4,64.4330671695312,-0.382008836151939,0.225626136761789,-1.69310542490587,0.0904354018706475,0.446869193390005
24.0801,30.1348576319211,0.165343152389162,0.215998227275599,0.765483839727052,0.443983485787541,0.801169544330973
62.095,34.9797944356371,-0.0892907388368026,0.249512170027019,-0.357861257136811,0.720447145505374,0.920813391770564
63.1185,29.9125548882684,-0.107042027085282,0.230260926707562,-0.464872736403203,0.642022595632588,0.888117763366624
37.753,58.1511981421305,0.841458573811064,0.390021065933278,2.15746955051657,0.0309690971719202,0.294134624608114
47.6719,30.5237007279426,-0.0689739229554968,0.190674859494605,-0.361735800610088,0.717549471191105,0.919187304663193
30.5585,16.187507441634,0.140137257870962,0.259071733876621,0.540920677736691,0.58856225781406,0.863590036835578
27.1821,17.03269991473,0.0398385290760828,0.24995905183796,0.159380221612893,0.873369320589572,0.97102487335316
30.0857,23.6037870947134,-0.385177240590275,0.198278291653268,-1.94260923562848,0.0520633901694869,0.359520164192474
19.0878,12.1197811047539,0.687443437875431,0.370862952742827,1.85363200284968,0.0637918258297091,0.388746843358338
15.4487,25.8965372731632,-0.0734359787884074,0.21264424778356,-0.345346650821019,0.729833779159326,0.923944905837259
115.4311,62.6822172761159,0.0676206356667221,0.142328879557018,0.475101299730479,0.634714772142342,0.885173275978427
26.6501,41.5192400965433,0.309647773187835,0.203781585968576,1.51950811314023,0.128634647426994,0.512287691794479
22.3149,19.1960959497162,-0.248572757293766,0.279357346514077,-0.889802113298782,0.373572151645865,0.762839410724819
46.69,21.8413935300067,0.510116454890845,0.257067626068676,1.98436677030101,0.0472149676312625,0.343001901991678
68.1647,16.864250821028,0.416029502239981,0.237016219387046,1.75527861897337,0.0792116618469102,0.419141880517295
28.7395,16.034542636602,-0.147907951459946,0.626538265093654,-0.236071696974226,0.813377035829196,0.95258278733951
21.8433,14.4557150141463,-0.0794273830098597,0.217938687110904,-0.364448295356762,0.715523277010207,0.919026604584305
9.4383,15.7766528009443,1.02106429270455,0.352648988998329,2.89541250523587,0.00378660573420306,0.101168227115991
74.7632,52.5708434649734,-0.137525505089149,0.241658694713292,-0.569089828331281,0.569295180852023,0.859040327188875
45.5064,59.4896586718525,0.579889931786762,0.188730708735799,3.07257857330754,0.00212217955780212,0.0771644578857634
26.1111,9.52026221639138,0.469186211021009,0.355053313927439,1.32145284276067,0.186350416433769,0.589435718785341
103.5229,47.1879428445619,0.396198704474792,0.148638387317919,2.6655207421443,0.00768691895530327,0.143574823648446
35.2487,20.8411669942504,0.0168655567599186,0.327523973712744,0.0514941137551983,0.958931792173498,0.986972027885079
43.1372,35.6688510709354,-0.695713918310901,0.390283943862983,-1.78258401159118,0.074654044378272,0.407776980181762
35.7394,17.9918958821559,-0.0551550586640486,0.218204301243738,-0.2527679718029,0.80044751893721,0.950760017024347
38.6153,41.8920340332708,-0.107304689461445,0.245355387977841,-0.43734392933379,0.661861941265252,0.89446703960303
948.1996,787.389618167132,0.135324870153149,0.207466690583418,0.652272756521067,0.514225231654881,0.835735003575574
26.191,27.7055878306371,0.265332160869833,0.234953992085609,1.12929411632706,0.258773782094942,0.677552489472987
7.2658,15.644121129403,0.369230183108789,0.427895173759635,0.862898685826728,0.388193173300164,0.769624599837664
44.5273,43.7257236798329,0.116553814434727,0.220513533638481,0.52855628637202,0.597113291325082,0.868727099148796
41.0372,17.1900640307644,1.70076810971466,0.329689598044758,5.15869508714,2.48676908015197e-07,0.000382029899938346
342.2265,272.602425565172,0.818341191639883,0.248183446481082,3.29732382736598,0.000976108889169884,0.0555387881847124
22.6568,20.1464312701927,0.814717535604608,0.392107427089357,2.07779164412243,0.0377285537788692,0.313723901178824
104.3357,29.2793732720076,0.224575305855585,0.260665392854275,0.861546304235075,0.388937230022377,0.769624599837664
30.6595,22.5569496079529,0.354847133790576,0.286361355237997,1.23915859210702,0.215286771897343,0.622890981850052
12.1793,13.4430234606498,0.480186070368879,0.284575448950771,1.687377010699,0.0915308814493317,0.446869193390005
20.5952,10.7226193983489,0.457891281016569,0.28868367884623,1.5861349794578,0.112708693452854,0.484950692370068
19.5572,25.2028490186677,0.00549753260641204,0.233968454176949,0.0234968967323017,0.981253913851733,0.992397185750313
27.3263,35.9596380838134,0.0901177538303629,0.229818537868745,0.392125694759364,0.694965343080979,0.907086243252467
23.4431,23.2955362692417,-0.00854370329956985,0.23254595763034,-0.0367398487018687,0.970692435408448,0.988789873777891
38.6623,18.7954028200842,-0.028414343866341,0.190249089075333,-0.149353376693908,0.88127479902409,0.973473600575774
22.0257,12.9558453449212,-0.198514319681677,0.3097679085838,-0.640848564944145,0.521621076342542,0.838660783392183
16.4637,15.5965610317887,0.0518197139986568,0.24055548786715,0.215416885551474,0.829442306258636,0.95857630601018
44.5938,56.8325608618514,-0.683112285300745,0.25503129201331,-2.67854301292993,0.00739432344049799,0.139809592436493
105.1548,62.1425135832237,0.292378490665841,0.153970070663923,1.89893067792395,0.0575735911342942,0.375406692991827
49.1618,16.934703059146,0.384276477034935,0.289430836420293,1.32769708227258,0.184278197839289,0.585819723601878
59.5379,38.247086007619,0.0450020954750625,0.199021515580674,0.2261167358904,0.821110628299448,0.955629699034112
16.1653,15.6321174145408,0.033293832704046,0.271376940617627,0.122684825867196,0.90235668028764,0.976942084120479
17.8691,12.6319814377827,-0.145656218339009,0.277514799580132,-0.524859281592839,0.599681017277205,0.868760378552006
37.8423,31.9264896467727,0.0463573826345319,0.280107918724299,0.165498293820676,0.86855179265023,0.968830087334143
17.7252,13.0653580759316,-0.253610643946895,0.360906075099653,-0.702705389142779,0.482239368491643,0.819513528589919
57.9821,17.2188352753672,0.201864673378962,0.229218893101509,0.880663328609509,0.378500070795487,0.766858864173514
290.7023,125.236147003625,0.380008030224111,0.245803596023388,1.54598238745032,0.122108821464911,0.50186000189466
56.4099,46.6990116040395,-0.0733238146249799,0.202411483180927,-0.362251259032764,0.717164277760312,0.919187304663193
21.0239,13.1846235520621,0.166781374712845,0.311581700047784,0.535273331801152,0.592460864381409,0.866006329568277
42.2088,29.0278970477657,-0.0549943180615157,0.188181966820402,-0.292240106694184,0.770103048665089,0.93741878145726
101.3355,78.2625811627479,0.0623979737979528,0.140657483238493,0.443616452970037,0.657319908333475,0.893007143921541
19.4768,10.8678641855752,-0.525839836254806,0.39794764155193,-1.32137945133716,0.186374874141565,0.589435718785341
13.6821,16.1300006905142,-0.469050261581855,0.459699743210125,-1.02034049074388,0.307567006317337,0.711907827508434
17.6161,14.3306544990003,-0.0349480855606378,0.231501527836665,-0.150962656217523,0.880005174248016,0.97322382739378
20.5383,10.1240277225697,-0.14926315798742,0.333142215674655,-0.448046362677703,0.654119736930051,0.891168133053105
21.6412,32.8153242723336,0.093941698084551,0.292944983280928,0.320680344249019,0.748452644252914,0.930823263765315
36.1136,26.9294944993841,-0.399449328674806,0.343198249488634,-1.16390258187501,0.244463493170148,0.659161108174883
20.0327,16.989853387662,0.30160950670956,0.231509927669103,1.30279297197419,0.192645450793104,0.59802872260306
131.3647,121.472867654287,0.0919947935441511,0.140417074056058,0.655153898929875,0.512368672649826,0.833820310760906
46.6021,14.6621018637504,0.224108065426673,0.504066150787271,0.444600505462729,0.656608482134509,0.892667947503664
100.2685,78.982310776279,0.166059848335936,0.162353218990747,1.0228306489285,0.306387924096618,0.711468334218693
8.4125,10.5543888848667,-0.533759436304877,0.314166581928792,-1.69896948627673,0.089324933101296,0.44373622789609
23.4966,10.005774422165,0.211990970269835,0.293728759599412,0.721723574358019,0.470464445200074,0.814104995528092
128.4581,99.5928285376593,0.155783763791248,0.176702710838451,0.881615019102182,0.37798503037382,0.766320690084831
35.4374,22.6871412733612,0.300151062542789,0.267035945522415,1.12400996036541,0.261008800482258,0.678946460066931
87.7949,76.5132154902759,-0.274892671125981,0.132288323206428,-2.07798137026069,0.0377110750589087,0.313723901178824
35.746,22.9826081347269,0.629145442485814,0.32717660456729,1.9229536394202,0.0544858724076707,0.36672035700453
137.9945,63.4023491414408,0.333807847996851,0.154884529400631,2.155204585562,0.0311458282452067,0.295356658282091
968.0404,479.253690739195,0.181883890746013,0.173508037028317,1.04827357776129,0.294512579501837,0.702223958099727
27.8842,23.0456154530423,-0.286982761867226,0.233164643022322,-1.23081595111207,0.218391708266602,0.626576430572439
12.7766,12.7359956310075,0.0889561970899205,0.299061010726201,0.297451670058597,0.766121700703363,0.937205237636561
25.6759,9.02460359107409,-0.0226054990405541,0.33269392938654,-0.0679468335422795,0.945827957094848,0.983506025301001
1661.8114,407.921657641324,0.297561843481476,0.19435088001315,1.53105477814838,0.125755854961609,0.50884155500902
34.5991,29.3526100290415,-0.228400918939107,0.181781534767426,-1.25645830436697,0.208949854086635,0.617603104070406
29.9429,13.6480853504982,0.140952695738297,0.22727066424556,0.620197490979307,0.535127773173133,0.846424753191481
30.1363,12.403503614515,-0.187014386856255,0.248792371218789,-0.751688590530752,0.452238353315472,0.805041912260595
99.5535,51.8404102042214,-0.177079272143323,0.17069225951926,-1.03741829091754,0.299540957586421,0.705462366516304
8.3079,15.7530717529167,-0.523950078097238,0.439330400819713,-1.19261056626093,0.233021925756936,0.64442832303167
16.3125,8.88668188019556,0.0717513904657387,0.297055544495438,0.24154200046194,0.809135068250302,0.952172556821622
18.7739,14.9809960821293,-0.151830002726154,0.273487770281943,-0.555161945887489,0.578783895155139,0.860205581762669
27.0165,12.6909342066445,0.128627656441743,0.358002686605825,0.359292433420666,0.719376334213087,0.920103597238968
23.7425,15.2121766353293,0.426877537520485,0.490411118053881,0.870448327547062,0.384055445980184,0.768975211586845
24.0639,21.1743091466598,-0.0317462990871147,0.214127360414919,-0.148258956845119,0.882138405022389,0.973552532123309
17.1667,11.2774250445851,0.0108940403360604,0.388205887943243,0.0280625324715661,0.97761227705248,0.99116110253877
29.9102,23.3652768128156,0.207738444160392,0.232610939008147,0.893072548721003,0.371818322587598,0.761607864100263
21.4732,13.6110868669076,-0.0976294319284247,0.280282310543134,-0.348325342898869,0.727595863279668,0.923280578349578
41.7135,22.7957353695543,0.122239152990624,0.207449653510919,0.589247323009821,0.555695376044436,0.852879462595976
186.1117,54.9541276775281,0.0478224442956854,0.183214786802023,0.261018475257464,0.794078259802832,0.948786876626172
23.4386,14.6156517113815,-0.462780186146429,0.346155885219466,-1.33691266249315,0.181251147053975,0.581309132905363
19.8825,10.5768946283064,0.384360782827996,0.317529379856159,1.21047313165828,0.226097394626277,0.634704655083816
26.7184,23.5263146696691,0.53542190238121,0.221764538985866,2.41437113809857,0.0157623974584794,0.210542679103933
211.0625,96.6164099652372,0.160500251064447,0.204843806113213,0.783525038466343,0.433318856208358,0.794935262709434
71.3071,61.8960770651545,-0.140132876903336,0.177886844995265,-0.787764136842534,0.430834682105795,0.794425813957657
31.0728,26.464197331797,0.462302355608784,0.237038025655249,1.95032992841901,0.0511368077167134,0.357202282323416
55.7312,35.8506548654364,-0.342744605363779,0.186678432341389,-1.83601608961974,0.0663552770815611,0.392518464673966
70.5706,35.8732572945305,-0.0519123201253435,0.211208920438551,-0.245786589020736,0.805847439079227,0.951052017970846
13.856,33.1399485445322,-0.120364526057805,0.232375392905233,-0.517974491846871,0.604476066713023,0.870385544215723
13.0133,10.844418733666,0.581952355552735,0.368146922685813,1.58076115727684,0.113932658942901,0.486128054894541
28.6544,19.7306605364648,-0.0993114002607256,0.282574256389511,-0.351452398847795,0.725248977734271,0.922511895710432
25.2517,13.2698714897769,0.110105414276307,0.233216498328797,0.472116745879087,0.636843460250634,0.886995125195406
17.9436,10.1094208601082,0.160312449599584,0.33426645476769,0.479594788268535,0.631515552950375,0.883173207300877
15.7318,12.6235201954839,0.737595268203801,0.301564024150739,2.44589940819701,0.0144491307678086,0.199527884422885
93.4903,82.5445087670051,0.387402619917232,0.22834299837004,1.69658199586847,0.0897757160314721,0.445263033358933
1457.2208,648.351745321152,0.160470744606413,0.12039268841678,1.33289443666952,0.182566448528953,0.583699701462235
12.0348,10.8432679399397,-0.0497809207265073,0.2840440168771,-0.175257769108534,0.860877093495588,0.966226436443907
14.0014,12.0149493481099,0.328205888981943,0.310383702618153,1.05741985231008,0.290320015140895,0.696609329574697
24.0992,14.324991483572,-0.178727697992588,0.343008689157603,-0.521058805919834,0.602325806479365,0.870330480676954
336.7066,141.736412917119,0.31144911679398,0.133703551887652,2.32940047139274,0.0198378601265461,0.232640554346614
109.954,56.8112937631384,-0.223802973291711,0.15394598587971,-1.45377595922887,0.146008430764072,0.541451815603552
21.3683,12.0570785553272,-0.677073877156497,0.26815081053573,-2.52497419569157,0.0115706784955171,0.179550048876143
32.2137,20.2699938159869,-0.241111737226859,0.251327679153883,-0.959352101760471,0.337381396190999,0.732323800633588
35.5858,14.2335871225238,0.336282431295414,0.273229693908103,1.23076824661861,0.218409554806536,0.626576430572439
161.7587,61.8508607544242,-0.11674957843151,0.187413943860958,-0.622950331369825,0.533317161665063,0.845446165947072
10.1111,15.4945683066925,-0.423322069206045,0.247913320818446,-1.70754063480137,0.0877216117752817,0.441018693043399
16.5778,10.8827611582033,0.318267186669328,0.320609145762159,0.992695282951883,0.320858474390557,0.720814907838047
22.9473,23.1143360917461,-0.0192290318526062,0.203979213313705,-0.0942695657083124,0.924895025273868,0.97968093888036
43.2547,20.9529408496022,0.0435029468466465,0.208728877328472,0.208418439285652,0.834902259974731,0.960762993922233
83.9349,75.6880113372947,-0.0218764037230122,0.162483390853385,-0.134637784256682,0.892898266068825,0.974402387674113
28.0155,31.1667117807162,-0.155535453523992,0.261177262970783,-0.595516821620843,0.551498058213511,0.852879462595976
15.5601,19.1287326115849,0.0159225857691273,0.301620948341755,0.0527900527356144,0.957899187217531,0.986972027885079
39.426,31.2208519294842,0.27268540950938,0.226102543016236,1.20602539835122,0.227807697511035,0.637757768202875
55.7444,58.1639290467986,-0.0163249623298221,0.258111329946448,-0.0632477556611294,0.949569217355285,0.983661890897426
137.4555,59.4858158856744,0.0796468162707616,0.176524145607516,0.451195024888259,0.651848995041596,0.891098926369064
87.7471,42.5874614965846,0.0533326777852707,0.259986957228511,0.205135974334262,0.837465890584448,0.961497780961666
17.9777,15.2708211636166,0.153630684008213,0.231557795846369,0.663465824791932,0.50703226016751,0.8316726205903
25.1499,18.7748858898867,-0.0872520392351447,0.288029661757901,-0.302927270415931,0.761945288407118,0.935599791022691
5.3805,12.1298070950104,-0.511130422372554,0.333865080171831,-1.53094903518957,0.125781988943645,0.50884155500902
102.9025,41.0771406965652,-0.0571408311177464,0.194083784200612,-0.294413216194731,0.768442169144425,0.93741878145726
24.8429,19.2895953215503,-0.291212305501888,0.307341265987146,-0.947521005897294,0.343373357527671,0.737514603987255
20.1259,17.0634555804693,-0.880693659317884,0.275465856926152,-3.19710641872392,0.00138813703689299,0.0651152831428045
46.5111,53.2845239426499,-0.156963515505643,0.278177697781586,-0.564256289261855,0.572579724540424,0.859040327188875
28.7273,20.8326552853061,0.147693769503044,0.24292350282799,0.607984685646589,0.543197630983669,0.850224073282803
19.3156,17.8777455084856,-0.608991523540294,0.292114881474537,-2.08476720003523,0.0370904373927687,0.313152269276039
64.017,58.5917047891077,0.485993865611297,0.259212896148305,1.87488305108571,0.0608088142551541,0.382259984453201
48.4868,32.3240355887606,-0.362765027676623,0.210436839351738,-1.72386654729343,0.0847319376445953,0.433760265216536
12.3252,8.91094274977269,0.256925965742001,0.318750013717368,0.80604221077717,0.420218510849619,0.789918246916766
7.5941,13.9756516981768,-0.289636203078075,0.269734605504003,-1.07378214425578,0.282920334586735,0.69044696427144
114.4054,121.925854590662,-0.133499670618984,0.218351644614195,-0.611397596088018,0.54093639371394,0.849707090841554
46.3919,16.0291452261757,-0.232567301121147,0.243724202230274,-0.954223253140097,0.339970646604886,0.73508783370409
70.5394,32.7636265306085,-0.186272150433701,0.216657324580593,-0.859754687704597,0.389924281857114,0.769624599837664
126.2205,72.2205623439134,-0.367036932665855,0.262925201549593,-1.39597471258998,0.162722110187352,0.560807089850692
73.7756,72.6757651582866,-0.140487753016695,0.191420363917135,-0.733922714082354,0.46299584268869,0.809300425357955
98.1743,57.2615653938574,-0.170678681477691,0.155922635793933,-1.09463696921632,0.273675712553391,0.685431474903796
53.7477,39.5199416958488,-0.342493261267932,0.207096392356523,-1.65378670951601,0.0981708573024154,0.460907009416174
73.2691,80.2701594836406,-0.0865924805241925,0.128462616195153,-0.67406754656659,0.500268371047206,0.827719208423554
12.2163,14.3748836434158,-0.847959082856722,0.30793797942601,-2.75366839919291,0.00589314438215667,0.125305786257276
66.49,46.7630512921189,-0.186794194386082,0.161808835715874,-1.15441282028678,0.248330961593085,0.663574237277746
56.4224,57.5764816303887,-0.296236840059544,0.232808067422315,-1.27245092208153,0.203212951087913,0.611996199593382
26.3929,19.7827759362885,0.344806343090907,0.333037056534518,1.03533927028679,0.300510496278758,0.706170936762129
23.1518,11.0082921889129,0.189501345235978,0.284520042197976,0.666038651520085,0.505386395445386,0.829813407044753
83.6614,35.0287482603569,0.53337498589455,0.319475056655751,1.66953561720246,0.0950112778123016,0.455287488783215
18.3435,19.4338270855313,-0.161517064219188,0.248789663385552,-0.649211313771037,0.516201799869199,0.836096433402578
9.2749,11.7553409381556,0.0283734186478435,0.288499214275159,0.0983483394196771,0.921655694893467,0.97968093888036
37.9411,29.3866023361528,-0.173220848518782,0.211106210317413,-0.820538856996828,0.411908987371641,0.784214691181377
26.5689,34.2504810128522,-0.525827860250279,0.213768281710639,-2.45980299809889,0.0139013298721091,0.195925853358051
19.595,9.81058441785895,0.591079076886509,0.330185854364078,1.79014051957162,0.0734313242813328,0.407753839170124
18.2207,13.8962056796784,0.593208407874865,0.290238553899157,2.04386495145292,0.0409668904301107,0.325404131486281
19.8362,10.9879735740068,-0.308856033359522,0.251148200553783,-1.22977601543031,0.218780992094804,0.627118904111681
64.8602,35.393456182604,-0.00259937014537809,0.176051171469981,-0.0147648557159492,0.988219777599958,0.994533587109745
25.9944,24.4878920040915,-0.360324606974426,0.231997402597804,-1.55314069442016,0.120389525901854,0.498818125306075
84.4148,105.970644182374,0.0856578785079526,0.213936873284555,0.400388568800012,0.688870342453816,0.90547770147138
13.3239,22.1200364166115,-0.563645737714301,0.322580807905884,-1.74730090538663,0.0805851561318504,0.422813071553629
88.77,69.9959590600985,-0.0205389465417806,0.196599392398812,-0.104471058079957,0.916795534882908,0.978463935687972
58.993,11.7359513704999,0.400198573838706,0.337560560643801,1.18556081633305,0.235795784111674,0.647869516765138
33.7977,25.9805838876593,-0.0753129634735114,0.19637578191416,-0.383514518640758,0.701338307371361,0.91034277939225
13.2488,15.079065172615,-0.278544216910963,0.257999522826874,-1.07963074450287,0.280306645022317,0.688056902065977
20.8654,18.0886485416503,0.233047505358221,0.346277835674559,0.673007283022424,0.500942657537225,0.828039848770279
22.5442,17.3942643279334,0.087781106743839,0.248513489630098,0.353224715787048,0.723919980100794,0.922238954414426
22.7977,11.155800054314,-0.385471119635064,0.266566210502638,-1.44606144532805,0.148159968335124,0.54414145621188
68.7606,50.0626757844656,-0.298957887701727,0.194973867773021,-1.53332285560319,0.125196325901217,0.50884155500902
116.1057,65.6113067791181,0.0382890862964549,0.182483514563855,0.20982216606233,0.833806472125566,0.959861515775872
18.0913,12.8344152129724,-0.247436565777947,0.270005221708383,-0.916414001967667,0.35944979411092,0.750401198671797
15.2238,11.7527487434913,0.225071522550772,0.248140016674566,0.907034365383929,0.364388624568558,0.755709786693821
30.9592,20.6373476509972,-0.033649596165721,0.286938268792688,-0.117271203688877,0.906645143677037,0.97705552321547
58.6371,36.0830014944842,0.071104431492035,0.280242924514278,0.253724270167657,0.799708582596927,0.950760017024347
38.3298,23.0005009099225,0.184628661331769,0.280381019502225,0.658492010834222,0.510222028986852,0.833820310760906
107.0181,44.2788045058879,-0.0613733600072378,0.192464696562948,-0.318881130426768,0.749816653679462,0.930823263765315
38.0671,25.7101266514712,-0.0410852010396047,0.275641635618534,-0.14905295764702,0.881511845488456,0.973513439941768
42.1195,17.6645309912088,-0.0551829631215508,0.30880930769346,-0.178695919283392,0.858176473551869,0.96466647296826
141.1537,100.491317026336,-0.0872017258556631,0.155103587645773,-0.562216046574081,0.573968829747425,0.859040327188875
17.2603,15.0199707832124,-0.0830813507669261,0.329844695876459,-0.251880208490736,0.801133657820137,0.950760017024347
178.5977,137.003502674995,-0.47392046742218,0.164123829821974,-2.88757865287596,0.00388219531199135,0.102386653185351
23.5765,12.0785439035621,-0.0161083104485568,0.4516686730828,-0.0356639975462806,0.971550278074255,0.989258733846942
2964.9737,1434.19483214103,0.00419503130974688,0.114872506173876,0.0365190196459812,0.970868513339489,0.988789873777891
16.6156,13.611002272346,0.350121194044584,0.31635556720868,1.10673315198411,0.268409317570148,0.684488539880795
29.2814,48.6386766757902,0.0139984571269836,0.25310007883184,0.0553079919674152,0.955893095244688,0.986804138779106
22.555,24.906178420814,0.205360786483384,0.221441155239817,0.927383106636083,0.353727658597672,0.746206416616314
54.6072,25.7072292668248,0.0796756597581057,0.191217545005465,0.41667546644754,0.676915801599833,0.900551548134006
37.22,48.6999863096897,-0.0654681281361412,0.216198031175418,-0.302815561178824,0.762030423770312,0.935599791022691
19.2954,15.5792215835686,0.18161875731436,0.2542694647226,0.714276712355141,0.47505608934278,0.81573179759612
15.7239,12.2488319696903,0.446023081481447,0.263960735164186,1.68973268393125,0.0910791073935091,0.446869193390005
33.1435,18.7139038834797,-0.173404961081126,0.217826182930833,-0.796070328864863,0.425991158918974,0.792803609750161
30.9235,19.404039742047,0.4864090913092,0.260295145703999,1.86868291375027,0.0616669425468558,0.38430355553639
51.8328,19.6500229280574,-0.0278636403944118,0.25368443239105,-0.109835830806758,0.91253957406966,0.977786075622948
37.1176,17.9906840365121,0.225095200915352,0.435366830963543,0.5170242308473,0.605139244101432,0.870385544215723
67.4102,41.1670999136224,-0.0774212512779124,0.214840592527033,-0.360366029376737,0.718573427072076,0.919558566164021
21.3147,17.5410370980003,-0.390712832333285,0.360366397754653,-1.08420994512172,0.278271723151105,0.686543720545821
30.0966,31.889477329733,-0.483925623897346,0.221077303956686,-2.18894303140297,0.0286009809083119,0.28083712241362
161.7007,117.305499316428,0.421871039493454,0.183223007205862,2.30250035695275,0.021306971316555,0.240884631381279
11.2224,11.4012620707734,0.0981963617751156,0.282624455572304,0.347444673803163,0.72825727636459,0.923280578349578
21.7184,10.6358250174039,-0.472442346241747,0.319689608487412,-1.47781577411,0.13945709507546,0.530430150410062
28.5833,16.1403401382338,-0.622569522181137,0.280753588742343,-2.21749444048065,0.0265893225435715,0.268294559983985
62.6222,30.9947139103106,0.0405861882478927,0.211485541792161,0.191909990176913,0.847812711868095,0.963305464461653
22.0844,12.3548290475007,0.18636910501548,0.294577846302982,0.632665040343171,0.526952404079931,0.842876938280911
4.0752,12.6159077120977,-0.446681242352831,0.317079900820125,-1.40873401687554,0.158913832352021,0.5567832938098
7.2334,9.92884282945891,0.392610034491864,0.314332476602139,1.24902790426204,0.211654867907456,0.619024686443846
48.6272,46.4020319768766,-0.514064204170996,0.243498924690228,-2.11115595202309,0.0347589094868918,0.306632085969228
37.7399,44.2816942361411,0.173425714097276,0.23144276437823,0.749324415317903,0.45366169549558,0.805616322577348
44.7524,12.6988607472321,0.0381601886962507,0.36791279832712,0.10372074271339,0.917390965132519,0.978463935687972
56.7089,40.1122874669004,-0.168438393877761,0.215691729873042,-0.780921892447636,0.434848435130999,0.795044223112167
9.5148,11.976864894565,0.223581381839775,0.335737721629167,0.665940606122082,0.505449064524543,0.829813407044753
27.2574,20.0817365583599,-0.146033817958255,0.261916167182061,-0.557559388293678,0.577145294872692,0.860205581762669
46.3748,45.6686125521299,0.25365427388347,0.202100617394795,1.25508905986154,0.209446431471904,0.618218418472634
18.8694,18.887840209831,-0.471062865822272,0.301040309868886,-1.56478335418747,0.117633716073864,0.491974869335911
73.983,46.8483789701523,0.167971554641981,0.158605381599353,1.05905331173622,0.289575501092851,0.695637785072544
28.7534,21.1411876206602,-0.139010629975772,0.332458523523369,-0.418129240611878,0.675852627083753,0.900415084512777
111.5094,58.0143476920691,0.235619465906349,0.150007703154769,1.57071577626418,0.116248683013366,0.489935050905612
3.9666,13.0163748089321,-0.183373851376189,0.323249030571634,-0.567283530756179,0.570521564500547,0.859040327188875
99.0315,43.8380137877573,0.395857388968571,0.184100524271431,2.15022412638507,0.0315374906373532,0.296941805421208
42.7787,17.6349215634011,-0.0271297085727138,0.248202131202942,-0.109304897750984,0.912960662030383,0.977786075622948
148.8572,121.052538077323,-0.19600363620569,0.145712256334672,-1.34514172751199,0.178579470140213,0.578099077233358
32.9285,17.6686986377185,-0.223537682792038,0.203020654574297,-1.10105882212212,0.270871057124339,0.685431474903796
38.4873,11.9675172139548,0.410772285602292,0.340844422885376,1.20516064814836,0.228141290640464,0.637908861744177
47.4645,19.2252942489914,-0.519081780593767,0.273907480893096,-1.89509895422082,0.0580792931858123,0.375406692991827
57.2746,41.371039423335,-0.0857067498653282,0.282891430884123,-0.302966935398036,0.761915059794627,0.935599791022691
16.643,13.9580042642737,0.351969363947302,0.321227367873876,1.09570167161316,0.273209350936037,0.685431474903796
43.7128,23.5669702533604,-0.795109954583155,0.355627739861856,-2.2357928402661,0.0253653441566673,0.262633558850758
30.3743,11.4872624968865,0.206932001631051,0.26213006630697,0.789424900952496,0.4298637068071,0.794200985667357
62.5093,23.2515801154689,0.834205679460986,0.396819202158968,2.1022311292456,0.0355330341859649,0.308290767522255
32.0139,16.0282689446257,-0.0246814175868311,0.261847105070139,-0.0942588904323379,0.924903505152913,0.97968093888036
31.8172,22.8656092064631,-0.713985009264624,0.261454735365462,-2.73081689748941,0.00631775614065932,0.128772530257471
31.8926,24.2291388157564,-0.164343142971418,0.250441343176846,-0.656214109406725,0.511686371864748,0.833820310760906
33.6013,21.1463163903944,-0.243365107551034,0.309084731339107,-0.787373438010532,0.431063291160517,0.794425813957657
38.4517,17.2686507369915,0.0184644127238517,0.275924421234178,0.06691837076712,0.946646688062181,0.983506025301001
27.3888,19.7143345565072,-0.554258267468091,0.228331732193956,-2.42742549247284,0.0152064099314891,0.204919712782896
157.3186,31.3750980595612,0.352617042521116,0.330393576045213,1.06726361553973,0.285852813119632,0.693011332530514
100.6071,92.883513398621,0.101468577458394,0.279780517595477,0.362672062838568,0.716849871453963,0.919187304663193
101.7958,54.8853382894792,0.771424220604997,0.256432880365512,3.0082890287136,0.00262723143658983,0.0849701956728657
98.6035,42.0077526532834,0.29903479633909,0.173165312430131,1.72687469645369,0.084190169694717,0.433151913069417
15.9239,18.0166052847441,-0.898874362527886,0.4183123901935,-2.14881123198883,0.0316493666764479,0.296941805421208
20.0198,14.1012273326822,0.434857740686026,0.366005534787566,1.18811793635422,0.234786948768885,0.6467483630394
18.1069,11.0239820201345,0.808209656764679,0.361189847558414,2.23763115776384,0.0252451179580852,0.262633558850758
20.2309,20.1270416997861,-0.179565418670257,0.252659218437681,-0.710702026946021,0.477268903343589,0.81573179759612
22.0307,15.8510959446286,-0.604425292199564,0.258674669149356,-2.33662342813542,0.0194587731775313,0.229950309953711
45.5177,11.9800479826136,-0.0303593037658241,0.267300290427332,-0.11357751881709,0.909572709395453,0.977098242977339
21.4919,18.5620877666777,0.0358691055140453,0.287560622114486,0.124735804402888,0.900732710939152,0.976563949608514
16.4815,15.1592361554152,0.0696154779730786,0.275673661872862,0.252528578537853,0.800632527244759,0.950760017024347
57.6175,67.4894456904422,-0.867912253564121,0.188649932854168,-4.60064968183712,4.21175242098789e-06,0.00152242462511592
142.2357,65.340197399864,0.193532892589339,0.172971592809501,1.11887096283193,0.263195192280664,0.679375852285526
40.444,39.9559065450399,-0.469640891017939,0.235996839577943,-1.99003042522877,0.0465875840254748,0.34129909328258
50.9817,34.0713191651654,-0.0432438899699736,0.212877395713996,-0.203139886341302,0.839025696815252,0.961790768399045
61.9773,36.6049620882803,-0.184238137017048,0.280318761686812,-0.657245115911613,0.511023320458239,0.833820310760906
71.1475,35.1967339240975,0.152705806184005,0.199525242154892,0.765345800535145,0.444065657931862,0.801169544330973
339.4046,137.92472498758,-0.368652576635937,0.258629232517269,-1.42540954496055,0.154038850549331,0.550650806646678
106.6576,107.506736060193,-0.621209477753447,0.180138921495615,-3.44850225923313,0.000563704754169759,0.042243484321624
202.3776,120.099043519747,0.634539443732507,0.218855508767541,2.89935330988853,0.00373933271170609,0.100519449730707
14.5507,11.023855262525,0.0309536237404482,0.390365551399794,0.0792939428939182,0.936798824003854,0.983479420711732
43.5746,20.0950186179216,-0.0545435876681551,0.232625266881601,-0.234469747845216,0.814620316369746,0.953312101331572
295.4355,61.2198345273172,0.175223581398358,0.198608851042681,0.882254645140177,0.377639117197023,0.766124917522518
96.2545,67.6150589236749,0.187915823778615,0.121316281171729,1.54897448193793,0.121387854488779,0.500959278598755
11.1717,11.9102929587057,0.253267142868581,0.341782992309521,0.741017395737528,0.458682892836477,0.808739048468455
69.6972,46.7651078543393,0.300716016454893,0.174029773961196,1.72795728920469,0.0839958820284629,0.432652720087934
42.0585,24.2308668466065,-0.223722995877756,0.224052039357723,-0.998531397076723,0.318021747570618,0.719795078755598
15.5532,10.4049589795213,0.226371462574676,0.285134133878536,0.793912182647021,0.427246556912092,0.793900844337709
18.1451,31.0465156254292,-0.37942164493427,0.352187220101861,-1.07732939549746,0.281333134316253,0.688056902065977
1907.2427,1682.46190356471,0.398078735560023,0.13387932910439,2.97341447871784,0.00294506464149892,0.0887480960155938
24.4702,10.7013697818749,-0.0364024818600006,0.327442889195203,-0.111172003000192,0.911479952356388,0.97762919510935
444.1429,421.530294994383,0.270543497975089,0.175144924459759,1.54468363162444,0.122422805995133,0.50186000189466
51.4891,44.2411597396342,-0.481768062267185,0.200741941635359,-2.39993724451615,0.0163978828200381,0.215309807540885
15.219,19.0921068485475,-0.78454844391244,0.249998074727971,-3.13821794334267,0.00169978439229235,0.0713353341145953
36.1505,40.2389303355047,-0.192147765303361,0.149705836644589,-1.28350216404409,0.199316201900819,0.607743911781342
10.0953,13.7005641278459,0.100957320191949,0.388184244410394,0.2600757801113,0.794805319915101,0.949184098993437
26.6752,20.0315105313441,0.839885637016059,0.303936097667521,2.76336257345391,0.00572091777797677,0.12479599466972
183.4253,97.2815756766842,0.855293427427399,0.181832365748629,4.70374690394659,2.55429862613917e-06,0.00120739731212502
25.5638,13.347113567853,0.0765109178820843,0.311193430327548,0.245862895632316,0.805788367298192,0.951052017970846
34.1035,22.7868426478432,-0.059155528665355,0.248897692957463,-0.237670056168278,0.812137009961884,0.952376136139739
9.3533,12.0597962785221,-0.252165258860848,0.29242766936924,-0.862316686395523,0.388513272870307,0.769624599837664
37.5043,24.6873843809358,-0.0659776690505104,0.280838584636989,-0.234930927086793,0.814262344899001,0.953074687505592
144.644,81.6335329799599,-0.337051978776523,0.183660365835645,-1.83519169878027,0.0664772906949239,0.392518464673966
244.5487,157.850327674016,0.0933639749875989,0.174230054898804,0.535866071108262,0.592051114933728,0.866006329568277
37.9516,27.8590618447799,0.456059957420776,0.194853952495514,2.34052197340609,0.019256805212871,0.229129536309335
10.2136,12.6439043916976,-0.222432477791716,0.325371780746195,-0.683625596791455,0.494211617029357,0.823555425254474
18.4665,14.197072391416,0.186429883840627,0.517421766027483,0.360305453077373,0.718618721836084,0.919558566164021
97.765,40.6684672789605,0.327567095424173,0.201113774907774,1.62876508868866,0.103362757860194,0.47203977620292
14.9922,16.185592000281,0.0121954732377937,0.221077360550379,0.0551638268497178,0.95600794702578,0.986804138779106
18.4269,24.3249036915801,0.449702791061058,0.247836800369898,1.81451176899425,0.0695989724949886,0.397795686267993
22.5959,11.4463289189118,-1.16545740518275,0.416967006585995,-2.79508303240867,0.00518863868098836,0.120745075270462
126.5972,96.0165547116618,0.197939048045442,0.235451853810987,0.84067738198545,0.400528694888228,0.777400135845914
19.0328,16.6363867552097,0.355837401483823,0.261591524509874,1.36027878636562,0.173741718789311,0.574928843274269
98.9373,42.4180284028343,0.166845535338375,0.180111861404178,0.926343962233372,0.354267256155873,0.746304123688255
26.3273,19.2343324910404,-0.175680242792067,0.2671054997456,-0.657718553003925,0.510718998410649,0.833820310760906
34.117,14.2241590243885,-0.415156166131172,0.307687526066757,-1.34927850809623,0.177247526143971,0.577855592511648
30.0598,18.6272562267433,0.0363402275577852,0.208758919508181,0.174077484417911,0.861804567858248,0.967090772368323
37.9068,20.9955837601388,-0.579603464278809,0.243334989258618,-2.38191583563349,0.0172228332689248,0.219573258169176
30.2932,25.8236579124881,-0.524240201966081,0.276821536626868,-1.89378401823089,0.0582536838236778,0.375406692991827
28.3101,17.3471135443069,0.223589180471593,0.22979317425064,0.97300183611076,0.330552389543962,0.728805912032251
22.4688,12.6874456556183,-0.174017114713453,0.37528927520249,-0.463687950100789,0.642871331633275,0.888117763366624
69.0188,28.0213697263062,-0.0623554103259127,0.275492957536342,-0.226341213523352,0.820936046230092,0.955607502194339
47.8373,30.4730692797625,0.0167815758848049,0.250135681121532,0.0670898922119445,0.946510140612516,0.983506025301001
63.6086,20.8609755089564,0.347481220957234,0.27244204526905,1.27543170003029,0.202156484461201,0.611043579446179
50.8158,23.1338155255777,-0.290876658283875,0.241727475391763,-1.20332476816074,0.228850668025853,0.638449775610251
23.0883,12.7345767522933,-0.412483805412625,0.293630796965627,-1.40477024098024,0.16008961098204,0.558255522193602
25.8704,18.1238673710965,0.094177495557158,0.246054433805833,0.382750654399813,0.701904652361348,0.91034277939225
28.0936,19.6375090877581,0.262967595279496,0.229421221814678,1.14622175402726,0.251703408952483,0.667401211723774
11.9467,27.6507038904903,-0.0194185372530715,0.411635998292567,-0.047174050213339,0.962374509419637,0.986972027885079
20.7024,19.9186576665658,0.381989398322761,0.223052750688125,1.71255183872116,0.0867950200308553,0.43890929376383
35.1308,24.4396491106083,0.00796390654377612,0.187339457667258,0.0425105668765262,0.966091688217011,0.987243914372936
31.8418,36.8945438806222,0.116552904731049,0.237059903484475,0.49166013744995,0.622959622723641,0.877477743294994
714.9185,300.423670370966,0.372722173214626,0.151162788882101,2.4657005601116,0.0136745596763094,0.194965589816523
33.5072,14.2819790410464,-0.341372163891502,0.262758914317961,-1.2991839488209,0.193880808633287,0.599656045802987
21.6241,15.6833404486895,-0.165170550320265,0.29081660760812,-0.567954325850727,0.570065982042507,0.859040327188875
8.7031,14.266227397693,-0.263346504778734,0.27612465957428,-0.953723239296168,0.34022375351145,0.735117779651145
40.7896,21.0330511630296,-0.189357241550997,0.30375601738456,-0.623385976618427,0.533030911070883,0.845446165947072
23.4815,17.6738909343768,0.155244954698249,0.40905755724516,0.379518607952782,0.704302788875516,0.912297773532894
71.6662,39.9163263025392,-0.515069314197658,0.148119705536634,-3.47738548582429,0.000506329284071026,0.0398896596232878
23.2388,10.4720943429664,0.142030507219964,0.339402089366156,0.418472695572413,0.675601545787246,0.900415084512777
27.8434,11.5563429260473,0.0670240509924041,0.330213470660096,0.202971886211738,0.839157006370177,0.961790768399045
19.2448,12.5114097638856,0.392861585077955,0.285443445631596,1.37632021715782,0.168722516392244,0.569357420774485
34.1568,14.5388208812139,0.168591469101363,0.221505607058169,0.761116033767441,0.446587764453386,0.801856980957099
24.7318,22.5221280143659,-0.336133401214989,0.301760965435271,-1.11390616983922,0.265319442257793,0.681030899195546
11.3486,12.2614911635277,-0.00292558471720312,0.331138906362996,-0.00883491689133045,0.992950847921033,0.996844136656551
55.4457,34.0015666040296,-0.141358453315875,0.188297002330528,-0.750720678323607,0.452820775633548,0.805145736767406
360.7946,161.613045706866,0.0328688358941029,0.142520328376421,0.230625597544868,0.817605679661492,0.954608768637042
305.8002,133.986383181254,0.00222418289591904,0.145492509822381,0.0152872673557859,0.987803000476039,0.994533587109745
13.0645,11.504418046358,0.211982838324538,0.320797191279512,0.660800169350102,0.508740474201169,0.832681913451775
97.9731,106.071644019372,0.184592830403301,0.164491607444696,1.1222021188246,0.261776511964665,0.679167130935142
7.2848,11.3257626154913,1.38434413516199,0.37760208778936,3.66614534169163,0.000246234012985659,0.025541123937976
34.8162,19.4013867827254,0.0198262968878905,0.223790750144695,0.0885930132280783,0.929405360888252,0.981136564620908
26.8756,33.0744463581477,-0.174206262490582,0.228387705197233,-0.762765501497284,0.445603258780765,0.801824897571831
60.747,31.5168422034847,-0.676458633245312,0.293196460001999,-2.30718554119207,0.0210444787927736,0.240816242423825
17.4626,12.4848105864513,0.306782859488379,0.266884337797649,1.14949742656304,0.250350927291543,0.665113034244068
143.6074,56.5464015207469,-0.189199405634314,0.186854810552412,-1.01254768381381,0.311276259506878,0.71613496166402
36.0497,43.4996158161695,0.227678909813052,0.25590889892275,0.889687348784932,0.373633789002606,0.762839410724819
241.8405,149.550814638408,-0.10087108524272,0.116881458900756,-0.863020415653516,0.388126242241893,0.769624599837664
96.9618,43.4204541993383,0.319044701165136,0.254628784853208,1.25297971063665,0.210213090682957,0.618218418472634
85.8521,64.3946343172161,-0.312164840200673,0.162458311142052,-1.9215073578336,0.0546677756583261,0.366739608537569
29.1951,20.203425443134,0.0502175177515642,0.352195426774649,0.142584241400998,0.886618543845839,0.973620531905895
14.0168,17.4731208770055,-0.249606393867804,0.312572402628895,-0.798555444333811,0.424548231818791,0.792615024633713
19.4239,18.2653929093842,-0.441213527934174,0.236434847628203,-1.86611039937729,0.0620259213173259,0.38430355553639
12.7765,9.55436357067606,-0.243998325936066,0.37225450230188,-0.655461047286932,0.512170957851154,0.833820310760906
45.3869,26.5179270185882,0.166774646773933,0.199775743028825,0.834809292887322,0.403825092744927,0.77908955355892
98.1238,54.8082373013729,-0.0555098892862883,0.192844698501929,-0.287847629297069,0.773463376649666,0.93783197504187
17.1538,13.8606462801639,-0.143588124429973,0.278181220261785,-0.5161675698124,0.605737378381871,0.870385544215723
42.3653,47.7832004979386,0.125348689760816,0.183728233063061,0.682250559269206,0.495080529759615,0.823972232693343
39.9407,26.6096084854713,-0.0958800135926439,0.240219599741432,-0.39913484867949,0.689793845767072,0.905874934300268
54.6604,40.2502353110661,-0.433715154743322,0.185884816372548,-2.33324680954078,0.0196351953499491,0.231589780087212
31.6635,27.3784520133146,-0.0354414513511851,0.292783947406702,-0.12104984465543,0.903651555108349,0.976942084120479
27.1809,24.7067041788365,-0.193407381478758,0.254568446335765,-0.759746088969966,0.447406373519404,0.801856980957099
45.5235,44.6387989692357,0.00932581661996434,0.251384311439226,0.0370978465862574,0.970406989023418,0.988789873777891
21.3729,23.1925449650537,0.745428345445277,0.240094664627321,3.10472682348999,0.00190454835418323,0.07419752698423
71.4287,41.0378113452919,0.157264110695786,0.213095272071565,0.737999061016106,0.460515019728364,0.808947556674579
58.7729,30.7961181726961,-0.400466778119185,0.212206205559385,-1.88715865807759,0.059138989008218,0.377371845748182
43.5073,13.2154753304388,0.271301728166818,0.311329197340665,0.871430403843402,0.383519190897457,0.768770269379949
80.2116,133.032687998121,-0.976327673381629,0.2366699315174,-4.12527128867593,3.70298007117916e-05,0.00875185097592151
27.3015,14.9158912276556,-0.300884082456726,0.238980583357538,-1.2590315005072,0.20801895420996,0.616631198080175
25.7575,28.4292034830131,-0.398836991817911,0.444344949556603,-0.897584167921561,0.369407282663786,0.760726458434639
333.6294,218.566763724207,0.332071537138177,0.140922471512801,2.35641295226654,0.0184523918232435,0.227772556917324
108.4396,76.4957745879534,-0.13813334468213,0.187907280720082,-0.735114382757215,0.462269835640681,0.809300425357955
11.247,21.0694571230892,0.696002997153698,0.404455960470143,1.72083753282968,0.0852803095467204,0.435255400468934
24.292,14.0642737304424,1.19152956089671,0.439069988375733,2.7137576979574,0.00665248044280872,0.130551146255354
23.3845,30.3527919582941,-0.0809314200848587,0.259780944114041,-0.311537169752261,0.755392290383185,0.932103685515168
41.6439,34.7412542404508,0.302864571849102,0.329208384210362,0.919978306675124,0.357584095679105,0.748692099511223
21.8958,21.6347761924433,-0.333117425756536,0.282225537577286,-1.18032346971901,0.237871587067761,0.651069970131081
32.5919,17.825982180876,-0.10275913687945,0.230209762525693,-0.446371760050711,0.65532872835764,0.891498446951744
928.5893,510.252157321009,0.120213914801595,0.143674405996867,0.83671071383595,0.402755195421255,0.778696547997498
71.645,49.8184100464151,-0.00685576923152984,0.186617004180763,-0.0367371090411951,0.970694619866705,0.988789873777891
40.7612,21.7275879398918,0.136421351332027,0.268216099090213,0.508624768590577,0.611015264229689,0.872392960456238
48.9419,20.1288989988465,0.0197018743468351,0.218935749219387,0.0899892978514558,0.928295719399509,0.980524130688599
5.9762,9.96368664790895,0.432381511449856,0.441968905185944,0.978307537875194,0.327922242897574,0.724328606256503
324.9351,142.016238432219,-0.00881255933055447,0.163059716441932,-0.0540449813286211,0.956899326668483,0.986846532718336
55.582,33.5042943837927,0.282613285333847,0.19582575734714,1.44318750077835,0.148967659577751,0.544560540217301
15.45,13.0621717159412,0.342664508563769,0.305749869560146,1.12073476615617,0.262400778918229,0.679167130935142
12.718,19.3340923858211,0.0931870615470906,0.464007018669483,0.200831146507869,0.840830607681393,0.962236343760892
51.9561,44.8152766160992,0.309135475994329,0.235602283515237,1.31210729956417,0.189483933403991,0.593340788217426
34.2875,25.6076260742225,0.200127691897128,0.285912009588506,0.699962524082699,0.483950708758291,0.819930125297151
33.2,12.2299363586163,0.822853584186638,0.351671108566395,2.33983845741847,0.0192920824198549,0.229129536309335
51.8326,49.006976481438,0.204093534524676,0.18998053600586,1.07428654964096,0.282694271514681,0.690169367682844
59.8385,24.3481398452571,-0.0323522905878729,0.250179208347346,-0.129316463992305,0.897107244435379,0.97580264878488
20.0415,9.59848788424763,0.0380467379500887,0.313894628181337,0.121208630330905,0.903525788504332,0.976942084120479
16.3236,16.1989875839656,-0.251123343589695,0.255716609220219,-0.982037671919197,0.326081289429389,0.723042179701702
8.3109,12.3559558175278,0.0602000598425701,0.285971837245872,0.210510448939109,0.833269297299794,0.959782536439969
22.5417,10.2104975653421,-0.0239731703549818,0.346830184137812,-0.069120772791379,0.944893486274777,0.983506025301001
236.3525,214.303191463635,-0.133398109277966,0.141311003835838,-0.944003691552112,0.34516776184658,0.740075330267703
333.7517,203.812104386767,0.11565194945939,0.187621118289668,0.616412216885071,0.537622492260336,0.847637677172425
23.883,10.7965423781935,0.281475606302654,0.278591089217237,1.01035394596978,0.31232574406177,0.71613496166402
16.3674,8.25298758410147,-0.139581325825945,0.413968181135862,-0.337178875542937,0.735982060725445,0.926729064238427
14.7198,10.7452146261151,0.0309891846981819,0.334403453491909,0.0926700498292902,0.926165691368643,0.979904988543442
27.2321,15.4642384847042,-0.241592429912611,0.267417804085186,-0.903426870694263,0.366299384156779,0.757343399591561
8.6465,17.3488798016762,0.0805946133727118,0.277046471738768,0.290906478133048,0.77112284665229,0.93741878145726
457.8781,123.401505292958,-0.794296618173089,0.232122864791814,-3.42188012751555,0.000621897253207525,0.0444367281507005
91.1836,124.078949764035,-0.342616613111194,0.188134646614703,-1.82112449395283,0.0685879347402114,0.395798724175879
32.6659,31.4317807048129,-0.348901467070647,0.184637708580898,-1.88965444682053,0.0588041902105712,0.376016387974984
11.1637,9.92516917144281,0.00391972679938184,0.321678272537868,0.0121852395203982,0.990277826109082,0.995727782264968
232.7866,114.946210325531,-0.0947330902570252,0.153552444467265,-0.616942899122787,0.537272389590258,0.84763513068861
30.9579,20.8347020368114,-0.0977584007896691,0.228193559767632,-0.428401226087256,0.668359032181357,0.896706525157637
24.5849,30.8454328286257,-0.132524795042349,0.2608054201552,-0.508136659749963,0.611357507424316,0.872392960456238
20.0727,20.7846200588143,0.269980502605378,0.250434294599365,1.07804924655899,0.281011779504218,0.688056902065977
11.6256,11.453842547523,-0.134784352085943,0.326810314902252,-0.412423800412349,0.680028821358892,0.901843196743289
29.2211,14.2142893957786,-0.743687113068298,0.288615376785183,-2.57674113331053,0.00997366129877364,0.167034512114679
262.0768,297.129289728633,0.704547347818094,0.197930835752309,3.55956334514631,0.000371471926715719,0.0335690439657072
66.0669,72.8076641041986,-0.689944696400038,0.181264152372521,-3.80629422513788,0.000141064555335031,0.0216710423133442
44.8942,19.1844017655214,-0.402250732758754,0.217548164043379,-1.84901920238015,0.0644550400096373,0.389740620376655
32.251,36.627946848026,0.274951842072193,0.275827380366506,0.996825774536415,0.318849085155433,0.720004485334041
61.4646,43.4696925286281,-0.184896772036457,0.214499184789782,-0.861992889239479,0.388691430811208,0.769624599837664
36.7387,29.668441312098,-0.269134716963303,0.168250011499142,-1.59961187856843,0.109684711643053,0.482126289732875
48.0939,14.0345575200623,0.562661326922929,0.270376662450312,2.08102771083777,0.0374313697154797,0.313723901178824
23.0059,18.1854233742892,-0.236824319186222,0.260087831831523,-0.910555167146878,0.362529801867173,0.754010843411532
24.2551,28.0555299752931,-0.190775931401078,0.263426303327227,-0.724209879543036,0.468936894157451,0.813469507326006
23.8682,23.5821187721075,0.205583355160572,0.233832882382692,0.879189244325841,0.379298675226796,0.767863333842052
134.7765,60.5348172979252,0.130207734322311,0.182095000599116,0.715053866904147,0.474575758735345,0.815511196148964
46.7571,15.2036783123567,-0.361138718678816,0.250849244794513,-1.43966436484451,0.149962379892682,0.54477829726167
30.4124,28.6523197700039,-0.324989011930257,0.254376062343579,-1.27759274570145,0.201393059732345,0.609335476147347
45.4399,43.9712768810631,-0.063539193478164,0.182670932667004,-0.347834176737858,0.727964721138324,0.923280578349578
27.6949,22.7235424065048,0.361571215079256,0.287110487890057,1.25934520099354,0.207905673413146,0.616631198080175
103.0119,65.1765052607566,0.137029340810856,0.15083433250701,0.908475799463547,0.363626894103351,0.755137478907446
31.5726,17.9137824403851,0.0894559851602182,0.346435930555393,0.258217977034904,0.79623868460257,0.949337740955141
70.8416,28.7544439613238,-0.0521645073213405,0.269977405842259,-0.193218047853304,0.84678820491534,0.962588078121279
61.6496,31.4270915189357,0.307669953972161,0.197661921477837,1.55654640849304,0.119578216078647,0.49716382801305
32.5685,12.943760029479,0.159453721875519,0.343015482085677,0.464858673159514,0.642032667268512,0.888117763366624
33.3402,24.8799034109979,-0.529864974136558,0.244320243361659,-2.16873136194539,0.030103084917838,0.290389358534289
34.6177,24.9679060862431,0.338116122404698,0.21320549274906,1.58586966050943,0.112768879446005,0.484950692370068
11.4204,9.99314226319445,0.351835129672149,0.295941782110169,1.18886602345718,0.234492392078147,0.6467483630394
52.8772,29.3591204895067,-0.151445820837258,0.217288619933127,-0.696979993171603,0.485815314527711,0.820597885589001
25.3561,21.3104992505004,0.00222654553064309,0.320693793545342,0.00694290184424253,0.994460410316303,0.997381952243134
84.6325,61.893330976065,0.247963665159624,0.175316358752916,1.41437836676208,0.157250838425268,0.555348506967396
16.5289,10.0010693202219,-0.254181400827477,0.271413820661202,-0.936508687023585,0.349011341989148,0.744198945678503
14.3124,11.9094895667656,0.321148901249874,0.294371244337091,1.09096560016616,0.275288019538253,0.685431474903796
34.6812,25.6598363435271,-0.176563294356242,0.178946602438829,-0.98668145664625,0.323798823397817,0.721839898088465
4.956,12.4677900912685,-0.0405763958102927,0.298555644267349,-0.135908989126186,0.891893229122296,0.974402387674113
23.8624,23.9203087262813,-0.196016446149026,0.300225070895628,-0.652898325793617,0.513821828371407,0.835521337746043
46.0164,20.5758924212847,-0.161206678515382,0.222808792364495,-0.723520274063795,0.469360302887782,0.813469507326006
14.1971,11.6920274554861,-0.0457777854761563,0.260841132774568,-0.175500638987486,0.860686268732776,0.966188732437506
97.5515,38.6970806263246,0.0375870365138282,0.297199345370153,0.126470791740859,0.899359268187519,0.976413285590125
34.9445,20.1633668018246,0.315278467174225,0.218815523614558,1.44084140816986,0.149629492112279,0.54477829726167
19.5152,12.4566100095966,-0.313499322315902,0.401197267716901,-0.781409415123729,0.43456173536446,0.795044223112167
9.4555,13.8163242970789,0.482208539892041,0.397920555616005,1.21182113637118,0.225580855633334,0.634704655083816
14.6068,15.5623556530685,0.635347396174018,0.447264111178539,1.42051951027298,0.155456492711054,0.55483028032572
166.2547,88.3122697084316,-0.112613219730904,0.121494222140735,-0.926901853821959,0.353977494619456,0.746206416616314
24.4439,25.5138013151744,0.152918523520923,0.226856834001155,0.674075013848357,0.500263623853483,0.827719208423554
21.2533,18.2435232629876,0.0171599561281626,0.232542312181622,0.0737928335156496,0.941175229505418,0.983506025301001
26.6226,21.8086512490823,0.0541352281371728,0.356876700960067,0.151691685087703,0.879430115616706,0.97322382739378
33.2283,18.9444150776522,0.532676842377154,0.257154868261273,2.07142429765688,0.0383191621875242,0.315645109440129
20.2339,17.3732225190487,0.206347049160301,0.279998719562128,0.736957117100371,0.46114842791441,0.809300425357955
47.5145,18.8383403464686,0.15103077373843,0.206806980244609,0.730298240222805,0.465207903674171,0.810979451936959
13.9344,10.60323023195,-0.224320914972056,0.253674953311368,-0.884284837915069,0.376542470964478,0.765163189178808
21.4888,16.9764244336298,-0.59643383976003,0.312426513751534,-1.90903720877659,0.0562572918517638,0.372121699062528
40.6978,12.2491097497258,-0.0333525205891436,0.260883841000607,-0.127844332792793,0.898272165402764,0.97580264878488
11.339,9.35853342259047,0.134305769052716,0.339493458910768,0.395606352722149,0.692395449874293,0.907065244953633
122.125,57.00858627565,0.106373251966858,0.15407993667558,0.690377048835565,0.489957106015258,0.822467698599069
29.3027,11.770890553643,-0.0424662206931495,0.309794941026154,-0.137078483439677,0.890968759635609,0.974026512713186
27.4502,19.1072251326986,1.14133649404578,0.493876873605968,2.3109737569052,0.020834304484916,0.239302431887493
53.2465,31.371874082485,-0.308009478693625,0.226907769077025,-1.35742147545891,0.174647328395799,0.575332022313892
304.805,99.4729354067742,0.0579425727724599,0.192953056380673,0.30029362508851,0.763953195427365,0.93609020656055
24.5316,12.7732216787031,-0.155879656580782,0.262575792810417,-0.593655854229216,0.552742315199041,0.852879462595976
25.7783,14.3668576721719,-0.606037255465868,0.309221193075486,-1.9598826634044,0.0500095063964655,0.350808694984338
94.8658,25.1929721943571,0.24843913389381,0.274673226490979,0.904489808008169,0.365735736291153,0.757288140602734
26.6317,12.9425164718099,0.150563482833465,0.339788119828811,0.443109908931839,0.657686238290668,0.893037084013249
25.1501,17.8606492114234,0.280349437550491,0.255847713774247,1.09576682712852,0.273180829132506,0.685431474903796
16.3384,17.2036623208669,-0.211954747359387,0.326462629749246,-0.64924658458516,0.516179005458533,0.836096433402578
14.2661,13.250289460007,-0.176452079845274,0.25146990579286,-0.701682689580443,0.482877070709151,0.819930125297151
174.8871,123.964460309132,0.0353721019159091,0.243138509381569,0.145481281455082,0.884330893750477,0.973620531905895
66.7294,54.8836341268782,0.843732514957957,0.230063667285657,3.66738705382081,0.000245041731450513,0.025541123937976
34.2729,16.5925148347735,0.348824671928234,0.251981431061056,1.3843268944834,0.166258382544923,0.563671562339859
64.7219,36.224505881793,0.387505926911679,0.150229648284951,2.57942377776636,0.00989652961878456,0.167034512114679
52.3162,21.1129246102354,0.0186831442612542,0.221556158775935,0.0843269009738919,0.932796524687198,0.982074440847455
463.6626,188.395094648855,0.1457334988956,0.15135709771284,0.962845489889682,0.335625068242083,0.732132071120909
7.181,14.3443928706676,0.130584546961977,0.284538931019372,0.458933849558485,0.646281670124266,0.889663652199919
50.653,41.9293961743431,-0.226715467815697,0.238726594307442,-0.949686684357099,0.342271477663065,0.736567095022481
41.7591,43.4434135581907,0.550423899191229,0.18388660942881,2.99327885211958,0.00275997449292235,0.0860915901472478
27.0021,20.0964034949857,-0.0134503082021607,0.206568400721342,-0.0651130964619558,0.948083953092949,0.983506025301001
35.4511,28.3888798967857,-0.061955401424156,0.252544715657377,-0.245324481499782,0.806205197326694,0.951052017970846
49.0871,24.2178719939393,-0.312571346191084,0.215503691497951,-1.45042223647503,0.146940809918038,0.541987561192282
12.2109,12.78073061148,-0.146170659756166,0.283498358322405,-0.515596141794709,0.606136505562603,0.870385544215723
11.6296,16.9055394448372,0.0629211699128014,0.239345795308304,0.262888135685659,0.792636801127659,0.947884639204089
135.2519,76.0316062905705,0.438011111928533,0.171813755711676,2.54933669376023,0.0107928045463036,0.172771583645795
132.8786,91.1630448667182,-0.148906411635151,0.176219653083348,-0.845004566912419,0.39810828920083,0.775001241646596
32.16,17.9334225456851,-0.335405672126606,0.267674105664579,-1.2530374250952,0.21019208692997,0.618218418472634
29.7894,18.8103604436988,-0.0265348315978625,0.209223856305458,-0.126825076577896,0.899078847759233,0.976292546294485
12.8217,13.1438423008374,-0.700890786072751,0.323378656247828,-2.16739964908385,0.0302043940099094,0.29046322565085
45.315,50.7928311463884,0.234579054665345,0.200554463502376,1.16965262487198,0.242140790411397,0.655775741330118
39.6423,11.9933127683163,0.793701024882408,0.386520140614981,2.05345321363997,0.0400286428901969,0.321553885865082
51.4108,27.559711057135,0.0548880904858608,0.299077502431455,0.183524638395162,0.854386388426379,0.963754491665423
37.2334,16.6340662843975,-0.0374310435649855,0.248887383136566,-0.150393495617441,0.880454172653685,0.97322382739378
81.4561,35.3833611309092,0.0338151002839361,0.176707276309776,0.191362240367831,0.848241801172011,0.963305464461653
88.7586,50.7137543253745,-0.21730950828293,0.217941478644351,-0.997100274966693,0.318715839582407,0.720004485334041
19.9975,23.8487979587084,-0.378832183804363,0.178249125948385,-2.1252961650654,0.0335619080754194,0.302845705027095
31.1624,39.1617161997156,0.0555428812434199,0.270415571687328,0.205398235378405,0.837260998850639,0.961497780961666
25.7033,9.55292062620913,-0.00418864666623412,0.283735594109202,-0.0147624998526693,0.988221657102051,0.994533587109745
43.3216,25.5113480335477,0.180079988857816,0.189644548503332,0.949565860337146,0.342332892332662,0.736567095022481
16.2405,32.8443257554844,-0.318996032044713,0.202562068104858,-1.57480635456181,0.115301149200804,0.489003798716126
15.6637,72.3739663228024,-1.85373160893204,0.556351587562873,-3.33194269661817,0.000862420121873097,0.0517558100523888
13.6668,11.1052157342673,-0.764386075860861,0.4925721519296,-1.55182560131842,0.120703958433914,0.499142546821264
13.8037,11.1648925270504,0.390280377706043,0.266442178895779,1.46478451468716,0.142979718041673,0.535498595921673
44.6287,38.792572980696,0.139223220861797,0.30574538946896,0.455356730329145,0.648852619170671,0.890808592970812
37.2103,31.7716359491186,0.167528376598181,0.201723480160075,0.830485258658244,0.406264479020612,0.780545485952648
310.8133,181.936975089162,0.104418538251434,0.145344228306602,0.718422323803357,0.472496926283517,0.814529151215571
56.4925,31.2591444621769,0.814897385981267,0.263536732656883,3.09215864432166,0.00198706623430849,0.0743486780581398
13.1845,8.60942095690016,-0.1872622127684,0.287633998285597,-0.651043388071475,0.515018479211638,0.836096433402578
67.433,59.4569043621563,0.056840970538484,0.237388069761474,0.239443248330034,0.810761897815058,0.952376136139739
25.919,21.4651428857909,-0.236251134743857,0.350821589305548,-0.673422451598593,0.500678569067387,0.827952047071877
33.6838,20.8542718676348,0.351745310699999,0.243461244799883,1.44476921158077,0.148522721847445,0.54414145621188
30.78,15.7931078779843,0.0952619778464358,0.293151308247922,0.324958392359865,0.745212562218712,0.92908399628581
11.5013,12.1678320629425,0.135020038066048,0.336416812911943,0.401347473978327,0.688164315634604,0.904936811379124
37.5876,24.7490711711159,0.142888900117531,0.190188195309259,0.751302676200192,0.4524705189838,0.805062345499515
13.2227,13.9673787935944,-0.814869954400493,0.428899687478907,-1.89990801623181,0.0574451918666746,0.375406692991827
53.2146,19.7465273001411,-0.15888205563315,0.230291895270475,-0.689915967066688,0.490247034109574,0.822467698599069
29.6561,21.1749405207438,-0.290978875360734,0.239956844711286,-1.21263002816543,0.225271302923314,0.634704655083816
29.8615,11.9602167757503,0.050503842432983,0.284463724005435,0.177540537407919,0.859083826704978,0.965191774589039
15.9608,21.9919211505595,-0.226908354037803,0.206018776560254,-1.10139647378907,0.270724139467103,0.685431474903796
419.7494,172.997242584951,-0.175285626536442,0.155058461069198,-1.13044864064669,0.258287228193218,0.677122447631111
40.0681,19.7519597357845,-0.313971328066444,0.243411194054905,-1.28988039882678,0.197092187367829,0.604658757551327
17.0461,19.9875764532771,-0.984727210379625,0.387687140800829,-2.54000483055877,0.0110850937817807,0.175165099762464
48.6651,27.3667065787404,-0.0514748433925864,0.209731716606537,-0.245431850868578,0.806122069595132,0.951052017970846
45.2045,27.9881700965006,-0.405846437708886,0.189404993108269,-2.14274413281646,0.0321336495174832,0.298923496144256
24.7875,22.8110357069495,-0.127402951398206,0.219966853181083,-0.579191589804323,0.562459904973037,0.856159553148207
73.2364,39.5815735287204,-0.165300524743977,0.236954117781582,-0.697605622099156,0.485423864667189,0.820597885589001
27.996,23.0508083623525,-0.813584082577322,0.235069255322191,-3.46103994527998,0.000538092962517248,0.041255338808093
109.6354,46.358362014309,0.0756557208127102,0.205171587721403,0.368743653314419,0.712318807450905,0.916803140554664
105.9137,39.7911083573312,-0.257814066267994,0.259500091319671,-0.993502795921563,0.32046498861747,0.720717478625013
123.2799,96.570542440043,0.294910051496613,0.146819578237108,2.00865616859588,0.0445736101167263,0.337321224343945
67.4432,60.5674243175703,0.0490443623877701,0.136159617284773,0.360197563461094,0.718699396672101,0.919558566164021
36.7153,35.7588510115652,-0.389453932689708,0.307867693841667,-1.26500422252813,0.20586981421382,0.614111654535886
29.7349,12.7688348357431,-0.0442784778189082,0.222363467105169,-0.199126584934774,0.842163725860224,0.962236343760892
193.1309,107.718188129573,0.0909871016169181,0.156350426728932,0.581943417235849,0.560604794336446,0.855879866136016
24.8198,9.24002984811852,0.0815319301339402,0.300165236820204,0.271623493105489,0.785911533499353,0.945076240032119
46.1486,29.4781878569386,0.421367988359931,0.388447640926102,1.08474848078712,0.278033069153735,0.686543720545821
35.8618,23.3388475172063,0.249303752190442,0.345619770134551,0.721323760192848,0.470710341596633,0.814104995528092
93.8159,37.6166412470356,0.0943657829638959,0.168760031033594,0.559171400869862,0.576044749267492,0.860205581762669
20.7878,10.9685267093082,0.302657494266884,0.330028002287016,0.917066103995839,0.359108001717223,0.750401198671797
19.0302,12.7618932224489,0.211166349953093,0.24881299451835,0.848695022387664,0.39605101668317,0.774818204756031
415.2737,140.212920449434,-0.064869451718764,0.164391148151615,-0.394604286472506,0.693134949593266,0.907086243252467
105.3988,89.9425713443847,0.273378975811476,0.181106492413913,1.50949296277395,0.131172852323455,0.516703318927968
23.3796,14.5562536571601,-0.26985055863496,0.246471087982451,-1.09485684850052,0.273579356334448,0.685431474903796
28.9105,13.3598671094567,-0.497182459487855,0.298171013406056,-1.66744062009402,0.0954268224852677,0.455456307092236
37.8754,14.0959248611776,-0.228383792974717,0.313252431846554,-0.729072689487021,0.465957199436212,0.811364973231943
39.7354,36.5257174829858,-0.250988850013982,0.226590864099469,-1.10767418188494,0.268002553397013,0.684488539880795
60.3189,23.8429483636954,0.498558175736954,0.247404331244752,2.01515540665187,0.0438883683027061,0.334607969255743
12.4724,25.051267143352,-0.624698499435109,0.377354524934783,-1.65546842069291,0.0978295170545201,0.460907009416174
22.6631,13.51770177561,-0.263030462952326,0.316293903605004,-0.831601431309296,0.405633953931579,0.780407215688651
29.0237,22.9389904075792,-0.419425674345125,0.179287715531659,-2.33939995889491,0.0193147436628536,0.229129536309335
24.8365,21.0956200145284,-0.318255605252921,0.218664930770589,-1.45544877329606,0.145545062202439,0.540407496818121
56.0279,51.3356850454502,-0.654843261929004,0.205937971633162,-3.17980825360113,0.00147372533300257,0.066465395733006
37.327,13.4650988200951,0.0598863865258956,0.387156254570848,0.154682730341727,0.877071445305889,0.972677139759012
30.4204,35.723402994224,-0.442411958205286,0.228213669200094,-1.93858658754304,0.0525516980343127,0.359643631266564
85.1607,45.0288214971425,-0.178772656609101,0.203961684533295,-0.876501177258705,0.380757636672673,0.76832545815261
37.0813,17.1250290962136,0.421106553782305,0.307723024323874,1.36845968775835,0.171168232064986,0.572060850778248
52.592,19.6813131558953,-0.0402174055800963,0.253691591702669,-0.158528728958553,0.874040184451892,0.971409504237206
13.3882,11.6130243337301,-1.18441617583521,0.372389231071355,-3.18058653959374,0.00146977233138665,0.066465395733006
20.3928,23.3507086006902,-0.130906199326243,0.296951226057231,-0.440834008548642,0.659333171033962,0.893194228705642
61.9789,28.8523958920997,0.327859014523627,0.378290570283999,0.866685665142247,0.386114261819269,0.76913511017364
14.8338,16.8492640020943,-0.243783509109878,0.335348472436309,-0.726955776296784,0.467253047275699,0.812470281694728
42.8738,28.9793170543697,-0.283222328631354,0.243680425662074,-1.16226950877094,0.245126008018914,0.659908477111746
18.8695,12.3865670019424,1.48609573091103,0.468255322001591,3.17368679240764,0.00150516016364482,0.066465395733006
22.0909,17.9014059128963,0.501050965818242,0.298058462431705,1.68104928721173,0.0927533415185554,0.449502589614766
27.2048,12.4911237964409,0.648986781391352,0.408244407995039,1.58970158238944,0.1119020868388,0.484950692370068
5.8834,12.3551942567019,-0.107604395400817,0.340284262211354,-0.316219136029227,0.751836183967458,0.930823263765315
17.9569,16.617816239172,-0.224761258170925,0.243416221083138,-0.923361874450259,0.355818653111988,0.747267813866428
46.8691,39.4743145665196,-0.402402904497207,0.156084963049863,-2.57810167382142,0.00993447622625909,0.167034512114679
118.3879,85.4568293553988,0.276010500394835,0.169982922923372,1.62375429041928,0.104428259079266,0.474460484171129
23.6095,25.824782940777,0.0539207499252304,0.250215179583966,0.215497517036675,0.829379447709339,0.95857630601018
29.4114,22.3054479029938,0.0448728115572185,0.269288402338728,0.166634772116085,0.867657432010746,0.968830087334143
21.1959,11.5957856668782,0.941794159565902,0.415162860206958,2.26849328260341,0.023299157972888,0.252510274679712
22.97,18.6723727190723,0.0109855546821917,0.282664693894117,0.0388642618604031,0.968998609933628,0.98844398071473
42.828,18.4244164350611,0.0558221611689908,0.243502498176872,0.229246769897381,0.818677123215728,0.954608768637042
47.2088,20.9852665779945,0.344297233378763,0.355089757086207,0.969606209438411,0.332242816609771,0.730512182071363
67.2839,46.8635270520608,-0.121369751503,0.158146935939117,-0.767449276094256,0.442814440550154,0.800854645615397
17.4122,14.1234183441018,-0.459517576203382,0.32117946046128,-1.43071906137279,0.152510748001123,0.548064300941012
86.7959,36.189507006828,-0.245918780366424,0.235783995238987,-1.04298334633428,0.296956005882927,0.704826054905596
31.8316,14.9647280320288,0.874092138688632,0.288848675576014,3.02612479335604,0.00247710043576611,0.0818375385902299
92.4319,31.9415110934783,0.168237902141406,0.234764870653297,0.716622983980687,0.473606758707926,0.815046953284464
160.4026,72.3446068802716,-0.242004754313735,0.152761936859584,-1.58419537804225,0.113149264772139,0.484950692370068
29.2978,16.3795206818208,-0.543485313664918,0.313967540150315,-1.73102389312195,0.0834475030647931,0.432238151215483
3.5619,21.9787134127055,0.0216836629587455,0.324394735392567,0.0668434490236254,0.946706333416775,0.983506025301001
16.3723,38.2750865479262,-0.0938155738061238,0.266013636426693,-0.352672047442114,0.724334317427087,0.922238954414426
51.6886,31.4176134878896,0.159717564077909,0.181835043280996,0.878365144561774,0.379745593416761,0.767863333842052
100.6826,46.8185931887782,0.263813418365772,0.187276606709906,1.40868324667172,0.1589288509348,0.5567832938098
28.2934,33.2647727753081,-0.647081107713293,0.237117050789734,-2.72895224345169,0.00635359043976663,0.128854169149723
11.5519,18.0536015683363,0.672476850106083,0.59447308448449,1.13121496608923,0.257964624275551,0.677122447631111
151.2405,102.956167842629,-0.295698938299255,0.169353953275552,-1.74604095493496,0.0808038355446844,0.423307390811667
108.2478,48.9384305825424,-0.0400217435497178,0.209657672713083,-0.19089090817338,0.848611063422015,0.963305645175561
22.5753,12.409366393856,-0.996700812357943,0.416964823457047,-2.39037145650397,0.0168313399025424,0.217286940548578
33.1548,21.2387691808801,-0.0429406837577077,0.265540265288028,-0.161710630631218,0.871533732699062,0.970388618850469
187.2741,82.6089447922133,0.17722773944467,0.161987631645445,1.09408192245555,0.273919050137773,0.685431474903796
117.1109,58.638958514374,-0.0256169864345189,0.267670396487958,-0.0957034725193127,0.923756082890666,0.97968093888036
21.1501,16.6816994463913,-0.240862185183343,0.321201853404341,-0.749877943201456,0.453328219860166,0.80537347998458
31.6512,14.4770675304798,0.0551191901982676,0.254976573610029,0.216173546525764,0.828852472851765,0.95857630601018
143.2251,63.8924417140422,0.723426471120164,0.327357181677488,2.20989949697478,0.0271121381661965,0.273121457428324
12.7562,10.0537345467394,0.0795227492077501,0.293797106490653,0.270672336285517,0.786643055258273,0.945233002456411
31.2101,11.8070218935145,-0.576919052913968,0.273983144993493,-2.10567351844826,0.0352327216575788,0.307018694903751
33.6188,12.8867794000417,-0.239676738085974,0.258190983002149,-0.928292441893601,0.353255893578343,0.746206416616314
36.6473,29.1455305745359,0.226408879235387,0.256336898213393,0.883247323399023,0.377102657954222,0.765763262582753
12.9104,12.5857805271653,-0.263276949386539,0.321132845128632,-0.819838124253786,0.412308394242551,0.78461499415822
20.7814,16.7716637748722,0.538283848023063,0.24232552941442,2.22132537716446,0.0263289312451632,0.268052365300596
9.4316,13.180510848046,0.445995205814839,0.32475093692435,1.37334540136749,0.169644994593647,0.57059030748657
32.1873,19.5299552204705,0.15500798453053,0.209764658699615,0.738961393646881,0.45993044053099,0.808947556674579
20.6481,14.8361820716025,-0.150441843395702,0.346184560849856,-0.43457120972229,0.66387369638394,0.894553184945473
21.1353,16.1323189599853,-0.476685731015933,0.290212786068232,-1.64253869539662,0.100478413725354,0.465640914285294
19.2832,12.8172584146083,0.038170131560156,0.243881261872284,0.156511128682551,0.875630147921675,0.972137555705776
19.1889,17.0461108999747,-0.145558996660741,0.230091856477651,-0.632612552608439,0.526986687856023,0.842876938280911
18.6621,16.4141536635413,0.0847155597772985,0.269185822401322,0.314710332890408,0.752981598118797,0.931375185273753
14.5416,16.5301515468214,-0.392908842579721,0.210415739863767,-1.86729777360814,0.0618600161507405,0.38430355553639
23.2932,21.190685825459,0.596214755835597,0.318037160785049,1.87467009944338,0.0608381228307943,0.382259984453201
165.6901,122.915864565633,-0.223421948613426,0.166813003791483,-1.33935570690103,0.18045490156261,0.581309132905363
17.8928,27.4843142568234,-0.438149042037702,0.363749954169685,-1.2045336006649,0.228383403172653,0.637916369316343
19.7331,14.5273558879638,0.363526350393669,0.512243179557297,0.709675335663512,0.47790549041609,0.81573179759612
58.6154,13.0246269910415,-1.01056111065511,0.349730704604644,-2.88954071618479,0.00385805041128622,0.10218844731618
42.6722,11.8962810413526,-0.231885174390058,0.320273871908195,-0.724021516361867,0.46905252570118,0.813469507326006
98.392,26.5319815494664,-0.109824118834538,0.204757076378766,-0.536362995491214,0.591707700798168,0.866006329568277
7.4806,10.2732006270625,0.285503786726768,0.294632282850007,0.969017325477918,0.332536544897441,0.730843014447345
34.0595,17.1188645427468,-0.045940122303166,0.254607695234221,-0.180434932498424,0.856811132176956,0.96416815750916
26.0123,14.5326156973409,0.0883084362960275,0.235175803974931,0.375499667922645,0.707288893358405,0.913854131557485
56.0492,39.1432171999745,-0.0998604831674117,0.176093120730971,-0.567089064881617,0.570653671895988,0.859040327188875
55.0305,39.7449907735173,0.0657749224581035,0.237602883543519,0.276827122117212,0.781912854272374,0.943354466215639
82.1011,39.4138626241545,-0.311631664863808,0.201829994382768,-1.5440304887132,0.122580946714573,0.502173278374032
77.7062,56.3617448324647,0.121791571328067,0.202805901907746,0.600532677710084,0.548151289604662,0.850684872174865
27.4465,9.47688289704347,-0.194064399916585,0.337741223502462,-0.574594945515055,0.565565271255456,0.857520082739223
46.0469,36.2646325502956,0.03323108881822,0.168796949452448,0.196870197749525,0.843929115995234,0.962236343760892
13.8845,21.0459973547278,-0.169695455647026,0.312357733815698,-0.54327278397772,0.586942000048227,0.862536206446935
22.8943,14.3185807752924,-0.0281681965287485,0.267895378743441,-0.10514625769534,0.916259754376179,0.978463935687972
72.9809,32.0222240183627,-0.0823292532015972,0.245736794727792,-0.335030223263045,0.737602287529076,0.926729064238427
52.8648,55.5105598152243,-0.681683017290899,0.290885363535947,-2.34347651254944,0.0191049651102067,0.229129536309335
11.4497,12.2806688244623,-0.731045651162797,0.252647540343849,-2.89353955383004,0.00380926309412532,0.101332994430303
11.1904,13.1667841230472,-0.821490301686213,0.316632738377705,-2.59445787537697,0.00947402224125237,0.162345159362391
38.182,14.2213954217106,0.25614286647346,0.27645865620049,0.926514184774537,0.354178828932432,0.746304123688255
621.9961,390.440690237799,0.338815302858722,0.170803210428507,1.98365886688376,0.0472938819700139,0.343001901991678
70.9557,28.758829051301,0.0920659590835354,0.219558602169807,0.419322942365662,0.674980131751815,0.899924692908419
52.375,13.6084597767948,0.351596178747385,0.284688456593359,1.23502084683959,0.216822745665862,0.625720343749495
223.6799,97.5103628501203,0.036844570373006,0.174952621520768,0.210597418048019,0.83320142722904,0.959782536439969
90.3509,43.8709268073818,-0.146637237615112,0.219854043726713,-0.666975394809601,0.504787850214948,0.829813407044753
17.5144,11.676570440918,-0.0367243077794142,0.263549799547047,-0.139344851874412,0.889177648905841,0.973981907282789
22.4514,11.6016431388254,0.0804786186208829,0.267047172277739,0.301364803583025,0.763136330124021,0.93609020656055
153.7256,49.1142497099981,-0.042941753071756,0.229109934689174,-0.187428594617749,0.851324604582765,0.963665190210818
39.2984,17.6417785784845,0.315596917397946,0.301140408033502,1.04800587692249,0.294635899216292,0.702223958099727
21.7747,27.3472168559012,-0.192755950669656,0.311134826211193,-0.619525473946195,0.535570245619381,0.846470977194213
38.5993,22.7148301995645,0.0719016928523011,0.206843123264159,0.347614615935168,0.728129628144694,0.923280578349578
23.1319,18.8500484050512,-0.163945430512844,0.352515044758396,-0.465073570477559,0.641878772011431,0.888117763366624
56.462,58.620071853069,0.176758698344635,0.162473504155415,1.08792322331865,0.276629002936316,0.685781557589152
96.4303,63.3281194843325,0.164618374709659,0.201773707320292,0.815856421016972,0.414582259237617,0.78606462498379
6148.6127,4267.46668011768,0.344120941848238,0.178315204340105,1.92984632534131,0.0536258816134436,0.362919650346488
17.5964,31.6504710498093,0.120798935566023,0.273717568800811,0.441326934530572,0.658976329545699,0.893194228705642
20.2375,9.94525009073209,-0.172955104639456,0.286345213827557,-0.604009064190655,0.545837615894196,0.850684872174865
14.3329,18.4945848534798,-0.0743544123809391,0.225208039651741,-0.330158783389438,0.741279988318546,0.927354545646878
20.1452,22.0443819154695,0.0657914547715936,0.438110063280817,0.150171064957764,0.880629653811558,0.97322382739378
21.296,14.4061584738208,0.594668345829329,0.315916652594774,1.88235834023004,0.0597873782584264,0.379538677064081
12.7206,18.6955648300135,-0.559557846935376,0.450503854564049,-1.24207116380138,0.214210306778533,0.621786648632068
43.9103,33.4491982881727,-0.0705384546940327,0.348900720412527,-0.202173428047471,0.83978114552907,0.961790768399045
179.9823,114.052567787684,0.240994144810971,0.203493325699303,1.1842852534981,0.236300164223918,0.648318772234484
9.6818,12.0093229161586,0.264190488069246,0.313777101744445,0.84196866693101,0.399805492222753,0.776241627080195
15.7158,19.2118227077464,-0.25226062395526,0.23188205462878,-1.08788333948094,0.276646611987547,0.685781557589152
28.117,32.1910480542751,-0.114692841263735,0.256269679702099,-0.447547448442048,0.654479836945405,0.891168133053105
32.2464,22.8867780209344,-0.111044589421474,0.245662710776628,-0.452020532829023,0.651254190580665,0.891098926369064
33.2063,18.0313063072977,0.0263679498775949,0.232433231478674,0.113443115297453,0.909679259247088,0.977098242977339
23.6601,28.0647927019044,-0.255004933120832,0.203574501446087,-1.25263690348943,0.210337878191492,0.618218418472634
17.248,27.7061988249358,-0.240939033592226,0.280366316201557,-0.859372255756335,0.390135171439272,0.769624599837664
43.7368,45.3184032115459,0.141107317100802,0.186733310772577,0.755662267846026,0.449851712218405,0.803004417181169
229.9813,133.224933441799,0.0918395607410132,0.163220805707022,0.562670673895969,0.573659157217122,0.859040327188875
41.6556,32.5984134729544,0.0782381164938222,0.189330838888693,0.413234932845876,0.679434496589954,0.901719418955397
178.6309,130.899267958819,0.0206226614945678,0.16419901505937,0.125595524961652,0.900052105468507,0.976413285590125
16.3498,17.1353964739884,-0.415464243228991,0.270516993834711,-1.53581568883929,0.124583590767227,0.508562970088558
18.1305,23.9232377615493,0.582046306896857,0.393775131836265,1.47811849921208,0.139376063381371,0.530430150410062
2.2691,12.9067327048237,-1.3695926941792,0.355246768179353,-3.85532766757708,0.000115574723006375,0.0191947749425452
25.405,19.6508349371322,0.276568581476231,0.296134398962978,0.933929264701219,0.350340381905288,0.745755542997045
24.4946,12.7173517371751,0.0846107883718888,0.282896807872469,0.299087108858547,0.764873582001623,0.936512057210527
58.0608,25.0636220939716,0.79979452301764,0.215605270276895,3.70953141354332,0.000207643194096692,0.0236290264393365
128.5104,57.0576023531883,-0.146815111735652,0.145494147114866,-1.009079159863,0.31293667173283,0.716674940404185
60.7977,36.6136103353575,-0.225975877166275,0.253239311318297,-0.892341224551215,0.372210064279076,0.76190234676713
30.0155,47.3365885378243,-0.817809537003743,0.294385328247478,-2.77802410151448,0.00546905614390925,0.122208545470263
14.9513,11.036204316879,-0.436782132013622,0.267140252734314,-1.63502926849451,0.102042912169655,0.470096588022416
56.5204,41.404483402202,0.25703944480285,0.161647415412928,1.59012406196686,0.111806843185875,0.484950692370068
99.1364,67.8716548024424,0.2252250031365,0.168701832428249,1.3350477578973,0.181860716191578,0.582959885757561
284.9782,260.450986009259,0.0943019168145958,0.12349115521486,0.76363296343387,0.445085999771669,0.801708717094856
231.1615,86.4136320222648,0.0781091984737154,0.173256268652153,0.450830432176369,0.652111766132137,0.891098926369064
15.5461,20.7997986719376,0.0128194309059075,0.336910975534676,0.0380499058707219,0.969647891682555,0.988632204146225
20.2673,13.3346198915879,0.249037741457192,0.311400890090237,0.799733556911241,0.423865186242953,0.792615024633713
43.9208,35.9452163331068,-0.23485920471885,0.296795632929658,-0.79131624141691,0.428759473129856,0.794200985667357
22.5668,16.2511073804452,0.0805770124611492,0.348576236607603,0.231160371818047,0.817190214987809,0.954608768637042
62.579,63.9355211759549,0.154005018052132,0.18214471930429,0.845509101995167,0.397826652917441,0.775001241646596
41.1586,18.1800998067339,0.14019183102983,0.278806772529717,0.502827925440326,0.615085258213267,0.873385581378571
20.2553,10.8312588311203,-0.660566085656644,0.553196743140236,-1.19408889124495,0.232443198182317,0.643696914299387
21.5813,25.3821706509838,-0.213891162731188,0.266729176543115,-0.80190388431921,0.422608559050154,0.792615024633713
19.6888,14.8986983449198,0.298214488006223,0.244029422827056,1.22204316410471,0.221691304405133,0.631325972004171
170.5375,80.7341262085399,0.290038383848276,0.143078204258247,2.02713184270034,0.0426489311524287,0.328700060518935
41.1497,26.0068254726323,0.481788228212959,0.199214986333617,2.41843365843033,0.0155874876377161,0.208682160204282
9.2656,26.6707972997046,0.0931915989830114,0.380297544588713,0.245049173493342,0.806418356855845,0.951052017970846
39.4164,30.4438237240255,-0.233615293218509,0.224517287687017,-1.04052251666328,0.298097208508922,0.704970703580276
31.9169,38.3885346574338,0.0270752246493673,0.251511965745108,0.107649847072511,0.914273454460017,0.978271004293366
25.1827,28.8813654343957,-0.497006302465334,0.303304537314263,-1.63863787487746,0.101288699471655,0.46752028310709
33.1342,29.8280954045132,0.16829274985281,0.245927885631605,0.684317475509506,0.493774714212664,0.823555425254474
24.1566,17.4498957755542,0.0984184613651639,0.250970123226467,0.392152102010782,0.694945832423827,0.907086243252467
104.814,52.0694887697047,-0.244442390744071,0.175055865777513,-1.39636789466252,0.162603737940614,0.560807089850692
14.4574,21.307514393423,0.0413868963080528,0.301690095572985,0.137183477069238,0.890885770817968,0.974026512713186
69.205,39.4513086276137,-0.117719111961026,0.199276695944251,-0.590731953895697,0.55470003428064,0.852879462595976
27.8935,22.3955902434337,-0.0533724025214139,0.240840369487737,-0.221609037699684,0.824618246358052,0.957033881330867
23.076,16.2192332816016,0.0820422205526092,0.247590819208679,0.331362127298674,0.740370968491683,0.926848356797251
63.8143,25.9156670340261,-0.212526901935358,0.279378726551093,-0.760712544433802,0.446828780477066,0.801856980957099
132.7433,71.80414666811,0.241281017523358,0.205550320501197,1.17382943959921,0.240463349568454,0.654203676263042
9.1126,9.99562744143603,-0.0435789482665639,0.307434705748372,-0.141750256076268,0.887277277088608,0.973620531905895
27.3533,27.5269732172552,0.0700101929221597,0.22987958986479,0.304551582693087,0.760707700511022,0.934535949548227
26.6433,16.7702871416024,0.701982860322012,0.311571377407719,2.25304027013818,0.0242566099708732,0.257905673952496
15.8308,11.7000076457495,-0.411156322062254,0.333383230327947,-1.23328435463836,0.217469692923739,0.626352454169824
23.0642,17.3748611152675,0.0715169949615154,0.327920604531507,0.218092410093261,0.827357110946108,0.957820167061762
38.0198,14.9102402273818,0.0954595867858246,0.259609224677135,0.367704910734754,0.713093278477651,0.917111384731094
52.3847,34.2796109833792,0.191394675451606,0.345620034282134,0.55377193584608,0.579734936985728,0.860205581762669
34.5719,16.5537423066602,0.408396214008821,0.239842145493474,1.70277085025464,0.0886109599593427,0.442687403410829
7.7574,13.875413398354,-0.203194253846031,0.332651431276706,-0.610832345035096,0.541310577790371,0.850077562106268
12.0977,11.6361022792066,-0.150532188202215,0.327349291888922,-0.459851882781207,0.64562253978576,0.889663652199919
45.8265,30.8217947324008,-0.114454027616642,0.268365832931716,-0.426485094493249,0.669754406982034,0.897774389514978
45.6293,18.6795185351884,0.353609438302814,0.23584884164994,1.49930538487724,0.133794426053476,0.523673087960899
6.7614,15.3141429382495,0.122627710723475,0.388269549171343,0.315831388233228,0.752130492243669,0.930823263765315
38.7696,23.3112343223215,0.255199067656146,0.203694181919085,1.25285398557687,0.210258850474481,0.618218418472634
8.719,12.5489840367415,0.510551145169108,0.401771379606793,1.2707504095209,0.203817455873071,0.61244902999512
31.1403,18.369173189459,-0.759130252855547,0.276930172557809,-2.7412334518987,0.00612090010441913,0.127501461497137
32.6931,25.6474841545839,-0.165872295570781,0.225981126843434,-0.734009507288196,0.462942943718779,0.809300425357955
13.0677,13.3808150625511,-0.902476073943325,0.287034664482143,-3.14413618150107,0.00166577900389856,0.0713353341145953
22.6762,14.3038886258257,0.728560743118616,0.322151305445034,2.26154831845909,0.0237253241796624,0.254881323573471
28.0781,25.7077505354247,-0.140759765133804,0.193494701823485,-0.727460565107416,0.466943864402149,0.812162481390095
23.684,30.2871091757805,-0.00733953097000862,0.346592231763532,-0.0211762708375303,0.983105043166227,0.992702066924321
16.0755,11.1334277287062,-0.63154504409355,0.348283188292676,-1.81330901209862,0.0697841740922533,0.397795686267993
12.578,14.9104994942997,0.162610853276941,0.271057576561824,0.599912591780484,0.548564490166116,0.850684872174865
19.7171,22.6595881286542,0.0639944540634901,0.281352089345301,0.227453274693653,0.820071298432147,0.954962692602908
30.7932,20.5536191459893,-0.0792998075720087,0.24643170393933,-0.321792230075769,0.74761010098219,0.930823263765315
161.6942,117.717067026482,-0.40883953954613,0.186922268140429,-2.18721687690512,0.0287266954198116,0.281091629545768
42.3381,17.3039055757788,-0.0661575135349428,0.231727066503964,-0.285497566309592,0.775262968659419,0.939643183907718
12.0941,13.4283238327058,-0.0201195026160301,0.255584859798235,-0.0787194618331966,0.93725576521161,0.983479420711732
20.9483,49.3638130625429,-0.441423172173738,0.27200427424213,-1.62285380773391,0.104620660057263,0.474460484171129
138.493,183.300696038602,-0.0119232630278984,0.139411635218528,-0.0855255948272084,0.931843548285206,0.981957667401729
17.1773,15.9905646689029,0.743968135119104,0.324794702509776,2.29057964729801,0.0219877371817778,0.243731079243482
27.2353,17.028356478187,-0.426204658044426,0.31661637388538,-1.34612323681882,0.178262775893412,0.577907763025612
44.5121,22.9613872974908,-0.345902678747305,0.272641566251805,-1.268708522705,0.204545041625082,0.613351999766995
44.7208,20.8744100461308,0.244482334195093,0.229047101878377,1.06738890031847,0.285796258586945,0.693011332530514
118.3861,130.147835237353,-0.496468618737562,0.222710810351673,-2.22920754476897,0.0258000987761829,0.265119744113117
126.6882,138.269411111762,-0.139069541745256,0.181513012766713,-0.766168439526665,0.443576084675009,0.801169544330973
19.075,12.5229030355188,0.188462801685219,0.320186680904805,0.588602877398422,0.556127703231575,0.852879462595976
289.4524,110.336133797414,0.315967964944371,0.204164059009141,1.54761796213223,0.121714304192967,0.501367736699666
68.295,70.6628687643489,-0.174769106168183,0.231102298554963,-0.756241315040916,0.449504526075445,0.802733307972569
44.8144,30.250451080644,0.0363610344553352,0.220802290419299,0.164676889837901,0.869198307853233,0.969030425018917
21.8624,18.4101077767309,0.265963000133066,0.250487443686733,1.06178176525961,0.288334769770656,0.694565981726491
151.1066,114.150457741052,-0.335218367915438,0.165340132759696,-2.02744707119983,0.0426167121904626,0.328700060518935
88.6103,61.6756895267632,-0.143554326050089,0.173642519948735,-0.82672335147216,0.408393882692992,0.782932144566719
8.1393,12.8300117931148,-0.143368002870476,0.318415176687076,-0.450254929310018,0.652526633341483,0.891098926369064
18.4378,11.2173726674881,0.201718223634002,0.253474000791602,0.795814257099481,0.426140003743658,0.792803609750161
23.3572,18.2113412445229,0.18487428318871,0.359723255746787,0.513934754662748,0.607297607737253,0.870705506193518
44.1017,16.5342192629637,-0.0907757572410274,0.228303229663294,-0.397610482229731,0.690917332559198,0.906810552878316
12.0522,17.2296563404399,-0.0913627727333647,0.250785638366592,-0.364306239098959,0.715629341405354,0.919026604584305
89.6518,48.451249169081,-0.140071379402552,0.161263868016797,-0.868585016129976,0.385074153032393,0.769124498127157
432.5143,206.953129669977,0.359507549524746,0.157709477041651,2.27955577729676,0.0226340483026559,0.247656640605398
451.7236,201.887792751563,-0.167098370167067,0.117012022940929,-1.42804445190579,0.153279064311015,0.5488926865916
112.6237,103.132802871253,0.2945947809217,0.202697909942564,1.45336861640643,0.146121435259849,0.541451815603552
18.3676,12.4080689122653,1.20490338288988,0.51221428800156,2.35234239089835,0.0186555938867866,0.227772556917324
18.1551,10.8901695229046,-0.0790410304267719,0.334509307506216,-0.23628948030184,0.813208049356455,0.952566424570228
258.5023,178.252647994517,0.102370514054405,0.193762945540084,0.528328642863385,0.59727125479027,0.868727099148796
34.4446,38.5289291078471,-0.130424931184693,0.239187743150779,-0.54528266986689,0.585559121327712,0.862276812663919
222.2969,125.872463115194,0.0656462807462559,0.140065494794916,0.468682746185099,0.639296421523672,0.887148187933921
82.578,49.9110278675752,0.135365813788165,0.243170385835031,0.556670637846493,0.577752481705073,0.860205581762669
15.585,23.8269822321281,-0.0685479390295496,0.255653605139964,-0.268128192411061,0.788600645687934,0.946070066342374
20.8863,18.5836915928105,1.45737752092071,0.511485781991357,2.84930211597815,0.00438152524337456,0.109005962026464
21.9376,36.6626131835813,0.00168278215246181,0.169777877983994,0.00991166913171372,0.992091761714015,0.996632969712706
124.3452,126.454322218589,0.274372504599358,0.220818171368625,1.24252683961109,0.214042244122863,0.621786648632068
120.6026,68.7996961520684,0.0782335805253373,0.151149990214088,0.51758905451815,0.604745020150269,0.870385544215723
36.4183,34.0799994070362,-0.502268861593839,0.357390083030609,-1.40537996279774,0.15990832179808,0.557999226263034
105.9923,81.1701138221503,0.555070010776388,0.17128927537148,3.24054153170181,0.00119302891723885,0.0602414198250908
284.3795,139.984192936822,-0.0859535162373431,0.142951503705074,-0.601277454308387,0.547655203510415,0.850684872174865
33.3093,19.7957876108033,-0.332331484017404,0.243315638367128,-1.36584514767589,0.171987572371818,0.572311618342837
15.9,10.2254186453011,0.0980407251170865,0.304506291236436,0.321966172583811,0.747478321443198,0.930823263765315
48.6647,21.1735084867931,-0.0419891179847793,0.294249221413905,-0.142699164276514,0.886527776774007,0.973620531905895
41.7913,22.7694334457459,0.270982456127984,0.210852928602065,1.28517283551417,0.198731893913877,0.60731136238402
129.7217,72.2986085515167,-0.0519043225358,0.156766262697462,-0.331093703726091,0.740573707383971,0.926848356797251
23.2383,11.0838415919141,-0.000922750273155704,0.292881328055926,-0.00315059440381773,0.997486193526619,0.998903587589736
46.6059,32.8514462767189,0.596895519248773,0.521317420296468,1.14497520322518,0.252219429398304,0.668343421152469
19.7441,15.7720321797082,0.0801275764620006,0.227154290815199,0.352745159135859,0.724279500705226,0.922238954414426
108.9978,35.411095464172,0.272833769696964,0.260246710757802,1.0483658713784,0.294470071322594,0.702223958099727
53.2412,19.0926719552581,0.0306496120959925,0.183043122267471,0.167444762285063,0.867020107100065,0.968697919659981
139.1036,59.4370574081464,-0.18115344145387,0.166009785823825,-1.09122146357153,0.275175445645611,0.685431474903796
17.7343,24.0535194289238,0.368881403981092,0.336062256860924,1.09765793822467,0.272353883072422,0.685431474903796
60.4838,17.0530288095953,0.657945568172725,0.340219655795853,1.93388464471177,0.0531273124790163,0.361136432725171
384.7768,198.649404959135,0.289607720744419,0.173210107345448,1.6720024320915,0.0945238424879746,0.455287488783215
29.2979,13.550369754966,0.0991559438774238,0.224159031052622,0.442346415452459,0.658238548078787,0.893037084013249
323.8677,222.943484904684,-0.194535253840855,0.176625992745455,-1.10139652050652,0.27072411914337,0.685431474903796
206.4022,79.6521100791866,0.127579404410616,0.218331278314018,0.584338649944254,0.558992493664948,0.854479819296295
18.5566,17.8273873266216,-0.472404106357686,0.219605597316356,-2.15114784017622,0.0314645324901516,0.296941805421208
22.0961,14.3268215131616,-0.245348085084018,0.22092819669342,-1.11053314495879,0.266769353596687,0.68332541802903
44.2096,29.6325005486582,0.289370700434871,0.168269062757964,1.71969045106703,0.0854887244983717,0.435595532373544
23.8683,22.2465725567166,0.157143990413035,0.366920424482927,0.428278122250856,0.668448645092413,0.896706525157637
81.1126,56.0524952541534,-0.249386143785307,0.185259636685499,-1.34614397527224,0.178256088926235,0.577907763025612
17.4452,13.4823794416602,-0.31567225528967,0.503095068232918,-0.62746044479912,0.530357456827654,0.844746310730077
83.1572,64.5778412450729,0.253728231497973,0.286545114161112,0.885473940956162,0.375901068312089,0.764884247463813
37.3156,21.1676496960506,-0.126694286145757,0.230545243021545,-0.549541966189767,0.582633572901593,0.861074155955499
14.9954,12.6673212549215,0.221149373247492,0.27672424724988,0.799168758955176,0.424192564297402,0.792615024633713
76.3256,21.3345893103341,0.263901335941269,0.217258415529263,1.2146886706247,0.224484855188922,0.633813873209784
28.9717,16.1087909872597,-0.107357453986736,0.231500895560457,-0.463745307450436,0.642830232251436,0.888117763366624
15.1289,10.6951742342124,0.280248988726144,0.313887325161806,0.892833084552484,0.371946565994766,0.761616677120239
15.2942,13.8805877898338,0.462632039615118,0.309729715407179,1.49366372227776,0.135263535047887,0.525396496739261
14.1934,15.2972375854443,0.565449269818796,0.270834405011443,2.08780442719198,0.0368154800560011,0.312042930957416
21.7655,12.7497431283988,-0.354864719598577,0.236967289757954,-1.49752617739371,0.134256399398744,0.524538801587239
12.124,17.3264374993372,-0.0512144721893035,0.294903617482383,-0.173665120240049,0.862128650941063,0.967138825415559
12.3136,20.7110989165851,0.0373344825778426,0.25332500182502,0.147377804436495,0.882833823704782,0.973620531905895
104.1733,69.4785148047799,-0.210890724243914,0.142533362566326,-1.47958850087311,0.138983097132808,0.530430150410062
12.1707,10.5413138638943,-0.611154376817195,0.395522928510638,-1.54518065265781,0.122302572776463,0.50186000189466
18.9549,18.7791546118653,0.242794281861192,0.28509813061388,0.851616534062855,0.394426959740346,0.773900328517532
34.8293,32.1295376396907,-0.0153538796944589,0.290935400172528,-0.0527741886527176,0.957911827304736,0.986972027885079
43.7902,24.2602338045001,-0.123469024049852,0.209811634120031,-0.588475584624715,0.556213117158974,0.852879462595976
16.8055,13.6489601248713,0.360915799956159,0.268815512419717,1.34261522598681,0.17939659753281,0.579596262796593
39.4471,26.4570534145349,-0.202690806989468,0.247349572928084,-0.819450806363023,0.412529257971347,0.78461499415822
77.3941,50.7757342810485,-0.00606948978767852,0.141689536431348,-0.0428365420661766,0.965831834356011,0.987243914372936
23.836,21.7393758284337,-0.0862644238222338,0.290203112468349,-0.297255336403886,0.766271577653472,0.937205237636561
29.4398,19.3489424578683,0.150841136701572,0.218782698455413,0.689456423046691,0.490536087049912,0.822467698599069
17.4171,16.8489452632925,0.398350016957055,0.287689953166928,1.38465042860193,0.166159383638917,0.563671562339859
46.5798,52.131615855369,0.219715317592635,0.280773889852009,0.782534721118276,0.433900388313062,0.795044223112167
15.6542,18.8020289766501,0.169497937980097,0.281267218444067,0.602622441810806,0.546759887509669,0.850684872174865
35.887,17.5198702389286,0.486330381745969,0.259032563860228,1.87748742667114,0.0604513190101929,0.381389481845622
271.8641,98.4894994053751,0.477926078880644,0.203467200199908,2.34890969360702,0.0188284727414969,0.228207031551278
7.3016,10.782698776616,-0.100990748837242,0.375799653056752,-0.268735609561595,0.788133146982992,0.94591370863486
8.2033,13.1826411013768,0.24447266524673,0.463572546812443,0.52736657277861,0.597939051881802,0.868727099148796
14.1313,24.0048209247915,-0.0077481185881551,0.270809220121633,-0.0286109851971623,0.97717485075165,0.991044637377272
49.9963,24.0913388359784,-0.0771946793129344,0.195159735723475,-0.395546135716811,0.692439880240438,0.907065244953633
43.2716,23.0143432229045,-0.0157927012258171,0.227553513698145,-0.0694021418046151,0.944669524118694,0.983506025301001
74.9027,68.4242225320858,0.873769307732097,0.347951980832909,2.51117785172688,0.0120329056644931,0.181718036844194
34.172,18.9172799180091,-0.0248565733713204,0.206289528055269,-0.120493626630727,0.904092128075006,0.977043318898406
73.068,60.5020543972462,-0.0387091559324766,0.159268204229305,-0.24304383991638,0.807971436086278,0.951875857889222
18.0491,12.9772961678277,-0.0411213041121203,0.247834900318431,-0.165922168585964,0.868218201298383,0.968830087334143
140.307,90.5329317204489,-0.215686216762252,0.163105849621444,-1.32236959779703,0.186045107446431,0.589435718785341
91.2829,61.1156981810453,-0.258131750687561,0.17520921450032,-1.47327725555833,0.140676290980971,0.532919439911393
17.3353,18.7061602651572,-0.466667462648955,0.251796207822603,-1.85335381610566,0.0638316623187246,0.388746843358338
28.1489,21.5115018247324,0.514330267471638,0.253435244968459,2.0294346492164,0.0424140389361259,0.32866868759457
5028.9328,5294.3862417015,1.15687894070555,0.308610292884881,3.7486725730729,0.000177772993860966,0.0232495062836821
19.5526,10.4715233076749,-0.0818917745645235,0.307204686683788,-0.266570720155765,0.789799702005665,0.946744164139217
28.7744,10.8902060448528,0.203294253092905,0.256475383591358,0.792646258078372,0.427983949681607,0.794070462196098
14.1632,10.9239905256744,0.154035244300148,0.464338163034427,0.331730744019694,0.740092583635631,0.926812497746271
10.4355,16.1636056226076,-0.591283984775181,0.284972221957442,-2.07488288056189,0.0379973907062224,0.314681894730103
26.9872,15.7524187774845,0.259984997405906,0.250149789795129,1.03931727313795,0.298657204082624,0.705051294309538
19.7118,14.0296971275203,0.0655187328719119,0.350433858093755,0.186964619310224,0.851688373450841,0.963665190210818
125.0167,52.0293823376267,0.0172331432685416,0.147799496961122,0.116598118551613,0.90717852873418,0.97705552321547
33.6411,11.624737380035,0.516833472315512,0.316879384310602,1.63101008744992,0.102888191021828,0.47203977620292
196.2854,113.057092676532,0.267994284073134,0.107997977209111,2.48147503313169,0.0130839875908044,0.189790043138628
8.3945,15.1479023325196,0.280615578398724,0.258873775907829,1.08398611413863,0.278370955653531,0.686543720545821
69.2561,52.7931625278845,0.381840307173528,0.210175331811851,1.8167703311412,0.0692522874918413,0.397795686267993
37.3271,40.3686431716424,-0.0706879784190769,0.227931515940215,-0.31012814584894,0.756463509433753,0.932449888979082
18.1549,12.9742134185109,-0.4571310641922,0.521243413372418,-0.877001133183796,0.380486022576298,0.76832545815261
107.7514,50.7072970572831,-0.370839544973277,0.236196619305159,-1.57004594758473,0.116404422184246,0.489935050905612
42.0367,19.054015447503,0.295531668034362,0.221950696548218,1.33151944386964,0.183018151498219,0.584535624197793
22.0353,21.0687754470771,0.0483925044562471,0.235661186718907,0.20534779243885,0.837300406596699,0.961497780961666
64.9847,27.9458362961863,0.79350445744769,0.340226802165289,2.33228085617485,0.019685920955711,0.23165362455947
16.3906,24.2736412636773,0.140697281159149,0.34807395023218,0.404216635761735,0.686053421551684,0.904430576569791
13.804,18.7041371429576,0.0730465494239192,0.250904584134632,0.291132781315479,0.770949769398523,0.93741878145726
57.9997,21.3558726295694,0.170799462941882,0.219050425254805,0.779726689611325,0.435551765562491,0.795856556461941
86.3151,60.2197256343606,0.2742532934551,0.188313832196196,1.45636297799605,0.145292304272017,0.539814343868067
271.9028,141.684969734153,0.346685487209922,0.154093506212947,2.24983839832176,0.024459205537267,0.259141065562941
116.4683,45.0920835447823,-0.227087874095697,0.193241309719695,-1.1751518059213,0.239933987497203,0.654123492977069
15.1924,11.8393694576415,-0.127858304470858,0.369226563615749,-0.346286852220955,0.729127148510061,0.923751127830789
38.615,17.6295814034889,0.13016988912033,0.276760259472092,0.470334466981,0.638116076198659,0.887067504449041
30.3671,21.1447443583024,-0.645573883374804,0.256315774941486,-2.51866621756769,0.0117800268088992,0.181448414405806
37.2648,21.2432233532564,-0.341641599945015,0.213286472989254,-1.60179684701443,0.109200540524083,0.481398285974624
75.6915,51.2169037684206,-0.163580161628498,0.187558870831012,-0.872153691818086,0.383124538487429,0.768770269379949
75.1942,34.5761153192006,-0.088816329264546,0.180926140557083,-0.490898269266535,0.623498401231189,0.877589008858996
77.3731,51.7355483147512,0.66742749071534,0.195333204248621,3.41686654495175,0.00063346324280556,0.0447428922648295
44.6283,35.982276099274,-0.206220377113291,0.198884135588745,-1.03688701214317,0.299788517522642,0.705553596390898
16.3886,10.9069891036912,0.180274168929167,0.310952217537508,0.57974878055797,0.562084042452951,0.856011509510132
14.1642,13.3062707008385,-0.121770526239656,0.312846067659014,-0.389234639101745,0.69710258157147,0.907872117131306
28.9727,12.3245230674497,0.0194777934330919,0.301394486291961,0.0646255798263801,0.94847211752201,0.983506025301001
10.401,10.5454249612362,-0.0451096659137253,0.333855651007477,-0.135117275318233,0.892519151702798,0.974402387674113
23.1482,12.274257297284,-0.242104928614849,0.466028342544417,-0.519506876541043,0.603407318816847,0.870330480676954
45.8826,35.4367428693298,-0.156479741565794,0.237752997503562,-0.658160962044021,0.510434706613717,0.833820310760906
50.3099,36.6387962069335,-0.455463548563432,0.297216881754584,-1.53242825870003,0.125416788527408,0.50884155500902
10.2489,11.6466795806457,-0.653261787654718,0.478966443498925,-1.36389886289849,0.17259939877054,0.572780543827697
69.5298,46.3894212854492,-0.296175302920586,0.167292436239609,-1.77040462544512,0.0766597597741775,0.414735037667988
190.0908,72.5240537588623,0.0404926856932,0.121462035157228,0.333377302963709,0.738849493804675,0.926729064238427
17.2212,20.3723917631544,0.34903542571046,0.312888615631828,1.11552612742282,0.264625028571421,0.680670071398653
18.1392,14.847214321636,0.559595556865225,0.278812584993201,2.00706706578138,0.0447425224255878,0.337767567942552
13.7482,14.3725302635581,0.102496602581471,0.392623694802133,0.261055570355033,0.794049653607809,0.948786876626172
28.327,14.4267190750488,-0.0327064229453351,0.250403130614022,-0.130615072044565,0.896079819109047,0.97580264878488
12.2166,14.3053253323296,-0.0567925378854282,0.289195329011701,-0.196381241977564,0.844311777133252,0.962236343760892
31.891,24.4502329533763,-0.0059254669590325,0.22225919139884,-0.0266601660958955,0.97873078468053,0.99192609276475
36.2107,17.657060234177,0.441179364461359,0.278620560005665,1.58344152510636,0.113320864661626,0.484950692370068
15.15,12.9185673771653,0.0735851597728395,0.24130253681081,0.304949797649798,0.760404387867149,0.934535949548227
39.2869,39.2334125533541,0.181211451385219,0.320514284985592,0.565377145026046,0.571817266561444,0.859040327188875
24.6234,22.3044551649844,-0.141084894040137,0.191716630406566,-0.735903263795866,0.461789570870902,0.809300425357955
14.2821,20.3237159597278,0.304431211640556,0.328900459967744,0.925602875929124,0.354652398251658,0.74660465476411
24.5696,23.3869914569455,-0.786700778518557,0.288433531361691,-2.72749418143082,0.00638173831072313,0.128999282629584
673.1877,139.428777328395,0.307825568051318,0.178648657236942,1.72307798341327,0.0848744236506271,0.433904603438522
24.9451,28.8606555286003,-0.331920061789527,0.244849014765217,-1.35561117984404,0.175222912824607,0.57549160839509
56.5766,39.1441434972739,0.0396087111127652,0.174382625847126,0.227136797145654,0.820317371724364,0.955068254878025
70.4636,39.4553363623329,0.267785356918606,0.207082140322099,1.29313593389603,0.1959640488823,0.602400740561147
619.7326,225.096506883113,0.222072118572961,0.172839555245454,1.28484546409293,0.198846291475451,0.60731136238402
17.3257,14.7261395723462,0.064626889373498,0.298179960508555,0.216737869517706,0.828412633801004,0.958319961353007
81.5985,27.2320859749486,0.748096173119669,0.439537033169403,1.70200942506554,0.0887536014649538,0.442687403410829
202.5483,87.8553599190189,-0.120945030832976,0.116132851112531,-1.04143685162592,0.297672846755674,0.704970703580276
18.0377,18.4985240444713,-0.119478177731769,0.481194564851819,-0.248294944413102,0.803906210332439,0.950760017024347
21.2982,17.119719906569,-0.132317065048223,0.251250751506386,-0.526633509571254,0.598448117049247,0.868727099148796
21.4308,17.9123808096359,0.75148687454578,0.43784261310467,1.71634019178058,0.0860997961724667,0.436897809644763
35.7761,18.6356985319432,-0.104143226547838,0.2261110965161,-0.460584324044541,0.645096860433979,0.889633025630288
145.578,86.6472451476081,0.624624952157952,0.210041834588496,2.97381211405665,0.00294125110859088,0.0887480960155938
23.7099,18.9223899760478,0.351587103343736,0.230335969223793,1.52640989823928,0.126907814094228,0.509039502355764
86.2518,22.2332573957171,-0.660837130947091,0.269020175530223,-2.45645937017408,0.0140313667697956,0.196407172666045
20.2263,11.4827674801865,-0.387969807726757,0.296980042575201,-1.30638343358886,0.191422196681136,0.595916768433261
154.9733,121.595482766481,0.0475290428058812,0.192016643333701,0.247525641427247,0.804501449781069,0.950760017024347
36.3456,29.2441140124503,0.318150998777176,0.335922629031679,0.947096061061051,0.34358983170807,0.737721703649927
14.0965,12.279972333632,-0.0766995121117529,0.373794146884869,-0.205191848911901,0.83742223758369,0.961497780961666
12.5213,13.2688912570493,0.239746629158006,0.24431564112936,0.981298733268841,0.326445447239131,0.723406878212931
38.3387,20.6995136024678,-0.198683699401803,0.255793253487316,-0.776735495143366,0.437314840624857,0.797667903204477
67.8685,27.3120105912572,0.0338152612120757,0.379414616907007,0.089124824677916,0.928982708657722,0.980858890842217
42.6028,15.7050685028551,-0.101571193007145,0.232546540558818,-0.436777914490002,0.662272417410381,0.894553184945473
6.4426,11.2696127612598,-0.0798848295503337,0.425017577105247,-0.187956531337884,0.850910726760343,0.963665190210818
139.7099,107.098314368795,0.273256987719785,0.14217946425322,1.92191600351735,0.054616327778348,0.366739608537569
120.5648,40.6146594852954,-0.135205847564924,0.244358742217419,-0.553308821030942,0.580051961838299,0.860205581762669
50.4043,36.4611109356965,-0.139218897898862,0.245367921614351,-0.567388340671827,0.570450369542822,0.859040327188875
38.1159,25.334866978099,-0.476912379252608,0.240394585004306,-1.98387321929096,0.0472699750915509,0.343001901991678
482.872,111.906127744898,-0.0122489669611427,0.166607791547516,-0.0735197726791148,0.941392510328739,0.983506025301001
23.524,16.5775378229785,-0.0550199952804451,0.252257302543004,-0.21811061454233,0.827342927287055,0.957820167061762
117.266,37.5148974186589,-0.0886414453796929,0.209427445408968,-0.423256107653869,0.672108414478805,0.898044402472767
87.9301,57.8365476740558,0.0707917969127054,0.227626982066938,0.310999145487452,0.755801271245894,0.932103685515168
466.107,149.091030384867,0.307258257450018,0.164561324573157,1.86713529589648,0.0618826965410827,0.38430355553639
61.794,34.7371871369127,-0.189982191772893,0.355063674022849,-0.535065132460346,0.592604819501156,0.866006329568277
53.0023,52.725002096346,-0.375609008293641,0.25782968093926,-1.45681058489976,0.145168673246265,0.539814343868067
33.9893,19.2682730842582,0.143162310726024,0.28589891658116,0.500744502420607,0.616550948084371,0.873977607875928
32.3485,19.3073267163468,-0.351789882471992,0.326044967146273,-1.07896124130071,0.280605006176145,0.688056902065977
535.1231,233.123739143556,0.0895521161926128,0.10677252402241,0.838718734173754,0.401627162940102,0.778696547997498
25.594,10.5936522903627,-0.120508140322421,0.340780089329999,-0.353624358040839,0.723620417332875,0.922158329429804
194.8308,75.1495278639425,-0.39644398397925,0.171420113476396,-2.31270401086183,0.020738918357854,0.238652908818376
30.1188,19.8256466768742,-0.320344416546706,0.209521040023501,-1.52893674311073,0.12628012634267,0.509039502355764
24.8287,24.1845298585222,-0.129713690734488,0.208643494071392,-0.621700146040038,0.534139055588015,0.845513780677061
25.5225,17.7606983075475,-0.861097347011432,0.320893251515736,-2.68343862933872,0.0072869348000005,0.139062777472059
37.4965,44.4989093540334,0.549867891321094,0.342313085025714,1.60633033142683,0.108201349371724,0.480764491604659
37.355,19.9674345552222,-0.322077897806361,0.346083086369367,-0.930637498599439,0.352041110367098,0.745758369615464
10.5482,16.0903050139612,-0.00447990143659402,0.342593726423063,-0.0130764257809609,0.989566819093063,0.995561248088879
56.9996,47.3335257090984,0.12934281450739,0.181545863695623,0.712452555373249,0.4761845810643,0.81573179759612
233.9789,60.7404175575921,-0.535663151890982,0.350567424108083,-1.52798895463211,0.126515280364317,0.509039502355764
28.4825,32.9168979263454,-0.542024894567523,0.228231260697941,-2.37489331176627,0.0175540231983747,0.221205956867183
22.5573,17.5348217905011,-0.333969132569707,0.260308438148298,-1.28297467014667,0.199500950418,0.607743911781342
18.5359,12.4180848780947,-0.0656535177683358,0.262245414373806,-0.250351442465084,0.80231557738664,0.950760017024347
81.8667,83.732383402966,-0.0398455866563156,0.186778945309714,-0.213330183390019,0.831069432431629,0.958619540275502
26.9033,29.2370406258215,-0.24331644485762,0.245575798105529,-0.990799772349968,0.321783360489578,0.721137399784265
20.1255,10.6983202924079,0.191094505232382,0.275985042781307,0.692408919362367,0.488680566084187,0.821802992513617
34.7575,26.4625125448696,0.0520414801560788,0.277947476432444,0.187234943896775,0.851476428009442,0.963665190210818
14.2054,21.2972397883265,0.701484642413498,0.259050517159637,2.70790674384648,0.0067709045205256,0.131253022960977
80.1989,50.9285896134792,0.0218999978651348,0.190512093818376,0.114953320947766,0.908482121172008,0.97705552321547
21.1852,22.7822974228173,-0.303176677867594,0.266572185206449,-1.13731549911255,0.255406417765383,0.673015624857753
16.2318,13.1472260851993,-0.575617683896375,0.333582513929035,-1.72556312114978,0.0844260388311344,0.433308854673777
33.7584,13.4149145722359,-0.124552884085774,0.253024402819577,-0.492256409649896,0.622538091252707,0.877477743294994
155.9992,82.4870033116038,-0.184850729244841,0.159125070341125,-1.16166942675071,0.24536976907737,0.659908477111746
33.1668,17.0930790389917,1.40060308947853,0.481318418885082,2.90993037981565,0.00361509274475309,0.0987976164731047
37.6473,26.6228315677654,0.134760907952957,0.179150679360014,0.752221026648453,0.451918150834487,0.804938271558818
47.0408,35.5618380465161,-0.163622871933793,0.208489968822835,-0.784799733328332,0.432570996501598,0.794425813957657
10.9794,10.6635837408548,0.184371655024844,0.306589522005537,0.601363196689788,0.547598105868652,0.850684872174865
25.7136,12.7493185320094,0.542560265179324,0.469062193808593,1.15669152692515,0.247398412679809,0.661705334974845
6.3365,11.3359762520667,-0.0121404769774726,0.401711538583833,-0.0302218776694138,0.975890100642166,0.99072272731639
81.6057,28.0544898029624,0.0315708754364026,0.192667250864317,0.163862178417836,0.869839641829628,0.969204823035913
63.3631,37.547538095308,0.344576581622727,0.20787411607393,1.65762139188209,0.097393909128512,0.460907009416174
43.9379,23.67706793393,-0.338724405917725,0.20650587377937,-1.640265236618,0.100950030362943,0.466770456418575
24.7537,18.6469236258147,-0.508350328618514,0.368969439387129,-1.37775727296792,0.168278241900961,0.568482570907863
19.5626,10.7977232258069,0.424239979385787,0.321948164931481,1.31772758970711,0.187594855264559,0.591771245174904
5.7801,10.4057706877153,-0.183593540171041,0.294823860883407,-0.622722800050591,0.533466697168844,0.845446165947072
9.8765,12.6668525242674,0.148179851051099,0.324533975447928,0.45659272144489,0.64796381176394,0.89061962166192
23.3808,42.4930032096268,1.77176442112328,0.47707377873168,3.71381639509425,0.000204156938164839,0.0236290264393365
124.8669,46.0204360915627,0.785966186125689,0.236384605452757,3.32494658279585,0.00088435476899932,0.0517558100523888
16.8876,18.7109859454018,-0.0692138036255506,0.220149906619838,-0.314393972217627,0.753221833704155,0.931484839628101
134.6621,90.5951793355031,-0.207588924775063,0.19053630234385,-1.08949802332387,0.275934326055185,0.685781557589152
144.8043,83.7428014806517,-0.245024017553065,0.140057445538951,-1.74945370887064,0.080212623864334,0.42128766978319
98.5829,35.220114639613,-0.0673805003725286,0.210796074986771,-0.31964779409084,0.749235339176405,0.930823263765315
26.9829,19.843244264001,-0.138079559541824,0.325922183570223,-0.423658058587083,0.671815206930073,0.898044402472767
49.5155,39.9474616257939,-0.463925482518201,0.21496504547217,-2.15814381123773,0.0309166523952337,0.294134624608114
15.1621,22.5476565772691,-0.193091551061839,0.225763765790977,-0.855281406142973,0.392395378644828,0.77160627256719
14.2081,12.7529162056105,0.224948396023606,0.234800748571848,0.958039518152445,0.338042831713615,0.733241511076654
19.4141,20.1466701871123,-0.39957094264374,0.362579999385755,-1.10202146649195,0.270452339250765,0.685431474903796
8.1954,13.9538871545007,-0.28871564667315,0.365347728695757,-0.790248916296337,0.429382413622166,0.794200985667357
13.3311,9.88135356420565,0.93100454001288,0.557706047868591,1.66934632244162,0.0950487649341085,0.455287488783215
34.706,23.6508930672773,-0.0109118498739474,0.227880597163815,-0.0478840674008907,0.961808637196668,0.986972027885079
44.5659,29.1747896842207,-0.0913919359920302,0.21681400212793,-0.421522296046659,0.673373733715826,0.898953203059689
32.764,17.5626712793363,0.258406111385784,0.217450523328408,1.18834439867281,0.234697752379436,0.6467483630394
52.3634,65.8787771366007,-0.0305289755232403,0.210762992994049,-0.14484979117801,0.884829469064727,0.973620531905895
27.938,24.4487709155153,-0.4141817914698,0.242033754232485,-1.71125631952954,0.0870338060439705,0.43890929376383
161.2966,47.5158636396194,0.314649882095107,0.191828623786196,1.64026554475938,0.100949966321395,0.466770456418575
8.2979,9.69674410534773,-0.331068066040257,0.323427937719416,-1.02362235116334,0.306013683922389,0.711468334218693
8.0869,12.6244535940555,0.384924309744706,0.379929494591499,1.01314668964719,0.31099009974223,0.71613496166402
59.4321,46.6714723791336,-0.194369777325181,0.197958488492338,-0.981871395389565,0.326163209460231,0.723042179701702
30.6336,14.2578400664121,0.413475480371098,0.263732681424443,1.56778249149056,0.116931902323835,0.490810477991779
98.168,81.1970629766023,0.248601275790845,0.261044615340745,0.952332517820155,0.340928371298849,0.735563062412698
13.8255,9.63990147980256,0.213567938196745,0.32930915942193,0.648533246301568,0.516640114862129,0.836096433402578
31.2025,17.3911451172629,0.49500047013265,0.239467105099297,2.06709171987273,0.0387255121788423,0.31686853840078
55.1285,44.4630042057982,-0.397409116319183,0.144883219140098,-2.74296166718176,0.00608877928267474,0.127263771061348
22.0293,12.2229698369049,-0.793072089116805,0.551015488409523,-1.43929182717888,0.150067857450437,0.54477829726167
35.2226,16.9695259049376,0.322432482019316,0.218955231040288,1.47259547299872,0.140860146216194,0.532919439911393
44.5794,25.1501499633578,0.41166797886968,0.216087678025988,1.90509696170723,0.0567674682922577,0.37398925464602
461.1937,266.512695512908,0.0304770895709655,0.195886343926905,0.155585575594479,0.876359695481036,0.972238730588728
31.9965,16.4014456637481,0.046232145937773,0.291779273978354,0.158449040287909,0.874102973251634,0.971409504237206
45.8235,26.2308676505477,0.206384676701577,0.233324000849106,0.884541135719035,0.376404166772876,0.765135165338842
14.1966,17.2345797227851,-0.316390971179054,0.263150163804093,-1.20232101171936,0.229239179186289,0.638449775610251
58.2204,33.4369916902562,0.0866896302780732,0.252438760943632,0.343408555619675,0.731291124000864,0.924588206416137
15.7533,13.2385759322002,0.0273100740150477,0.279281079305159,0.0977870541140634,0.922101387432615,0.97968093888036
26.553,34.0682112201871,0.235868883653922,0.303133984519495,0.778101089614889,0.436509420416618,0.796658862031517
55.7841,24.8949308774594,0.254412960383361,0.211641872414499,1.20209180480645,0.229327961163471,0.638449775610251
19.0243,13.3543627919219,-0.15615664937261,0.353283877543703,-0.442014649687183,0.658478604990078,0.893037084013249
36.1186,31.3550916144988,0.0982836106618442,0.21883936292118,0.44911303592692,0.653350117067909,0.891167233459756
45.468,40.9059724782668,-0.301022358730044,0.253071527360719,-1.18947540985509,0.234252641840997,0.64641432675831
27.2077,23.7852434524289,-0.696799289380764,0.229060650818479,-3.04198598445853,0.00235022837288353,0.079790902493753
41.0884,33.3045411178493,0.0288926710859475,0.307422894079274,0.0939834724166542,0.925122285719054,0.97968093888036
104.9865,41.6216795123458,0.216177414227518,0.223223656315007,0.968434160591178,0.332827585805506,0.730959797989577
26.131,10.6747574979847,-0.224525155133594,0.280302323181018,-0.801010682271786,0.423125461700301,0.792615024633713
11.0716,10.397917514013,-0.194952373371636,0.317162824220795,-0.614675991269135,0.538768718331026,0.848470982609984
265.057,94.375167201618,-0.280645941270244,0.169604313571161,-1.65470992665816,0.0979833525063974,0.460907009416174
30.9467,37.0520823995279,-0.798400242451815,0.239520151433082,-3.33333223812226,0.000858124044641927,0.0517558100523888
23.6681,11.8806223282984,-0.10609437593425,0.279078234418976,-0.380159979710105,0.703826664581728,0.911873256136353
86.1289,37.4944408763099,0.0132357699937113,0.175123647404372,0.0755795701487932,0.939753590625777,0.983506025301001
330.9356,156.515965157981,-0.195131265420284,0.164835613013729,-1.18379312487546,0.236494964412854,0.648318772234484
16.8657,12.0984141129601,-0.070921602240676,0.285604000572676,-0.248321459427978,0.803885696665634,0.950760017024347
154.4747,66.3211909686667,-0.342803458643758,0.2199316085487,-1.5586820871537,0.119071643506591,0.495392856701424
54.6332,50.1719553876033,-0.00159050093204004,0.18917951934284,-0.00840736321545283,0.99329197371817,0.997023714227076
154.2361,120.76302595921,0.135217962823993,0.145166233339357,0.931469803365995,0.351610597646132,0.745758369615464
18.7651,16.7129008463215,-0.640218673572964,0.358629142891687,-1.78518306797594,0.0742316274749121,0.407753839170124
12.8408,11.8875605435014,0.171526046845542,0.270892985982609,0.633187478898231,0.526611221351442,0.842876938280911
27.4054,9.05249357630448,-0.0944123060284533,0.296101962145806,-0.318850659901953,0.749839760566992,0.930823263765315
15.9494,8.4899361606969,-0.294944201458959,0.34767575688724,-0.848331227059402,0.396253531450485,0.774818204756031
92.3765,76.8236546457072,0.0397073954698719,0.1989307537944,0.199604107019624,0.841790215486896,0.962236343760892
15.3083,17.3915779850346,-0.0893372295579091,0.340056178246667,-0.262713149393529,0.79277168095275,0.947884639204089
10.294,14.1422012549538,-0.870396892819137,0.277213876849968,-3.13980274981043,0.00169061625465737,0.0713353341145953
171.4562,87.6952282612834,-0.191094958041964,0.184995387030527,-1.03297147625865,0.301617247313346,0.707689188522531
287.2047,148.809270881849,0.606933780415952,0.22698118240618,2.67393875554781,0.00749661407582973,0.140876738519797
38.0619,29.854170988853,0.0565138465581141,0.163358278340983,0.345950307092188,0.729380060575263,0.923751127830789
58.4918,43.7014470621582,0.0122112074079534,0.179460962524241,0.0680438087269477,0.945750760752058,0.983506025301001
14.2666,13.9289725382786,-0.289752917271905,0.376758581350006,-0.769067863653321,0.44185302458802,0.800232506358196
219.1154,95.6102632748919,0.0763868037580241,0.166670220634377,0.458311049612115,0.646728986765196,0.889663652199919
27.7251,15.9038973304867,-0.376986818996052,0.238055904502486,-1.58360625326189,0.113283350021198,0.484950692370068
40.3108,23.1700294680875,0.361578609723806,0.226832421927758,1.59403407436597,0.110928403218925,0.484474085131695
19.0818,24.1595468188641,0.334620428904657,0.237823115351698,1.4070138994261,0.159423267255725,0.557573123099845
23.1431,17.9276487198869,0.310401686147586,0.210647536549923,1.4735595356655,0.140600222984339,0.532919439911393
29.1757,18.9603759129193,0.0677855006345822,0.257717107237235,0.263022898872537,0.792532929590976,0.947884639204089
13.5194,13.3780183578006,-0.192448574124765,0.286113635292983,-0.672629858859035,0.50118280085109,0.828039848770279
15.2873,23.5557259361529,-0.83571967125947,0.390969581919778,-2.13755675609298,0.0325527346582436,0.299008302653075
11.8629,11.0116292828511,-0.178291662960423,0.275083509940601,-0.648136498617896,0.51689666910393,0.836096433402578
21.6375,21.4437321172929,-0.155324704168089,0.211322765425912,-0.735011695758567,0.462332371198795,0.809300425357955
12.0156,14.7337147701972,-0.260199286194945,0.223022570434943,-1.16669485822668,0.243333620019928,0.65755720977241
28.7048,20.5811936993234,0.130718537490263,0.214841421081949,0.60844197004451,0.542894382536238,0.850224073282803
45.8661,15.4480669821008,0.251075749052146,0.25428207819073,0.987390660162139,0.323451161277934,0.721814961113827
200.9704,113.824511064363,0.532973982819845,0.114578439014054,4.6516079936686,3.29356717548573e-06,0.00144564073523999
58.4792,20.2911804825502,-0.195293360726519,0.26657011838292,-0.73261535055473,0.46379306589004,0.809891557230547
23.0837,14.8254555838962,-0.306611962151897,0.299811145393665,-1.02268366891198,0.306457435386228,0.711468334218693
81.3029,57.2386391339519,-0.0157395031272365,0.151390402048687,-0.10396632094401,0.917196075685366,0.978463935687972
21.6397,20.6700132463375,0.353658710209976,0.266583042732633,1.3266361827998,0.184629060699095,0.586025608468976
15.3137,11.4400119741813,0.261524542429207,0.322509200631337,0.810905679333342,0.417419838555329,0.787778337855802
72.2375,49.2833625058234,0.238504291447887,0.189077291723937,1.26141161253841,0.207160586616866,0.616012390187632
5894.0935,2475.64170554464,0.804932721994283,0.234117027445452,3.43816394209869,0.00058567299815977,0.042844768734426
25.9191,13.1464401227367,0.538374617728556,0.41073247320308,1.3107671120573,0.189936456925256,0.593340788217426
21.7675,18.3066985808212,-0.296218186661858,0.249471438894613,-1.18738316488002,0.235076517448093,0.646783444955841
91.382,51.672435776765,-0.325265068516682,0.155744794164713,-2.08844905706888,0.0367573461904571,0.312042930957416
336.3472,113.255880152674,0.241993190344702,0.196495134697539,1.23154800100876,0.218117975368554,0.626576430572439
36.422,29.0455211391826,0.0483344639234808,0.250218963140851,0.193168668420518,0.84682687556121,0.962588078121279
15.4119,11.8421355081827,0.12539461120656,0.283561561295086,0.442213008821986,0.658335073346033,0.893037084013249
68.5042,25.6467219777188,-0.0829922477376168,0.229280591930454,-0.361968045523846,0.717375909567451,0.919187304663193
98.9891,57.9809510935213,0.318266884811875,0.19687372632185,1.61660415921407,0.105963753543185,0.476517278343537
80.9344,31.7840776792938,-0.251713721044664,0.199514139570992,-1.26163349417698,0.207080698017816,0.616012390187632
13.1843,16.2480700491435,-0.528141209069271,0.287223932273974,-1.83877856168856,0.0659477627214325,0.392518464673966
62.8322,70.1972602193949,-0.516358414382068,0.234974484387856,-2.19750844746935,0.0279841538377869,0.278256675296441
13.5229,12.9455697788891,-0.183465389459019,0.288712251552231,-0.635461046327741,0.525127764556916,0.841546928494839
31.2662,32.7326842244175,0.187323993892052,0.221044656896826,0.84744864011568,0.396745102886678,0.775001241646596
64.9465,63.0350047539398,-0.710632881491199,0.283324397717788,-2.50819515444287,0.012134962588748,0.181718036844194
27.9416,18.1858584178866,0.538508856750836,0.224527546092224,2.39840886396026,0.0164664735526026,0.215463486873927
17.9264,9.84526363267637,0.915473302533254,0.365070877978486,2.50765908144337,0.012153386140656,0.181718036844194
46.4873,33.9578150732812,0.0229182290724898,0.269348232615688,0.0850877276970668,0.932191646802266,0.981957667401729
281.2328,190.261922783292,0.186149000716752,0.111452701384682,1.67020627049903,0.0948785598220306,0.455287488783215
121.5276,132.350115763553,-0.15396789525529,0.171759499354692,-0.896415603409153,0.37003083680821,0.761179345240449
21.3583,28.3016141216143,-0.315112429354459,0.39969890704131,-0.788374508419388,0.430477677055939,0.794425813957657
36.4784,12.9484839305805,0.162083949345398,0.25174289508313,0.6438471651479,0.519674545723106,0.837064242062513
68.4456,18.0508345380255,-0.0178557282814839,0.268978202725771,-0.0663835511596761,0.947072465587101,0.983506025301001
21.5974,10.0179626438499,-0.0411267423028789,0.287230009740882,-0.143184002047629,0.886144864148201,0.973620531905895
18.4173,10.4621411349509,0.110267383350955,0.337651180359834,0.326571887690259,0.743991709058993,0.928478686467813
29.7659,13.7474800141259,-0.125192512414176,0.295591083277725,-0.42353277719325,0.671906589473176,0.898044402472767
3.4605,9.97188606571253,0.565323635557858,0.327052486771302,1.7285410092392,0.0838912753298773,0.432652720087934
11.3463,16.9721026545104,-0.749918529614029,0.312935598342493,-2.39639891909414,0.0165570595192768,0.216015139588016
23.8663,35.6584926849015,-0.0730503961753504,0.197400739165626,-0.370061411543442,0.711336733384194,0.916002547691266
26.6245,22.4381467746295,-0.0146398804591644,0.235174396404415,-0.0622511662961352,0.950362816654727,0.983955126234213
41.3034,26.5893496713248,-0.185449833910267,0.246611869517478,-0.751990706177764,0.452056647842026,0.804951637493263
23.2055,15.4998709506774,0.469559207462229,0.254849991769641,1.84249253532119,0.0654031374128657,0.391700031352207
66.8176,36.4980617242089,0.172510704529643,0.282903454393783,0.609786490233233,0.542003251913895,0.850224073282803
80.3202,70.1995619395741,0.460699508153387,0.18562631095535,2.48186534431643,0.0130696654084662,0.189790043138628
31.6869,17.3505265940857,-0.181169522472738,0.226856667030626,-0.798607882431246,0.424517815608845,0.792615024633713
22.8884,27.865132463175,0.134246093685318,0.223172233722144,0.601535824803627,0.547483158134513,0.850684872174865
24.9799,15.8348239097497,0.29145449198312,0.230590295148432,1.26394951615596,0.206248147488237,0.614643485118922
29.3099,17.6377166133105,-0.462226062696296,0.20969437930381,-2.20428446499566,0.0275043447847863,0.275267424596924
66.3647,36.1201166195594,0.0593916341263899,0.200118551872002,0.296782250175274,0.766632757574528,0.937205237636561
175.2153,94.6558133530419,0.106154703348516,0.194425145056526,0.545992666317173,0.585070978339969,0.862276812663919
35.0759,41.4491757534085,-0.0174176781410294,0.211721557152981,-0.0822669093088342,0.93443446774449,0.982563279310386
34.0387,23.5252361636926,0.187732302011534,0.232447492979633,0.807633154503341,0.419301794825445,0.789160652129359
32.8311,15.8753752464445,0.188926232211329,0.236828426047765,0.797734610511767,0.425024514513565,0.792648146186906
1473.4237,668.398102912168,0.376395306846854,0.132661812107078,2.83725437538156,0.00455033431434971,0.111401611002705
17.9905,11.9103597501534,0.164916480664472,0.319118297380487,0.516787918518633,0.605304214665311,0.870385544215723
25.2552,21.1632567825531,-0.0712685643906582,0.224300499140068,-0.317736985267042,0.75068445372162,0.930823263765315
44.6048,22.9415401986116,-0.0402574069085255,0.246098517994887,-0.163582484106475,0.870059834602928,0.969274416902646
326.3734,249.693919426198,-0.162972580933315,0.146694325179249,-1.11096718113789,0.266582476048571,0.683131490958495
10.9041,11.9537105540517,1.18183578974159,0.335110049308366,3.52670948597569,0.000420758162615126,0.0364163226657739
44.5408,25.9271334067011,-0.178636698365093,0.224781638394458,-0.794712146601637,0.426780965058352,0.793755759771056
24.1167,22.0262971709401,-0.534061542475919,0.278161255300514,-1.9199709963163,0.0548615630555442,0.367638282416924
100.9684,57.0833250443782,0.150962705997203,0.16976779801403,0.889230512283179,0.373879207673685,0.763031461692061
22.6662,15.1224120330407,0.211470689104254,0.367056986743333,0.576124952641552,0.564530726541708,0.857519296586156
22.5252,18.1965378537954,0.317452800058775,0.247481730871328,1.28273226044239,0.199585893501792,0.607743911781342
133.4691,60.5036546160946,0.423766965736637,0.190906007712641,2.21976757470361,0.0264345490693957,0.268294559983985
40.4894,36.4215494645485,0.0345054303984951,0.228884683934017,0.15075464991988,0.880169261422012,0.97322382739378
19.1698,14.4021847152179,-0.411173140966236,0.53278521746796,-0.771742772669857,0.440266792074332,0.799243556069947
11.0082,9.04564142034229,-0.25983323210838,0.458717265057704,-0.56643438540665,0.571098525377694,0.859040327188875
59.3255,23.392332428297,-0.244702224562977,0.223950459882411,-1.09266229991875,0.274542098206769,0.685431474903796
6.6931,10.4575777350764,0.280876740765091,0.368848203080523,0.761496839131335,0.446360366111789,0.801856980957099
58.2956,33.4420332380433,-0.183325707912485,0.220364705254517,-0.831919556721875,0.405454352240691,0.780305980118711
28.3156,17.2154514901767,-0.319581599200737,0.264006295711507,-1.21050749316206,0.226084217241172,0.634704655083816
148.3927,48.3803947495855,0.0868332315026521,0.217059501334929,0.400043448771523,0.689124515287078,0.905618080932227
14.4755,25.9568110501053,-1.48640993976012,0.36819785378875,-4.03698697443503,5.4142073681021e-05,0.0118822515274955
1474.9486,976.602377355093,0.0272508349182016,0.144351909609503,0.188780564052944,0.850264805571884,0.963665190210818
12.7709,11.1089083485109,0.0251034004401012,0.458562758397822,0.0547436528160513,0.956342691566056,0.986804138779106
93.5381,70.3111210640214,-0.259849387998068,0.241322640430114,-1.07677169259765,0.281582274592231,0.688274891554997
13.1007,9.00991628191982,-0.286665919750287,0.326120014082659,-0.879019708608344,0.379390589831305,0.767863333842052
272.6745,67.5552955236892,-0.68828401427421,0.36279614304004,-1.89716464046931,0.0578062120405952,0.375406692991827
27.8273,25.8299539051958,-0.249898600987407,0.173679942441864,-1.43884548482652,0.150194306015051,0.54477829726167
81.6295,52.2571148322903,0.221770186963439,0.21560696998227,1.02858542551605,0.303674529550077,0.710553121268123
27.7282,31.2864982727443,0.148621386739733,0.226817940002376,0.655245289407779,0.512309839428399,0.833820310760906
20.0322,22.5137815524672,-0.065453178903959,0.195529944600524,-0.334747596014936,0.737815494254824,0.926729064238427
20.4053,21.002188233843,-0.207252378115639,0.323321500485018,-0.641010195130041,0.521516059122809,0.838660783392183
19.482,14.9512006938747,0.0356251337680186,0.300067311901161,0.118723807476081,0.905494174308612,0.977043318898406
53.8821,11.1442836048876,0.0084808980705436,0.339961247390655,0.0249466612316493,0.980097508520276,0.99192609276475
123.4017,71.1372290553248,-0.0123711718875136,0.223872991997767,-0.0552597782212021,0.955931505506739,0.986804138779106
71.2161,32.895356473366,0.442391911734474,0.198887668073428,2.22433052797998,0.0261262142060181,0.267130759227922
27.6251,32.0970864542419,-0.0876254840348082,0.245846484505213,-0.356423579581225,0.721523373383234,0.921588262199121
12.0801,15.6664926045902,0.140425566811293,0.266378580426025,0.527165384644319,0.598078744496828,0.868727099148796
123.2751,38.8067744830319,0.415945358177143,0.25761337227083,1.61461089737166,0.106394984049165,0.477224216775268
43.0412,25.0751633502725,-0.377482412059683,0.228144342163421,-1.65457713515985,0.0980103047422708,0.460907009416174
84.795,76.6920962415106,0.262545349362217,0.194872805145749,1.3472652028889,0.177894834852845,0.577907763025612
19.7007,11.8146116240577,-0.615142716892588,0.41535253533519,-1.48101351156113,0.138602973022037,0.530430150410062
12.0022,11.5865649686078,0.160213639476057,0.292073579618405,0.548538624018565,0.583322115971785,0.86124805445618
26.8211,16.6948235730296,0.209318064726872,0.353552172197662,0.592042932237589,0.553821839855362,0.852879462595976
23.4862,11.1130931978337,0.161058900171305,0.243040234067623,0.662684105737376,0.507532891435978,0.831899071185405
16.7603,21.3612126738557,-0.825601933980878,0.343568062716956,-2.40302293365679,0.0162601676557562,0.21487898977338
21.2328,12.9149180712015,0.109369411985646,0.258062002734817,0.42381059910642,0.671703947629616,0.898044402472767
40.8775,16.1864871607855,0.170848887974814,0.245615128939728,0.695595946032863,0.486681905709238,0.820654733989735
32.1158,15.1457284917495,0.660359810024383,0.26859973775296,2.45852738185373,0.0139508137513259,0.196172016912662
42.9543,15.0298343189795,-0.00930094206240672,0.227464918660153,-0.0408895671349785,0.967383934713061,0.987243914372936
30.5948,15.6521942930138,-0.61269589817741,0.413907433765954,-1.48027275713019,0.138800470496573,0.530430150410062
11.9685,19.930651965282,0.510640946017854,0.379763415907824,1.34462911546434,0.178745036085172,0.578099077233358
13.3167,13.4413816969538,0.563010214776036,0.3879446990569,1.45126410064301,0.1467063336429,0.541973244695766
21.7812,19.5840701651105,-0.0279561590643152,0.29816363518682,-0.093761129008233,0.925298910166457,0.97968093888036
12.9452,11.996906345964,0.355224515306917,0.361651086378803,0.982229913543923,0.325986593757399,0.723042179701702
9.4397,13.4025159456967,-0.22895214181236,0.367514482373132,-0.622974475274986,0.53330129533047,0.845446165947072
153.1333,77.0437865718479,0.120851764828751,0.229642822172272,0.526259709254449,0.598707772969105,0.868727099148796
1264.3186,498.076233223331,0.0572588383678386,0.126275701314183,0.453443043847165,0.65022974745098,0.890808592970812
21.3024,14.5659463534889,-0.499782703384066,0.272945440717965,-1.83107181446014,0.0670898248243747,0.393957000616611
47.6118,14.6176594975719,0.111709007148652,0.265907226651698,0.420105194414196,0.674408608208485,0.89974834942274
15.6093,12.4233350393864,0.108136030020984,0.274104198614303,0.394507018015961,0.693206746853332,0.907086243252467
15.4837,16.8597621651273,0.435783591606725,0.353730491993167,1.23196501707052,0.217962152276138,0.626576430572439
44.201,30.9823522061657,-1.14098837584604,0.408246670232195,-2.79485041530672,0.00519237343864293,0.120745075270462
316.5306,267.987989768797,0.148016888541761,0.149663571003421,0.988997439720167,0.322664394324109,0.721533006958388
21.9538,25.3012465033726,0.137368598538628,0.244610300714512,0.561581413936255,0.57440124651058,0.859434054007187
88.4332,52.1410283422921,0.246858799519259,0.183208444969572,1.34742041809403,0.177844868247068,0.577907763025612
94.7428,52.9241365001362,-0.190360422437547,0.23402334102048,-0.813424941321936,0.41597446427052,0.786298305069827
292.2892,79.217690417837,0.307629189596241,0.226855471372379,1.35605805641457,0.175080696782258,0.575332022313892
23.7221,19.8283045655541,-0.109309470350004,0.30813295281022,-0.354747745585419,0.72277857839185,0.921658925963461
38.2214,20.6937138946124,-0.0572916750216565,0.268949566029808,-0.213020143023048,0.831311251385934,0.958619540275502
56.6054,32.1017185655506,-0.120034517403357,0.153461764614588,-0.782178659973172,0.434109584001391,0.795044223112167
62.4242,24.4420823498515,0.0118230085868098,0.265224476346737,0.0445773661226998,0.964444183939267,0.98711586125942
9.599,23.9390909250557,-0.820874174086497,0.247847818931892,-3.31200886747392,0.000926286098237625,0.0536983780534925
50.9249,28.550309949381,-0.496360665993872,0.242439840706146,-2.04735601437511,0.0406231417973141,0.3246153528537
607.2978,354.837361796662,0.197433372250024,0.179574855984988,1.09944886864634,0.271572325014613,0.685431474903796
36.4675,18.042869358997,-0.242161807547944,0.308049306229899,-0.786113789742532,0.4318008262557,0.794425813957657
1897.7232,604.933490303887,0.214877665960886,0.122999444091568,1.74698078961168,0.0806406704411477,0.422813071553629
27.5592,15.5532809585883,-0.439492710535407,0.327963792876146,-1.34006472690532,0.180224302470142,0.581309132905363
55.4714,22.6151729942927,-0.316300461003201,0.299747784405894,-1.05522201483529,0.291323797901788,0.697927773140931
53.1027,30.0943559434812,-0.233327803357099,0.165537547303712,-1.40951589024702,0.158682678179023,0.5567832938098
28.6711,14.2858766081906,-0.077521490895859,0.24165247798904,-0.320797417601383,0.748363916509931,0.930823263765315
46.7269,18.4019209318555,0.665505406904295,0.312212129837074,2.13158088140773,0.0330413168325889,0.300367910831825
31.2295,22.4286084653268,0.245488980073813,0.379270670703383,0.647265921244416,0.517459853354103,0.836227080137004
40.2379,26.1502701148941,-1.53101031695493,0.344672148708727,-4.44193220337261,8.91546534409959e-06,0.00260883497807105
55.594,30.8380104874883,-0.74193967812665,0.205782401423491,-3.60545738116727,0.00031160362870269,0.0290121863390611
23.2001,12.0598210334982,-0.145520283946155,0.237206760927126,-0.613474436299313,0.53956268083103,0.848992500203793
259.7363,189.273908345896,-0.375592139542748,0.14586349034908,-2.5749564791291,0.0100252700264119,0.167048128172869
25.5814,18.7357159892448,-0.140251401858518,0.269241749810258,-0.520912532909019,0.602427704287036,0.870330480676954
311.3858,127.391093762884,-0.571661808852027,0.205264233274278,-2.78500447804836,0.0053526983829048,0.120745075270462
86.6709,57.8628022202077,-0.456232698487231,0.167774740076986,-2.71931697392518,0.00654168867532478,0.129940160712866
99.3084,81.191867665167,-0.375382966240916,0.178890110675262,-2.09839976521869,0.0358698460159736,0.309144745817893
197.5095,118.701200975796,0.070407267143476,0.211487802285444,0.332914080068068,0.739199140767518,0.926729064238427
40.848,32.7317808943841,-0.286704534592357,0.221332304856834,-1.29535783209689,0.195196817487425,0.601676788913532
61.2366,31.5114686129035,-0.376864594779684,0.275601073514128,-1.36742789124283,0.171491224961933,0.572060850778248
30.8726,25.5154482391992,0.322234582334805,0.323101857012157,0.997315785537813,0.318611253898011,0.720004485334041
131.1367,78.290176333103,-0.295638948907791,0.151680218435099,-1.94909363895918,0.0512842431895,0.357303485713694
43.0572,47.6938338245089,-0.8685570584979,0.309010002015094,-2.81077328511675,0.00494225973131344,0.118171930151444
11.3735,11.3492279021685,-0.00181992102950206,0.354749916866858,-0.00513015209580753,0.995906748802871,0.998018097096158
17.4089,12.1433090597876,0.254472270714594,0.292048446699678,0.87133581291146,0.383570821573928,0.768770269379949
9.8961,10.9378950954492,0.987814079927501,0.356700126633216,2.76931238923624,0.00561747459897693,0.123369188951008
9.015,11.6774484296913,0.235673895247795,0.279500635733673,0.84319627620583,0.399118680706817,0.775153063509289
32.5516,19.9355307154019,-0.13582845223541,0.298907739478502,-0.454415976221916,0.649529455588901,0.890808592970812
36.3691,25.8916005691314,0.109981934008595,0.399547959970864,0.275265913049874,0.783111950677998,0.944128494588248
11.4499,11.3280936711883,0.168805229764215,0.326713536821297,0.51667657057181,0.605381954087694,0.870385544215723
24.9355,21.9600374536339,-0.462802406570191,0.352188939279327,-1.31407422253864,0.188821227870183,0.593340788217426
8.6616,10.6996310066848,-0.122964319376664,0.349250764141507,-0.352080315926932,0.724778030072648,0.922485707290062
278.5036,168.0045453891,-0.124511916526807,0.200120872261707,-0.622183558964189,0.53382117556951,0.845446165947072
33.823,17.5847840147404,-0.0292484764219279,0.229100337158099,-0.127666666861969,0.898412770172925,0.97580264878488
53.0301,26.7877286389316,-0.594876487594916,0.213532858420713,-2.7858779767883,0.00533829628140309,0.120745075270462
74.5018,29.8820243566404,-0.548535490923976,0.399881379841945,-1.37174551898562,0.17014267275994,0.571326078748541
51.3682,22.107603523361,-0.383111252131566,0.202356202047399,-1.89325184133387,0.0583243862258948,0.375406692991827
129.6766,89.1563292404467,-0.335710323645633,0.175050013730934,-1.91779661418163,0.0551368052655976,0.368277900388149
66.7797,34.1577969428969,-0.304466636872972,0.328163765659227,-0.927788710192756,0.353517181455534,0.746206416616314
34.4921,16.0477018396489,-0.637870473040644,0.397944764187081,-1.60291208842434,0.108954064436729,0.481398285974624
60.0427,70.5154061650635,-0.198074395772984,0.227641525819031,-0.870115393315576,0.384237346211168,0.768975211586845
29.321,16.7850981678918,0.359997223890639,0.320175019928442,1.12437636131356,0.260853395928969,0.678946460066931
59.5045,38.9683166463882,0.630314219478649,0.243335704653431,2.59030716588167,0.00958903277804753,0.162775155859398
13.4577,19.4931838094723,-0.415680632605596,0.330468731166136,-1.25785163134427,0.208445419050447,0.617002456678706
303.6373,185.814187451555,0.0939377514531373,0.14442610254382,0.650420871287001,0.51542039921682,0.836096433402578
25.5676,15.1257429543227,-0.0465438743476003,0.283007464775386,-0.164461649040037,0.869367735252935,0.969030425018917
72.722,48.9144473520061,0.0472918444962841,0.16669510597741,0.283702657129556,0.776638258272694,0.94010815535358
56.0782,21.4451487616835,0.0700632315313547,0.53372206670932,0.131272877592137,0.89555944664374,0.97580264878488
18.0567,12.4354003632606,0.299977759619656,0.288145314656618,1.04106415881562,0.297845772426881,0.704970703580276
15.5085,8.26117784803786,0.620445598901836,0.384644761102975,1.61303535533072,0.106736826826771,0.477432553329024
19.0484,14.5107089648851,-0.427645658065614,0.32254817750964,-1.32583498492356,0.184894362011704,0.586564715829592
53.4317,36.953518610497,-0.461733817071066,0.236341514083909,-1.95367207856312,0.050740010392858,0.355122282305367
26.6535,42.7152107084642,-0.149950778490139,0.29085616003718,-0.515549605244635,0.60616901527801,0.870385544215723
9.5646,14.5324825776635,-0.95919657188232,0.426811855872733,-2.24735222015092,0.0246175259960062,0.259364288461572
4.4874,10.3729607597724,0.0693052250707647,0.35142437546455,0.1972123447019,0.843661370645438,0.962236343760892
18.1584,13.2047508283127,0.365323674606419,0.339685600627518,1.07547589280069,0.282161719643374,0.6891429917363
45.2879,39.6721653508027,0.248235900246128,0.260366962427674,0.953407828441689,0.340383476520602,0.73512665967317
25.4522,17.3441436649064,-1.38272597737883,0.411259733541782,-3.36217204021105,0.000773319266411814,0.0500215462326379
30.6948,46.140741801517,-0.0122736951549217,0.293620353730145,-0.0418012409528053,0.966657145741985,0.987243914372936
37.1053,33.7376549893478,0.0615621708427614,0.251660423424422,0.244623965918303,0.806747605633758,0.951163475943869
20.473,16.838728938102,-0.183388265050731,0.231953039919398,-0.790626693724116,0.42916186506377,0.794200985667357
77.5632,64.6990701966165,0.223466804467878,0.210400488959255,1.06210211569971,0.288189329742018,0.694565981726491
5.507,13.6272610271821,1.31471176943858,0.45790124196567,2.87116882189446,0.00408957052441342,0.104275563786392
18.4807,19.5529701988379,0.0331610182685721,0.259382099548405,0.127846209612409,0.89827068010526,0.97580264878488
12.6164,18.9322819824736,-0.229092090392407,0.277874637340595,-0.824444046369031,0.40968729635605,0.782947193170853
323.5055,205.48052171575,0.227735444279576,0.214000407152225,1.06418229437097,0.287246126236888,0.694385305163523
65.8813,36.0189143043759,-0.0876845946087658,0.171889264830112,-0.51012257627275,0.609965589533683,0.872089005975914
13.2667,13.9132742890448,-0.108800123786843,0.434150067929346,-0.250604875649932,0.802119611771979,0.950760017024347
14.4125,19.9599654586807,0.2378101611633,0.540172840707555,0.440248274703705,0.659757299283142,0.893194228705642
20.9413,15.9983887676517,0.515574408834987,0.336563341957846,1.53187927667881,0.125552228261306,0.50884155500902
62.8003,21.5350497789173,-0.298737768725429,0.3583214623653,-0.833714415970075,0.404441932604224,0.77908955355892
13.7847,10.9131309058362,0.586915633782495,0.422346179764013,1.3896553630731,0.164633555424974,0.56211344552206
27.6955,18.2739862944425,-0.0229301206919513,0.254664228353048,-0.0900406030334292,0.92825494929575,0.980524130688599
28.8962,21.5326204048687,0.411102328446872,0.292134576392347,1.40723612221357,0.15935738371314,0.557573123099845
18.7447,17.6565841526145,-0.365884432697544,0.315768771662333,-1.15870999773468,0.246574414223671,0.661370482498672
51.9977,39.5266326157594,0.0821573710420827,0.169407794448205,0.484968069560704,0.627698995599964,0.880239691456362
233.5509,285.219503159858,0.37698642257493,0.154278105411216,2.4435510247556,0.0145435128805995,0.199932632329495
59.7924,63.6059218062055,-0.221445774976747,0.240018414769919,-0.922619938095269,0.356205301608277,0.747568845076114
75.0125,24.0497535000783,-0.143117604051238,0.211954689349236,-0.675227353971984,0.499531330235413,0.827372437724675
33.482,15.5042687881903,-0.017851908336213,0.278168204246634,-0.0641766674396216,0.948829555774039,0.983506025301001
738.3573,232.885778201147,0.0676138412149249,0.179378605154424,0.376933699293276,0.706222876974081,0.913306632108991
22.2912,14.7370442952943,-0.458399925065081,0.404490597996267,-1.13327708316551,0.257097912391263,0.675445349142503
284.1905,139.506248409441,0.991868434904021,0.265429014201757,3.73685008734609,0.000186339943915063,0.0232495062836821
626.9658,456.290150224618,0.119363058565008,0.138843280411106,0.859696329642904,0.389956458544057,0.769624599837664
109.5488,37.1977381745641,-0.204168494251574,0.185454659952607,-1.10090786774379,0.2709367574673,0.685431474903796
41.2253,20.9362643861452,-0.184828269890388,0.204653432453002,-0.903128120916485,0.366457900847002,0.757343399591561
96.7918,96.2920477536289,-0.0977906647735105,0.184597175900592,-0.529751683883681,0.596284108482107,0.868727099148796
35.2138,14.4018426308946,0.0430575007973325,0.211518222996667,0.203564024826414,0.838694208470799,0.961790768399045
62.5767,37.2324216804316,0.835159261452861,0.341444058098961,2.44596220564718,0.0144466143550914,0.199527884422885
544.8509,154.806920393882,0.0317124191196666,0.16253608384599,0.19511002338235,0.845306815851725,0.962236343760892
31.8064,33.2394929437078,-0.198388918293989,0.282963530013296,-0.701111264355046,0.483233581110694,0.819930125297151
28.9468,30.3818933197,-0.24832048861244,0.307226974682051,-0.808263951657977,0.418938649698272,0.789027309981957
35.6046,15.1922272225606,-0.0420972944966695,0.24707888143222,-0.170379978461323,0.864711316796267,0.967829952338113
15.8516,17.4519917341139,0.0855934473433534,0.216164082726593,0.395965168050665,0.692130724408816,0.907065244953633
25.8993,31.002186108725,0.0326450881353329,0.263181539678949,0.124040189806459,0.901283453901225,0.976907387424689
29.1131,14.6508794982823,0.197442508151557,0.284965668813131,0.692864192988216,0.488394782576778,0.821567462067971
28.7835,17.4730968341236,0.441656897938231,0.233154954696263,1.89426340312428,0.0581900560814477,0.375406692991827
125.7214,52.3369532364517,0.0048927932457961,0.188001374242226,0.0260253057485213,0.97923715421601,0.99192609276475
29.8281,28.3360655352556,-0.264208032389902,0.165795032403754,-1.59358232004495,0.111029616994535,0.48457173042004
21.8734,12.9284522934783,-0.0170383198835973,0.261899756189795,-0.0650566466020301,0.94812889826896,0.983506025301001
37.3327,26.3461059543533,0.0293708494788424,0.21373400369354,0.137417766809607,0.890700588383611,0.974026512713186
22.0225,11.8146099893421,0.149244035998998,0.28286992129756,0.527606594983292,0.597772414674806,0.868727099148796
45.3308,16.5355812101035,-0.0966586715898007,0.284327414291442,-0.339955511608612,0.733890031246575,0.925457468091566
50.0766,28.6260577115894,-0.202301605247331,0.209151050390073,-0.967251203711541,0.333418470755427,0.731112760260622
23.4877,20.835342770249,-0.327129611487943,0.205090084908278,-1.59505327443911,0.110700323022479,0.484078691793458
45.8068,20.7583224509265,-0.0525391317154971,0.266799888834049,-0.196923364342842,0.843887509564928,0.962236343760892
19.8616,12.6945395421404,-0.591223831229432,0.295921670083999,-1.99790651040058,0.0457267966978997,0.340070636271343
108.7017,49.8201335758645,0.0910630948898857,0.199936808765122,0.455459379652613,0.648778784460282,0.890808592970812
153.0328,65.0647625583277,0.0299462024815343,0.153601393142955,0.194960487459015,0.84542388045239,0.962236343760892
48.0558,28.1967684642582,0.164750353899351,0.194223668213314,0.848250655622503,0.396298391789781,0.774818204756031
151.4065,87.7833878539729,0.189121869981759,0.129129429843888,1.46459153587528,0.143032392651017,0.535498595921673
153.1624,80.3481783394653,-0.387061239692594,0.162743954558038,-2.37834481006519,0.0173905554718499,0.22079537887297
7294.6283,5661.43531676164,-0.577417908569331,0.182020343801718,-3.17227127753552,0.00151251648533403,0.066465395733006
24.0435,25.4516391203817,0.19638270853937,0.38920843216388,0.50456951163042,0.613861228260527,0.872583217131839
79.2987,27.5444524720187,0.126624235332752,0.183605391559862,0.689654232138755,0.49041165400795,0.822467698599069
7.1237,13.1054481140575,-0.23571840048218,0.369361118825882,-0.638178704979769,0.523357357656646,0.8404770219461
60.0937,33.1057136932044,0.181982232817043,0.20565638145042,0.884884930550603,0.376218696404445,0.765135165338842
23.9915,26.1488040410601,-0.969741917346627,0.263162136283217,-3.68495989218975,0.000228738657574963,0.025099983049967
80.4307,57.7215239729266,0.394213779031985,0.389959723165809,1.01090896216573,0.312060004171332,0.71613496166402
19.2575,15.3617044772913,-0.441555362015129,0.280844253390217,-1.57224282386015,0.115894247411931,0.489523828521395
17.8331,13.9807090677571,0.129782145285312,0.319467434913614,0.406245304221402,0.684562369298121,0.904069580773039
38.8012,17.1494895493347,-0.313011353638205,0.357324192013778,-0.875987018606723,0.381037090942359,0.76832545815261
18.0498,13.9640707656165,-0.257762592293362,0.246654247063685,-1.04503609956819,0.296006285389049,0.704283950338992
20.0477,22.2879241935753,-0.364295803568075,0.248040279886508,-1.46869614779809,0.141915222790828,0.534683656682794
22.5076,22.7997753167452,-0.720816031442199,0.333740247330469,-2.15981152170853,0.0307872633424514,0.294134624608114
44.1622,17.3374608747945,-0.232927786600029,0.214990652275925,-1.08343215918561,0.278616647789984,0.686543720545821
82.9685,33.7733963876396,0.456946150088361,0.209511587227597,2.18100657884841,0.0291829298854251,0.284198263305765
11.9547,10.2373456784805,-0.615878474483435,0.288530784056945,-2.13453298058444,0.0327991769024965,0.299668163801703
41.7163,42.9699819207947,-0.131760575266421,0.225972411512595,-0.583082573595832,0.559837714297603,0.855133669987266
376.3042,113.649557191458,0.367320112055119,0.205904982513468,1.78393017775125,0.0744350115040825,0.407753839170124
16.8603,22.3394562246516,-1.13619445263452,0.390262109769227,-2.91136245152363,0.00359856309986078,0.0987976164731047
155.6581,159.080103935841,-0.727373973543104,0.180628406067035,-4.02690800068933,5.65151322952993e-05,0.0119753616536074
675.4985,245.167916962168,-0.173978578055163,0.166390389757058,-1.04560472698684,0.295743565951656,0.704124065390519
21.8161,15.8591789680852,0.537432620160521,0.293989083079491,1.82806998998397,0.0675390481852688,0.393957000616611
96.3734,72.4956700838797,-0.520318474468733,0.198315499956098,-2.62369040535873,0.00869828110618821,0.154930253326164
313.9043,143.396036830201,0.122210220481109,0.166589195760557,0.733602319905337,0.463191146620656,0.809300425357955
24.5446,19.3287248162754,-0.0737332644038883,0.272168480213268,-0.270910372671045,0.786459967020786,0.945208807267209
583.4152,383.420394047806,0.0988017536046649,0.189736595646338,0.520731139230661,0.602554078903417,0.870330480676954
128.6656,72.6533711720369,-0.0723990452378371,0.127423193068099,-0.568177923458134,0.569914160293947,0.859040327188875
21.1676,16.7774252681265,-0.0303519647220596,0.334099838502852,-0.0908469901035302,0.927614171692827,0.980524130688599
35.9027,24.0215046759207,0.0447447663111524,0.208746887957811,0.214349381439381,0.830274611973191,0.95857630601018
91.6515,59.7019844685494,0.119591441403247,0.204123743783321,0.585877170321715,0.557958059982807,0.853597319792133
32.3984,22.271604306021,-0.0708312140965835,0.203322705021445,-0.348368442614969,0.727563499098929,0.923280578349578
20.7168,14.3031895877083,0.717649111646597,0.345345587365647,2.07806075392752,0.0377037637996755,0.313723901178824
129.3756,42.829054657046,0.163768923575596,0.205022619810988,0.798784659597931,0.424415287112366,0.792615024633713
184.433,104.92317908426,0.032729574084787,0.278960479561642,0.11732692077465,0.906600992660187,0.97705552321547
11.6353,12.2333199819104,0.155754111901152,0.312126130568808,0.499010164952581,0.617772223037526,0.874299933340763
32.2037,15.103632659184,-0.31860760692617,0.277058506892511,-1.14996507596779,0.250158255812919,0.665036672392266
14.4525,10.1400053173212,-0.00830617433241078,0.278705113215737,-0.0298027339239421,0.976224378380668,0.99073473247716
310.9403,361.1453578345,0.156015549291112,0.163086028791332,0.956645706854103,0.338746110525994,0.733472462713966
62.1739,17.5682564806017,0.419604831529487,0.282303523586005,1.48636058877123,0.137183768466028,0.529079491678682
38.2149,44.8736720490267,-0.0359967108190477,0.222045379271025,-0.162114208083163,0.871215917765143,0.970210549957739
12.325,11.6922872475328,0.366340680599184,0.431391011766223,0.849207958921752,0.395765585360286,0.774818204756031
12.7287,8.86470253993275,0.327875387327949,0.265953582370313,1.23282936971842,0.217639431304433,0.626414194550699
301.6605,145.353603707125,0.0499191500655545,0.136604025988722,0.365429566985645,0.714790773808463,0.918481816028543
11.3191,11.6592707060444,-0.0144069072325358,0.275788592940545,-0.0522389525938141,0.958338295608314,0.986972027885079
42.9649,16.1064185899206,-0.00875141941719585,0.213730879024872,-0.0409459758792151,0.967338964708539,0.987243914372936
31.8759,22.766297910166,0.220868528341318,0.229828241363698,0.96101561335884,0.336544317412693,0.732323800633588
57.3549,64.8482466908553,0.0893723818242263,0.23739608505358,0.376469484760269,0.706567897322399,0.913306632108991
15.0154,11.6631773817719,-0.0226289830746061,0.341334050466718,-0.0662957095656431,0.94714239898275,0.983506025301001
139.5065,138.807834219073,0.150315976183316,0.159765020594559,0.940856613193057,0.346778344197972,0.741201017424883
4.4833,13.1280849835753,0.49259484320495,0.425809512902995,1.15684320870767,0.247336424850375,0.661705334974845
34.1741,28.286978432149,-0.368825970157037,0.251591960448599,-1.46596882308722,0.142656780615287,0.535498595921673
23.5807,15.824847106236,0.111273421581305,0.28457865872799,0.391011125284921,0.695789012436181,0.90758299329661
53.9575,14.2868767994625,0.01629606358621,0.265142243177674,0.0614615890357761,0.95099160405584,0.983955126234213
61.5728,26.004289063102,-0.509126950872572,0.270022409392624,-1.88549888143647,0.0593625153228468,0.378048242590894
47.3846,28.1876810545381,0.167514098052928,0.208581242248884,0.80311199725739,0.421910003995363,0.791970038321888
20.7272,19.4868898181536,0.0940896844359657,0.346342530722716,0.271666561538451,0.785878414621367,0.945076240032119
22.2448,14.9453788331545,-0.291114744318451,0.22804994226463,-1.27653943442196,0.201764896089673,0.610160081924724
36.3148,37.4548776442279,-0.181338952025031,0.230758405591053,-0.785838988445768,0.43196182192781,0.794425813957657
16.17,10.0636237340956,-0.552783456784686,0.285526323903155,-1.93601573833234,0.0528657734275876,0.359756564465699
38.1395,30.6770872542054,-1.37186476519698,0.220388300670507,-6.2247622084441,4.82286924906015e-10,2.96365315354746e-06
41.7885,44.5538067847645,-0.0358170170382333,0.202247800345108,-0.177094717357205,0.85943399128259,0.965311986187445
33.3012,27.2891163767714,-0.431115627168651,0.283374694039784,-1.52136247955905,0.128168899083141,0.51175950933457
20.4986,12.3099831131743,-0.370618774391322,0.325706425015691,-1.13789211979305,0.255165532175824,0.673015624857753
17.0282,27.7320141570048,0.411866391431816,0.269652345472391,1.52739777104585,0.126662130380402,0.509039502355764
15.6228,16.1030909734096,0.11976294490685,0.270070062190994,0.443451391595392,0.657439270805704,0.893007143921541
20.6666,19.7051324560709,0.62407105979245,0.317426345245811,1.96603422853632,0.0492946568920393,0.348178927128255
9.8118,12.442158019931,0.179478575958938,0.315830062678447,0.568275782352197,0.569847720621578,0.859040327188875
13.7348,12.3272258997318,-0.19712380709939,0.337681123915793,-0.583757258367058,0.559383638194551,0.854865072545514
24.2757,19.8900439974156,0.822748581835766,0.319544123249448,2.57475735578933,0.0100310430098924,0.167048128172869
15.87,16.5329431046507,0.06272069222023,0.283337364370445,0.221363999624938,0.824809021241378,0.957033881330867
65.288,29.2327927492875,0.00497960007675458,0.218625630817329,0.0227768357174702,0.981828285650523,0.992401477064881
19.8745,22.2687186779331,0.0846419023343576,0.224717566091423,0.376659038305542,0.706427007262396,0.913306632108991
26.5577,20.1936983764889,0.0797308521441697,0.229217767704871,0.347838882397751,0.727961186964572,0.923280578349578
18.5099,15.1724689851588,0.792823815634142,0.398551449791119,1.98926340890157,0.0466721362496324,0.34129909328258
38.4864,20.0861909665301,-0.318800314691193,0.244529876425497,-1.3037274600199,0.192326523258699,0.597797918778302
96.1707,83.2685375409668,0.23913302629459,0.146268433411461,1.63489155327107,0.102071783493003,0.470096588022416
29.2384,18.1552138082627,0.522525349018267,0.222248103699444,2.35109024698317,0.0187184932861267,0.227772556917324
54.1102,19.9222386226567,0.0601370513094503,0.21687592682572,0.277287812389505,0.781559117103781,0.943354466215639
12.3349,10.4635036010051,-0.35531050872104,0.321743869585737,-1.10432720654016,0.269451225056411,0.684488539880795
19.013,21.4987038532369,0.687764155052424,0.274296950628432,2.50737076543035,0.0121633051223682,0.181718036844194
16.3439,11.8726119810574,-0.485688397471059,0.328006090243295,-1.48072981544582,0.138678585540547,0.530430150410062
132.0337,90.8538074200861,0.00716538010389191,0.175771376697929,0.0407653409701965,0.967482970277269,0.987243914372936
24.5642,29.1168978676611,-0.333282058120075,0.194713264790634,-1.71165564132694,0.0869601478438818,0.43890929376383
70.6013,82.0899493046013,0.118811714981508,0.27258279284619,0.435873863279953,0.662928249297326,0.894553184945473
14.398,13.4717841117323,0.101349053195203,0.248534085753519,0.407787337853186,0.683429810487093,0.904069580773039
22.2704,12.9712679017723,0.477687805920695,0.414734074142473,1.15179300593612,0.249406142608941,0.664557408644335
217.4472,145.116718891786,-0.103466786473136,0.157092013288807,-0.658638108373572,0.510128185425554,0.833820310760906
19.8946,16.9614531942696,-0.0247428460474434,0.282873752158049,-0.0874695720570743,0.930298270689139,0.981213798266428
22.1396,14.8640667079252,-0.128750392695919,0.295856662643067,-0.435178277026833,0.663433029035345,0.894553184945473
28.7429,13.1247386394214,0.367158055192053,0.247501041776026,1.48346064548815,0.137952064989859,0.530153495536389
40.411,25.1048393675159,0.342194173522297,0.237925536470385,1.43824063023555,0.150365790652172,0.54477829726167
10.0782,10.6266353920771,0.221506005035162,0.347311835111305,0.637772694858424,0.523621656444447,0.840542395458731
12.976,11.6285020096027,0.0765342461805468,0.305346028588461,0.250647589995998,0.802086584398062,0.950760017024347
51.2001,43.7212659316911,0.156096912729836,0.154480779033197,1.01046171379218,0.312274133528931,0.71613496166402
12.3311,10.8778411417046,-0.253335988643909,0.34470729460436,-0.734930744458649,0.462381673218029,0.809300425357955
39.0903,20.0591633036453,-0.224354227296506,0.332072695203306,-0.675617810609658,0.499283330487027,0.827372437724675
76.9426,47.3171490225596,0.188759062957418,0.219793100995826,0.858803402391611,0.390448990126122,0.769996484058093
21.149,18.0000399118925,-0.477221392924247,0.346538170442054,-1.37711061472821,0.168478051410442,0.568844849405035
12.0927,13.3021349118241,0.0746889213128143,0.309489446953397,0.241329460658673,0.809299779233312,0.952172556821622
15.5702,12.5764946880106,-0.317760090297368,0.308760047297657,-1.02914898827903,0.303409668992068,0.710538268276012
19.5976,11.5181967813855,0.17528195277105,0.244010524904359,0.718337673507124,0.472549106443415,0.814529151215571
17.2094,15.6414078095747,-0.148816000519531,0.252469201742965,-0.589442195294133,0.555564678031731,0.852879462595976
8.7861,12.3733741429237,0.765658964540615,0.354668579000895,2.15880122986221,0.0308655910430557,0.294134624608114
161.0331,55.7294408220904,0.140688119463387,0.170878008539697,0.823324900996276,0.410323256840839,0.782947193170853
26.1069,11.0503255396361,0.176511865946712,0.362760035736374,0.486580241917793,0.626555828167634,0.878837152268914
49.7341,40.5604033927649,0.443841512540929,0.188763545000398,2.35130947842706,0.0187074671744079,0.227772556917324
21.7884,25.5071954453863,0.161574325572396,0.254514874121334,0.634832546153547,0.525537634220859,0.841609601178123
222.816,128.57395654747,-0.0656026931053875,0.16178273734066,-0.40549872120936,0.685110958225598,0.904211090699377
29.1317,13.6629610169125,0.169271344022267,0.281067339948391,0.60224480031493,0.547011198413084,0.850684872174865
21.6466,18.9568133289984,-0.257882490970531,0.225348738490046,-1.14437068828731,0.252469938926514,0.668430751703329
15.9758,20.5969821452413,0.757154093879124,0.420528032057364,1.80048423924292,0.0717842100124962,0.402653730476083
15.9221,10.2697614980676,0.233265996924912,0.278965292943434,0.83618286154404,0.403052038464133,0.778696547997498
51.8249,34.3185179460059,0.398944226589492,0.215512573204021,1.85114130771303,0.0641492267713148,0.389740620376655
22.4999,20.3820195560431,-0.0574818117055046,0.264242044044707,-0.217534692154362,0.82779167380869,0.95814209174373
15.7951,10.4841499586031,0.0168541057627252,0.388985437929564,0.0433283720142168,0.965439774857212,0.987243914372936
64.5919,34.1689906100031,0.224458524811907,0.16418796922323,1.36708265455634,0.171599399432369,0.572060850778248
322.8451,194.609212959938,-0.389342597542816,0.165940148689429,-2.34628328718388,0.0189616894400666,0.228469767861195
34.5173,26.6889852594705,0.396133306574213,0.220006231172854,1.80055494093247,0.0717730566310483,0.402653730476083
336.0443,169.850446270238,-0.00747390353025914,0.162240353073956,-0.0460668593765462,0.96325696033899,0.98711586125942
40.5139,30.8505587191344,-0.88945218864591,0.315895181545942,-2.81565608026393,0.00486777454967736,0.117144284090161
19.2334,13.4333565767763,-0.0751899766877633,0.240222838963493,-0.313000949502516,0.754279940772637,0.931771813257011
31.2068,16.3633839120812,0.179838150640899,0.223948043745009,0.803035148838656,0.421954419115681,0.791970038321888
12714.0208,8640.41254346096,0.21296178344623,0.212967177311649,0.999974672785319,0.317322764907103,0.719677586452727
35.0736,32.154462987089,-0.183591353178586,0.225009184923758,-0.815928261954257,0.414541166846984,0.78606462498379
55.2127,31.8582327600811,-0.0817268756684693,0.19820123798121,-0.412342912188152,0.68008809987118,0.901843196743289
101.9095,54.0681481653447,0.304633168550617,0.160714376415856,1.89549420123042,0.0580269592506952,0.375406692991827
71.7022,51.6381268227562,0.0942146680698174,0.196446112266556,0.479595482866967,0.631515058949749,0.883173207300877
141.7712,73.0680441791735,0.101033167325313,0.154846159300978,0.652474480357837,0.514095130456766,0.835735003575574
3.5737,15.0277419251292,0.314577878878106,0.407270688157948,0.772404909130378,0.439874647218981,0.799135586028892
13.1375,24.673494307042,-1.15103195345812,0.326983767106963,-3.52015013969057,0.000431302579478116,0.0364920774730668
22.3901,33.7473497780108,-1.1586363102832,0.357437716622973,-3.24150546067117,0.00118900156167656,0.0602414198250908
16.1085,20.657379750038,-0.41374905379488,0.266340655649591,-1.55345811846024,0.12031372746457,0.498818125306075
33.7894,17.4475034983086,-0.0120019000908915,0.27426043115389,-0.0437609612163015,0.965094945691246,0.987243914372936
25.5129,25.3654470206745,1.06815478508045,0.453540941125523,2.35514523215848,0.0185154675970209,0.227772556917324
19.9988,13.4886031082701,-0.0912349401688194,0.307187135177761,-0.297001175247864,0.766465611882744,0.937205237636561
28.4682,26.4647647086191,-0.375047146938607,0.236944098796435,-1.58285076034251,0.113455483951849,0.484950692370068
15.6594,17.2356142513549,-0.175650395179913,0.280560542433029,-0.626069488092189,0.531269364277565,0.844888779369989
43.9727,26.117946273477,0.575833748192041,0.245258783855106,2.34786187528448,0.0188815217646455,0.228399510322336
26.3031,40.5744576855037,-0.326098169515122,0.218700108416122,-1.49107456725469,0.135941918718366,0.527042959321362
31,17.6397033741757,0.328497483602959,0.274156199050166,1.19821286092039,0.230834159825931,0.640974203402777
42.7113,28.8359533477506,0.0294887568141635,0.256653065700011,0.114897348814962,0.908526486518013,0.97705552321547
39.9378,17.8557883096662,0.276862489949661,0.260876829771886,1.0612766576156,0.28856419061802,0.694565981726491
22.3157,12.5950867904955,0.582784297815985,0.346539318102044,1.68172633630096,0.0926219186700946,0.449219960716442
37.3563,29.8587931223099,-0.168130072480646,0.302368371175052,-0.556043847533607,0.578180880275171,0.860205581762669
163.1584,82.1820734121987,0.528928925174519,0.171131448660504,3.09077571255664,0.00199634367446592,0.0743486780581398
34.3088,21.4837089804643,0.271002065885701,0.216453839297925,1.25200858882755,0.210566734337174,0.618218418472634
15.3887,16.1216188342763,0.00862764505553885,0.252611690172914,0.034153783815916,0.972754520192086,0.989664987844432
60.4774,35.1284851555122,-0.177783643075897,0.153285493152753,-1.15982040713227,0.246121933658098,0.661311448329258
19.238,22.8629450755362,0.0149078883636852,0.209956176582782,0.0710047620714187,0.943393965474424,0.983506025301001
37.7673,22.197802816111,0.111975894855521,0.273669411861683,0.409164817119261,0.682418711911214,0.903179621945813
18.7616,10.9060026953952,0.88457037261347,0.395651207116342,2.23573277852621,0.0253692805464693,0.262633558850758
20.6848,12.2445616934625,0.277398237183457,0.248301448960157,1.11718332029536,0.263915950844063,0.679802463417519
18.5487,14.9173297694359,0.462224422921377,0.384580808597275,1.20189154681769,0.229405549967036,0.638449775610251
40.1283,26.2790188629618,-0.114196573120019,0.204177856139807,-0.559299501322149,0.575957335635615,0.860205581762669
253.8715,139.591571416852,0.133250405332826,0.152279348764427,0.875039238176425,0.381552556187482,0.76840706934271
50.4737,22.490318844803,-0.105266547659089,0.241419871975753,-0.436030997769983,0.662814239606876,0.894553184945473
141.1765,50.589753497344,0.519926516894196,0.226389724704048,2.29659944846825,0.0216416301447134,0.241391107868194
53.9568,24.7787009488786,-0.203043247191246,0.201358795614432,-1.00836542338105,0.313279065738815,0.716674940404185
57.8061,36.4646347721753,0.679295681712357,0.270384643466015,2.51233085209493,0.0119936585934346,0.181718036844194
50.1125,28.2650981290559,-0.016570289777328,0.302587219036279,-0.0547620280529473,0.956328052208162,0.986804138779106
49.4796,27.0198018978768,-0.299064553464365,0.257452077854099,-1.16163192760809,0.245385007355629,0.659908477111746
28.1857,23.0910209251665,-0.282370448026416,0.404053638311439,-0.69884396835642,0.484649547328975,0.820206959057161
23.2047,22.1583725795196,0.260092620950026,0.221659403568233,1.17338861678369,0.240639999960076,0.654278909589995
40.8164,27.0534349655996,-0.330229077556764,0.179807660027731,-1.8365684615763,0.0662736267671197,0.392518464673966
15.3032,16.731215337768,0.0387495754988797,0.265843680877624,0.145760754481568,0.884110258324007,0.973620531905895
29.3941,21.7945123950748,0.0831217426693128,0.256223284772489,0.324411353726574,0.745626625133483,0.929200932940057
16.2528,11.4709894329459,0.0964619626155624,0.233288696140204,0.413487512303596,0.679249469771676,0.901704037966504
37.6928,25.9860980120764,-0.0148194116825224,0.200122981927565,-0.0740515234171672,0.940969388005804,0.983506025301001
55.8612,29.4652227719271,-0.281955061997121,0.173792178511731,-1.62236911011555,0.104724339091655,0.474580430470662
43.4174,42.1624874556204,0.309250807599834,0.286782270134382,1.07834702422477,0.280878918944056,0.688056902065977
34.1673,27.0720329605873,-0.335617500910876,0.240224870604287,-1.397097228387,0.162384335174498,0.560807089850692
18.6524,50.7623721176242,-0.278857017542385,0.227464834209372,-1.22593463078213,0.220223275418573,0.629778569526514
27,26.5205965975549,-0.121709085731744,0.23218242955317,-0.524195934920532,0.600142268001669,0.868760378552006
802.35,494.534392662347,-0.00804762462010233,0.167535355902126,-0.0480353808112227,0.961688045331412,0.986972027885079
81.4787,51.7166572033427,0.337994464661222,0.165894221676332,2.03740950857629,0.0416090217944205,0.326999090437901
20.0634,11.3259546780547,0.0977865350748058,0.285326964183365,0.342717469253846,0.73181101923436,0.924588206416137
30.8042,27.3985876243047,0.190411967045735,0.207083344036654,0.919494360744104,0.357837053907968,0.748692099511223
25.6038,12.0041122690829,-0.0234410749819201,0.279537810314706,-0.083856545043155,0.933170489846752,0.982074440847455
62.7634,41.8635623774245,-0.452689909296724,0.180480357496543,-2.50825029147782,0.0121330690647065,0.181718036844194
47.982,30.6377132793971,-0.179523408572524,0.335499717772713,-0.535092577020121,0.592585842611242,0.866006329568277
16.7054,17.6482598282828,-0.155254393482666,0.306162638756778,-0.507097776897603,0.61208621478677,0.872439530921188
27.3448,13.2004142616037,-0.325607894366902,0.273236645177958,-1.19166993195526,0.233390692354529,0.644908612032624
10.8512,10.4640362898624,-0.189161603072396,0.270238268669681,-0.699980813241567,0.48393928680819,0.819930125297151
22.5678,14.4298792320922,-0.0472027219963652,0.248389765238021,-0.190034891136246,0.849281789509996,0.963596121960658
101.571,67.9484136849684,-0.216413980479838,0.157947717117416,-1.37016212978221,0.170636296930369,0.571487003110775
11.8056,10.5482169109363,0.106316104289727,0.352315610320172,0.301763819642028,0.762832113572448,0.936076189827116
3154.069,1508.8579464735,0.102533096772558,0.128692642649579,0.79672850492121,0.425608725303643,0.792803609750161
36.9062,33.5437289187293,0.366439374496325,0.315091964780666,1.16296007342301,0.244845702071109,0.659902122467966
8.9757,12.3295637850771,0.162593782566201,0.273731971557735,0.593989009179026,0.55251946410679,0.852879462595976
14.5317,14.8887474668699,-0.0427165221419579,0.273412656487599,-0.156234618728762,0.875848089976954,0.972137555705776
67.6749,49.3643068876008,0.225964058427521,0.154185845813461,1.46553049169571,0.142776239571938,0.535498595921673
25.6808,12.642078230496,0.0669791839297217,0.2521621644175,0.265619483733593,0.79053227863298,0.947128261298433
14.2028,20.6854757176855,-0.63258462210135,0.298556315341973,-2.11881172694932,0.0341063812958758,0.304352068660443
197.1906,111.862480574018,0.342723191932245,0.159541288108393,2.1481786689562,0.0316995645819874,0.296941805421208
43.7331,29.7128927652342,0.170212441364791,0.239795215745787,0.709824175746848,0.477813175221252,0.81573179759612
393.3209,214.957409591236,0.135702302890068,0.11732015863062,1.15668359533441,0.24740165438409,0.661705334974845
10.9407,10.2483324913098,0.0544224699822721,0.356607743963691,0.152611576454754,0.878704595255267,0.97322382739378
61.0581,29.3806348282073,-0.0456247099558851,0.187635033463095,-0.243156670232688,0.807884031754476,0.951875857889222
64.5202,59.3062196787082,-0.21041308841742,0.197300979076329,-1.06645739622011,0.286216927771539,0.693245394538184
214.1265,127.676720584941,0.292605264518645,0.157641055378634,1.85614885548593,0.0634323436934301,0.388214033615631
31.532,27.0498048414785,0.0847986274743172,0.206021323476149,0.411601217017395,0.680631739442741,0.902175589386071
87.0941,41.7604268240222,-0.737978494596003,0.226668941173903,-3.25575480599178,0.00113091369303038,0.0588937681667094
25.9505,12.6927701749642,0.289116766376249,0.240239298444206,1.20345325784988,0.228800969028929,0.638449775610251
879.5136,445.997136073771,0.0509287836414873,0.16525102718541,0.308190421015331,0.757937440893598,0.932997911516658
26.5784,28.9840472615411,-0.0579039533182757,0.29594314298393,-0.195659046985994,0.844877040552805,0.962236343760892
35.6587,15.7006304507223,-0.0310858637638287,0.301733075573521,-0.103024382410653,0.917943619552078,0.978463935687972
38.4471,52.5123256555363,-0.174875202979293,0.304367943440245,-0.57455197483248,0.565594339880034,0.857520082739223
22.6093,11.194484735418,0.57386010539554,0.326370689613871,1.75830772694225,0.0786951636620961,0.418934150232043
11.1778,12.4248020912644,-0.231862993186747,0.265314511969035,-0.873917493114014,0.382163187446051,0.76840706934271
93.496,49.1768616245216,0.306627569787144,0.16262763317187,1.88545798648554,0.0593680315866904,0.378048242590894
46.4477,40.3967681182736,-0.169441766884353,0.20737313544444,-0.817086391258958,0.413879059409186,0.785903773765491
43.107,46.6170982777856,-0.150498770831852,0.284409084650951,-0.529163022399781,0.596692365687344,0.868727099148796
8.865,23.6545753242747,-0.383579975629725,0.245182343867079,-1.5644681814351,0.117707659675711,0.491974869335911
34.375,19.6185080125912,-0.654379042251921,0.206302735171632,-3.17193585294695,0.00151426450815636,0.066465395733006
112.2601,52.9665272127274,0.563417157359384,0.258101919070393,2.18292509946709,0.0290413263116526,0.283268174896992
54.5731,29.8459564885579,-0.440865583624646,0.321271215666886,-1.37225360420014,0.169984503387399,0.571326078748541
10.1153,25.2047927399471,0.427608559607244,0.394287528331077,1.08450947311777,0.278138969050707,0.686543720545821
23.7979,20.131895414471,-0.138301780122116,0.262579105199972,-0.526705200007401,0.598398323985397,0.868727099148796
24.4645,13.0159975097445,-0.533536853026985,0.270103214917588,-1.97530730313511,0.0482332849654725,0.345850100481714
11.3297,11.2716323733818,-0.575399414947312,0.483404232202988,-1.19030694523521,0.233925772017085,0.646055671480894
104.3552,52.9336965466579,-0.390568604706032,0.189356452213599,-2.06261049011132,0.0391496502845733,0.319064457557962
187.0525,50.4540661915243,-0.232387527358392,0.192069401820084,-1.20991435989411,0.226311756438552,0.634738601708102
38.2561,18.9342000681875,0.206027376991074,0.210338186374034,0.979505341101998,0.327330350859584,0.724062277189396
27.0311,18.1894146964427,0.164260563840869,0.204754201239681,0.802232935130787,0.422418228183688,0.792598477004202
19.3303,13.2834124794925,-0.416984616191526,0.26231616695713,-1.5896260647163,0.111919118257923,0.484950692370068
25.3383,11.3611333164673,0.553370873329639,0.267137766300773,2.07148124726997,0.0383138451449075,0.315645109440129
26.589,20.87066812046,0.454295797419176,0.253502859397453,1.79207366141346,0.073121167305799,0.407370419849623
13.7291,12.3004696673595,0.0993937167740982,0.354470334916273,0.280400662576109,0.779170128768075,0.941593007134675
29.5721,25.6022796705341,0.0919750391694139,0.22681676793913,0.405503702416291,0.685107297485834,0.904211090699377
37.8712,45.5567736625771,-0.579479945681338,0.201963581453887,-2.86922989535936,0.00411472604473891,0.104483436136036
275.3773,107.63613463942,0.339653684978379,0.169332219296267,2.00584204465018,0.0448731032355141,0.338337692493539
14.9385,16.3824779258408,0.377673370751773,0.247579890398824,1.52546061048571,0.127144251018484,0.509655200592685
30.4714,23.2507162997803,0.665359317738475,0.244632507978325,2.71983197669472,0.00653150955766911,0.129940160712866
35.6751,18.6737507398224,-0.481486147769239,0.204778083441231,-2.35125819950073,0.0187100457075226,0.227772556917324
46.107,32.3052422204789,0.0797955554068066,0.205772247843789,0.387785798342363,0.698174556032244,0.907891560223425
44.2946,21.1501792866625,0.365518751046492,0.208194512829756,1.75565986864112,0.0791465030719248,0.419141880517295
52.2694,44.2254321987039,0.320253726272873,0.196291657731346,1.63151980055713,0.102780685303584,0.47203977620292
46.7357,39.9841434184796,-0.35653038916854,0.286804105565301,-1.24311466345925,0.213825583047033,0.621647161191338
28.2327,24.3449597655299,-0.539311986259365,0.21113966233085,-2.55429027547784,0.0106404509020042,0.172067291560042
20.2163,15.4106355132189,-0.354005396706008,0.326177979266842,-1.08531359934755,0.277782784716174,0.686543720545821
150.5728,80.4599041572228,0.166892406539699,0.138282094065616,1.20689817193908,0.227471361795346,0.637106434928167
47.7744,34.8280122048705,-0.211957536777054,0.184338176414449,-1.14982984479844,0.250213960385829,0.665036672392266
27.4704,24.1998658171278,4.02619044784085e-05,0.202912010894606,0.000198420508972832,0.999841683340383,0.999841683340383
75.7307,51.294263547299,0.0358932757188338,0.173118281179386,0.207333826758834,0.835749158126156,0.961377494699594
77.8867,41.215162046298,-0.236718140214092,0.168631929367599,-1.40375634141073,0.160391418702947,0.558733145084812
19.7142,13.886457911943,-0.0413413952129614,0.249596263109879,-0.165633069573489,0.868445720984637,0.968830087334143
39.9641,15.6692447757836,0.299349651202583,0.273820153128129,1.09323454750428,0.274290832176068,0.685431474903796
41.8536,30.7804642632491,-0.323958961011505,0.211930398782041,-1.52861016104008,0.126361115541782,0.509039502355764
53.7634,30.347876747257,0.573189534990798,0.210864718078532,2.71828089693662,0.00656221014913709,0.129940160712866
12.6235,11.6747083512363,0.67419381085612,0.285804443169603,2.35893397380124,0.0183275163227805,0.227061668958642
28.1824,18.9790834130407,-0.156639157572298,0.194318701584362,-0.806094093338179,0.42018859709376,0.789918246916766
102.0492,43.4500178972566,-0.123181977598761,0.204316914997424,-0.602896620675358,0.546577464211102,0.850684872174865
6.5383,9.28655111975336,0.745923887649834,0.387721775715464,1.9238637971091,0.0543716581587831,0.36672035700453
120.5683,130.774866506472,-0.0789769559892317,0.150633128724946,-0.524300043806714,0.600069866430252,0.868760378552006
21.0177,10.9029341568102,0.193960621710343,0.367399999851596,0.527927658651849,0.597549546818754,0.868727099148796
51.4625,24.035281925325,-0.477844613476863,0.338413208970383,-1.41201525475527,0.157945469545717,0.556066335653839
39.6474,29.1897635261659,0.10791916648297,0.223167149181113,0.483579984235886,0.628683982687243,0.881121109004762
629.7798,363.831725674615,0.30132269638654,0.15055441226442,2.00142056187184,0.0453470866318268,0.33934106017789
41.652,35.6636535032883,0.176320175017696,0.189992088621399,0.928039563631797,0.353387047391009,0.746206416616314
25.3387,12.7305504691949,0.113424181246306,0.291201880569916,0.38950360150258,0.696903646979951,0.907872117131306
18.8595,13.9599340787425,-0.330048029329403,0.283496993102157,-1.1642029275791,0.244341784115456,0.659122152497575
40.2501,27.5311851122577,-1.57013507192792,0.409800632389567,-3.83146083199625,0.000127384655817567,0.0200712489743321
14.5,13.7140156788411,-0.146531298858348,0.272324305417241,-0.538076462304164,0.590524261645128,0.865642077244587
62.1279,28.5592709463076,0.000763454646951942,0.221442932922929,0.0034476360878839,0.997249189843656,0.998874697895561
46.8563,15.8487290665343,-0.075126719739385,0.237851911436539,-0.315855017879179,0.752112555841457,0.930823263765315
20.9083,15.9345944736173,-0.168317382420333,0.315828017285776,-0.53293999647926,0.594075117256358,0.867329911033576
165.7138,183.465108625245,-0.299220680996495,0.128615116111506,-2.32648144357369,0.0199928812777087,0.233434393941124
50.3581,27.4817300830862,-0.0905805409143504,0.209951718166024,-0.431435101868144,0.666152031450131,0.895930013845712
45.0461,41.5256062725309,0.534413087186072,0.209589761574258,2.54980531096567,0.0107783090385444,0.172771583645795
15.0624,11.1565586642379,0.485099450688771,0.28721641779279,1.68896838981796,0.0912254877995991,0.446869193390005
23.409,9.88679251659014,0.387539445012,0.354372651496738,1.09359298290988,0.274133528169345,0.685431474903796
23.0743,22.2964407514256,-0.0915945806597998,0.284762642213039,-0.321652376688074,0.747716059817177,0.930823263765315
126.8394,91.2686847694021,-0.0447900416621988,0.157121214471333,-0.285066798986402,0.775592965727339,0.939656580500113
108.831,50.2515999106818,-0.22363395999519,0.183922799449867,-1.21591211456167,0.224018402678683,0.633169564538212
26.7072,12.4400943412412,-0.512008943568709,0.264451766304089,-1.93611466742846,0.0528536585069162,0.359756564465699
72.2215,37.3590563196624,-0.164608049903341,0.185900674182358,-0.885462361163197,0.37590731120272,0.764884247463813
17.1843,10.2841720139168,-0.615791689884064,0.303906858631529,-2.02625137404575,0.0427390314653587,0.328700060518935
18.0208,16.6718440676003,-0.418123791706276,0.257256802193861,-1.62531675796542,0.104095082509053,0.473825394087506
34.2018,20.1416586005203,-0.743274152180051,0.276693264969221,-2.68627482588972,0.0072253631156468,0.138916240902399
20.8383,13.4003917144078,0.450356378575328,0.298254659788324,1.50997264852443,0.131050403485868,0.516703318927968
218.1646,118.604955950478,0.171346659005786,0.133705035486904,1.28152734399124,0.200008501816376,0.607743911781342
109.2739,54.046710015543,-0.363163883255264,0.199254618369482,-1.82261212426124,0.0683621580240699,0.395798724175879
38.435,24.4591259817452,-0.334489389126007,0.25573886100548,-1.3079333653513,0.190895911433124,0.595157471210829
788.5038,686.163959791029,-0.0185121738325266,0.191617408092861,-0.096610083691119,0.923036048330118,0.97968093888036
14.1048,9.01314347891395,-0.302322077355714,0.304313474739356,-0.993456098566295,0.320487734757727,0.720717478625013
530.5612,376.070954254091,-0.138686170269044,0.10917744592334,-1.27028223728941,0.203984113077241,0.612650232091713
6.6153,17.5116458277176,-0.148175468039441,0.259141006780857,-0.571794753289454,0.567461032229077,0.858878828336867
8.2095,12.9588522970866,0.176615230939581,0.258349400752935,0.683629342374523,0.494209251237744,0.823555425254474
19.169,13.7470392463833,0.169400327695925,0.335245684127013,0.505302038822802,0.613346711040038,0.872583217131839
20.6515,12.7099647839608,-0.167480519888376,0.346409071870329,-0.483476136996401,0.628757699428134,0.881121109004762
34.6691,15.167641274735,0.249410644976993,0.287669635699811,0.867003722413226,0.385939970133844,0.76913511017364
69.3124,21.8938761166737,0.686335267637515,0.288736207812061,2.37703221510844,0.0174525638179074,0.22112578280627
157.3154,70.9650080132594,-0.00881242389641569,0.161385416044011,-0.0546048342683734,0.956453287317877,0.986804138779106
52.2461,49.5699116564992,-0.234371377181015,0.207509931491214,-1.12944655466255,0.258709503278568,0.677552489472987
11.7912,13.7156609550772,-0.240137954541693,0.258015133141981,-0.930712674165317,0.352002211822133,0.745758369615464
24.0442,10.6094722247984,0.128653248384328,0.335851102472196,0.383066327421029,0.701670585660174,0.91034277939225
63.13,26.901298197047,-0.317891115454235,0.214789228738437,-1.4800142321911,0.138869448553175,0.530430150410062
24.9454,17.6050584143592,-0.56216186191395,0.32583679797351,-1.7252866017903,0.0844758352968567,0.433308854673777
16.8394,13.4317750089337,-0.00483972395571081,0.281182789741585,-0.0172120205513241,0.986267472597122,0.99402978041591
45.448,24.3681883888148,0.201716242300048,0.179813434704927,1.12180851576003,0.261943864676842,0.679167130935142
26.2724,16.0802218440098,-0.433871457703416,0.290052321503176,-1.4958385971707,0.134695720538589,0.525287943781334
70.33,64.2582635298859,-0.160254454619403,0.283675765890911,-0.564921201908482,0.572127361935024,0.859040327188875
30.8841,34.2294494326278,-0.257163051088835,0.179924750837086,-1.42928112942996,0.152923447536297,0.548064300941012
215.1462,89.1459098387611,-0.0741446459619858,0.188844066154508,-0.392623646968724,0.69459747153966,0.907086243252467
44.6915,22.7581156091791,-0.269266874454865,0.229767196258734,-1.17191173866112,0.241232493650591,0.654441667318621
317.3751,92.9966251385696,-0.280608928150586,0.198648890131321,-1.41258744493908,0.157777062736659,0.556066335653839
30.3827,20.5448194612605,-0.182721496932443,0.221414006515539,-0.825248139483078,0.40923072811508,0.782932144566719
123.3447,124.859685557696,-0.169229698474687,0.320370659560506,-0.528230951944356,0.597339049046984,0.868727099148796
21.293,11.9030686695188,-0.470684546416084,0.32786659923534,-1.4355977324736,0.151116840347393,0.545921801254985
415.4572,206.39374115324,0.38832808627908,0.234384069025549,1.65680239230231,0.0975594332013211,0.460907009416174
42.6508,62.2192663261816,-0.0325064785780935,0.168110560073364,-0.193363692107787,0.84667414829423,0.962588078121279
88.9257,55.708898101249,-0.165391905860399,0.157435429493915,-1.05053802941346,0.293470815916476,0.701474443497795
67.0065,38.5596571144327,0.363722403225701,0.176768685035608,2.05761785891224,0.0396268309414615,0.320825923761899
41.3533,25.6815186379025,-0.170082188014807,0.170019396893683,-1.00036931739714,0.317131812870267,0.719677586452727
45.7774,24.0421440635996,-0.198445428818791,0.198541750507065,-0.999514854240844,0.317545346956373,0.719772374549569
23.7383,13.2997283991129,0.19492097767611,0.385863156382704,0.505155712463993,0.613449473488573,0.872583217131839
40.7341,37.1795144846949,-0.954395826511039,0.212100366909791,-4.49973680110113,6.80376504008422e-06,0.00220048085112197
24.9816,16.6350656832918,0.235379611675355,0.297682877956424,0.790705912584635,0.429115625006905,0.794200985667357
32.578,19.9298925032273,0.0192729915076663,0.285058418605439,0.0676106729348796,0.946095559069393,0.983506025301001
15.4578,21.1911453560598,0.475778772437896,0.338540862804463,1.40538063410295,0.159908122283834,0.557999226263034
34.1274,33.5912866238431,-0.274165845739663,0.267141631312335,-1.02629397145186,0.304753038053287,0.711468334218693
18.1534,20.8723992197118,1.10382778038602,0.343519934208938,3.21328595654259,0.00131225567325585,0.0634663478301747
27.9598,31.5620694722884,-0.288523923865109,0.202380158772873,-1.42565321430009,0.153968467607296,0.550650806646678
194.9257,69.8862038522997,0.0608553501821491,0.122951628745852,0.494953591122736,0.620632880185816,0.87560763686857
36.7173,17.9913105765923,-0.610223888088391,0.293302462011434,-2.08052767066307,0.0374771603336858,0.313723901178824
23.0099,15.5075878461099,0.235448864854791,0.245299684778911,0.959841693506458,0.337134894854355,0.732323800633588
81.7175,68.7218017137113,-0.352287075706703,0.174422416383676,-2.01973509489617,0.0434108727404293,0.33179081217654
22.8339,22.3536456089039,-0.228627560537767,0.311145016840702,-0.734794221868635,0.462464826635758,0.809300425357955
22.3836,15.1259575446826,0.315558251265785,0.287854043129804,1.09624394305793,0.272972033853181,0.685431474903796
9.7733,15.2230748760164,0.264014496446728,0.306709813821942,0.860795724651968,0.389350560131255,0.769624599837664
28.2389,24.600320627941,0.298778408228622,0.380616897212032,0.784984614233194,0.432462589503519,0.794425813957657
16.6216,16.6560168200152,0.366662189310167,0.253815147182466,1.44460326099677,0.148569356297763,0.54414145621188
45.295,10.8703298287957,0.68308648006972,0.32943531632573,2.07350713848274,0.0381251074659581,0.315314650576464
17.4354,14.5982524350473,-0.201798396453762,0.498393458424077,-0.404897763088324,0.685552662712598,0.904227748216215
78.333,24.0524970034546,0.0185959742614026,0.206353787929649,0.0901169513192674,0.928194278822998,0.980524130688599
24.6641,19.5202312428683,-0.959338661713324,0.361638063734027,-2.65275909235839,0.00798368293326979,0.147658862541951
470.3319,285.361366876444,-0.646033462020025,0.181275357033491,-3.56382396698669,0.00036549111057684,0.0335215354402192
25.3713,13.4874413601043,0.236095917648115,0.297284583417816,0.794174776686272,0.427093690351915,0.793856844286908
32.0675,26.5217712023854,-0.187028875958363,0.264987952774809,-0.705801429838221,0.480311632768328,0.818097441491805
107.9577,77.9805492579443,0.44238426844749,0.166741916258881,2.65310773903217,0.00797544095960871,0.147658862541951
364.7186,140.808690229625,0.24007752852717,0.511883670246483,0.469007984590654,0.639063928754419,0.887067504449041
5.8778,12.1995166349424,-0.487122356285525,0.351273026410541,-1.38673430540099,0.165522795788561,0.562887426740845
81.1449,26.3214896721669,0.12903778567126,0.25281734289821,0.510399263721452,0.609771772601142,0.87201478767373
15.3566,23.5024680691633,0.874006263014977,0.325408552465626,2.68587366986091,0.00723404346440485,0.138916240902399
7.5793,12.643243267213,-0.990206282748129,0.324482231921881,-3.05165024563354,0.00227587117242723,0.0797693062452158
31.1876,24.4650139094928,0.980725095560055,0.255318577087116,3.84118189420046,0.000122443338153021,0.0198003766565873
42.8396,27.7066848802509,0.212143941314466,0.218136932251522,0.972526472820545,0.33078870153549,0.728805912032251
46.106,37.8340862756456,-0.338253661571038,0.233953092050808,-1.44581829889891,0.148228172214398,0.54414145621188
27.2267,23.1504094555002,0.132978835570114,0.21086300408896,0.63064090424327,0.528275347077212,0.84315533768357
19.4334,14.1061370303071,0.641665309860773,0.326549285049223,1.96498764272,0.0494156678012974,0.348440112513817
111.4593,53.6756210599361,-0.302801632042623,0.189462529045052,-1.59821381868401,0.109995399391345,0.483044455576231
24.3936,15.978677771418,-0.214763027324728,0.282865744148145,-0.759240140482511,0.447708918090123,0.801856980957099
38.1271,14.665976111316,-0.821159745454771,0.26503496143432,-3.09830726109041,0.00194629523336205,0.07419752698423
32.5886,16.7597434887662,0.444697793044635,0.287041197442341,1.5492472753287,0.121322288893717,0.500959278598755
89.4627,53.1234208222303,-0.0156003913434611,0.148121779087207,-0.105321387844501,0.91612079231227,0.978463935687972
100.115,63.5006464522389,-0.2979933480207,0.208509588132108,-1.42915896909209,0.152958547780933,0.548064300941012
146.9882,84.0844194638626,0.104966083986192,0.160077966451229,0.655718499636061,0.512005263584793,0.833820310760906
16.6228,18.0812381138127,-0.933404430575806,0.312654865534609,-2.98541469674485,0.0028319411163632,0.086942649442311
29.4304,14.8408039397204,0.0311603547556427,0.268123725735284,0.116216327630801,0.90748109685703,0.97705552321547
22.6673,14.2781128304354,0.0313604799001605,0.307856878072176,0.101867075689659,0.918862183772254,0.978919576851682
9.8135,11.0435995189931,-0.234339253708315,0.307197958444605,-0.76282816101648,0.445565884052669,0.801824897571831
29.403,13.5660470331304,0.44084872402695,0.231713114598329,1.9025626788158,0.0570976329029566,0.375406692991827
4.8182,11.5706670295813,-0.576421246587555,0.368825781457596,-1.56285508108881,0.118086685083799,0.492963777065178
23.4246,10.7541382953264,0.119571178574189,0.293829104623854,0.406941234522217,0.684051149771487,0.904069580773039
69.0388,31.316028862431,0.114044457700678,0.193410094304194,0.589651011292668,0.555424644833902,0.852879462595976
12.6113,14.6627216160139,0.222711359578542,0.401575861132034,0.554593493121632,0.579172740704881,0.860205581762669
16.3474,11.2632252363244,-0.124944445686639,0.351357355196378,-0.355605038115131,0.722136370103445,0.921596183859814
15.1977,20.9680320269418,0.113522570643008,0.222685862625324,0.509787955574051,0.610200024707395,0.872221249552674
23.0607,17.6382486367319,-0.248410466095149,0.291682872806473,-0.851645705848369,0.394410763601714,0.773900328517532
19.1309,15.3952569342233,-0.138742822135829,0.266980713346562,-0.519673576404489,0.603291106758036,0.870330480676954
16.1501,20.3701595809719,0.283524175091215,0.31021934359695,0.913947440555421,0.360744464024681,0.751703876375607
9.4852,15.9231867125482,-0.0327993262051014,0.363340860317553,-0.0902715047694757,0.928071463579647,0.980524130688599
154.0576,63.1055470438471,0.508663544598629,0.223823962581394,2.27260539368591,0.0230499703177788,0.25069392496062
28.7501,20.0436934051713,-0.210717368550538,0.356544280452575,-0.590999155232745,0.554520986976618,0.852879462595976
32.229,15.081242019331,-0.285760562016173,0.265084504114309,-1.07799798773959,0.281034654144299,0.688056902065977
6.1349,12.5565517418395,-0.47899658482834,0.425978161445618,-1.12446277340321,0.260816754609232,0.678946460066931
14.8024,21.5746351025037,0.0985125513762215,0.294366171988665,0.334659892169997,0.737881659881214,0.926729064238427
25.0562,11.7898025237798,-0.126754599401602,0.533114561488197,-0.237762403352414,0.812065380292927,0.952376136139739
50.8805,32.4257454552629,-0.276098624858899,0.279717890868596,-0.987061013514517,0.323612728701154,0.721814961113827
43.2153,19.5989530008085,-0.33197732543508,0.212082281210916,-1.5653232487863,0.117507134534577,0.491974869335911
31.957,34.0041294484524,-0.0153013535519665,0.339537815546324,-0.0450652411936687,0.964055306769892,0.98711586125942
19.6207,24.7509105467616,0.00389553960718861,0.21525930606335,0.0180969625816882,0.985561501064477,0.993809554322483
15.8207,14.8593705702947,-0.569968748430422,0.286342653392896,-1.99051291058743,0.0465344632238637,0.34129909328258
42.3589,15.2818620485844,-0.00488434964083228,0.243556158145015,-0.0200543056600692,0.984000051607073,0.993064444450195
57.7941,39.0683277929006,0.400746651558354,0.425663750264768,0.941462953585042,0.346467665482806,0.741201017424883
19.9483,31.2258458637517,0.132945569297683,0.237291614830434,0.560262398621562,0.575300470959753,0.860205581762669
23.3694,29.2536762717564,-0.566191922058926,0.277904315523179,-2.0373628275366,0.0416136960762365,0.326999090437901
9.0403,14.6678943064295,-0.00108948063972171,0.312914709179476,-0.00348171756635711,0.997221996921386,0.998874697895561
16.0981,13.0540277609659,0.0644306066478597,0.271975724070184,0.236898373441717,0.812735631882309,0.952376136139739
43.3784,35.373785666882,-0.0761190951279487,0.178709405253055,-0.425937823586637,0.670153152921921,0.897774389514978
56.5362,21.1596014461721,-0.204516285250287,0.258984633225149,-0.789685019931239,0.429711741953862,0.794200985667357
32.5405,16.2533949391523,0.230841037924218,0.271317247223438,0.850815937013077,0.394871607252923,0.773998732557963
105.113,47.9957853843969,-0.0572514882890757,0.169937105849445,-0.336898101229271,0.736193716736088,0.926729064238427
113.5349,52.9679847728225,0.0861355225689204,0.188021814534685,0.458114516031492,0.646870170549917,0.889663652199919
36.9919,16.2252704851031,-0.2703720365324,0.279765152596488,-0.966424996190876,0.333831561243074,0.73133509584267
17.8594,9.25848408580542,0.479178955302645,0.389314959048257,1.2308259525246,0.218387966810473,0.626576430572439
54.4283,38.4332552497903,0.15736942613657,0.265579478159315,0.592551153527637,0.553481577242607,0.852879462595976
29.8315,16.3114131082113,-0.0557971197085479,0.280186543616238,-0.199142753211486,0.842151078703388,0.962236343760892
12.4649,12.7198484362889,-0.482473418362994,0.424746715365815,-1.13590853303589,0.255994846710421,0.673699500229351
22.1533,15.6918166109889,-0.629257877124579,0.253613835048346,-2.48116541830072,0.0130953585501674,0.189790043138628
26.3635,25.6204777731655,-1.37354331175044,0.375548666338976,-3.65743094001741,0.000254755867789358,0.025541123937976
55.101,30.1337994457098,-0.40848686332961,0.193958390226966,-2.10605410187004,0.035199653101271,0.307018694903751
42.0246,17.9844870589213,0.596206968756255,0.394716398945983,1.51046921371475,0.130923739246028,0.516703318927968
3.6966,14.5581707066188,0.231967664764794,0.629794053775247,0.36832304683457,0.712632369697872,0.916902410342006
54.3833,28.821487357613,0.513946489792682,0.324066668198578,1.58592826793822,0.112755582527129,0.484950692370068
41.8082,21.7912648510322,-0.137929977058326,0.232577856585987,-0.593048620719967,0.553148613901572,0.852879462595976
32.2035,14.5527423418012,-0.393581144144388,0.245549886006188,-1.60285614685429,0.108966417420742,0.481398285974624
8.5951,9.56406637679085,0.886157060419706,0.515092379322793,1.7203847231923,0.0853625320599236,0.435313493367826
18.0503,12.2473834404714,0.104030709638494,0.303567830323076,0.342693458420078,0.731829084485479,0.924588206416137
107.7201,22.8108428619381,0.102693854634157,0.301436188877642,0.340681903578082,0.733343063416828,0.925368330709319
72.5102,43.1824416892644,-0.434120847579696,0.220602370333557,-1.96788840901072,0.0490808787563311,0.347067894082456
870.5392,617.611295455298,0.196563511284915,0.143118740888273,1.37342957368779,0.169618841220305,0.57059030748657
12.7297,9.22713248026203,-0.254642152669514,0.331038760024798,-0.769221563814577,0.441761791234256,0.800232506358196
46.8944,27.1438649106962,0.645414528553573,0.279981864161166,2.30520119753919,0.0211553078414828,0.240884631381279
30.6706,16.3819130059474,0.808536114209259,0.281451729215811,2.87273457676749,0.00406935846474075,0.104197879534421
17.6315,17.010598948322,-0.0790616872615645,0.271135684952325,-0.291594547119338,0.770596645108512,0.93741878145726
69.5977,23.8650504180445,-0.189687793738064,0.3216254745776,-0.589778511752487,0.555339150776629,0.852879462595976
27.6022,12.3550888016115,0.204707811024122,0.277446912066569,0.737826957594702,0.460619609569463,0.808947556674579
23.3275,19.3920965642534,0.453693468652579,0.279949008241193,1.62062895490487,0.105097238569332,0.475648579573307
836.6807,328.73798774825,0.492880753362089,0.215417358016948,2.28802710189822,0.0221359428804173,0.244026406284125
85.3243,47.9657562625524,0.38416238624434,0.148235817673852,2.59156250002664,0.0095541185496968,0.162631740963675
22.725,13.8281010581572,-1.01619801354895,0.293852038042227,-3.4581962416164,0.000543805116917092,0.041255338808093
24.3999,23.121913383641,-0.228755544553261,0.22979197950973,-0.995489681760517,0.319498160193989,0.720717478625013
13.8668,14.6996601244647,0.340715930786926,0.345519860802733,0.986096515538511,0.324085753374601,0.721839898088465
40.9786,24.6515893561746,0.0859525236247749,0.197788675288945,0.434567467016041,0.663876413557855,0.894553184945473
15.56,13.8176118295958,0.133363746144528,0.342669799751364,0.389190253244652,0.697135413004085,0.907872117131306
472.1322,125.340671427414,-0.114606093494596,0.182782761712936,-0.627007122666124,0.530654566255706,0.844746310730077
30.4886,26.6046887913906,-0.152082203864001,0.344752084822462,-0.441134979480455,0.659115281399563,0.893194228705642
12.6506,24.3777037699108,-0.402965090568395,0.250013339680729,-1.6117743600521,0.107011049549425,0.477894549041581
21.4212,13.899883283356,-0.484774915467123,0.239756934234836,-2.02194325271234,0.0431822146872039,0.331370242687947
17.0309,12.7118610838232,0.0534201932438496,0.37115984080088,0.143927729704218,0.885557538521519,0.973620531905895
20.2334,9.80659227117058,-0.384947970793541,0.297199796828687,-1.29524977776292,0.195234078102292,0.601676788913532
32.2181,32.9766975317381,-0.643437369562056,0.299326031227716,-2.14962048881259,0.03158524639842,0.296941805421208
78.5345,21.5878732399099,0.113797039433836,0.222584824705437,0.511252461098515,0.60917428830166,0.871566007360583
347.8499,97.8556299038061,1.07281090888983,0.320600878450138,3.3462506842653,0.000819123045907482,0.0517558100523888
239.6748,138.808739624886,0.310470290820417,0.175559809982912,1.76845879960019,0.0769842341136059,0.415514786653401
110.3866,38.0210001899575,0.0558775715320471,0.193977038551088,0.288062813771284,0.773298656953095,0.93783197504187
30.4096,16.5243357508317,0.52086217898179,0.245988950306768,2.11742103997856,0.0342241300967236,0.304352068660443
212.8323,172.83192604508,-0.135533873346931,0.193265097653711,-0.701284789609442,0.48312530414328,0.819930125297151
47.3482,37.8672250920745,0.0390500363714416,0.297305907123792,0.131346318508169,0.895501352273505,0.97580264878488
18.3977,9.77012541590545,0.037051068125836,0.332378057211143,0.111472665905557,0.911241539935707,0.97762919510935
77.5772,33.401316407874,-0.0781762148506051,0.211040161169237,-0.370432880725078,0.711059978264175,0.916002547691266
23.7614,10.5592821495006,-0.235196503832769,0.374082251661486,-0.628729384482008,0.529526237301359,0.844301693880864
15.9373,11.3641453953259,-0.168175675163646,0.366167981054251,-0.45928558439065,0.646029098378204,0.889663652199919
105.1006,70.4104224883487,0.0836517721513519,0.159458181557697,0.524600063378272,0.599861242672745,0.868760378552006
25.166,11.3162367593371,-0.16364432355283,0.327936591440854,-0.499012088995089,0.617770867590863,0.874299933340763
19.2654,20.5993583281211,0.325771098551069,0.318228054720629,1.02370326474535,0.305975452889253,0.711468334218693
16.047,19.9252656643974,-0.249827102367382,0.260998065807887,-0.957199056606311,0.338466793148551,0.733384500669198
24.0246,22.9091023816749,-0.0705557266219529,0.246770071858523,-0.285916870269436,0.774941792283024,0.939439201731936
53.1099,19.1253635575218,0.385719352469312,0.264165930980206,1.46014041643475,0.144251486806341,0.537553296801071
9.0793,10.5700820456323,-0.614104868795235,0.325333993706777,-1.88761359302873,0.0590778438964726,0.377371845748182
27.7951,21.0268325629477,-0.165842549657027,0.365144268333648,-0.454183631072333,0.649696663576061,0.890808592970812
9.1752,11.8364350888988,0.0757242947982242,0.412765055898745,0.183456166446416,0.854440109128271,0.963754491665423
616.6359,229.083661875311,0.0931129913400296,0.171207104255333,0.543861726679074,0.586536628173778,0.862471304170344
176.2985,108.21284239859,-0.247834524914299,0.175166905992103,-1.41484787614775,0.157113103390158,0.555244770941239
19.863,12.4481133745799,-0.255736925558401,0.324785332388115,-0.787402939898771,0.431046026307168,0.794425813957657
13.7301,13.3380570318754,-0.266250185595888,0.315484803658492,-0.843939811072803,0.398703040175574,0.775001241646596
18.7484,17.660181281005,0.142574168833005,0.240852745975338,0.591955753942718,0.553880217465246,0.852879462595976
40.9468,40.7584005319954,-0.38123936359346,0.281850615468202,-1.3526291683279,0.176174129228312,0.577092142192618
24.7884,16.5692790239589,-0.797476054563794,0.347063828540649,-2.29777922383056,0.0215743578286538,0.241391107868194
16.9317,11.970581153255,0.851681215733983,0.381098111077416,2.23480828421365,0.0254299377569082,0.262633558850758
17.2249,18.69042537872,0.127548203794795,0.205867452766007,0.61956468631187,0.535544422175882,0.846470977194213
27.9186,21.0386611549402,-0.124436142033652,0.191601511285484,-0.649452821111852,0.516045731769516,0.836096433402578
68.8046,30.1869099979168,-0.533601310672379,0.175259053966251,-3.04464333565976,0.00232956393730271,0.0797693062452158
51.2681,20.0094246185851,-0.686121058322715,0.281693321326744,-2.43570225623796,0.0148629128713186,0.202123322885991
28.7473,19.5744051345246,-0.593576435162454,0.189610677300377,-3.13050110686606,0.00174508341697204,0.0719963782841924
27.1104,15.0262428601703,-0.133277306528506,0.268349144992484,-0.496656348699149,0.619431409578231,0.874902053781892
9.6785,16.1342246803021,-0.401542900974603,0.337589480839092,-1.18944138892169,0.23426602208149,0.64641432675831
59.2624,43.9711308694537,0.203878941978851,0.27980345211219,0.72865055966895,0.466215442668724,0.811584672860994
31.383,33.5005906253287,-0.150537802533002,0.217114376576515,-0.693357136946431,0.488085454349384,0.821424523265154
12.6989,11.5836514254163,0.064777964694522,0.317074292704197,0.204299011887899,0.838119842088531,0.961764039147343
139.9997,104.548555155204,-0.290151553400396,0.160684638701169,-1.80572054519786,0.0709620018031061,0.400791820845668
31.7767,17.7682371984684,0.268232053053861,0.270432436156421,0.991863464553906,0.321264133678271,0.720814907838047
22.8473,11.2986345597684,-0.252830410774573,0.334024480205494,-0.756921799920264,0.449096714022193,0.802238170833249
12.5862,10.4324772233013,-1.23661310365798,0.332212715211051,-3.7223533207402,0.000197374570113232,0.0233243602566502
29.4941,21.4855135692607,-0.17872463662142,0.236548346218781,-0.755552255927081,0.449917690537797,0.803004417181169
15.1186,19.7312941814264,-0.129436986018894,0.284340065941746,-0.45521894914877,0.648951729326376,0.890808592970812
72.6419,54.7639178079613,0.0935608180023544,0.181612584410129,0.515167042560604,0.6064362972194,0.870385544215723
101.0356,74.4891280493249,-0.0855445461546241,0.153309079449143,-0.557987475118859,0.576852936872572,0.860205581762669
18.9346,12.7281486378425,-0.246840405142053,0.285441232104978,-0.864767865951726,0.387166211694774,0.769624599837664
241.5618,101.017793754503,0.533260925772105,0.215988431606152,2.46893281184841,0.013551666025589,0.19408861987558
79.7214,30.9696207685081,0.122524902066725,0.188845472251714,0.648810377107746,0.516460949228587,0.836096433402578
29.7739,43.1469043841551,-0.384740347708627,0.32481914405093,-1.1844755912795,0.236224852904625,0.648318772234484
14.7769,10.0157793280588,0.718876753307477,0.341951487859882,2.10227701539361,0.0355290167822956,0.308290767522255
398.6512,224.395728684484,0.302590011172616,0.167424939067763,1.80731743345683,0.0707127993489777,0.400119845303377
40.0376,25.2567072581963,-0.118016644818511,0.258524588589046,-0.4565006580713,0.648029997726226,0.89061962166192
26.6451,24.6839114172231,-0.146170014154615,0.204212051331718,-0.715775651835453,0.4741298890548,0.815200942429139
18.2833,39.4526048514974,-0.489204319584576,0.190385678809688,-2.5695436896469,0.0101832550293299,0.16768289510406
16.8716,11.7203357464426,-0.252058962294805,0.395039561655677,-0.638060049576766,0.52343459121037,0.8404770219461
42.1062,17.6406447744042,0.0295774835966254,0.218765518433317,0.135201762181004,0.892452353869028,0.974402387674113
24.541,22.5772457797216,-0.064336265680566,0.234572455124065,-0.274270334283447,0.783876880498059,0.944494790325602
71.9026,25.1358697713119,-0.403039637297153,0.220376602042117,-1.82886764548682,0.0674194381907403,0.393957000616611
14.8838,10.9735145626679,-0.252817761765618,0.271940980286347,-0.929678790961946,0.352537418873261,0.745993617402692
67.7943,27.9657100802808,0.0151969935298055,0.233681286102369,0.0650329933700732,0.948147730936489,0.983506025301001
27.6744,34.3333863341643,-0.0529466174741955,0.256844629324362,-0.206142591392599,0.83667953004387,0.961497780961666
17.3933,12.7127699497658,0.602708533111529,0.257789622448812,2.33798601893374,0.0193879734273226,0.22955509963564
21.8415,12.8567988900036,-0.157552270025984,0.26180793475758,-0.601785695196249,0.547316798292608,0.850684872174865
1202.9651,318.421845205519,0.222976086588256,0.198259669610472,1.12466689279946,0.26073021599564,0.678946460066931
308.1424,120.308743102042,0.00361321127658833,0.174392342665115,0.0207188642653122,0.983469920742,0.992840917193953
30.1109,16.7066940226352,0.244841847742771,0.31443899865164,0.778662471235085,0.436178568640666,0.796291534253384
32.0357,24.6138361733837,0.195548100277137,0.354366871245424,0.551823875606325,0.581069027642664,0.860205581762669
111.5738,63.621490921555,-0.162211124236482,0.172674587288627,-0.939403572833474,0.347523579329336,0.742277509551188
315.4315,122.212377822975,0.170752771838315,0.110505420969584,1.54519814810998,0.122298342173712,0.50186000189466
33.0843,20.3751169554861,0.0537417346256767,0.184716925296067,0.290941041485714,0.771096411774159,0.93741878145726
35.3687,31.4640603669703,-0.173038518638026,0.228564328419244,-0.757067035940228,0.449009701806802,0.802238170833249
21.8486,15.3885949126761,-0.552395261754516,0.258371529060703,-2.13798812803687,0.0325177067940415,0.299008302653075
21.2417,11.104862110211,-0.165793523327663,0.269450815347283,-0.615301620497898,0.538355547587196,0.848037641610695
49.5765,20.6667794028039,0.402777265077322,0.38055694975085,1.05838893585052,0.289878161534604,0.696046887782725
236.4659,108.504567450327,-0.103231244110792,0.123595787844035,-0.835232704216907,0.403586699231031,0.77908955355892
15.4838,23.7717830243485,0.0330949394653584,0.240176024440537,0.137794517760252,0.890402817222092,0.973981907282789
89.2997,98.3322445142656,-0.0680267024418914,0.156505169184078,-0.434661058139747,0.663808468499364,0.894553184945473
16.6476,19.5603656995057,-0.258254219878928,0.295131285157028,-0.875048606729446,0.381547458860038,0.76840706934271
49.4317,53.375054677293,0.275736474511081,0.251112179629391,1.09806093403368,0.272177882518839,0.685431474903796
47.2161,20.4002361675022,0.17206434141657,0.299995239195437,0.573556906696362,0.566267680001148,0.857520082739223
35.6316,20.7562215630636,-0.311866015242078,0.213166365650964,-1.46301699280609,0.14346272925293,0.535913964291342
94.7995,88.9386382162808,0.744327383128918,0.473539429415561,1.57183823963204,0.115988070679764,0.489523828521395
83.5415,68.7244941937288,0.306939818429378,0.17392818186225,1.76475034202607,0.0776057337518073,0.417224176644668
17.4811,20.0548087899282,-0.477055790850969,0.301015562385354,-1.58482102078248,0.113007004958305,0.484950692370068
18.6674,18.7167609258693,0.031334775617105,0.2685032346493,0.116701669006082,0.907096467639677,0.97705552321547
76.9793,39.5421154574235,-0.00512607693638122,0.161649625660254,-0.0317110349958677,0.974702494659396,0.990171405138368
10.0813,18.3000100538223,-0.505516477767551,0.462758823090926,-1.09239727595258,0.274658519824737,0.685431474903796
32.2726,18.4869642957149,0.0247455508143678,0.227349126939716,0.108843834799196,0.913326355189403,0.977786075622948
36.6019,26.725626670162,-0.479870460061092,0.23019010409883,-2.08467024218844,0.0370992436180564,0.313152269276039
44.969,31.9729629828558,0.0559156934429112,0.244982255608614,0.228243850984222,0.819456672833262,0.954608768637042
28.934,19.8611989405246,-0.202329379053116,0.258071156004672,-0.784006171729834,0.433036488918844,0.794805622582526
25.5287,19.8634002564105,0.41325473475167,0.404464645196524,1.02173265243214,0.306907452349642,0.711562806048396
65.6892,31.4774187110355,0.624685026562253,0.204992568989458,3.04735449505185,0.00230865266979657,0.0797693062452158
28.7163,12.4405727583169,-0.256817221713676,0.335214275253842,-0.766128535305366,0.443599825568149,0.801169544330973
4.032,11.4384370480174,0.238055112868173,0.524199430166188,0.454130811994019,0.649734677469643,0.890808592970812
35.7108,17.7622103755856,-0.339541129500138,0.274356830941197,-1.23758948641928,0.215868314761273,0.623997930943895
65.5795,27.8034906943725,-0.781904478647461,0.299348467671163,-2.61202098253729,0.00900087296782406,0.15848241944779
270.9685,137.637600343974,0.240957487811127,0.162691459025008,1.48107029868168,0.138587841567874,0.530430150410062
65.2064,31.2916797453707,0.444239394678095,0.268725178639872,1.65313647543774,0.0983030913549192,0.461124043035098
69.5254,22.1844423481203,0.398516431240029,0.230254255863822,1.73076684183298,0.0834933580948378,0.432238151215483
249.1548,129.869528229134,-0.0824538362635033,0.204057682565859,-0.404071217641569,0.686160349547334,0.904430576569791
39.7636,21.7299309140956,0.35292647338021,0.245387814031978,1.43823960766943,0.150366080690152,0.54477829726167
32.65,21.943614064156,-0.703702689390766,0.380335801318662,-1.85021417113761,0.0642826872737121,0.389740620376655
55.323,17.4998554290552,-0.183829197822381,0.241284899237437,-0.761876099181341,0.446133956087158,0.801856980957099
51.039,24.9087918854906,-0.41957818848737,0.230402265904216,-1.82106797795903,0.0685965242062346,0.395798724175879
15.5634,12.5753631489198,-0.0306457574022967,0.306289168382261,-0.100054982564873,0.920300674627579,0.97968093888036
21.4637,16.3091387311226,-0.178195663800395,0.246682697193874,-0.722367907548645,0.470068312370939,0.814088737792697
108.7779,49.7044485960189,0.321585090672555,0.165155125441713,1.94716990957722,0.0515143678906424,0.357951989213759
61.5427,36.1172177599208,-0.334111681796292,0.238619764390418,-1.40018444259979,0.161458093352222,0.559813848684495
38.4825,16.9160804001628,0.398058532474589,0.317857726856362,1.25231667768917,0.210454494131007,0.618218418472634
31.7425,15.3981385889019,0.146374254839294,0.255008034296704,0.573998600644033,0.565968748216386,0.857520082739223
44.3112,15.7718145677217,-0.156325338654871,0.384652734802039,-0.406406414178553,0.684444007574486,0.904069580773039
11.8789,11.081413330082,0.0746316595190964,0.274382380085129,0.271998732192429,0.785622994173119,0.945076240032119
290.8721,101.940703059117,-0.163497972400669,0.141269993301344,-1.15734395238421,0.247131863031964,0.661705334974845
27.9729,17.9115387781832,0.224989434380885,0.261511699218975,0.860341755465752,0.389600682104263,0.769624599837664
18.7922,15.6478546771458,0.0599540415465715,0.222884836373365,0.268991119010625,0.78793651688629,0.945862452874829
469.2893,248.700524792882,1.00311306436788,0.204212843533151,4.9120958653369,9.01079745530894e-07,0.000553713503628734
41.9457,44.0610604893571,0.0111135811585842,0.221452634397683,0.0501849128542158,0.959975034202487,0.986972027885079
111.5239,73.5327154833501,0.371116764701002,0.143014278527613,2.59496302412453,0.00946010956361375,0.162345159362391
87.8909,64.1586011557668,0.175698915009687,0.159949036578005,1.09846810439524,0.272000137890422,0.685431474903796
60.0436,43.8027658444663,-0.298156152505723,0.192007929354887,-1.55283249763422,0.120463156705324,0.498818125306075
23.1053,14.5715800279726,-0.299964628692714,0.253416455636087,-1.18368251951038,0.236538761163501,0.648318772234484
36.2606,51.7556444467646,0.295934985677477,0.299134496728315,0.989304105391285,0.322514376043581,0.721460080374155
21.8713,9.48445917400342,0.00841239793217099,0.27629867054262,0.0304467550120671,0.97571075701513,0.990704329454391
38.7378,42.9006207379633,0.261722831431386,0.257402588986588,1.01678398986509,0.309256200010931,0.714428326716982
33.4869,16.0633993983432,-0.368045407491217,0.391166141946311,-0.940892802377904,0.346759796487578,0.741201017424883
132.8262,117.262349329309,-0.00601220799378619,0.252519884301003,-0.0238088497879226,0.981005080941535,0.992308843191067
18.3746,22.546430734626,0.63191432299539,0.277541682282747,2.27682673751189,0.0227965741978535,0.248818736138205
310.1489,147.998649314374,0.00658740811392246,0.139728215868564,0.0471444373133552,0.962398110836028,0.986972027885079
13.2663,12.2444630326331,-0.139112348512835,0.324205138364085,-0.429087426605221,0.667859602071591,0.896706525157637
25.454,16.322407405226,0.247980036923696,0.231883634090889,1.0694158641075,0.284882322055698,0.692583531124325
24.9586,15.7960512958323,0.0172044626929592,0.278531629566141,0.0617684344135639,0.95074724115866,0.983955126234213
33.0038,27.3223057176683,1.15464946662066,0.277937204924546,4.15435373948631,3.26208194225989e-05,0.0080181974140748
26.3164,18.1112677906121,-0.0549157958080993,0.245490954508807,-0.22369783814633,0.822992428233915,0.956425424027844
35.4928,48.4366747934485,0.676816488661789,0.228604161337223,2.96064815575859,0.00306992427594243,0.0911337423945228
69.7288,24.3268470729686,0.129467666611068,0.263138201097856,0.49201395339372,0.622709479499885,0.877477743294994
37.6153,24.9383371779728,-0.283836057436386,0.352024300054464,-0.806296773809284,0.420071750277623,0.789918246916766
13.2102,9.04047596843069,-0.623312966226235,0.339460386746493,-1.83618763944826,0.0663299101253249,0.392518464673966
7.9191,9.91644039297727,-0.696306536792444,0.306934332192691,-2.26858472240019,0.023293591537722,0.252510274679712
20.0551,18.388843598977,-0.304801857869166,0.247863232481332,-1.22971791668263,0.218802755153042,0.627118904111681
4.0664,11.0250077176275,-0.175876309597147,0.276241422756018,-0.636676092392139,0.524335849395696,0.841045104290407
56.5507,43.5554678606575,-0.714493212106309,0.281743735698395,-2.53596840524316,0.0112136850693713,0.175989906464579
78.8948,43.8124622737361,0.134789745296424,0.164493560017467,0.819422628351599,0.412545328905649,0.78461499415822
192.8017,95.4722556042742,0.164362630237678,0.186180151078541,0.882815000876979,0.377336234190493,0.765763262582753
76.3686,48.1733990532772,0.0131934718664841,0.175801670891235,0.0750474770780001,0.94017693712522,0.983506025301001
20.4097,18.9723989092522,-0.168245153211203,0.247525482327592,-0.679708414782667,0.496689106833129,0.825576024205999
76.1056,33.2029656888007,0.243537401273025,0.245547092027658,0.991815456912813,0.321287556154339,0.720814907838047
61.5232,37.9524927522517,0.271325360337594,0.180726226673596,1.5013059550434,0.133276445444942,0.523182387982976
13.5782,28.7192096060008,-0.81806867344383,0.387802152300042,-2.10950008552529,0.0349014386429805,0.306632085969228
166.2418,163.324546125902,-0.217085899220722,0.230307924857096,-0.942589793014817,0.345890762665087,0.740850030176702
63.5778,15.8676392126846,0.089648915233753,0.416232444793109,0.215381852989172,0.82946961722128,0.95857630601018
11.4625,15.6716166866374,-0.336574331936137,0.378758291057407,-0.888625648290096,0.374204302107639,0.763312970623371
30.7685,19.759067883291,-0.697514488421964,0.266424454791151,-2.61805729871434,0.0088431954598806,0.156153552014271
12.5192,10.5585182313534,-0.525208226694911,0.286066742718318,-1.83596394919653,0.066362988633814,0.392518464673966
30.9516,16.5862339714504,0.0466009197881109,0.2751065514018,0.169392257474993,0.865488113145105,0.967866142907492
49.4483,14.6509318329122,0.538315054800978,0.249032972339083,2.16162161076409,0.0306473543113713,0.293803420036469
59.5928,32.5674455164648,0.396404849707512,0.174861555024192,2.26696399704709,0.0233924251650396,0.253074740561916
16.6465,11.050032295693,0.149362385027295,0.345804811996816,0.431926855398039,0.665794575534727,0.895930013845712
12.5809,11.0453808743951,0.0529425348433468,0.353086809518769,0.149941978618526,0.880810391930175,0.97322382739378
40.5552,25.6104007431019,-0.096540496868412,0.194849970964036,-0.495460668486476,0.620274978913857,0.87560763686857
113.5439,79.412687910507,-0.238275176375915,0.140716319262518,-1.69330165559115,0.0903980631651743,0.446869193390005
29.4514,25.854742071473,-0.11248852382655,0.341782526196493,-0.329123097890264,0.74206264633278,0.927729157594159
42.7557,25.18265699007,0.113329289253368,0.323846686280935,0.349947348712579,0.72637821178754,0.923244229043608
71.5253,42.3871863308262,0.162578788417372,0.191010919094478,0.85114918659156,0.394686485324596,0.77399628595269
22.0535,17.3370953824291,0.669571512683803,0.285277882305542,2.34708526042223,0.0189209245788212,0.228426486319954
50.333,31.6547175015011,-0.0793588470065926,0.243750239558787,-0.325574436973848,0.744746355611414,0.928854547439038
13.1842,35.8752184986775,0.218370286767441,0.275296457503111,0.793218658707125,0.427650438348659,0.794070462196098
13.7236,15.8365017761762,-0.243591635921447,0.263876850263061,-0.923126207087163,0.355941438767854,0.747270290819427
44.8672,20.1565359294871,0.228249040990029,0.187170471190853,1.21947142376582,0.222665315525202,0.631999244296704
26.7646,15.5422652943246,0.152734492798735,0.276598259904517,0.552188914172705,0.580818928821901,0.860205581762669
144.1473,87.6055341848638,0.147756139468787,0.121656253854538,1.21453796896834,0.224542359963824,0.633813873209784
17.0142,12.9434632904083,0.0988323163807614,0.279337392929535,0.353809833134988,0.723481403789334,0.922158329429804
45.7246,16.7126947036276,0.186881709451329,0.262738120112607,0.711285097766679,0.476907584290086,0.81573179759612
8.4469,16.552196161471,-0.0772513342526497,0.331964700330106,-0.232709484399489,0.815987003903922,0.954118128058941
36.7573,49.2342476850295,-0.0178457316126969,0.259359877428303,-0.068806832381505,0.945143379525775,0.983506025301001
31.0609,17.9576996241826,0.125300405866374,0.209156905000924,0.599073723460483,0.549123723249388,0.850823318045257
104.7628,68.9943048306587,0.18717433500774,0.16392814611178,1.14180718471682,0.25353417525341,0.670670472204996
57.0011,25.5452672911353,-0.21712598743751,0.244551420876637,-0.887854123518007,0.374619224864536,0.763538927629377
16.0594,23.9774888565303,-0.861518555316264,0.259050286659393,-3.32568076424873,0.000882028863166552,0.0517558100523888
118.2567,42.1979080479227,0.037085445905023,0.242232008232382,0.153098866560383,0.878320309694715,0.97322382739378
17.7214,16.9703661499642,-0.30154820799858,0.308232739863778,-0.978313361948012,0.327919363264754,0.724328606256503
22.0141,19.4568724299624,-0.150059245971681,0.202826498631409,-0.739840439904154,0.459396817691631,0.808947556674579
85.2678,38.5801011188729,0.433462155883849,0.2514828991271,1.72362477682737,0.0847756026891879,0.433760265216536
14.1703,12.4935444499776,0.631326499030647,0.325992665843638,1.9366279219713,0.0527908422637578,0.359756564465699
33.1624,30.2543598698423,-0.421153728386916,0.2354013402687,-1.78908806511547,0.0736006339477499,0.407753839170124
89.0505,26.7831011391474,0.191695330893757,0.252431814918339,0.759394496116782,0.447616604948992,0.801856980957099
40.1112,20.3696933978468,0.165506312314265,0.210441373994237,0.786472304247535,0.431590838465543,0.794425813957657
24.3528,11.5664750651905,0.86125510816602,0.275794274294214,3.12281721718139,0.00179128955497602,0.0732851890064631
26.0882,12.226376295889,0.412277575742927,0.303635001302882,1.35780649126045,0.174525094649483,0.575332022313892
9.9994,13.8617394182227,-0.00281986732437227,0.294039689738843,-0.00959009080330889,0.992348331898639,0.996727770434315
56.6118,38.4817613902035,-0.481640515397404,0.28224019155189,-1.7064915976322,0.0879165893918857,0.441018693043399
44.157,20.8506270813086,-0.013672807875668,0.208950288093309,-0.0654356976505447,0.947827102357648,0.983506025301001
24.6245,21.0132657135544,0.345333354016181,0.448193177209088,0.77050114008112,0.441002679006364,0.800104811591291
7.602,8.79244854100694,-0.540964011283806,0.432086355890915,-1.25198123918631,0.210576700208878,0.618218418472634
34.0282,10.7771255622688,0.334903013048342,0.279707125839192,1.19733457645581,0.231176172656774,0.641611345070715
18.6512,31.3775048351837,0.055900762621554,0.248510681239712,0.224943098391946,0.822023540672535,0.956186181100515
190.1998,137.904752574263,0.000530055919939237,0.189286443720634,0.00280028463486556,0.997765699044068,0.998903587589736
4.8754,12.1684970858736,-0.172076867448928,0.538868203316546,-0.319330156037887,0.749476167559689,0.930823263765315
24.2232,9.72014388965039,0.832715034525372,0.302391598765213,2.75376378816635,0.00589142718143627,0.125305786257276
18.99,10.9572315659865,-0.0878203419000085,0.364219914155029,-0.241119001150025,0.809462886385054,0.952172556821622
581.3904,195.222470511515,0.267400299275645,0.16699386258394,1.60125824469289,0.109319733153253,0.481555383675081
135.2118,52.9165475513905,0.2390289425178,0.192728020813333,1.24023969897616,0.214886748770761,0.622573819517364
38.4701,39.9627192124004,0.0186866479608489,0.218931126549364,0.0853540026736927,0.93197996020459,0.981957667401729
25.8076,21.7962609239713,-0.118459053676432,0.288441119655245,-0.410687123313133,0.68130197011586,0.902331840681287
7.2832,17.9241920219244,-0.317751824257889,0.485593054018591,-0.654358256627214,0.51288102142156,0.834433115339022
20.7078,16.324771845963,0.483882928991473,0.241047459180304,2.00741767051577,0.0447052088515112,0.337767567942552
83.3283,73.2370475318749,0.291077968090432,0.198706133452847,1.46486654957485,0.142957330685469,0.535498595921673
134.4265,55.0479638901846,-0.0517139241367685,0.155756065009976,-0.332018686613945,0.739875148763828,0.926729064238427
14.1483,21.7747097873614,-0.300832068133636,0.221717033765206,-1.35682885083251,0.174835598093351,0.575332022313892
10.5684,11.4855728716282,-0.558451766829711,0.346226931429791,-1.61296455051463,0.106752209645904,0.477432553329024
33.9473,20.8709345766374,0.15255702942055,0.205116945705986,0.74375634297531,0.457023896169856,0.807714122098486
39.8337,56.4728166749785,-0.260494082904504,0.321566413241912,-0.810078640608951,0.417894979452636,0.787960923208483
287.3677,176.284166033584,-0.110672119021097,0.170932350343101,-0.647461517956967,0.51733329244285,0.836227080137004
26.0365,13.5331745882497,-0.285513357231435,0.520236979402131,-0.548814037709419,0.583133075697315,0.861175859206921
14.9359,35.8952350648585,0.000702829093539023,0.343179407982341,0.00204799319886696,0.998365938988279,0.999341699801755
75.6737,82.2220993040819,-0.0105655583579029,0.183962775798719,-0.0574331318497994,0.954200171150815,0.98580364016842
84.9113,46.2427644277279,0.894554505073784,0.28196543136568,3.1725680014783,0.00151097169573839,0.066465395733006
51.6048,17.0564872492871,0.120114464728621,0.621094659632964,0.193391559347174,0.846652325326568,0.962588078121279
14.1531,14.7424106206545,0.103061140855322,0.381848764493384,0.269900417229469,0.787236866180808,0.945391937205602
18.1842,18.2747970847958,0.111462821889163,0.262944726005395,0.423902101336977,0.671637211605828,0.898044402472767
7.9081,9.23454218376714,0.320496214911727,0.343413226526739,0.933266951169025,0.35068215429517,0.745755542997045
36.0121,62.5702731173428,0.215863411487659,0.247771644207642,0.871219191275806,0.383634483152317,0.768770269379949
27.8337,18.9585767049772,0.0623530761353012,0.250585788004322,0.248829259759239,0.803492856783524,0.950760017024347
26.0443,52.2807491951183,0.20787365282141,0.542700427917236,0.383035726762153,0.701693274340663,0.91034277939225
700.0639,486.76402151287,0.124964368005713,0.150471569022241,0.830484913646661,0.406264674007809,0.780545485952648
33.6434,19.9759172453432,0.212471122167343,0.23669728379168,0.897649177733455,0.369372612169642,0.760726458434639
117.326,84.2116876707362,0.761542927063315,0.157903592549233,4.82283471052675,1.41532251124752e-06,0.000724763069301336
22.89,12.4283639110944,0.0690893697630349,0.296594708121219,0.232942017747659,0.815806430317126,0.954118128058941
31.3979,15.4254103984652,0.449037482340844,0.451663515450586,0.994185863989652,0.320132388843863,0.720717478625013
38.0764,26.1763287000721,0.809587511960525,0.297819273867331,2.71838521881955,0.00656014123791121,0.129940160712866
40.3619,18.3177939943918,0.214142787543797,0.205080290973435,1.0441899927455,0.296397495999868,0.704283950338992
22.608,17.2977544717702,0.153741552792137,0.253221310343982,0.607143026719554,0.543755998047423,0.850224073282803
184.8197,84.3826668869107,0.17347448862092,0.141825993085377,1.22315017753122,0.221272979496389,0.631068128592986
35.3139,33.1190497110871,0.298538838550339,0.208518124507634,1.43171649589342,0.152224973503772,0.54799206923297
299.9796,114.293050862986,0.344616523579225,0.172869183662754,1.9935104469026,0.0462055807395504,0.34129909328258
456.0861,157.65360278467,0.10101156793381,0.148847350938394,0.678625231131036,0.497375351789812,0.825850484313591
20.548,11.293168372547,0.178104561564703,0.312399473064649,0.570117996094843,0.568597670094868,0.859040327188875
43.2427,27.5577632316896,0.338557853720064,0.217695125731575,1.55519262354784,0.119900200573587,0.497828873327495
50.3098,40.7759669198888,0.245016328039825,0.150424788564918,1.62882946605629,0.103349125035036,0.47203977620292
52.1578,30.7032015297076,0.00411467806035725,0.167423621900585,0.0245764487331454,0.980392804813297,0.99192609276475
309.7837,311.898490487696,-0.0740194351205189,0.153756971657338,-0.481405391395702,0.630228405638719,0.882176207892922
71.0669,49.1909745985532,-0.411191632017776,0.20157225190203,-2.03992180539624,0.0413581145495949,0.326999090437901
1076.5591,536.705304653582,0.211857056479366,0.133136021249259,1.59128276849076,0.111545952979992,0.484950692370068
31.4348,13.6262524775028,0.24475574747094,0.282641827126821,0.865957278719113,0.386513590126565,0.769147024393698
31.4292,10.6774838659106,-0.362181881954862,0.260333355652186,-1.39122349899238,0.164157663529701,0.56211344552206
16.0443,19.7396049306801,0.0501801941467833,0.275888559811464,0.181885737419034,0.855672397687158,0.964097115413996
10.959,13.3906929144319,-0.913444758426292,0.347789717946539,-2.62642830219237,0.008628616839896,0.154585569915921
6.2793,10.505022325863,0.240692178392226,0.295020640288845,0.815848606919749,0.414586728978432,0.78606462498379
231.8775,138.123206083881,-0.00786610937712506,0.122669325689111,-0.0641245016464889,0.948871092498995,0.983506025301001
64.247,49.8832239957799,-0.0129727746786332,0.180910771263036,-0.0717081387032029,0.942834179090865,0.983506025301001
15.5458,30.937187138594,0.134038811871308,0.255705195117131,0.524192759595316,0.600144476314608,0.868760378552006
95.6781,58.7536047540108,0.0288848646017905,0.194504854139889,0.148504595062787,0.881944559830077,0.973513439941768
129.2932,49.2589056925426,0.0228674027017839,0.158370831453037,0.144391505001127,0.885191324543498,0.973620531905895
48.5122,33.3879069661588,-0.25754566676504,0.170459096743595,-1.5108942361254,0.130815399626489,0.516703318927968
45.5459,20.0740472915244,0.101652965250735,0.258080923139251,0.393880198560381,0.693669490343041,0.907086243252467
21.8218,14.1487286310863,0.504631903400834,0.286989006598875,1.7583666684005,0.0786851407015505,0.418934150232043
55.3546,59.3996820119727,0.0424105403516629,0.312157427020789,0.135862666336106,0.891929849697062,0.974402387674113
35.2188,18.7798293119347,-0.136236399880606,0.235909896674802,-0.577493364207631,0.563606220026572,0.857029681441673
41.7476,24.5817503186644,-0.0205300150299196,0.273075110283104,-0.075180835809736,0.940070832004597,0.983506025301001
56.8965,43.1638195598866,-0.438702778532716,0.210218230915437,-2.08689216259835,0.0368978835125341,0.312310598050306
60.3748,55.8065532806375,-0.0459378103230613,0.201113415063583,-0.228417434553224,0.819321736865359,0.954608768637042
34.0967,14.3920726564729,0.102265140458647,0.223199863752748,0.458177432276269,0.646824972037539,0.889663652199919
175.8111,97.2612205176815,0.13328045332621,0.263938563631644,0.504967714805852,0.613581512112465,0.872583217131839
58.5931,33.1758097932412,0.19250476413335,0.182391991487446,1.05544526688608,0.291221729263985,0.697927773140931
52.9729,53.5828559946769,-0.0251611115933085,0.178218037839524,-0.141181621671566,0.887726464426057,0.973620531905895
44.3827,42.4144332769695,-0.0448333388314966,0.273555402958529,-0.163891256932305,0.86981674999169,0.969204823035913
13.3793,21.8449379772348,-0.017815036403412,0.253863503891587,-0.0701756500257708,0.944053854998905,0.983506025301001
41.4489,21.9874896592946,0.233217189976212,0.269196567670376,0.866345332685594,0.386300813264124,0.769147024393698
48.3452,17.8209653993104,-0.0820017692135596,0.246877309449299,-0.3321559579391,0.73977149801176,0.926729064238427
224.5121,72.6575025284775,0.00830348795159212,0.149108992085435,0.0556873722735277,0.955590859358316,0.986804138779106
62.6372,31.9123976209735,0.14112567910235,0.206277070384357,0.68415592115687,0.493876712941618,0.823555425254474
37.2942,21.8047832094927,0.481952573455685,0.244275756380766,1.97298569696961,0.0484971919300191,0.346070274056714
44.9465,59.3395935117196,0.0401279240514639,0.257232862506135,0.155998435271881,0.876034254594486,0.972137555705776
414.1607,628.065358216905,0.403351238864135,0.229515790977512,1.75740081824547,0.0788495139594012,0.418934150232043
35.4681,17.266689577324,0.21404703889581,0.241977704332509,0.884573392768788,0.376386762347831,0.765135165338842
89.9393,84.1493514305261,-0.131434768786734,0.192696776388601,-0.682080786456316,0.495187869053949,0.823972232693343
80.2522,44.0567824975171,-0.173554132559205,0.289977059918604,-0.598509870428788,0.54949977488633,0.851079817206206
10.8486,16.2336043060097,0.368404471826832,0.308119027080312,1.19565635176047,0.231830691113633,0.642315589876151
14.5585,17.0634248586117,0.0344020656208865,0.262301526270784,0.131154652853114,0.89565296778325,0.97580264878488
18.6873,12.4235982100811,0.130050975091801,0.298887876300724,0.435116260657393,0.663478041095075,0.894553184945473
35.3323,29.4825457440106,-0.127244500140358,0.212084398990304,-0.599971052779677,0.548525527519673,0.850684872174865
36.3196,12.344338314631,-0.601069175911798,0.342126000479581,-1.75686494177361,0.0789408325478991,0.418934150232043
7.9178,15.5168783121875,-0.700007544473053,0.348293554158755,-2.00982055543292,0.0444501844200655,0.336801952233419
16.2774,24.6915558279534,-0.197261464898054,0.287610586429205,-0.685863018281526,0.492799492631673,0.823555425254474
121.0965,41.2120481468018,0.433752656014233,0.246624415500717,1.75875796860418,0.0786186266653287,0.418934150232043
31.3153,17.1297296170785,0.539031862633115,0.269293727038039,2.00165027444912,0.0453223579073485,0.33934106017789
81.6969,32.2693437840885,-0.129610751192349,0.25311154379303,-0.512069695637163,0.60860223268194,0.871559244891755
10.1071,8.60945068858996,0.0560809925416004,0.483389593804531,0.116016135349984,0.907639753988008,0.97705552321547
430.5846,90.4156592550592,0.767420837860692,0.342817923138792,2.23856684864752,0.0251841132898934,0.262633558850758
17.9841,10.7775522688449,0.329380697504318,0.303104407120912,1.08669055865269,0.277173587928034,0.686510156315102
29.0035,14.5444617674801,-0.123964668763926,0.242013427773723,-0.51222227586409,0.608495454627012,0.871559244891755
35.2638,30.7556103564063,-0.0249292485572376,0.273476116197758,-0.0911569496592185,0.927367881672098,0.980524130688599
20.5823,11.4410774919552,-0.0247212842111847,0.251455357353934,-0.0983128157273197,0.921683902003086,0.97968093888036
54.5134,69.2191236703183,-0.831086216177756,0.328572158014955,-2.5293872164906,0.0114261890331509,0.178207948245463
300.2969,164.419434091115,0.110246585241297,0.157872071192186,0.698328617650731,0.484971706224478,0.820356159365418
38.8798,14.4112644378768,0.608392405575201,0.606902466762615,1.00245498888896,0.316123895331558,0.718943038678086
52.1997,30.8644817930014,-0.281916037815798,0.19193967638977,-1.46877416445839,0.141894053754453,0.534683656682794
60.9229,22.4554516122677,-0.147966443617833,0.255074745625789,-0.580090527013244,0.561853571613382,0.856011509510132
117.9368,58.8693041458114,0.441708346761867,0.177402898390255,2.48985980933743,0.0127793491794979,0.187420288085954
8.6402,12.1653396705414,-0.0104749549300048,0.310433830745993,-0.0337429554788948,0.973082124941736,0.989834407840915
14.1992,17.7370378038812,-0.256387506356843,0.256134180885902,-1.00098903422443,0.316832109900187,0.719677586452727
5.026,12.1526186236068,0.597878512916202,0.443225016731057,1.3489277237232,0.177360182349899,0.577855592511648
28.5319,11.9815121178793,-0.104629358519771,0.250375157951088,-0.417890334552322,0.676027299615282,0.900415084512777
48.4291,14.8447864315911,0.0532142248404525,0.247581656006772,0.2149360566479,0.829817172652071,0.95857630601018
20.5234,12.0484027165159,0.233058439247071,0.321317570642947,0.725321179233143,0.468255015590294,0.813062184459552
12.2956,16.7474025964338,0.18050706827177,0.32695050712707,0.5520929447637,0.580884675446219,0.860205581762669
16.2723,15.3355146925632,-0.438181643612051,0.26415024005662,-1.65883492484477,0.0971490606338235,0.460633470366393
37.6545,15.7848770932804,-0.135584024850023,0.288980680932437,-0.469180238666965,0.638940809359087,0.887067504449041
14.1821,12.3651006252051,0.125698574044786,0.279803641830524,0.449238520351074,0.653259602496523,0.891167233459756
57.846,31.7965694904102,0.141191569322636,0.192455721677033,0.7336314456765,0.463173390413189,0.809300425357955
117.3322,101.564182836823,-0.125992241053678,0.171714898637678,-0.733729234057462,0.463113777572866,0.809300425357955
32.3235,17.2403456517594,-0.423664685731099,0.264095303737679,-1.6042113575481,0.108667472084367,0.481398285974624
53.7622,30.4743225846962,0.0355223678868483,0.196738444644843,0.180556311456941,0.856715850564143,0.96416815750916
14.0226,12.9099481045598,0.334502528236607,0.273833440019431,1.22155470936227,0.221876064676178,0.631509225305751
28.1188,26.8366056190683,-0.0607568631185449,0.270562269186216,-0.224557782211416,0.822323310970118,0.956186181100515
455.3665,152.222832306353,0.257453658378335,0.211436089031731,1.2176429272663,0.223359694054507,0.63266556249915
272.6386,78.3340824570174,-0.167467548491062,0.197797579884558,-0.846661261420906,0.397183956944594,0.775001241646596
24.161,17.2145423099404,-0.0572241517714446,0.222399873085912,-0.25730298753066,0.796944886362861,0.949539337884326
72.0085,71.2597193882236,-0.35047507901295,0.225997639361553,-1.55079088437847,0.120951805839878,0.499831100797611
49.0885,16.1724956406345,-2.430885033198,0.668470385340913,-3.63648874580774,0.000276379712431334,0.0269579894109611
107.7133,54.3690547013613,-1.30969944289786,0.581483235833897,-2.25234256499181,0.0243006322568747,0.257905673952496
43.6443,26.8523944989644,-0.370129311042761,0.179830081295089,-2.05821689217503,0.0395693177774721,0.320825923761899
25.0363,19.4831976777973,0.150299442804607,0.222353763465432,0.675947375309315,0.499074057348809,0.827372437724675
21.0954,13.6886829498662,0.0574494126644495,0.259429784574056,0.221444938401243,0.824746005050059,0.957033881330867
19.882,10.7314591442082,0.675099793630549,0.283540977497325,2.38096023928999,0.0172675756355074,0.219687892919655
56.1903,38.4133197350436,0.257291687432359,0.177056434947846,1.45316202434634,0.146178773325678,0.541451815603552
94.0616,43.805024075599,-0.400653498499704,0.188670729730574,-2.12355938343931,0.0337070049245114,0.303709010646807
36.1981,20.2358046818203,0.411474959725466,0.243350868416279,1.69087113764309,0.0908614168127214,0.446869193390005
24.1439,30.331654027211,0.555770380020242,0.361295873380382,1.53826938243248,0.123982762668448,0.506669347849723
24.5036,18.2871603794258,0.142219314467307,0.282420537858429,0.503572847590135,0.614561577050245,0.873174772479481
17.6614,11.5577358699995,0.258192278597298,0.286731007329056,0.900468634356639,0.367870909908894,0.759088899056466
19.2926,12.1431567833068,-0.0792710627994882,0.306716883106571,-0.258450275043858,0.796059420266628,0.949337740955141
12.2872,16.9539530773896,-0.0525645966888988,0.226393047759126,-0.232182910249195,0.816395950745958,0.954118128058941
34.3151,15.8708201615413,0.0534814798774665,0.208771711777588,0.256172061923994,0.797817980355789,0.949744344233985
42.5233,24.9234717737496,0.102716482588185,0.227817820131375,0.45087115015389,0.652082417523701,0.891098926369064
19.6731,15.9905034644947,-0.0386020782151297,0.278701188929763,-0.138507045353359,0.88983970189786,0.973981907282789
20.9546,12.2153379265955,-0.248653672546597,0.287140815157272,-0.86596422180666,0.386509782480361,0.769147024393698
41.1347,18.0010856899622,0.181333824907711,0.252431619686357,0.718348300157547,0.472542555786345,0.814529151215571
199.5859,76.8093682550341,-0.200036599660614,0.185303130808518,-1.079510091318,0.280360397657537,0.688056902065977
31.349,10.1004205966767,0.0385299681639498,0.296504039757759,0.129947531896794,0.896607938065804,0.97580264878488
12.6661,15.8261819125862,0.403068466341287,0.398764390998597,1.01079352981321,0.312115260517277,0.71613496166402
27.8164,15.8352677690368,-0.675870000322678,0.387446204932883,-1.74442281720054,0.0810853891685694,0.424240861569252
16.4961,19.0142318319041,-0.352149821381012,0.279859609113361,-1.25830884455487,0.208280083749984,0.616810175731879
29.4963,30.4873734482885,-0.754190846657407,0.246237362315167,-3.06286113352731,0.00219231769289729,0.0787824106599639
27.2821,31.2752736978137,-0.149306625292884,0.236000736081059,-0.632653218681496,0.526960125616982,0.842876938280911
153.1183,71.5987218023765,-0.267418021387361,0.137743440338349,-1.94142109947656,0.0522072210910954,0.359520164192474
35.7126,22.9343970912801,-0.662888807385093,0.217109615114533,-3.05324481845447,0.00226381167260802,0.0797693062452158
132.8593,60.4560263762544,0.264042298164235,0.282423669518487,0.934915613179337,0.349831790113886,0.745394018810621
102.623,28.3052685999814,-0.182686948947574,0.221883788733273,-0.823345184389211,0.410311725474614,0.782947193170853
21.94,16.3772667180916,0.119716483263586,0.253859109396202,0.471586320255867,0.637222092891822,0.887067504449041
21.0275,13.9015053392666,-0.0435075029300636,0.278914906159217,-0.155988446545154,0.876042128063858,0.972137555705776
23.1926,14.7074859502445,-0.212364523718279,0.359456691269346,-0.590793074315457,0.554659075980235,0.852879462595976
61.3811,13.2184552898431,0.453239282886101,0.413251642325029,1.09676341595667,0.272744826481695,0.685431474903796
47.5565,24.2659557702845,0.01773275104477,0.287780489148014,0.0616190176660987,0.950866231812764,0.983955126234213
26.6384,15.246032624257,-0.167242472551954,0.2544517801664,-0.657265877419229,0.511009973120692,0.833820310760906
22.7114,14.2589326801907,-0.187969566902233,0.274770937756082,-0.684095517660227,0.493914852104143,0.823555425254474
282.9503,116.626899912201,-0.0719996496819815,0.172283671960194,-0.417913368474157,0.676010457953908,0.900415084512777
28.0246,17.06005474216,0.962146911311795,0.36280071637664,2.65199837784484,0.00800169263246046,0.147658862541951
32.6962,20.2106001051962,-0.0865320497704331,0.236528964593352,-0.36584124028616,0.714483544595228,0.918481816028543
22.3258,28.3258651696575,0.340725754690018,0.20054828306809,1.69897118777295,0.0893246124924559,0.44373622789609
105.4715,68.2161364261883,0.426688916544774,0.242373099780066,1.76046317405669,0.0783293061559974,0.418915218736818
40.6293,11.4852270995666,-0.0635218776751959,0.252498382111345,-0.251573404724567,0.801370817530168,0.950760017024347
19.9739,12.2933352108451,0.330949063397466,0.386573179460586,0.856109738030104,0.391937082725475,0.771198646605202
45.4167,32.4152325007298,-0.552769232201036,0.334954308236529,-1.65028249707031,0.0988851704488013,0.462442444754859
23.9492,19.8621165040969,0.132199816644208,0.367071749330964,0.360147074475657,0.718737151063596,0.919558566164021
161.971,73.3296538986725,-0.121019945904408,0.180168915867299,-0.671702692564033,0.501772986895442,0.828424235484281
25.8029,17.5381717969105,-0.682474548407225,0.215728626007825,-3.16357898827237,0.00155842056016064,0.0679183995899795
115.9914,84.5843052297772,-0.104349743942954,0.265472221529801,-0.39307217659773,0.694266173417521,0.907086243252467
37.1726,50.82065665768,-0.917259538830751,0.305793498501709,-2.99960444981672,0.00270330418111525,0.0850703296638377
27.5291,13.3066192441941,-0.511455802944265,0.316554272303888,-1.61569704689777,0.106159829788821,0.476517278343537
32.3089,30.72431161965,-0.215492308204058,0.195133337027065,-1.10433363917806,0.269448435673176,0.684488539880795
129.314,58.2937664392343,-0.232538971758654,0.187903939503089,-1.2375417586965,0.215886021348531,0.623997930943895
14.4575,12.4913808583912,-0.309331191560136,0.247654069144923,-1.24904546340856,0.2116484458579,0.619024686443846
28.7756,20.1164522177756,-0.05115291799233,0.239653097378209,-0.213445678574323,0.830979354943687,0.958619540275502
15.307,12.4701615970309,-0.349146430426701,0.24640426885164,-1.41696583445526,0.156492916688237,0.55483028032572
14.8976,16.2273734704644,-0.180985344313562,0.281001705609275,-0.644072049033102,0.519528714366612,0.837048754531419
50.3445,16.0420430006652,0.497343853847585,0.278153787846558,1.78801754848632,0.0737731766616982,0.407753839170124
29.2813,13.3619634390236,0.466013758546872,0.465789992535007,1.00048040107227,0.317078077715139,0.719677586452727
139.9797,77.4293712594233,0.223066461471305,0.148121375668803,1.50597076528696,0.132074678667676,0.519257133981363
21.1447,14.9422235415741,-0.557416212696331,0.279124366229334,-1.99701738772009,0.0458232941737638,0.340070636271343
44.9951,41.6116320431137,0.414926937896558,0.168649254784308,2.46029511619974,0.0138822810218365,0.195925853358051
19.9079,16.7175102675933,0.0557948608307932,0.388257360436364,0.143705867592787,0.885732737628049,0.973620531905895
26.308,12.2403447803588,-0.518395294695411,0.22658911365977,-2.28782083270689,0.0221479571212776,0.244026406284125
40.8614,58.7655884766006,-0.51855036732867,0.198035413767711,-2.61847291584379,0.00883243027744198,0.156153552014271
20.4681,17.661543279052,0.264187226740865,0.405604756835809,0.65134153948744,0.5148260392346,0.836096433402578
62.0552,46.0922669912787,-0.00927426475586786,0.209115771532866,-0.0443499057382683,0.964625491755069,0.98711586125942
76.5912,45.6105100225707,0.129539063010891,0.172904817302504,0.749192908745028,0.453740942626558,0.805616322577348
42.1419,39.3991538368338,-0.181277788496721,0.273371194346584,-0.66311956872418,0.507253978682159,0.8316726205903
12.0009,16.0867125859227,0.672255718004506,0.28109308276831,2.39157688045497,0.0167761700416215,0.217268569875728
37.2126,30.2837758684021,0.106724482262884,0.258107208917881,0.413488963405279,0.679248406824468,0.901704037966504
5.5047,13.9274696582124,0.0439063398020689,0.327241307246766,0.134171141691963,0.893267245144589,0.974631964029385
49.3864,26.8899318042033,0.418252625070407,0.40048869263919,1.04435564039063,0.296320879021459,0.704283950338992
173.5932,91.807184210598,0.0750947213307107,0.289257003596167,0.259612456732598,0.795162726636343,0.949184098993437
26.138,11.9617134554906,0.146441763524472,0.272969215549167,0.536477211285004,0.591628781564541,0.866006329568277
747.583,277.46173321571,0.504110720780791,0.173469750679517,2.90604395755504,0.00366030024191156,0.0995245353387016
193.9016,39.5401026342417,0.720771235480588,0.282886583674944,2.54791593902101,0.010836858036205,0.172967513331116
81.7524,50.3132703416639,-0.00639329742378955,0.181232760458339,-0.0352767204318956,0.971859086178633,0.98940922540883
15.5474,9.66833484823929,0.194321189032729,0.319381416740653,0.608429854860726,0.542902415640543,0.850224073282803
13.1063,13.2325208173053,-0.459479260890913,0.311422970128131,-1.47541865875169,0.140100022011149,0.531757032278265
60.2121,57.0469508393863,0.00125783237426531,0.206729259348512,0.00608444289999997,0.995145346902592,0.997844972390574
61.41,36.6526171699943,0.310996977138991,0.191586721179069,1.62327000130825,0.104531699405125,0.474460484171129
24.8122,22.0796064645316,0.228434964404444,0.275181309926398,0.830125288906952,0.406467950374039,0.780545485952648
39.1471,24.301827538671,-0.360495531972246,0.357306524427062,-1.00892513102104,0.313010541663495,0.716674940404185
15.3642,10.8683812600989,0.831747844310817,0.44735660388249,1.85925017556977,0.0629916857138831,0.386311286139532
12.1993,19.157392658837,-0.101266495148624,0.287249063332985,-0.352538991680659,0.724434081848402,0.922238954414426
19.9616,27.9694380261268,-0.133559584068394,0.326142757068383,-0.409512647985588,0.682163486814114,0.903036326254358
11.4233,13.2283517147479,-0.0970603875140361,0.292992087726886,-0.331273067020538,0.740438233246363,0.926848356797251
46.0706,11.4398386583896,0.0359825136729955,0.270615117939898,0.132965644886798,0.894220550605053,0.975152667873656
81.4948,49.0809643155914,0.174070023644744,0.175630392410287,0.991115610777103,0.321629131128767,0.721054728488243
189.0486,114.581917998814,0.177160263672202,0.138383794067671,1.28020961461404,0.200471425415912,0.607743911781342
41.1618,24.9897257530147,-0.711661448983464,0.247497690104182,-2.87542662997742,0.00403481906689976,0.104197879534421
51.5462,44.8276579160152,0.415785860443926,0.218776111567344,1.90050850371723,0.0573664200897401,0.375406692991827
49.7656,43.6940227168972,-0.011188911136978,0.22895756311223,-0.0488689300536164,0.961023749491497,0.986972027885079
7.2977,10.5792904287981,-0.0531470032888991,0.270951135700642,-0.196149771254763,0.844492941001082,0.962236343760892
47.3706,12.7112630617828,0.397553704380461,0.319669925806395,1.24363811634015,0.213632781144788,0.621647161191338
14.9093,18.5698667343243,-0.0436256110961915,0.31072995091319,-0.140397187229561,0.888346180108469,0.973798271737986
43.6608,11.4959709044431,0.254323915878122,0.274001480280544,0.928184459506296,0.353311894237981,0.746206416616314
161.5212,90.7502793957697,0.123706926260932,0.123710463853133,0.999971404260468,0.317324346724403,0.719677586452727
164.0911,185.998158047201,0.328484762643681,0.174421762972686,1.88327853729538,0.0596626304771595,0.37913843255651
20.1911,11.1300484096095,-0.0937905528935326,0.332762348471821,-0.281854462574437,0.778055108000965,0.941126275564241
15.1809,24.4341054755133,0.433715303854288,0.252348271281853,1.71871715883428,0.0856658860862805,0.435775554635922
745.4961,415.631386294324,0.529991394040415,0.180633392941771,2.93407207498595,0.00334546512529085,0.0951753851616309
32.1492,19.3261943018206,-0.103245589892114,0.211455421269219,-0.488261730403521,0.625364464782363,0.877967703012937
10.2254,10.9425555254205,-0.141739517682752,0.341778538121362,-0.41471158037554,0.678353053894119,0.901646311154776
44.096,13.2469388193437,0.184461056305255,0.263691782165797,0.699532821198328,0.48421910898346,0.819930125297151
77.8369,44.6501739388417,-0.0507294128034707,0.197594606992425,-0.256734804535508,0.797383501707001,0.949744344233985
31.7405,24.1521659065519,-0.196201451737341,0.27900352357561,-0.703222128605735,0.481917330853954,0.8192535575172
24.2249,23.7688361570424,-0.14757829413306,0.228375787629231,-0.646208145202562,0.518144565232642,0.83641285312813
26.157,10.6479848516278,0.358693732758679,0.275608390194017,1.30146158651474,0.193100504910362,0.598991722702762
1.0131,12.5152794967408,0.473325496914883,0.492482067572791,0.961101993515578,0.336500887448697,0.732323800633588
20.3035,12.2200966354702,0.209076676317395,0.302348274682383,0.691509407609585,0.489245470763102,0.822139250099332
36.1399,22.9062681499961,-0.120218823121561,0.202621151539102,-0.593318230640701,0.552968200384442,0.852879462595976
64.6813,31.2282660866144,-0.183011375061281,0.241524132176417,-0.757735359246021,0.448609426571186,0.802238170833249
132.9669,70.8287180392819,-0.322299185760658,0.170332414404758,-1.89217763915906,0.0584673166160474,0.375645545917747
34.0578,17.3559463820805,0.468384333226493,0.228957627393689,2.04572496037057,0.0407834385386584,0.32511578267822
30.7704,10.0111368457388,0.422955843576953,0.333508872207922,1.26819967569938,0.204726652826493,0.613351999766995
29.8641,15.4496608845061,0.759099456299722,0.3008145402725,2.52347993422151,0.0116199691930971,0.179860732220609
87.0651,101.106702452038,0.476965019848797,0.170996855010769,2.78932042240636,0.00528187791364415,0.120745075270462
44.1314,20.8508519848512,-0.225791573167912,0.275200062261626,-0.820463379667613,0.411951997255246,0.784214691181377
17.8718,12.7542044681069,-0.289715156953856,0.259195940474372,-1.11774573484303,0.263675603685371,0.679650413022905
41.6857,25.8136836158964,0.22508793891878,0.206127861903331,1.09198211653862,0.274840961778151,0.685431474903796
32.8186,26.1635826628842,0.165385971678328,0.205020362010387,0.806680712376991,0.419850459148998,0.789918246916766
26.9447,11.9559694858167,0.220484091848077,0.395894092865749,0.556926955520009,0.577577336778536,0.860205581762669
14.7525,14.2476606607813,0.0529020132349552,0.252874409142612,0.209202716140091,0.834289992165953,0.960238247211047
12.0503,21.4019908387911,0.0824961927768413,0.215448567536161,0.38290434566475,0.701790689112698,0.91034277939225
64.4135,15.8873639465248,0.27999051486641,0.264595727678595,1.05818229690585,0.289972340557165,0.696046887782725
42.4219,16.6208795191449,0.611235922749063,0.240653977575196,2.53989536723146,0.0110885636790234,0.175165099762464
25.2428,21.6186629897678,-0.415912121726876,0.199746556557116,-2.08219920731374,0.0373242776605261,0.313723901178824
11.7197,11.9087696130323,0.654102806938936,0.369182563997888,1.77175974904025,0.0764344467402624,0.414553994014927
18.845,12.7721534281744,0.722526426382258,0.361817638890334,1.99693533073232,0.0458322085505014,0.340070636271343
220.9669,114.715384848637,0.458990159922306,0.151344816239968,3.03274450572886,0.0024234068456322,0.0809338862304884
19.4069,17.5246584413518,0.343657598984807,0.33191057799125,1.03539212598963,0.300485821461098,0.706170936762129
16.4513,13.8999655299632,-0.0925589393534382,0.256191212049315,-0.361288502494072,0.717883787781939,0.919232314215465
29.8479,10.1444783414512,0.162522817753067,0.306582095582304,0.530111901819905,0.596034347592749,0.868727099148796
30.9842,23.0852556956779,-0.219054421314841,0.300217376912611,-0.729652705541441,0.4656024969214,0.811005184826568
28.0758,27.3908750752645,-0.626466153670135,0.297060155773857,-2.10888650495102,0.0349543793268239,0.306632085969228
35.9497,23.4932017296993,0.072199466033406,0.34202089889287,0.211096650137806,0.832811854138879,0.959782536439969
6.2973,15.3099399002211,0.370486477641152,0.44468946854024,0.833135263709594,0.404768447501782,0.779229984304027
12.8514,17.6843601777986,-0.437690950993612,0.310300022041808,-1.41054115340875,0.158379953701652,0.556776210238359
52.5071,24.9798416133457,-0.40146495993734,0.3015803631384,-1.33120391447072,0.183121923743638,0.58455835790285
30.0901,12.0809206936591,0.358026457366309,0.279391915364084,1.2814488812239,0.200036044225505,0.607743911781342
200.6645,61.369760595303,0.382487470669492,0.178008705172437,2.14870093178295,0.0316581147900801,0.296941805421208
37.0822,18.973234126827,0.38466098561179,0.347757887672405,1.10611721328992,0.268675789189695,0.684488539880795
19.4392,11.184257853705,0.221030261876295,0.281139013296647,0.786195623597327,0.431752889619166,0.794425813957657
18.6858,24.4848181563805,0.0660061068364652,0.196138750117524,0.336527620355055,0.736473026851365,0.926729064238427
34.1929,13.1936687481345,0.392302191947374,0.383224336948447,1.02368809630206,0.305982619618614,0.711468334218693
19.0608,10.2886381037198,0.254955882375404,0.264556568632505,0.963710270711754,0.335191203601365,0.731944826205843
79.6639,52.3360283654099,-0.272046446641876,0.280588271856833,-0.969557440307717,0.332267135702109,0.730512182071363
14.0088,10.6124612082511,0.0531474207469116,0.292405519799405,0.181759293680132,0.855771631259768,0.964097115413996
14.2602,32.0821193399645,0.0882721903807562,0.301711445130679,0.292571567321628,0.769849649217452,0.93741878145726
24.1794,19.1078012303088,0.18547639637487,0.24276036054872,0.764030816050983,0.444848878739591,0.801641161247737
37.3424,20.2268538050581,-0.576147825235652,0.204544489756251,-2.81673598698371,0.00485143875193806,0.117144284090161
16.902,15.1867127542633,0.497837295371471,0.25534013309483,1.94970249814423,0.0512115884014531,0.357202282323416
24.5932,9.51020801400732,0.787705231869787,0.419433133447114,1.87802338216827,0.0603779664705175,0.381389481845622
64.2202,28.614076259128,0.0416408281511897,0.242437203874709,0.171759232847404,0.863626816614777,0.967369082773934
12.6698,17.4018159173692,0.582109084893588,0.329283037382633,1.76780768763733,0.0770930592906931,0.415514786653401
38.8049,18.1110515726059,0.19580806615119,0.280416499925179,0.698275836847817,0.485004707400255,0.820356159365418
38.165,8.08969344329694,0.830717112381405,0.329894537849095,2.51812933247596,0.0117979990629069,0.181448414405806
17.4017,17.333228365714,-0.116417933511765,0.216737566503123,-0.5371377716843,0.591172451644145,0.866006329568277
72.8085,41.9616077303121,-0.300439921168915,0.163089014447713,-1.8421836822445,0.0654482864740854,0.391700031352207
251.8988,91.5613198123465,0.229007724841904,0.168732343474822,1.35722482202161,0.174709786035471,0.575332022313892
124.6793,52.3198970625254,-0.246471968943774,0.170294008976219,-1.44733200202124,0.147803960250495,0.54414145621188
23.9208,17.2510758161827,0.531420632691932,0.318471592745707,1.66865944968681,0.095184889776313,0.455287488783215
32.6333,29.2999033721066,-0.159084453685016,0.277376538122012,-0.573532479574888,0.566284214118107,0.857520082739223
14.7868,10.1678059144223,0.538261813344331,0.297980384159136,1.8063665998124,0.0708610951324598,0.400590091618183
58.9844,25.9793099273121,0.0119572835124965,0.223402315882404,0.0535235432330554,0.957314772744716,0.986972027885079
302.4082,280.512063351643,0.0889855993432511,0.147019298451193,0.605264752863669,0.545003097191593,0.850684872174865
13.0882,9.88228717382935,-0.0275726827335069,0.252636915824155,-0.109139563565202,0.913091795111297,0.977786075622948
236.8036,148.533127829241,0.14876909033497,0.127429064570965,1.1674659218119,0.243022262703772,0.65700475332806
61.4769,20.4006755286424,0.761411129314914,0.313381328179321,2.42966335530758,0.0151128528022371,0.204556124382702
183.5375,127.735778159698,-0.0190307079877738,0.178319583817186,-0.106722478711504,0.915009149018662,0.978376756693871
46.0376,26.4075551039465,0.713158675169011,0.248252207542042,2.8727183626282,0.00406956730484312,0.104197879534421
10.7738,10.9072298894234,-0.0226831908973164,0.307564313415279,-0.073751049481118,0.941208477744813,0.983506025301001
13.8809,13.1400654705629,-0.367182792023024,0.247477201790739,-1.48370350628704,0.13788759568625,0.530153495536389
462.9162,196.997507403317,0.177908664723268,0.18689861487352,0.951899321691949,0.341148043592545,0.735563062412698
85.725,32.0983957749897,0.0844412079474085,0.241420968410664,0.349767497427033,0.726513193439248,0.923244229043608
22.2774,14.0891776158965,-0.471103294458307,0.337881104843504,-1.39428718476728,0.163230899235947,0.561306030109063
44.4728,19.8915146511385,-0.14345351411943,0.263710484811041,-0.543981079183182,0.586454493132756,0.862471304170344
42.8395,13.1405738326821,0.345245759660962,0.505389033849295,0.683128711819089,0.494525514068003,0.823762343168305
816.207,580.503431875446,0.397193771886162,0.161915794940505,2.45308848362885,0.0141635494053982,0.197806843400391
11.6042,10.5604496522476,0.240736081630947,0.341368627597969,0.705208569764832,0.480680448960171,0.818221983063782
38.8346,22.1023772435235,-0.20668358720404,0.213532772122296,-0.967924432160076,0.333082111341175,0.731112760260622
34.2717,19.4528837943009,0.126577772046465,0.269111655791209,0.47035410515504,0.638102047963428,0.887067504449041
79.7109,27.6166146566296,0.214994761528636,0.25655766580895,0.837997807825146,0.402031934689293,0.778696547997498
57.6096,59.8456526351695,0.529641269650221,0.189992462270763,2.78769622394501,0.00530842950745544,0.120745075270462
154.857,102.770670925786,-0.232269333291005,0.127162598557982,-1.826553844644,0.0677668784462018,0.394344193230975
23.317,15.4306114363453,0.331071731820048,0.301919520793335,1.09655623111123,0.272835429600049,0.685431474903796
29.9063,17.092228787458,0.447717854240945,0.265494579846525,1.68635402839394,0.0917276304004035,0.446869193390005
39.717,23.298470669893,-0.609605513235644,0.206493280117733,-2.95218087914568,0.0031553803570762,0.091894844996366
1092.4986,393.223037761402,0.296383983863378,0.132614465834926,2.23492951539923,0.0254219764872064,0.262633558850758
156.8554,98.3132204903437,0.262776142470829,0.146918578707674,1.78858347788457,0.0736819206705883,0.407753839170124
52.0752,20.0943981409241,-0.287423029684689,0.289882246332069,-0.991516497893552,0.321433440542571,0.720879011727772
20.7533,15.6581842758677,0.0795754516628552,0.307258325934776,0.258985501599548,0.795646427000032,0.949184098993437
37.9104,27.0592552632641,-0.119379372422577,0.186709457644037,-0.639385781143311,0.522571996601403,0.839750240354503
118.891,35.9223699123966,-0.217667780821686,0.384322171325911,-0.56636800336221,0.571143641068416,0.859040327188875
38.7098,18.5961389143817,0.533164479451893,0.26308980371016,2.02654938326408,0.0427085175191587,0.328700060518935
17.9114,13.6148599561101,0.877615294624642,0.345918437471662,2.53705844949805,0.0111788288247107,0.175989906464579
72.0259,27.0935623791065,0.630137528678905,0.1966756887091,3.20394214869602,0.00135559712672779,0.064078033413402
19.4386,16.1805337282095,-0.550875240179067,0.266578020214529,-2.06646909499797,0.0387842076331338,0.316926803065967
159.2675,85.6239097795576,-0.308987839642816,0.178954078053968,-1.72663201086501,0.0842337731680965,0.433151913069417
27.2425,10.1988648348103,0.326151459100402,0.290879582762685,1.12125937476503,0.262177472720877,0.679167130935142
43.8741,17.1847737423292,0.153632181255459,0.303081150422987,0.506901141958338,0.612224184381063,0.872439530921188
43.7253,36.3900378505517,0.137355358382447,0.214447537165736,0.640507977838381,0.52184240422452,0.838797168181971
9.8721,9.70825780715278,1.3725840708769,0.426679295240169,3.21689870164499,0.00129584343057558,0.0631980784197375
25.0278,15.8204490904887,-0.0205539835472913,0.334896880066468,-0.0613740669761148,0.951061304970762,0.983955126234213
27.85,11.8890174749019,0.196155790941136,0.30515754087374,0.642801716056218,0.520352769493022,0.837498105954589
44.8195,21.6512394603861,0.171652968629247,0.223131558744257,0.769290411429376,0.441720928159352,0.800232506358196
16.7838,14.0884734557761,-0.073434178929144,0.261156395851428,-0.281188514222415,0.778565813741515,0.941418127792525
195.1291,134.682857414924,-0.094203814375361,0.155119973129189,-0.60729648461778,0.543654170875665,0.850224073282803
25.0508,24.9253816390025,0.308499242198149,0.37378699919353,0.825334329079814,0.40918180718517,0.782932144566719
21.8131,23.3821769821829,0.290400306193038,0.218195256918349,1.33091942645531,0.183215524380942,0.58455835790285
42.3022,10.5329403313854,0.633967268588118,0.418780867710677,1.51384009506878,0.13006640065812,0.515983235664394
323.7641,97.64975583213,0.100977299379724,0.188612605953346,0.535368772778111,0.59239487905787,0.866006329568277
122.042,63.0367225447108,0.569801166460935,0.221971323794481,2.56700350622094,0.0102581575158103,0.168097007825744
16.9126,12.9321538915221,-0.100487319071099,0.42655653275986,-0.235577962951211,0.813760175239987,0.952849900314351
18.4819,18.5773905145645,0.548749179470127,0.312280501557506,1.75723164505382,0.0788783334372771,0.418934150232043
19.269,22.4951346608066,0.0462618946552297,0.24251136142775,0.19076176218248,0.8487122478406,0.963305645175561
48.1333,12.8693433680997,-0.323607141389753,0.334058285041031,-0.968714610236371,0.332687600890348,0.730913588656128
13.663,14.4415665361726,0.33202033100714,0.245405871453848,1.35294371336825,0.176073612883225,0.577092142192618
25.1409,20.9249747941881,-0.13974971490577,0.25659565804241,-0.54463008443686,0.586007959303206,0.862276812663919
4.3166,10.569382178856,0.535906887116339,0.362140052719716,1.47983323880254,0.138917755820949,0.530430150410062
23.8,21.9205535835805,0.00317222833896251,0.210709190478348,0.015055007006391,0.987988296097129,0.994533587109745
13.5378,11.4162039565299,-0.447028577865312,0.275121412256851,-1.62484109905618,0.104196421264703,0.473935609675501
27.9234,15.4626669313408,-0.225124071386716,0.281279423360414,-0.800357412203081,0.423503748181174,0.792615024633713
23.947,18.4270938125823,-0.195901226516423,0.291749182726096,-0.671471380608259,0.50192028542336,0.828444843923327
42.212,29.128527471714,-0.0200817804122866,0.251572268182395,-0.0798250958159144,0.936376364435679,0.98344499528628
9.1316,15.1402504408107,0.25380824118055,0.25739108469168,0.986080156912107,0.324093780118157,0.721839898088465
70.6855,38.8073051882428,-0.339900237434016,0.214096267889143,-1.58760468262816,0.112375758681788,0.484950692370068
18.7991,27.8288961987131,-0.510749540543251,0.259056691974322,-1.97157439420201,0.0486582126582589,0.346070274056714
41.4693,24.0845727578674,0.236544908144673,0.239433518112203,0.987935649150942,0.323184164928988,0.721814961113827
42.3465,32.0658401436627,0.0840831122499362,0.242983003146362,0.346045242511421,0.7293087140759,0.923751127830789
47.0819,18.4039194255573,0.460325421904415,0.241098995643596,1.90927971589268,0.0562260175512224,0.372121699062528
10.8202,12.4879618576698,-0.470671482029822,0.387168233637017,-1.2156769102888,0.224108023249896,0.633169564538212
62.7157,122.32039060209,-0.617314984046603,0.188417163409978,-3.27632033554918,0.00105169201936201,0.0568239288481737
17.7203,27.4046294133914,-1.53186475971518,0.346946447063318,-4.41527726449268,1.00880604781074e-05,0.00281777871081681
64.3214,43.5626976989353,0.171572948155485,0.236405103664922,0.725758223894653,0.467987001352703,0.812826490478339
68.1144,46.988333075494,0.0946947523789845,0.210247626878239,0.450396295953558,0.65242471530848,0.891098926369064
146.0639,36.4904404230775,0.0927404317539016,0.19396647887877,0.478126077711936,0.632560472362032,0.883829946035627
161.8058,74.2637729039592,-0.0295287303011592,0.212102749502853,-0.139218988770167,0.889277103754823,0.973981907282789
19.9399,22.3539205692482,-0.456505626534039,0.254657995485742,-1.79262239798631,0.0730333225216343,0.407250242191872
41.6534,21.9540083330992,-0.452382846040871,0.273929130401674,-1.65145943177902,0.0986447979233215,0.462021557346655
25.9219,18.6493358868223,0.152134475296915,0.398930017831016,0.381356299343104,0.702938883337161,0.911491757355318
70.8004,37.2202347249709,-0.12164491948672,0.216383510035876,-0.562172780479215,0.57399830487185,0.859040327188875
46.0782,26.5087001537645,0.485401498721374,0.421629440769487,1.15125143499349,0.249628810416454,0.664631299830637
22.0188,15.3913346894618,0.0108451849628003,0.263499843283118,0.0411582216811707,0.967169759698939,0.987243914372936
10.2306,15.5880376225716,-0.755950132183466,0.271452381207563,-2.78483514795708,0.00535549432603851,0.120745075270462
63.1764,47.6381156560824,0.0865898228106455,0.202094408564767,0.428462239136594,0.668314619744601,0.896706525157637
36.3998,12.1350484412454,0.0754475416508157,0.261958943307914,0.288012849258337,0.773336902944826,0.93783197504187
37.6326,19.3949526573834,0.17602036903524,0.188885545729003,0.931889035531492,0.351393874603572,0.745755542997045
118.0932,52.4977580548302,0.0717654625957491,0.192775779060353,0.372274270894173,0.709688653025937,0.915414939723842
31.044,36.242174160882,0.124170059251416,0.278287999280297,0.446192647805664,0.655458093299915,0.891498446951744
17.0575,12.2731582854537,-0.247434514420788,0.274017361463536,-0.902988457005907,0.366532021218113,0.757343399591561
25.9666,19.0033418409203,-0.33593670892204,0.322970062110357,-1.04014813858274,0.298271081665505,0.704970703580276
135.425,66.4358944231188,0.343107356721895,0.189043470405911,1.81496539385984,0.0695292278127979,0.397795686267993
113.615,66.7018918638344,-0.195024837500655,0.24391035588103,-0.799575880229458,0.423956566681122,0.792615024633713
63.3244,57.8589445915595,-0.0391654140933256,0.225578010210215,-0.173622482336942,0.862162162022202,0.967138825415559
13.3522,9.10425307177791,0.315873754776433,0.340783360597949,0.926904864786212,0.353975931170725,0.746206416616314
24.7853,12.9803412073993,-0.241068696814003,0.242670018587714,-0.993401237684693,0.320514458675027,0.720717478625013
17.3429,8.52777396949014,-0.423798611828774,0.293379796553522,-1.44453918370436,0.148587365911072,0.54414145621188
50.1784,42.631577810394,-0.812860664261157,0.275614165890979,-2.94927026567528,0.00318525290169609,0.092327259815672
197.4354,135.097943555371,-0.81312162450688,0.222499558770147,-3.65448645831642,0.000257697263491377,0.025541123937976
14.8014,13.0548990449448,-0.155192563367854,0.32418836530431,-0.478711082744064,0.632144180370599,0.883650133843796
2307.5141,1389.7793297844,0.192089903212785,0.166409190370748,1.15432268364999,0.248367900038863,0.663574237277746
488.1247,163.548003407994,0.290921004717146,0.179777648539504,1.61822677669087,0.105613734249626,0.4761528957916
47.8755,36.2384991070197,-0.170360098985502,0.192111412500409,-0.886777608722956,0.375198645079567,0.764201416643666
96.5057,52.5761771386354,-0.212946079498719,0.178701179109186,-1.19163220164658,0.233405492784468,0.644908612032624
79.2369,65.4220146702077,0.16211390877444,0.20610257043538,0.786569077872167,0.431534166722198,0.794425813957657
116.7641,51.01572963059,-0.442624765917872,0.160274368097999,-2.76166907516511,0.00575067328609924,0.12479599466972
25.6516,22.3995182573196,-0.296565990271043,0.307848557772678,-0.963350266821889,0.335371775349273,0.731944826205843
21.0248,17.4351921137303,-0.172949714892882,0.27676148433411,-0.624905287341554,0.532033221932656,0.845446165947072
8.2,10.802295240466,0.0274054565056887,0.288535824956542,0.0949811223955168,0.924329821269448,0.97968093888036
81.3014,51.4095681149087,-0.0616262167244327,0.173256448447196,-0.355693639554285,0.72207000883885,0.921596183859814
545.1883,224.303888080492,-0.0255395953873499,0.118630432602523,-0.21528704588747,0.829543528726588,0.95857630601018
34.6469,36.0144924607513,-0.306825167957403,0.241757839544765,-1.2691425789342,0.204390216429283,0.61331070879162
34.0351,16.1602636579526,-0.268037305001362,0.351050066916398,-0.763530135048215,0.445147297433303,0.801708717094856
8.5816,29.2471387534009,-0.265551054933524,0.369656820662545,-0.71837185218866,0.472528037628787,0.814529151215571
43.1475,37.5961133722063,0.297537150068651,0.151194197711585,1.96791381264662,0.0490779552503749,0.347067894082456
443.1407,158.818152680696,0.369559707020113,0.196811986482271,1.87772967300141,0.0604181552797424,0.381389481845622
29.7985,38.7247911515835,0.0479149149645388,0.304264330190438,0.157477923667717,0.874868205164904,0.971974317379209
6.384,11.6779444809389,0.181041047987861,0.324128988113185,0.558546302944809,0.576471395572953,0.860205581762669
40.707,18.9868698166648,-0.0608631484585891,0.261829185198685,-0.232453644968586,0.816185687100129,0.954118128058941
17.1904,12.3576466073409,-0.11909386623856,0.304879265191577,-0.390626322730491,0.696073465812769,0.907676740927171
1583.0048,746.330040651463,0.259543994165784,0.167683809416712,1.54781785473868,0.12166615648466,0.501367736699666
12.2561,11.2509171015106,0.441487055497218,0.264799178389237,1.66725236151701,0.095464234912091,0.455456307092236
132.3959,74.8732066768476,-0.0112413716586081,0.16742804498119,-0.0671415094160063,0.946469048696253,0.983506025301001
62.5871,35.6716433748871,-0.0111072918655423,0.248588161808385,-0.0446814996528433,0.964361180107463,0.98711586125942
69.7121,43.7695769177126,-0.0295154982867517,0.245574370063519,-0.120189652849837,0.904332914187414,0.977043318898406
57.536,50.1899454080706,0.0330784227293808,0.208908601020507,0.15833920943319,0.874189513170341,0.971409504237206
49.1631,18.8823628500066,-0.0255057662640562,0.255777173740647,-0.0997186961253961,0.920567657163464,0.97968093888036
10.0098,12.0466888153527,-0.0353533147984767,0.289827425756212,-0.121980570700766,0.90291440568692,0.976942084120479
64.7785,61.0314183397552,-0.132817838602865,0.209044874135677,-0.635355634296306,0.525196496465046,0.841546928494839
115.1613,93.8289965982551,0.606748403679012,0.273559949442227,2.21797234908157,0.0265567178099088,0.268294559983985
37.0052,19.8458840474217,-0.220785134993138,0.260222521475518,-0.848447450824927,0.396188826108854,0.774818204756031
22.3255,12.5421864367209,0.322254470246081,0.331403928169395,0.972391824158954,0.330855657765929,0.728805912032251
89.3837,60.6871791029913,0.0182342186536996,0.168041232356505,0.108510384017032,0.913590843897919,0.977786075622948
14.8519,17.2731500475263,0.491743514802938,0.437559133352883,1.12383327719583,0.261083761399279,0.678946460066931
1.9897,11.8117808885277,1.09950475458836,0.33233707750034,3.30840230905995,0.000938299138813008,0.0538864318505228
13.9831,21.6212240894636,0.109256847760644,0.212207343500065,0.514858939179975,0.606651595589099,0.870385544215723
18.7644,13.957302084128,0.133917815880583,0.374127416101476,0.357947079302682,0.72038291756869,0.920813391770564
36.4017,25.603038770931,-0.548363038501122,0.269738968427695,-2.03293962936658,0.0420586226334295,0.328399283459243
943.8554,568.743383524989,-0.338875754360123,0.143386807810986,-2.3633677291068,0.0181096900294067,0.225271346620859
584.5471,294.730195187854,0.023493011439097,0.165383659607069,0.14205158777423,0.887039257648272,0.973620531905895
22.2749,9.57446333555652,0.144922767074272,0.252898009945302,0.573048269955214,0.566612011482292,0.857805077742963
13.9932,13.6198668116939,-0.612577546009404,0.348683018726838,-1.75683217452383,0.0789464191975112,0.418934150232043
27.3455,18.0841656176095,-0.264171338954297,0.239288233957585,-1.10398800051791,0.269598342955468,0.684579263413781
4.1456,10.8612383167229,0.185578845282721,0.384555415376759,0.48258024165621,0.629393811081922,0.881462301940758
27.3023,14.5098594516013,-0.0559526950504688,0.30955232170157,-0.180753595201302,0.856560988694055,0.96416815750916
16.1666,13.5556660995626,0.628204249496593,0.294272859038956,2.13476788701547,0.0327799746097212,0.299668163801703
40.6762,10.8718206539448,0.282311345485454,0.29262781438862,0.964745426115013,0.334672336483784,0.731944826205843
49.6375,27.1756842027839,-0.162889704536389,0.262623476920813,-0.620240453923713,0.535099491589252,0.846424753191481
7.5404,11.9684393039322,-0.916384308991478,0.405052364717417,-2.26238478975623,0.0236736398503123,0.254771483152661
46.5284,36.4096309599873,-0.358457905780004,0.249316325292963,-1.43776347320535,0.15050117656956,0.54477829726167
14.8653,12.9360906506578,-1.08510311909128,0.405651828701824,-2.6749617339674,0.00747377802348503,0.140876738519797
313.1782,165.892194408747,-0.00435957736610288,0.151398512243417,-0.0287953778508312,0.977027787293629,0.991044637377272
58.9993,40.9136040422708,-0.121200003505208,0.196753948550681,-0.615997820618014,0.537895958181987,0.84774831059972
27.2659,18.9898512134471,-0.251772015385898,0.23156686028395,-1.08725408755455,0.276924533152031,0.686169861378723
36.951,25.649738018343,-0.0214598603298054,0.211664750021427,-0.101386084965177,0.919243982142624,0.979076552129342
137.7004,47.7199714828357,0.223366825345093,0.198101289579137,1.12753847195862,0.259514884078924,0.678556488545177
52.3848,45.3490629813379,-0.120785156988418,0.276338066083033,-0.437091996410387,0.662044631451496,0.894517207623008
58.9381,46.8087726279075,0.0583393063065279,0.201929313219677,0.288909546495912,0.772650598063375,0.937817325371457
26.3544,16.5008765820237,0.39544149909794,0.308695136376107,1.28100981356617,0.200190219153099,0.607743911781342
4.6521,12.3332987378059,-0.0411730921610181,0.406527342043989,-0.101280007278238,0.919328186458309,0.979076552129342
42.5638,20.7999595250834,-0.162382631038437,0.256975787415006,-0.631898563953792,0.527453161798617,0.84315533768357
16.8083,12.2405139838678,0.805651407661607,0.405136307162462,1.98859345217494,0.0467460947163386,0.34129909328258
28.9726,10.711026186735,0.344003668201136,0.376066403805825,0.91474182410284,0.360327182133469,0.751343920668533
70.9138,31.8216381965073,-0.284414113064493,0.202837751679647,-1.40217543681753,0.160862864715818,0.559424054147539
34.7349,14.3102752690402,-0.52362714279516,0.413314737642188,-1.26689685875288,0.205192172084504,0.613396221020456
7532.8477,5575.04331243289,0.347457456917406,0.174058966622933,1.99620544496343,0.0459115650297556,0.340070636271343
60.8771,19.4026256136044,0.0481461322098133,0.200498735186345,0.240131850034195,0.810228043694009,0.952376136139739
39.1101,41.9493740987223,0.430683264085014,0.242102788109698,1.77892732028294,0.0752516783561695,0.409948194591012
27.3221,27.3416235115626,-0.425070986990043,0.237992439263315,-1.78606928987246,0.0740880398234484,0.407753839170124
85.0305,50.0313149627603,-0.121464537840933,0.254509528388577,-0.477249471208344,0.633184487123805,0.884006360190598
27.4944,8.01397154201542,-0.207664631813921,0.313630571707166,-0.662131343521624,0.507887049939447,0.832035702979979
40.6253,17.6541342811941,0.227790391418334,0.279439131590049,0.81516998038955,0.414975018745792,0.786163021507102
18.8461,14.4680569814128,0.313642163366055,0.247471076756736,1.26738917321787,0.205016169160108,0.613351999766995
36.626,11.8992393791213,0.42610800468032,0.282441338052251,1.50866019690606,0.131385642193688,0.517209975195526
54.4266,29.7943607457522,0.187325306459219,0.179900912624023,1.04126935059364,0.297750557227514,0.704970703580276
228.6505,329.031617260624,4.54147955580084,0.769213284858661,5.90405761990358,3.54668197843523e-09,1.08971803787422e-05
36.8807,30.8484820776842,-0.551047876529219,0.202366782640326,-2.7230154541154,0.00646890317453367,0.129906568651991
70.2941,35.9987797118047,0.12819393886916,0.243860670309768,0.525685173858986,0.599106966699568,0.868760378552006
79.9298,74.5581604302439,0.623688531769152,0.178375258922248,3.49649685465074,0.000471410051315558,0.0386241968711214
16.023,25.8032267643164,-0.189241264546481,0.325773737888274,-0.580897851905367,0.561309300192936,0.856011509510132
61.6233,33.7086849943499,0.0886454288776584,0.252903147173214,0.350511371125583,0.725954957850232,0.923027770740674
29.35,18.3173729558222,0.427158077579757,0.259798686370867,1.64418875070824,0.100137219883935,0.465267128790328
34.0567,21.3906512334354,0.281236977209121,0.251486035835198,1.11830056995061,0.263438643594962,0.679375852285526
101.6329,84.6258633737478,0.236756785068396,0.147677727238329,1.60319900296345,0.108890725547157,0.481398285974624
47.2187,19.5371481426831,-0.131419281654889,0.226231824856676,-0.580905368809834,0.561304233746254,0.856011509510132
80.8918,42.9015222727209,0.432797301937074,0.256761158699614,1.68560269835597,0.0918723491483818,0.446869193390005
55.9872,29.3533844788639,0.018763624274532,0.215689722524085,0.0869935945716502,0.930676603597135,0.981298512200479
13.2321,17.7432161183978,-0.929574487513445,0.406347873193178,-2.28763222066017,0.0221589478773868,0.244026406284125
104.1855,69.9293390234571,0.108056499211774,0.155689571540221,0.694050976843097,0.487650240631848,0.821214230935245
533.6883,376.914711393243,0.405073408543766,0.226713521621425,1.78671922894909,0.0739828796035292,0.407753839170124
11.7898,15.8499949652935,-0.554191563970972,0.262151548056095,-2.11401217379951,0.0345142275656726,0.306488335825228
11.5934,15.6674014746378,0.0709856851750523,0.310735303407951,0.2284442237381,0.819300912648487,0.954608768637042
28.7326,19.8343844013402,-0.0718779676483746,0.198296427000534,-0.362477371557385,0.716995330352701,0.919187304663193
14.4904,12.6399272031323,0.229896628896739,0.429099790543509,0.535764952496355,0.592121007110231,0.866006329568277
36.7179,24.2973255093438,0.0412105524788744,0.193472857782097,0.213004309500037,0.831323601322726,0.958619540275502
29.457,23.0710936225182,0.258252215254045,0.252793675997747,1.02159286317094,0.306973636913637,0.711562806048396
6.5876,17.0059906662015,0.0778981633254678,0.247975721612593,0.314136250189712,0.753417558380215,0.931514353113044
63.3508,35.4675128811984,-0.128653648280701,0.173965378715805,-0.739535930829512,0.459581629901604,0.808947556674579
231.5141,151.423275051856,0.125808697938438,0.136767644867954,0.919871787365378,0.357639763590401,0.748692099511223
13.0702,17.0231789470286,0.111985171648793,0.285032242122788,0.392885979546664,0.694403697341631,0.907086243252467
55.5689,24.522758611702,0.430241718941761,0.211897544079127,2.03042333884294,0.0423135263081727,0.328507293478467
45.5635,17.1963159471157,-0.306617099011815,0.260256335008655,-1.17813500678713,0.238742788003701,0.652085509329905
13.427,17.0021689644058,-0.572203679478915,0.507163201896551,-1.12824368435869,0.25921701962065,0.678206202650695
12.5098,8.87031018765141,0.0146711673085295,0.3221181892314,0.0455459138881169,0.963672178857005,0.98711586125942
49.2458,38.0585464326224,0.138740162077427,0.167313287127051,0.829223813958503,0.406977772024547,0.78128035273066
691.8184,287.051763486704,-0.209100107674196,0.286204069011389,-0.730597955495439,0.465024761205636,0.810890226336162
7.593,10.733021678573,0.216112747011148,0.346240370111223,0.624169697316711,0.53251614532158,0.845446165947072
23.5748,30.0444629284182,0.660405472596917,0.240278649105558,2.74849835828231,0.005986893472794,0.125991302706572
52.9415,40.2985916336359,0.307133227350131,0.248353195373548,1.23667918541645,0.216206209120608,0.624496529191062
26.901,16.3220734812848,-0.521379868412136,0.369291012755067,-1.41184012175769,0.157997041831018,0.556066335653839
37.1708,35.256730571554,0.386371999683258,0.167929825685602,2.30079438304558,0.0214032560999476,0.240884631381279
25.346,14.4602728741791,0.42677428883171,0.226576563352627,1.88357649404149,0.0596222838669277,0.37913843255651
27.1684,9.92450330758695,-0.502351244877656,0.35456399655028,-1.41681403009123,0.156537306621761,0.55483028032572
130.5066,51.0192221641233,-0.0524792761615522,0.180412597757231,-0.290884765332019,0.771139453257355,0.93741878145726
21.4708,9.93094384792008,0.0473911541031744,0.30601247428636,0.154866739382744,0.876926375371966,0.972677139759012
18.1556,11.612644920609,0.922742332893804,0.38319273895677,2.40803710270174,0.0160385509541669,0.212407102614991
29.0508,8.93194571882439,0.741047752752119,0.381703883918228,1.94142051986789,0.0522072913371704,0.359520164192474
24.3013,10.7165537099881,-0.0597048915954085,0.290149998626085,-0.205772503457255,0.836968620612914,0.961497780961666
208.5831,147.206443241948,-0.0515996146601664,0.178373799984406,-0.289277991861347,0.772368652651562,0.937817325371457
19.3942,13.3686873346219,-0.211914995511412,0.31509339232736,-0.672546618468111,0.501235772342752,0.828039848770279
40.4416,28.3810340409146,0.161111026693916,0.231340093669145,0.696425008474024,0.486162705891821,0.820654733989735
23.7482,8.55759846915232,0.613726924412405,0.293926556772529,2.08802814945153,0.0367952955191138,0.312042930957416
28.127,16.5521104655119,0.0478571405131066,0.236686203802443,0.202196578187768,0.839763048096153,0.961790768399045
40.6738,15.8337673469176,0.234622096548305,0.267099282172346,0.878407813903876,0.379722445427433,0.767863333842052
23.1065,22.2621819113955,-0.384579454911356,0.250537191651432,-1.53501942117406,0.12477905756669,0.508608545261472
36.3618,31.420281661789,-0.150833109384494,0.266571091663534,-0.565826956115991,0.571511420014278,0.859040327188875
70.7926,30.4070941000073,0.107357508528143,0.253635023670517,0.423275567287603,0.672094218284559,0.898044402472767
44.6699,34.7607477814771,-0.136572147404262,0.19656496968395,-0.694793928052652,0.487184453961685,0.820654733989735
34.7759,18.6063796367952,-0.146850436860959,0.268618816998784,-0.546687080606211,0.584593731545812,0.862276812663919
29.753,13.4075804442494,0.00523647529863272,0.240316701540665,0.0217898933576476,0.982615556206676,0.992702066924321
75.3778,31.1528100369455,-0.503454635982528,0.236096366883425,-2.13241161915513,0.0329730230383592,0.300367910831825
14.4167,10.7440171730208,0.443662062632732,0.389325864895059,1.13956482894431,0.254467645139892,0.671982672705044
42.1759,17.5586825432332,-0.15742322900018,0.298925712064354,-0.526629937294554,0.598450598246693,0.868727099148796
24.9789,15.1026248304381,0.0313283306616809,0.258365493923085,0.121255861941871,0.90348837905192,0.976942084120479
24.4261,13.4635459836984,-0.226916102733401,0.316652171158284,-0.716609969555435,0.473614791220979,0.815046953284464
72.2463,29.1612003042955,-0.282872237782252,0.167304139555,-1.6907665197923,0.0908814039451337,0.446869193390005
36.6902,11.5980959694485,0.589568035616667,0.484258748137393,1.21746491495368,0.223427377565648,0.63266556249915
11.7948,22.2914071296065,-0.123789683385811,0.291461511675653,-0.424720515151819,0.671040426748105,0.898044402472767
47.2137,20.9217928017572,0.400542307779183,0.218238666447121,1.83534070428456,0.0664552235271867,0.392518464673966
27.1997,22.8510977881151,0.0370964243555022,0.261917664714,0.141633915360423,0.887369176388827,0.973620531905895
39.5697,30.8237909008197,0.0950026769740509,0.205109553468251,0.463180165758377,0.643235231926546,0.888117763366624
33.4357,29.1316901506376,-0.208553041058939,0.223312478518077,-0.933906794832592,0.350351973525525,0.745755542997045
18.3792,24.4312810264094,-0.174925230485418,0.283404822969612,-0.617227429838673,0.537084725650768,0.84763513068861
16.6944,12.2947874232378,0.472625222362579,0.387281985307279,1.22036459296599,0.22232669342842,0.631696998984809
10.4911,13.6717672245011,-0.780624825211879,0.339240181604616,-2.30109776949034,0.0213861053889729,0.240884631381279
20.5276,13.0437934226469,-0.56010438855924,0.285550386625409,-1.96149056276361,0.0498218248139958,0.35029189185584
32.6404,13.8461018190478,-0.219996705617101,0.270614565310901,-0.812952197766419,0.416245465645589,0.786298305069827
68.6181,21.9468031978486,-0.252750375079737,0.204961531238177,-1.23316006449048,0.217516051618943,0.626352454169824
28.6992,25.3424202232795,0.13025072968949,0.209711813567199,0.621093907271721,0.534537837795188,0.84592712162025
74.7762,18.5320104724863,-0.0678331753152464,0.28359601864978,-0.239189448562095,0.810958684067843,0.952376136139739
36.8605,31.7249786129159,-0.185437932256896,0.265050680477858,-0.699631979523956,0.484157165729876,0.819930125297151
28.8957,16.035335237443,0.274875265995435,0.382078599213497,0.719420733224162,0.471881725938704,0.814529151215571
26.0511,20.0368211672658,0.136421473736128,0.256285217881007,0.532303325428111,0.594515929413582,0.867561241093912
5.4746,14.0086559310445,-0.230888634916483,0.368586918819753,-0.626415705841671,0.531042310553342,0.844746310730077
36.9728,35.9781307385547,-0.0482136869782659,0.336542177552813,-0.143261945141185,0.886083309139365,0.973620531905895
70.8363,50.0136769033471,0.477132686830877,0.171413590368792,2.78351725673756,0.00537730018623994,0.120745075270462
18.6458,11.5657451224859,-0.425116446924995,0.486827911714034,-0.873237619897832,0.382533573593498,0.76844354682316
12.5124,9.64413152839573,0.146024934467757,0.319113951846237,0.457594955102802,0.647243468631196,0.889977873067509
42.4417,32.171497838122,-0.0349565026741884,0.279948738213348,-0.124867512878548,0.900628437999393,0.976563949608514
157.7693,101.04529532693,0.416915238819167,0.150415632275155,2.77175472065633,0.00557550310893931,0.123369188951008
146.2731,85.2822639891911,0.632450922819402,0.220026112667544,2.87443574379294,0.00404750119743893,0.104197879534421
15.3789,16.0122970008795,-0.505174253094235,0.366116771790118,-1.37981729333021,0.167642906679802,0.567271840059133
68.346,59.6314389829124,-0.118496958809619,0.316486606137148,-0.374413818821353,0.708096463462211,0.914498809041517
38.1099,10.9035769520915,0.342115555312282,0.698188115337403,0.490004839379074,0.624130474374478,0.877664977896943
74.4527,53.0667303776724,0.0547800223562704,0.211207783672652,0.259365547063234,0.795353209823179,0.949184098993437
27.8,10.2179015159237,-0.0738526515323337,0.309493303548339,-0.238624392468637,0.811396848993961,0.952376136139739
15.5295,13.154230217206,0.178573569917397,0.25910385216301,0.68919689316333,0.490699371680604,0.822467698599069
91.5722,70.1235047636937,0.108732370377061,0.19042201812162,0.571007341743508,0.567994666166362,0.859040327188875
157.39,129.272104778767,0.476336149673644,0.204608909902114,2.32803229293155,0.019910388985835,0.233046362510393
80.4883,33.873314417588,0.447188858528524,0.235490299337411,1.8989693409315,0.0575685071953497,0.375406692991827
30.7061,21.0247144626685,-0.465475364182744,0.228600448862811,-2.03619619514434,0.0417306581840271,0.326999090437901
73.8788,60.3341167140016,-0.0276623252192054,0.150031707452343,-0.184376527394999,0.853718082564286,0.963754491665423
36.7549,26.50177756165,-0.153855880389896,0.186481788901236,-0.825045068992665,0.409346004010961,0.782932144566719
25.9655,13.4174488607143,0.362806760330392,0.496569680227023,0.730626082858146,0.465007575902488,0.810890226336162
36.2056,16.0006556075094,-0.0721564524438345,0.247252199890759,-0.291833409270836,0.770413999677817,0.93741878145726
52.3064,21.0854449404372,0.0109808809059969,0.334272481487592,0.0328500894154653,0.973794134168053,0.989932034283738
90.3301,37.4624314536037,-0.274654202565224,0.191503846047052,-1.43419679674602,0.151516110923688,0.546400529123278
21.2523,11.7126562553239,-0.18319449518345,0.309579572374123,-0.591752529983026,0.554016314973894,0.852879462595976
201.1367,104.66260371665,0.207437324339352,0.193516423930892,1.07193653192678,0.283748540222709,0.691095830229309
66.9721,31.1310107134261,0.0525149262721283,0.287806256798342,0.182466242590842,0.855216844125527,0.96392287365212
19.0465,24.0300640398893,-0.389524278937532,0.245738865524407,-1.58511466269809,0.112940284730391,0.484950692370068
173.704,85.3202652711613,0.190152445261109,0.212879143999806,0.893241309074799,0.371727960600614,0.761607864100263
16.8124,15.4427310342136,0.20799460187027,0.288985214206933,0.719741328085153,0.471684275338767,0.814529151215571
40.3765,19.4867336206826,-0.383128941534046,0.24490836935148,-1.56437667911707,0.117729134132731,0.491974869335911
31.9259,39.1178054975478,-0.0550334541002397,0.219269158561709,-0.250985840695656,0.801825056368323,0.950760017024347
88.1257,32.563195384571,0.113410565490608,0.200918923361169,0.564459353023423,0.572441555371363,0.859040327188875
6.8173,17.1291099576841,0.931037172821479,0.422995560811297,2.20105660455577,0.0277320168700852,0.276429351186806
46.2287,73.1479474144652,0.0653114203662199,0.150912418051296,0.432776978923102,0.665176799372216,0.895402285244747
1533,595.508161489749,0.0187726620604807,0.157665317514545,0.119066528748461,0.905222648250827,0.977043318898406
324.3087,157.450422102502,-0.0117465048604052,0.15010607653257,-0.0782546924931211,0.937625457041884,0.983479420711732
32.03,28.0803410232034,0.139957707788579,0.261331804572712,0.535555586192102,0.592265731048504,0.866006329568277
61.0757,139.344379150329,-0.0700268392161746,0.209090780194239,-0.33491117662444,0.737692090791029,0.926729064238427
8.837,10.9297716031803,0.117684156066827,0.296234114191313,0.39726739909106,0.691170285278755,0.906948836864819
74.7399,80.5211539980459,-0.118691371542404,0.171878651751794,-0.690553308003625,0.489846298674652,0.822467698599069
23.0201,13.2398590026442,0.303869148374994,0.287503767886108,1.05692231656376,0.290547042538298,0.696881958000718
36.6156,15.9159026521002,0.362709613284068,0.28765457459142,1.26092071992686,0.207337412227103,0.616096904320865
77.2941,28.8153234709106,-0.0196709979587081,0.20455952103904,-0.0961627102898522,0.923391346398285,0.97968093888036
12.3963,10.4467587449803,0.393663255866507,0.309548374336083,1.27173420539143,0.203467572948621,0.611996199593382
22.0326,25.7131028846293,0.148896694078422,0.219371261517465,0.678742935826934,0.497300756190492,0.825850484313591
50.4761,21.7329816764627,0.883527219830295,0.235125135819564,3.75768935443941,0.00017148958892272,0.0232495062836821
77.5403,66.4077180327784,0.117510860204432,0.163218684321246,0.719959609361564,0.471549864538012,0.814529151215571
12.0117,13.9085737216286,0.193869704836,0.294815579172092,0.657596540116469,0.510797418379273,0.833820310760906
22.1448,17.6200133569279,0.102507993957464,0.241756318077714,0.424013712537233,0.671555812857252,0.898044402472767
46.68,26.9878849303744,-0.483638597891431,0.322862330620871,-1.49797158733688,0.134140632592237,0.524538801587239
26.8175,23.7739640246154,-0.185840437809373,0.21338595236974,-0.87091224021796,0.383802072934386,0.768770269379949
719.504,256.788153412225,-0.0967767534991827,0.18638196288555,-0.519238836209756,0.603594199811542,0.870330480676954
21.8334,52.3388375395013,-0.456209646649695,0.372627835500078,-1.22430372394872,0.220837672653954,0.631068128592986
14.8807,13.8071197896824,-0.429838321081238,0.313563745000454,-1.37081639039812,0.170432200205223,0.571361631348114
92.7134,32.9208130018298,-0.25493671574203,0.299366756852491,-0.851586590383002,0.394443584852223,0.773900328517532
8.9461,21.4429140288551,0.528381882599274,0.360360953929409,1.46625730906123,0.142578201075467,0.535498595921673
40.6549,20.3610569956223,-0.43402149506445,0.668579005733814,-0.649170092602713,0.516228440466895,0.836096433402578
78.9211,33.0324687829636,0.0504112259259274,0.149629418352322,0.336907183634354,0.736186869836146,0.926729064238427
12.4479,9.66014861807322,-1.00816175258167,0.39371521421982,-2.56063701927149,0.0104480454326672,0.170300369187639
16.6258,16.5751332872528,-0.254815101425517,0.265496282485536,-0.959768999550488,0.33717148773634,0.732323800633588
25.7682,23.551409627331,-0.175640619716746,0.205059524340267,-0.856534805110032,0.391702029560958,0.770983014622705
142.6809,73.5394795564919,0.282219124310706,0.157813018273176,1.7883133305402,0.0737254703497777,0.407753839170124
14.315,11.1112113222891,0.281113608220168,0.423834145471352,0.663263239226603,0.507161975816246,0.8316726205903
510.2168,216.388558487044,0.153493009735853,0.156853140053925,0.978577857498314,0.327788604364717,0.724328606256503
188.7035,95.2209255727325,0.234504332248743,0.124009067071231,1.8910256950328,0.0586209142927546,0.375645545917747
40.2741,17.124045729131,0.228139675682341,0.203218069307265,1.12263479551809,0.261592631143686,0.679167130935142
139.4684,60.2047771651655,0.138005029067963,0.148727789895799,0.927903448068793,0.353457655665659,0.746206416616314
290.3451,115.761261577503,0.405808454653813,0.22268784530808,1.82231973232483,0.0684064858575925,0.395798724175879
6.2546,63.6244760515394,-0.870205799337322,0.389358253557816,-2.23497458031439,0.0254190176175311,0.262633558850758
15.3524,11.0442258262751,-0.199488786630556,0.271784455546428,-0.733996306850882,0.462950988941564,0.809300425357955
12.0439,25.9035661524589,0.00903369070145623,0.234743775329898,0.0384831959388941,0.969302429257439,0.98844398071473
56.5617,32.6788972281961,-0.135379719110337,0.245433722670218,-0.551593797451556,0.581226686943378,0.860221096162585
173.1001,87.7433730100343,0.266821694034308,0.166766385085616,1.59997288360795,0.109604599075291,0.482119013112144
62.2366,26.0143575889053,-0.0913924285277696,0.167744632988982,-0.544830716186148,0.585869950955176,0.862276812663919
64.4216,59.4332633609768,0.124162674966147,0.17327477516852,0.716565206016812,0.47364241988264,0.815046953284464
31.0615,18.6461046904544,-0.0368043582883676,0.263186702125277,-0.139841253342841,0.888785418067966,0.973981907282789
70.3337,57.5878680514233,-0.251729350177984,0.298090036539361,-0.844474216919172,0.398404465083802,0.775001241646596
37.7987,26.3337012851044,0.35972337114376,0.215977423697039,1.66556006172367,0.0958010714411269,0.456708754077366
19.3944,21.1281987709813,-0.235954386873114,0.262602827719914,-0.898521881587574,0.368907384870089,0.760461549824454
9.654,9.95222294507599,0.238498556727099,0.351559632900549,0.678401427261037,0.49751720440044,0.825850484313591
19.6426,25.7800900670265,-0.147941889831336,0.235156726366353,-0.629120383317705,0.529270246894407,0.844112553118643
11.7421,10.397218027685,-0.069001731333307,0.356325222302504,-0.193648181533239,0.84645136880286,0.962588078121279
13.4922,17.2390006826715,-0.658679107291467,0.676024272516976,-0.974342392824255,0.329886562319126,0.727882558510243
46.7539,46.1082797397183,-0.0995136009810717,0.199179824163878,-0.499616873339517,0.617344874511991,0.874210328636391
84.4371,46.5587616921877,0.263030823247845,0.197197913970928,1.33384181379638,0.182255704148975,0.58331317812263
46.9859,40.1894529437171,0.0942706393549769,0.183737613045555,0.513072080301838,0.607900900766309,0.871335926798982
18.8909,15.8645205467902,0.0224441637715317,0.302480006833494,0.0742004868569262,0.940850858464974,0.983506025301001
50.7721,29.2075901887858,-0.0289084988007964,0.235007113509233,-0.123011164935059,0.902098256776715,0.976942084120479
14.4825,19.791940949022,-0.167571763304342,0.257380667412115,-0.651065851173774,0.515003979240575,0.836096433402578
32.1594,25.5824753958035,-0.0735429523096349,0.252099946887705,-0.291721411359098,0.770499637055602,0.93741878145726
15.4894,12.2183904949117,-0.0995720273029754,0.295173916404283,-0.337333421990435,0.735865567575358,0.926729064238427
60.7056,45.3682042418751,0.555524755754866,0.237246213108817,2.3415537321983,0.0192036614939037,0.229129536309335
32.5744,17.4321009156312,0.291052984152818,0.287863643075952,1.01107934660587,0.311978454577069,0.71613496166402
36.8578,16.8338576999824,-0.300319440133143,0.206214588431369,-1.45634429851743,0.145297465379623,0.539814343868067
31.7276,31.9641336435161,0.630513219211038,0.387285493679877,1.62803210938804,0.103518077494109,0.472068524330459
8.4181,11.2819957972675,-0.64257504465615,0.433880733752371,-1.4809946482272,0.138607999613633,0.530430150410062
69.1451,35.2125307470437,-0.269306461244107,0.215873784905659,-1.24751813362516,0.212207575423554,0.619484822317216
18.4023,9.40283174154451,0.100378225075147,0.30571376609592,0.328340546639475,0.742654190136266,0.927729157594159
22.6529,22.6181837188819,0.682238306858657,0.244462613486576,2.79076745981086,0.00525832357066778,0.120745075270462
15.4786,14.1542026700361,-0.505976946139179,0.401609488091519,-1.25987298891673,0.207715184182578,0.616631198080175
28.9573,28.5684984997165,-0.0197245022225815,0.301202443370531,-0.0654858639321096,0.947787161124226,0.983506025301001
13.9395,15.7140525386219,-0.871274931972149,0.3264790473504,-2.66870091371296,0.00761452219392495,0.142656216102649
46.3148,14.9758946231457,0.317048552579885,0.367861822392433,0.861868596523343,0.388759831694773,0.769624599837664
65.3018,50.4222755869381,-0.374719646650362,0.212170693821763,-1.7661234918954,0.0773751330585312,0.416348680074145
19.5576,15.91447273268,-0.094402517136595,0.438694492865558,-0.215189656291231,0.829619455112407,0.95857630601018
93.134,26.2602606500817,-0.262435243546902,0.192775291364415,-1.36135311579327,0.173402124845949,0.574524201762117
73.7021,44.3441556890761,0.209695174719981,0.196055398756067,1.06957102967047,0.284812441095486,0.692583531124325
15.0798,12.2237052790832,0.0257723029094981,0.350498466875496,0.0735304297883075,0.941384030138559,0.983506025301001
17.2403,13.4688805008617,-0.40473784719929,0.245499759664897,-1.6486282827802,0.0992238108319935,0.462946029659427
18.9857,18.1981788672636,-0.187222856316185,0.227556890355587,-0.822751866681011,0.410649113684241,0.782947193170853
9.7044,14.9494124785188,-0.0771333213365442,0.32139089753429,-0.239998462707908,0.810331448364543,0.952376136139739
9.0505,13.7136192429369,-0.0829573797673937,0.294051255440329,-0.282118774304054,0.777852437883778,0.941111090922587
26.9199,17.5663577320455,0.544415542493093,0.258259405431659,2.10801826010227,0.0350294099837914,0.306632085969228
14.0531,9.58412890109098,0.582940975421902,0.392337660445575,1.48581447613227,0.137328200037022,0.529079491678682
19.8678,10.9385091893755,0.0301198774161647,0.30968582096854,0.0972594654865536,0.922520345194649,0.97968093888036
224.3399,73.1021847250676,0.0613628444643284,0.129092469082761,0.475340234022394,0.634544486063098,0.885173275978427
37.8025,23.3608190895032,-0.457208715287093,0.261008145609001,-1.75170286053833,0.0798249147688167,0.42128766978319
19.9097,24.932158486754,-0.274719097623289,0.560208607297787,-0.490387141583597,0.623859973861322,0.877660150956462
174.443,89.3233640903601,-0.182070128025518,0.17702094433176,-1.02852308642244,0.303703836815541,0.710553121268123
29.072,20.7335880112946,0.443718560176807,0.309704263001594,1.43271699225698,0.151938731445749,0.547282241930908
24.672,37.556494865369,0.200625454992529,0.251924023736624,0.796372858835702,0.4258153487931,0.792803609750161
39.5008,47.0765868553692,-0.0588403859842702,0.200734517082513,-0.293125401846478,0.769426301245868,0.93741878145726
34.3505,26.2125121892849,0.312807300280342,0.24735499607178,1.26460878190456,0.206011603428787,0.614236440111545
75.7197,23.8642398938278,-0.265187971375881,0.305423504597247,-0.868263140800433,0.385250295431106,0.769124498127157
55.3553,36.6735687682234,0.227044368837465,0.20848935967639,1.088997391473,0.276155035998905,0.685781557589152
15.7897,18.6420992184963,-0.0142688431848756,0.29972911804839,-0.04760579578582,0.962030412899655,0.986972027885079
162.3494,120.236350196252,0.50299226282338,0.203793505502287,2.46814667417228,0.0135814656707078,0.19408861987558
18.084,11.4475283053986,0.0302669886858762,0.270905543137608,0.111725246871386,0.911041260547,0.97762919510935
70.404,52.3846518962704,0.207616298766716,0.211933321183321,0.979630279974371,0.327268652539937,0.724062277189396
26.7046,11.4121392754297,0.501270963933744,0.299119560260196,1.67582141233994,0.09377317867726,0.453372291873928
27.0846,22.5837943248879,-0.168082598233642,0.258397508957398,-0.650480722170404,0.515381750185187,0.836096433402578
104.3111,72.4040167817791,-0.326296537709214,0.154995101700178,-2.10520548152806,0.0352734253217329,0.307018694903751
16.959,11.9152943292263,-0.422804810348173,0.266867256444422,-1.58432629008657,0.113119486079264,0.484950692370068
24.9602,12.6550098743642,0.27092740541163,0.241740137160759,1.12073819678302,0.262399318202534,0.679167130935142
41.9454,28.1767377587289,0.222911696097398,0.175013563623057,1.27368240199659,0.202775995643657,0.611712564177845
472.6242,203.757560584981,-0.128615464974634,0.137143010981015,-0.93782004678633,0.348336897091945,0.74323966410764
55.1702,63.0029904278577,0.0323366684668557,0.282664753833505,0.114399365426022,0.908921217010761,0.977081736097955
12.3472,8.95682173828421,-0.116053505549102,0.3106739700039,-0.373554004371995,0.708736159579721,0.914498809041517
33.4275,19.5971804042537,0.346577730376019,0.382047800221876,0.907158031468161,0.36432323374377,0.755709786693821
72.6086,29.7233499944637,0.00420997885387382,0.186599090849845,0.0225616257544447,0.981999954241622,0.992401477064881
52.1497,27.3290750205003,0.0655529755639309,0.213396768213777,0.30718823022784,0.75870010363657,0.933375803172517
75.5454,48.7565342118819,-0.0874027332294215,0.154512849835147,-0.565666436951187,0.571620555197477,0.859040327188875
134.7087,87.0206753823007,0.202143345836824,0.179499052949375,1.12615271510004,0.260100884149942,0.678946460066931
13.6311,14.1605110675183,0.0289971376986469,0.306235908234017,0.0946888882687399,0.924561944196596,0.97968093888036
7.0318,18.7118691563137,-0.205050110368287,0.347718117274918,-0.589702118414978,0.555390374732697,0.852879462595976
101.0183,27.2839315782807,-0.287302157934895,0.191599726412817,-1.49949148317613,0.133746176535387,0.523673087960899
46.4042,24.7186610866042,0.436075378302596,0.241023366800297,1.80926598151752,0.0704096912977267,0.399585235507109
14.162,13.3640626582676,0.407983775318625,0.445219553864797,0.916365356770741,0.359475299166785,0.750401198671797
14.1853,10.0014190402606,0.21658962387572,0.324748299630557,0.66694613681463,0.504806539365749,0.829813407044753
22.9883,13.7171928572342,-0.145889893685353,0.212940114592838,-0.685121701771921,0.493267126856737,0.823555425254474
20.7341,9.95532367341931,0.498631961736725,0.333533877063204,1.49499644871827,0.134915368965352,0.525287943781334
219.531,139.5459263951,-0.120337289452461,0.162071870204659,-0.742493372233586,0.457788465950192,0.808132755893113
63.4338,32.0459963666361,-0.181036935465455,0.219894384583258,-0.823290398290771,0.410342872509057,0.782947193170853
42.3438,42.5827290261816,-0.447152286128103,0.298619962172449,-1.49739583005466,0.134290292674713,0.524538801587239
44.9826,41.1852786358522,-0.0709997073024182,0.216485679525564,-0.327964914159756,0.742938191134395,0.927729157594159
46.7797,38.3440091585924,-0.255552169110036,0.239463801857382,-1.06718496544307,0.285888320254655,0.693011332530514
25.074,9.76811974462274,-0.802336572812691,0.320066181240967,-2.50678334618752,0.0121835364002942,0.181718036844194
89.3616,84.6476139008671,0.904762838764849,0.277748049620691,3.25749484109951,0.00112400301464541,0.0588937681667094
74.921,21.1542752000394,0.159227318851017,0.227221659453611,0.700757662072812,0.483454264019379,0.819930125297151
466.3123,285.748768912629,0.665133045191625,0.181813880775258,3.65831828876588,0.0002538756414592,0.025541123937976
17.5061,20.4596600066209,-0.203755414660591,0.392386061725433,-0.519272814545503,0.603570508260728,0.870330480676954
50.3345,36.6893089019031,0.435869368912269,0.233889632571248,1.86356857343599,0.062382314346205,0.38431150485615
158.0274,67.6949228184104,0.17722209384726,0.142871748028765,1.24042784030037,0.214817188879723,0.622573819517364
32.7667,13.3622976553256,0.420582300884476,0.319984014757479,1.31438534891576,0.188716558359146,0.593340788217426
42.6439,19.7506593034659,0.561046972329667,0.268423384345588,2.09015683822589,0.0366037133057879,0.312042930957416
105.5359,84.0823947914259,-0.222305043216318,0.189150044515879,-1.1752841178827,0.239881066377529,0.654123492977069
80.9379,57.7859385427768,-0.0309698595364127,0.168710340610471,-0.183568235499672,0.854352184011087,0.963754491665423
153.4319,68.0809554620408,-0.0132774236067749,0.15186410426528,-0.0874296376422273,0.930330012139535,0.981213798266428
130.9463,55.886040889597,0.044061830249239,0.139270436390882,0.316376047861108,0.751717095024908,0.930823263765315
14.7865,9.96813416629676,0.618031060706156,0.325153239626189,1.9007378226238,0.0573363618119952,0.375406692991827
279.6837,158.896913544225,0.578805144398218,0.198109336328814,2.9216449619393,0.00348188200932317,0.0964587868897567
25.6355,28.3012321196869,-0.211466756048653,0.228799600308151,-0.924244429465112,0.355359068236495,0.74665608906886
93.1247,53.2758522809041,-0.210634398372611,0.175533154622882,-1.1999693096449,0.230151259940869,0.639513218209072
27.6093,27.3056045371227,0.576672475091299,0.241349652041133,2.38936526410661,0.0168775132177613,0.217379667054773
14.7023,21.1048661914517,0.0378161819445777,0.224757040172491,0.168253603604832,0.866383772388531,0.968339083544474
405.9643,125.197449374306,0.100001648779493,0.197368445912585,0.506674956663459,0.612382905093871,0.872439530921188
23.5265,14.4566628985859,0.114266862478471,0.280911249729481,0.406772112503543,0.684175370857327,0.904069580773039
57.2447,38.0771611841161,-0.0862202088441382,0.155326679319769,-0.555089500539941,0.578833443993344,0.860205581762669
75.6696,64.5555534547175,-0.445346111557939,0.179931038507193,-2.47509332048976,0.0133201365813528,0.191691426914317
9.0425,16.9325685192973,-0.171829317401679,0.315044856199674,-0.545412229466063,0.585470031271385,0.862276812663919
25.2487,30.2680757261741,0.0757216235963561,0.245266992905996,0.308731406126784,0.757525851462194,0.932865001449936
26.9843,22.9583742131316,0.149063591935814,0.346164677344612,0.430614680501961,0.666748564988718,0.896143904605353
16.9051,21.3483466607511,-0.174934976544297,0.359204695466439,-0.487006374783433,0.626253813384223,0.878614082932888
22.6828,14.5089030185724,0.0493612490860952,0.259277659996683,0.190379877258714,0.849011464923394,0.963467304146677
152.4794,149.941621455855,-0.373912895377848,0.226735852558777,-1.64911235324338,0.0991246193163815,0.462857739892982
51.1607,29.1997336676805,-0.0855962522690993,0.321124393975897,-0.266551697332355,0.789814350253091,0.946744164139217
36.8535,17.4995135538109,0.328028340042703,0.292701024779724,1.1206941973967,0.262418052987169,0.679167130935142
43.8885,19.3972809840932,-0.253958758539772,0.259187993467725,-0.979824547973886,0.327172732551421,0.724062277189396
87.1801,59.1353237133024,0.101751467411144,0.178417671801391,0.570299266792421,0.568474738115948,0.859040327188875
48.8059,28.8363879240051,0.154733146271799,0.217889131773028,0.710146233603711,0.477613458422088,0.81573179759612
36.9888,33.212329457139,0.39997938746841,0.288631693568846,1.38577777971221,0.165814769398225,0.563425610271216
109.589,90.5519913355355,0.00011903961064778,0.117207580080383,0.00101563064919642,0.999189644124843,0.999494448662075
9.0067,14.8951787248554,0.251065227350321,0.330383369006921,0.759920900694798,0.447301867495626,0.801856980957099
170.1781,91.4181961309924,-0.0342735861589033,0.214771855161055,-0.159581366623676,0.873210858136125,0.97102487335316
33.3458,12.0542256923275,0.0126582557163397,0.249072269885986,0.0508216178466356,0.959467664583921,0.986972027885079
46.3287,28.3400136389861,-0.448967340739675,0.273554199511545,-1.64123724490922,0.100748177156709,0.466539222779184
26.2082,42.2854026424251,-0.11418893044729,0.293767542022712,-0.388705061359237,0.697494337824148,0.907874681439318
39.6661,19.9478363987853,-0.340099738584467,0.254232237225538,-1.33775221543896,0.180977223467188,0.581309132905363
11.4779,15.2206440031318,-0.0859411638837094,0.231087140632006,-0.371899378081648,0.709967768195751,0.915582777662726
8.9853,11.397234144734,-0.323033652981159,0.293934147596576,-1.09900008427916,0.271768029138248,0.685431474903796
22.338,12.1351563833865,0.352345481029988,0.303126502202186,1.16237108425107,0.245084763568006,0.659908477111746
14.9731,17.7168699684823,-0.172812507683245,0.380689254509211,-0.453946376569091,0.649867422805605,0.890808592970812
63.4404,25.9815496525885,-0.168799386536681,0.189380368645565,-0.891324627488701,0.372755040286199,0.762256147274107
12.9875,14.0848455099209,0.00512465335298685,0.227972358687336,0.0224792750423542,0.982065643943294,0.992401477064881
48.1218,38.5274640197712,0.368457440331465,0.230719348278488,1.59699411029335,0.110267020093305,0.483647993200112
22.8085,16.8956284087053,-0.0774460633958808,0.285885911498279,-0.270898495802047,0.786469101962122,0.945208807267209
13.4155,15.0223342032051,-0.128934129125571,0.255470147650514,-0.504693524121474,0.613774110179004,0.872583217131839
30.5944,11.1569224150403,-0.510978769366267,0.491156652938328,-1.04035803304171,0.298173591624011,0.704970703580276
291.7603,102.700460490662,-0.162616229569871,0.239580456743616,-0.678754151236522,0.497293648711965,0.825850484313591
18.7975,22.3660356914551,0.0881950510544718,0.25458984781926,0.346420141297558,0.729026990548811,0.923751127830789
12.4632,12.2802479239971,-0.0235528241590295,0.391476635623444,-0.0601640609318116,0.952024969062063,0.984052892288778
81.5845,49.8995270406804,-0.164123654600834,0.178461057259521,-0.919660889166216,0.357749996902335,0.748692099511223
67.9581,44.153408347092,0.280846579949197,0.168838200570643,1.66340661651205,0.0962310695707538,0.457693438476998
19.5332,17.6374680628279,0.180116585718791,0.237679040681623,0.75781434156856,0.448562135507587,0.802238170833249
18.9212,15.9140401605503,-0.2493091905408,0.223970209929935,-1.11313549520176,0.265650241150183,0.681595295143163
166.987,61.7549874359134,0.47450720210744,0.270701027319794,1.75288290113092,0.0796221092032954,0.420703233924549
23.5201,24.470604775649,-0.03000154902391,0.23018011765321,-0.130339446038126,0.896297872813762,0.97580264878488
113.3741,95.4938230551597,0.275979586362636,0.196754452804381,1.40265992677189,0.160718272470933,0.559281006926519
27.7601,54.0565234251846,-0.325718531184091,0.184647215182148,-1.76400456872735,0.0777312099969224,0.417533466285916
179.9732,116.969598925178,0.096068097058666,0.193511022142722,0.496447675150059,0.61957859567646,0.874902053781892
61.2915,27.34846902931,0.44008415477682,0.193466261391657,2.2747333390906,0.0229219312499635,0.249743382147208
113.071,55.650285365875,-0.532607857524237,0.17815624706963,-2.98955476602554,0.00279384358073995,0.0863010701298618
340.0607,204.260619743053,-0.0852729052332654,0.11974056922846,-0.71214715098413,0.476373659109882,0.81573179759612
72.2099,43.476201234628,-0.131472755837289,0.232725278166101,-0.564926839376057,0.5721235273009,0.859040327188875
22.4484,11.8636671717529,-0.0976406700391165,0.285953122657947,-0.341456911299104,0.732759637519492,0.92498109543083
461.0376,255.05858745335,0.0915363402798709,0.126615895661733,0.722945091542211,0.469713619051254,0.813755339461505
196.8613,163.379634894754,0.476693873321096,0.194870966876708,2.44620263839863,0.0144369833317863,0.199527884422885
33.4674,16.2605208734411,0.0930051871592557,0.418760110379005,0.222096577143128,0.824238702370004,0.957033881330867
37.6651,19.025846864957,0.245103805230277,0.219463593640105,1.11683127558833,0.264066473584641,0.679802463417519
31.1045,13.3411113044869,0.387187030939451,0.395746608531546,0.97837106520292,0.32789083356941,0.724328606256503
7.7498,29.0642819319425,-1.01645819384583,0.328201443553209,-3.09705582900959,0.00195453059741086,0.07419752698423
17.8942,10.777134276525,-0.834858881488338,0.515779483960519,-1.61863530336202,0.105525754528553,0.4761528957916
21.6003,15.8125542169286,0.520230481790964,0.32803712357213,1.58588904855024,0.112764480528862,0.484950692370068
23.6754,13.1190084290364,0.142176335632999,0.30700678665508,0.463104862215093,0.643289205003229,0.888117763366624
16.038,22.860385335192,-0.0129182708536625,0.315642633308576,-0.0409268884822458,0.967354181492465,0.987243914372936
14.8496,12.3848209604384,0.265365011933753,0.281217970528749,0.943627505151292,0.345360031623181,0.740229296939116
33.5368,14.2314402393691,-0.0871364535396002,0.269001564040107,-0.323925453186616,0.745994473208874,0.929279553591836
12.8317,36.9737678505682,0.581430068508914,0.336417832797922,1.72829740823568,0.0839349174973601,0.432652720087934
20.802,21.0320207899188,0.305354386780442,0.287663259769461,1.06149943174933,0.28846299102231,0.694565981726491
11.7539,16.1783685566703,0.221097442807478,0.257963582196681,0.857087814197376,0.391396355226729,0.770875193227004
17.4563,10.0185114130267,-0.539934359090436,0.327573422702731,-1.64828500015528,0.0992942013167006,0.462946029659427
58.9807,24.6461691113442,-0.159438631593279,0.243188490729549,-0.655617505232153,0.512070259439288,0.833820310760906
18.7736,10.9474178480381,-0.239182439532383,0.28337343777121,-0.844053844332066,0.39863931794576,0.775001241646596
2.844,8.90179262714269,0.29871592728922,0.298121469537796,1.00199401187827,0.316346484960284,0.719182075501644
140.1134,101.997598852358,-0.483724626711287,0.157551447590974,-3.07026456505246,0.00213869229073762,0.0773074360387215
56.6389,18.3574874586207,0.560690729062756,0.338589821219077,1.65595860809996,0.0977302014379497,0.460907009416174
7.2164,13.9568786217067,-0.225194725331798,0.336005587833787,-0.670211250900969,0.502723132706079,0.828760540987489
26.6951,40.129151834953,-0.53332360897569,0.221254052402703,-2.4104580376453,0.0159325039980464,0.211458395395238
20.845,12.848042567959,-0.0655767256873557,0.248415304234205,-0.263980216072076,0.791795163470142,0.947611272126324
18.8017,26.620048118841,-0.468181058198868,0.31321427525132,-1.49476283551637,0.134976348776359,0.525287943781334
27.8927,20.7256900899213,0.18273768502896,0.322482880308697,0.566658561391023,0.570946179631984,0.859040327188875
77.3748,43.8448860436925,0.128323924074582,0.20888960586536,0.614314549271029,0.539007490064688,0.848629522533309
31.6689,35.1650388252562,-0.00788688768232011,0.208853185428348,-0.0377628316568141,0.969876779262308,0.988701527632197
20.6734,10.9933078913404,0.172036204434,0.368841641120722,0.46642294484774,0.640912790975279,0.888117763366624
18.6782,10.0964136941801,-0.0507479021760651,0.337723232369454,-0.150264765085954,0.880555730701973,0.97322382739378
249.9985,101.478296790809,0.0205898334573104,0.159782873386735,0.128861329258207,0.897467376266244,0.97580264878488
58.8859,38.6157489169922,0.136871617788535,0.176718203537145,0.774519065093178,0.438623898295527,0.798620401489189
76.8801,28.0405269806184,0.802061083776416,0.305989951475839,2.62120072867735,0.00876206546008007,0.155615295526567
28.8288,22.4995551059964,0.690261023928505,0.265722639560749,2.59767487282806,0.00938573156168678,0.162009327097093
28.507,21.283938101331,-0.251333377608354,0.193436946593155,-1.29930389222369,0.193839659154808,0.599656045802987
17.5363,9.67966750048278,0.575306855749537,0.418662992133448,1.37415263961559,0.169394300276397,0.570500606486844
19.6077,14.1840184436401,-0.102011223357915,0.210638701053343,-0.484294779866126,0.628176680119482,0.880708578447232
37.872,21.8358706716978,-0.133532345127654,0.262716315164199,-0.508275799484305,0.611259939326626,0.872392960456238
13.0149,10.6696932036418,0.667833554957611,0.312302329129878,2.13842002657584,0.0324826685190845,0.299008302653075
12.9939,13.2612025693476,-0.0634825483740986,0.437335707562392,-0.145157478057156,0.884586537869465,0.973620531905895
29.6515,15.5581911581607,0.259005037053691,0.260685385165128,0.993554114626054,0.320439992649083,0.720717478625013
19.0698,13.0697303453754,-0.229275815206747,0.278347705446102,-0.82370291085853,0.410108385087359,0.782947193170853
13.393,21.4049076085987,0.0129744146625409,0.248097077945973,0.0522957173456364,0.958293065712652,0.986972027885079
16.7176,12.1556710891829,-0.928684014278556,0.33681239834964,-2.75727383798533,0.00582855174454184,0.12479599466972
67.8052,26.4275610434656,0.0532749455371101,0.23751446798021,0.224301896175643,0.822522400862054,0.956186181100515
16.5224,17.9987135622692,-0.826455628021018,0.302517227117916,-2.7319291396879,0.00629646815303095,0.128772530257471
44.5188,24.567650049889,0.123165671907184,0.184177106201063,0.668734971721874,0.503664554808432,0.82896965010341
68.7431,28.2001259841336,0.0342063080352441,0.25255158019327,0.135442858876856,0.89226173982691,0.974402387674113
154.8175,78.212832009233,-0.227490358406502,0.198309983863119,-1.1471452620536,0.251321589974922,0.666826930222753
31.5741,22.869719199928,0.14397442963086,0.202844180964223,0.709778456283418,0.477841530800114,0.81573179759612
48.7207,47.3203462221967,-0.10465980685732,0.177790661216268,-0.588668753135518,0.556083502878293,0.852879462595976
23.0781,28.8257802078719,-0.262311900233049,0.231780226860007,-1.13172682496114,0.257749300160907,0.676867286106312
111.3103,65.4756001770861,0.130261435738636,0.157357936052264,0.827803407991903,0.407781844348998,0.782293068538553
19.5491,31.7078027059739,-0.0521953282982961,0.277122942728381,-0.188347192709536,0.85060449285478,0.963665190210818
80.2894,91.699555327478,-0.451666636628583,0.222477777376316,-2.03016517854096,0.0423397520642711,0.328507293478467
29.734,20.7862379330444,-1.05038566058428,0.361696174714181,-2.90405520991288,0.00368363195998163,0.0997177021765951
8.6637,10.2704668287436,0.345421491759453,0.320659537476728,1.07722194848024,0.28138112203284,0.688056902065977
30.6489,10.9412844606399,0.0321583882233306,0.289679239555966,0.111013782943591,0.911605417083251,0.97762919510935
70.1025,63.0841415284218,0.333703793515294,0.161053785539652,2.07200217242417,0.0382652385994576,0.315645109440129
14.6663,12.4339200999656,-0.100769833258758,0.343411705426008,-0.293437386281727,0.769187852364101,0.93741878145726
25.6648,9.23162244591679,0.517510685894872,0.382755674870933,1.35206535100852,0.176354410346477,0.577211091461272
10.2336,25.1998331566525,-0.0876452492259838,0.263350730375069,-0.332808073481162,0.739279163570515,0.926729064238427
16.7137,14.7020280140456,0.000215532837827269,0.249363012180845,0.00086433363128834,0.999310361626081,0.999494448662075
16.4509,15.8912655580846,0.219043848938328,0.340694658945074,0.642933028702518,0.520267556790749,0.837498105954589
19.5823,22.5808880298631,-0.180735709059261,0.254692192783848,-0.709624064576833,0.477937292578241,0.81573179759612
34.2724,13.4881541525749,0.23059822681692,0.296977145176343,0.776484758380962,0.437462816704292,0.797667903204477
24.5382,15.4108219958246,0.157271908232583,0.398842325731048,0.394321008795432,0.693344054456063,0.907086243252467
45.8092,49.4038252945927,0.324026040488645,0.197166474417346,1.64341347303687,0.100297414414557,0.465267128790328
30.8286,13.4919098109841,-0.34647619384167,0.29728227120072,-1.16547883074983,0.243825224289859,0.658596045389531
20.6858,13.8409981728736,-0.07256044510979,0.303314495800314,-0.239225114903707,0.810931029082386,0.952376136139739
24.149,18.1789438777294,0.0320732232789273,0.251202308015953,0.127678855868197,0.89840312369471,0.97580264878488
26.1083,24.4592796457363,-0.249868193027463,0.22833379844807,-1.09431102502458,0.273818591559185,0.685431474903796
73.5795,31.4107109235116,0.137466102885424,0.19002012603239,0.723429174349629,0.469416252722216,0.813469507326006
40.6555,26.376280086058,-0.511422646336291,0.258488655242163,-1.97851099444643,0.0478710895244314,0.344608693915645
100.1366,73.697075336558,-0.0136327369777749,0.196559126483529,-0.0693569269545839,0.944705513627027,0.983506025301001
61.8045,34.1641812183291,-0.159020578260911,0.156990129933035,-1.01293360498995,0.311091875609512,0.71613496166402
16.8027,25.4836248381584,-0.197300365271362,0.287093294768615,-0.687234320224643,0.491935080240696,0.823016898469665
26.4217,15.7477137051477,0.242132812079011,0.281248174386317,0.860922253477182,0.389280864356382,0.769624599837664
77.9776,52.4916637111222,-0.389091705472086,0.19954440955095,-1.9499003071431,0.05118800253131,0.357202282323416
65.341,37.55478920597,-0.072280620351603,0.172251514326706,-0.419622553880773,0.674761209503355,0.899828045225285
31.1128,22.415159066298,0.0486165485165364,0.290292614174449,0.167474286780582,0.866996877958869,0.968697919659981
38.1362,23.8236312524815,0.0896076228722519,0.198982164369725,0.450329923569199,0.652472565554227,0.891098926369064
26.3157,22.701054570514,-0.0843710050549221,0.330502107068353,-0.255281292465324,0.798505847833143,0.950197218229021
211.1771,163.259996446033,0.08638475363207,0.138727446293404,0.622694037410371,0.533485601727475,0.845446165947072
25.5073,11.2933562052089,-0.580319225319051,0.310691234892847,-1.86783262655992,0.0617854042037765,0.38430355553639
34.9318,33.8302404209646,0.482306183997167,0.329622353118269,1.46320836385788,0.143410372887828,0.535913964291342
173.6684,74.2868683367729,-0.31724709014227,0.232044987704348,-1.36717924089134,0.171569130483261,0.572060850778248
22.8064,18.2981520626503,0.510528759680009,0.276934273633571,1.84350153912521,0.0652558172053984,0.39159862961638
33.9622,11.7722006445201,0.574951811435099,0.42151895217914,1.36399990667739,0.172567595041033,0.572780543827697
65.3223,19.7164232345145,-0.0606600251807861,0.325356957059931,-0.186441457188857,0.852098584189192,0.963665190210818
30.7377,31.9095408850629,-0.0504103521550476,0.203478497418121,-0.247742895660671,0.804333340284833,0.950760017024347
6.6984,13.5468828413797,0.0778691080016042,0.2925054131107,0.26621424599802,0.790074212066933,0.946764047026385
51.876,33.0637873610231,-0.423985029578803,0.253464843522176,-1.67275675666518,0.0943751909819745,0.455287488783215
66.4498,46.5566948063197,-0.203342146201365,0.203603117626156,-0.998718234632974,0.317931204790988,0.719795078755598
64.3503,56.1871469762152,-0.379080178883018,0.309927662469421,-1.22312469904302,0.221282601096157,0.631068128592986
48.7503,34.539652985456,0.184546806398549,0.199559016133468,0.92477308203966,0.355083955247284,0.74665608906886
52.981,30.949646805694,0.351356932904906,0.205671672285628,1.70833897055573,0.0875734642207397,0.44073623066048
16.234,19.149885956521,-0.0608063909960907,0.275831495991348,-0.220447598913787,0.825522578478992,0.957123226154342
20.6753,32.7238251836386,-0.308930997608814,0.263200293487132,-1.17374868209985,0.240495704585551,0.654203676263042
33.3613,17.9562662176444,-0.0319454772133382,0.191818193208073,-0.166540392645059,0.867731698253935,0.968830087334143
26.2467,32.9610140017645,0.461649364918513,0.296687466372453,1.55601236062656,0.119705153138945,0.497355081838279
356.2882,136.182995031169,0.480297623733017,0.154071036764669,3.11737776170503,0.00182467598339932,0.0732851890064631
17.2848,18.6351580410449,0.00444030582110214,0.267752926331207,0.0165835939944482,0.986768812855776,0.99402978041591
33.9336,24.179236944353,-0.280153945203407,0.168568707733964,-1.6619570083289,0.0965213948588805,0.458687027929129
128.6472,79.5335964722814,-0.407084467037175,0.23740064907016,-1.71475717792527,0.0863897556027449,0.437646371128497
15.5139,11.4207878443059,-0.097930445909952,0.338218461984351,-0.289547901481744,0.772162128805834,0.937817325371457
18.1114,25.6112033505138,-0.394012912262055,0.307346308886041,-1.28198355038046,0.199848416731432,0.607743911781342
9.6135,11.3819920278171,0.170252499487078,0.283061396039532,0.601468451258896,0.547528018678962,0.850684872174865
5.2666,16.3380872885995,0.753568005124795,0.588446643112292,1.28060549574924,0.200332268679158,0.607743911781342
37.7656,20.8833970979634,-0.379053736566824,0.293502020670201,-1.29148595195791,0.196535223262257,0.603372649502861
38.7218,14.7035329760982,-0.254936096120449,0.297026243992067,-0.858294851976976,0.390729671379822,0.770208191651857
8.3568,16.1965130446753,-0.609218389373182,0.445788192837895,-1.36660952255125,0.171747730833989,0.572060850778248
75.7193,51.6110369896232,-0.438043926267566,0.198885152579642,-2.20249687111336,0.0276302299038191,0.276077663022713
9.7782,11.3277711226598,-0.0399343447498493,0.373905450115538,-0.106803323507345,0.914945010781835,0.978376756693871
8.9712,10.7275951264707,-0.685447505290231,0.273628195529461,-2.50503243630984,0.0122440164167491,0.182177919808531
31.1764,13.6271499984879,0.0632462577078684,0.42075156530158,0.150317343828622,0.880514250060289,0.97322382739378
27.7204,21.8309962902652,-0.219337858737343,0.215692833870495,-1.01689914681651,0.309201409268128,0.714428326716982
15.9867,9.53864247879552,-0.133967450700149,0.299553325251638,-0.447224047964118,0.654713299819028,0.891168133053105
90.5216,61.7466365368848,0.0928808735759963,0.193878574538283,0.479067239880373,0.631890794563496,0.883496912990371
413.7101,264.505113424628,-0.1344808577455,0.154690663655821,-0.869353421643558,0.384653851454622,0.769124498127157
259.3359,106.227491165042,-0.18176977164323,0.174783119929815,-1.03997326352922,0.298352322438817,0.704970703580276
22.3778,15.414900715289,-0.197177488650161,0.348468339489867,-0.565840469004488,0.571502233204958,0.859040327188875
34.8236,13.807211229899,-0.260278331561768,0.244153120325993,-1.06604548495733,0.286403081071127,0.693245394538184
48.9198,33.30884353877,0.324946614197151,0.262239401127072,1.23912201141618,0.215300316590644,0.622890981850052
12.516,20.0948183815897,-0.742236823572535,0.299816753900846,-2.47563491337781,0.0132999501725896,0.191691426914317
26.4112,19.5661697403198,0.377114642988787,0.263177420343641,1.43292932386211,0.151878036114741,0.547282241930908
158.0072,114.304930158374,0.3627202455249,0.157598887374839,2.30154064896533,0.0213610904976955,0.240884631381279
13.3928,12.5702383459779,-0.395745822288916,0.321974547163143,-1.22912145005175,0.219026273963686,0.627466878091772
77.968,44.0107042144661,-0.0856761821602159,0.194942455175105,-0.439494732346827,0.660303098071569,0.893539426921338
20.1329,14.7177093836859,-0.217168712087285,0.276870135570768,-0.784370302848271,0.432822858593897,0.794650871245742
43.695,21.2413435649467,-0.641995423581826,0.210060367184457,-3.0562425086979,0.00224129897036581,0.0796114576468088
76.8906,34.8559390427162,0.200491355354042,0.310331381888446,0.646055690964931,0.518243289411425,0.83641285312813
21.7648,13.6931440283427,0.36359614072664,0.315124374569698,1.15381788927984,0.248574838341999,0.663667552853062
20.5947,25.0663337592959,0.272234665927385,0.22483958767516,1.21079507724725,0.225973952339308,0.634704655083816
73.2106,92.2248089568305,0.266909901110377,0.249255093008144,1.07083028029303,0.284245749056522,0.691863685445231
35.3321,17.6885557675591,-0.253414380038908,0.284755876810396,-0.889935557704551,0.373500489666729,0.762839410724819
8.9568,15.5428953609709,-1.23319423496329,0.37826462422047,-3.26013630670502,0.00111358682630209,0.0588937681667094
32.611,43.5718874263211,-0.0560492881718748,0.311613774348207,-0.17986781325412,0.857256344351315,0.964276082013331
40.1247,30.4174360065599,-0.00392820799333336,0.235659279322009,-0.0166690147090104,0.986700666406123,0.99402978041591
51.9038,38.2926975335075,-0.359567273816689,0.251452391705711,-1.42996163757914,0.152728029739413,0.548064300941012
200.5914,96.4383572465684,-0.0900476896405584,0.162378115022404,-0.554555579291793,0.579198679718123,0.860205581762669
31.7419,9.62176880680551,0.368570488808507,0.355199767088,1.03764282231974,0.299436373710156,0.705462366516304
27.7291,18.5500017576144,0.0725280738539842,0.221561453855764,0.327349692790876,0.743403411469109,0.927932960283908
13.7316,13.8674692258794,-0.147374822518659,0.46603953218938,-0.316228157354625,0.75182933703173,0.930823263765315
46.8548,15.4608870910615,0.476892611975098,0.372203985439919,1.28126680699414,0.200099967539474,0.607743911781342
31.4076,51.1114512200231,-0.0459656302763273,0.177135345304714,-0.259494400720848,0.795253801681919,0.949184098993437
7.8921,13.1642949175102,0.175446908051891,0.332050919058056,0.528373505333427,0.597240122896799,0.868727099148796
61.1214,29.7107439381971,0.129672832998331,0.208043026859861,0.623298146328546,0.533088615700873,0.845446165947072
19.8119,15.9483529983999,-0.647446943812858,0.310874156070611,-2.08266570626668,0.0372817054381008,0.313723901178824
142.9831,84.2430751170664,0.42859613527167,0.21718009891368,1.97345952698005,0.0484432313615757,0.346070274056714
111.5461,90.4771487120206,-0.247941924346184,0.156534373875514,-1.58394554632048,0.113206111383685,0.484950692370068
46.5091,41.8609680160306,-0.514384231945635,0.280818834568202,-1.83172981519054,0.0669916843112729,0.39393674650026
63.244,44.3022811734483,-0.158767934389244,0.211404121214018,-0.751016269112904,0.452642864719418,0.805062345499515
28.6967,17.8396694919539,-0.0807518685401794,0.26875799766173,-0.300463127582223,0.763823917740695,0.93609020656055
15.8883,12.4784193627509,0.146749197276475,0.270625897152017,0.542258515614425,0.587640429482574,0.863061768444173
20.3449,11.6030969757902,0.273549531232831,0.369391578414927,0.740540789821584,0.458971920321748,0.808827774699495
33.5176,15.2839144467713,0.138843967116512,0.2994111099335,0.463723497592826,0.642845859965816,0.888117763366624
20.7311,17.8030576401694,-0.150004017368299,0.232820285575538,-0.64429101183123,0.519386742975262,0.83703947956543
81.0199,44.9045538135471,0.174217452427541,0.221356574014907,0.787044402014502,0.431255874089134,0.794425813957657
23.7538,11.1785562513624,-0.526636252352861,0.306409094836757,-1.71873570735044,0.0856625070580379,0.435775554635922
14.6849,13.8422460925564,0.211380720436804,0.252752975920954,0.836313478274975,0.402978572629503,0.778696547997498
12.518,10.7885665181584,0.264115618167031,0.302249950834331,0.873831798608953,0.382209860589111,0.76840706934271
46.6429,34.1779418182119,-0.265397156578572,0.17551743552742,-1.51208428827067,0.130512421312186,0.516703318927968
52.2824,17.3915741721897,0.0356503175188673,0.318465495285783,0.111944050600758,0.910867768759127,0.97762919510935
10.2734,11.4779349515965,-0.0405539785564708,0.393925160247909,-0.102948434496921,0.918003896714939,0.978463935687972
37.9382,24.3631515255411,-0.049373924778778,0.220974345824527,-0.223437361448216,0.823195128996463,0.956425424027844
31.7725,13.0572427277801,0.154589721146742,0.236710969272739,0.653073753285271,0.513708732139368,0.835521337746043
105.9098,76.3489018311421,-0.00993544222473897,0.146948114077898,-0.0676119070127849,0.946094576665678,0.983506025301001
9.6534,15.9236400395617,0.183804918985664,0.3124485834003,0.588272531068506,0.556349380098522,0.852879462595976
8.8496,10.1514571709671,0.576793789491009,0.362984284911946,1.58903240020689,0.112053078000464,0.484950692370068
4.7954,25.337319334716,0.382094647084723,0.510921505717263,0.747853912605059,0.454548279022769,0.806583648453628
26.9031,18.0733398911617,0.2634694266449,0.275199841838301,0.957374920294127,0.338378052446962,0.733384500669198
21.3281,9.04325914390793,-0.302508383607315,0.503206089067021,-0.60116200932343,0.547732085385937,0.850684872174865
251.537,194.036438641735,0.189071114771181,0.201174800366808,0.939834981451166,0.347302212283813,0.742062619778869
61.6502,20.5075000602873,0.110537721403362,0.240109702606659,0.460363409738764,0.645255393854222,0.889633025630288
13.2625,12.5174020254613,-0.128446694315645,0.343749579326794,-0.373663568017151,0.708654633538037,0.914498809041517
9.7131,10.5902000226495,-0.890833237426578,0.388834372305726,-2.2910352090122,0.0219613773707193,0.243731079243482
8.7593,13.0977607082549,-1.04487874961312,0.355873373372794,-2.93609701594213,0.00332370356496671,0.0951753851616309
26.5857,11.2274332025772,0.247592466454517,0.277181518004637,0.89325027237341,0.371723161622829,0.761607864100263
29.6976,18.7194686068998,1.16684207868484,0.379293886845801,3.07635350621723,0.00209549244344951,0.0771065932035762
8.6424,11.299696484386,0.287524831903985,0.3435177779612,0.837001315071561,0.402591828837637,0.778696547997498
34.7161,29.7874576733772,-0.141824955168467,0.213878116017692,-0.663111111174813,0.507259394950764,0.8316726205903
13.1034,46.2446520054152,0.866153830052024,0.484311637220165,1.78842250213838,0.0737078685758925,0.407753839170124
57.6551,34.2066423428349,0.134373946225782,0.176975901037329,0.759278214932999,0.447686146473758,0.801856980957099
36.4775,26.2137250818554,-0.173034458384625,0.297699824557779,-0.58123802606085,0.56108004256643,0.856011509510132
7.238,12.7356417096361,-0.488405405440338,0.303781308464704,-1.60775331408214,0.107889216964461,0.48007185970066
1.183,12.4936916142739,0.876016693917564,0.339476184550192,2.58049528593086,0.00986587032744898,0.167013149207091
66.4858,45.9672909991668,-0.050981200597316,0.191345117811258,-0.266435857786576,0.789903552407123,0.946744164139217
24.8437,20.7792037592804,-0.239454897156344,0.226100775827496,-1.0590626957381,0.289571227678885,0.695637785072544
11.2757,17.5899816472184,-0.473327591436061,0.321106530224965,-1.47405158999554,0.140467701288001,0.532823471860969
66.5024,42.9539312514487,0.0981081942322334,0.238490221893512,0.411371977657179,0.680799798379921,0.902202881398451
34.0261,17.4332769591136,0.303542775669305,0.200067007853193,1.51720555491109,0.129214794273632,0.513599554211816
6.2553,16.6331801304742,-0.413180586579643,0.28670788178073,-1.4411204324534,0.149550662047227,0.54477829726167
48.7596,54.7031176796839,0.906339910041036,0.322699860925366,2.8086157441842,0.00497549935825469,0.118505595180136
22.9456,12.7978848926038,0.424566284039905,0.511419614149211,0.830172078453044,0.406441499345792,0.780545485952648
346.7826,149.035295711972,0.114159615034417,0.193992091317921,0.588475613922471,0.556213097499334,0.852879462595976
46.4747,20.5913823555216,0.0552234800375421,0.254108917093641,0.217322086407506,0.827957345918051,0.95814209174373
51.4425,13.0048141977546,0.177965235476775,0.456130984644718,0.39016256616593,0.696416340315115,0.907823167423924
19.6305,15.0496457578111,0.500672972329928,0.25033986493022,1.99997300657443,0.0455031787773118,0.33934106017789
19.0858,16.0599150833951,-0.0407026288180635,0.283902741808423,-0.143368213208485,0.8859993857896,0.973620531905895
35.7513,30.0951421286201,-0.664261552296578,0.296606686519634,-2.23953667427725,0.0251210178372193,0.262633558850758
2527.6862,534.225886438525,0.356928958129048,0.217043127265687,1.64450707389653,0.100071504318894,0.465267128790328
176.4784,161.975843293389,-0.450862440230373,0.242992339947287,-1.8554594779744,0.0635306406608394,0.388214033615631
40.6764,23.0231710146396,-0.265774137535074,0.198712894857654,-1.3374780621331,0.181066638514318,0.581309132905363
32.2693,17.5169380769756,0.247393955033649,0.361299428274624,0.684733868013774,0.493511873214096,0.823555425254474
75.8312,43.3287951632823,0.240064470769861,0.178111082728135,1.3478356713843,0.177711242006696,0.577907763025612
7.9238,12.4087038711089,-0.10408645109146,0.372261316999016,-0.279605874525327,0.779779899589639,0.941959402983749
34.7158,32.1267721802986,0.0672251948640414,0.218463022117257,0.30771887256947,0.758296257873032,0.933252654642456
60.6191,21.0339264460994,0.185485320805362,0.218745543001857,0.847950171966646,0.396465721278174,0.77489880955928
22.2579,12.8770050335934,0.749164463399583,0.35376982099493,2.11766074701527,0.0342038094706035,0.304352068660443
52.4932,33.2583810179897,0.538310124164615,0.288294886023776,1.86722051018352,0.0618708005543334,0.38430355553639
60.7426,27.2755156911256,-0.0254662644071467,0.184473549405276,-0.138048324484716,0.890202225715307,0.973981907282789
65.5626,41.8354375188598,0.557347144037028,0.299312745775157,1.86208957655183,0.0625904650067731,0.385003410877498
23.3638,12.7458296381908,0.40286917763974,0.380002029776773,1.06017638346932,0.289064363063339,0.695225248933158
20.6154,11.9316439187599,-0.461789515438797,0.263789344296045,-1.75059958040057,0.0800149076147982,0.42128766978319
45.1861,37.2449242147924,-0.183853901402985,0.168940490007469,-1.08827612252608,0.276473228243879,0.685781557589152
16.9239,20.1241904778204,-0.278493709417277,0.673448949036838,-0.413533512548466,0.67921577442001,0.901704037966504
159.7738,82.9093814019703,-0.276380798521079,0.165258888656076,-1.67241109249053,0.0944432862601531,0.455287488783215
16.2982,12.2070026579841,0.348526178004972,0.937947008626206,0.371584081829369,0.710202542669497,0.915693374885451
7.9567,14.2256112642826,0.350681009477376,0.320657532989199,1.09363097198527,0.274116859786246,0.685431474903796
60.1708,31.1929355357621,0.164808481476664,0.215652351004657,0.764232250234569,0.444728851004434,0.801641161247737
32.1547,21.2728721532711,-0.728455513578541,0.282712553748378,-2.57666489839319,0.00997586101645031,0.167034512114679
35.3391,20.5336407130567,-0.278894121458101,0.333564645521096,-0.83610216251309,0.403097431925149,0.778696547997498
11.2515,14.210783806351,-0.504501848542195,0.347416730529918,-1.45215185167586,0.14645938707351,0.541511993722454
14.2704,22.58059262821,-0.0875667379016449,0.382448136494828,-0.228963693493716,0.818897134949314,0.954608768637042
61.8768,48.2288327790195,-0.0627959510517237,0.171902217768072,-0.365300412449868,0.714887170559493,0.918481816028543
2.3575,11.527565954693,1.30401033188056,0.458384147521991,2.84479805623731,0.0044439587434108,0.110113413218788
27.9339,11.1900424159747,-0.340679570415872,0.348719297501639,-0.976944989441747,0.328596387183196,0.725556880790779
36.0469,19.710673326265,0.79681155892148,0.471243913060239,1.69086864962779,0.0908618921044359,0.446869193390005
18.718,16.2195070527432,-0.807322149567652,0.438622627969104,-1.84058481730796,0.0656824243525754,0.391862619074346
64.2769,41.3009567162342,-0.0713256561565764,0.230399717147301,-0.309573540452638,0.756885280102142,0.932449888979082
28.7669,21.1687823845806,0.119750363941414,0.342836654922848,0.349292767333653,0.726869527762514,0.923244229043608
206.9882,144.911168908319,0.0126313191311123,0.129087440485625,0.0978508759922229,0.922050707986737,0.97968093888036
16.8715,12.5992409305056,0.0833191005612058,0.292484751071916,0.284866476819229,0.775746439940406,0.939656580500113
5.6479,15.28636456654,0.0501447442169424,0.397332171277153,0.1262035844109,0.899570774104771,0.976413285590125
30.6536,30.3184919272064,-0.705943647353806,0.317018948965851,-2.22681845882295,0.0259594092150559,0.265867616044198
10.3811,13.4345762288236,-0.235990825231014,0.269548286047999,-0.875504825836623,0.381299285589781,0.76840706934271
21.3196,18.5574565182876,-0.236715643182627,0.232521171447566,-1.01803909600553,0.308659376795575,0.713586106248611
21.4014,14.074553364979,-0.171957094506273,0.313151119325595,-0.549118568940775,0.582924082794935,0.861074155955499
29.0273,16.3983258458163,-0.081504024041829,0.269893985349414,-0.301985329299988,0.762663246693295,0.936076189827116
43.6436,28.749352635927,0.326174896382947,0.267965515390731,1.21722713427263,0.223517808980579,0.63266556249915
19.9849,10.6927518854649,0.002971241788948,0.415758833450297,0.00714655119721757,0.994297925673986,0.997381952243134
14.5185,21.4083662017826,-0.082667041716763,0.247954807732105,-0.333395599274196,0.738835684607789,0.926729064238427
30.6845,25.2116777208598,0.114263918904102,0.202807550622727,0.563410575953662,0.57315533720671,0.859040327188875
128.2733,57.0237506785915,-0.0177318009465119,0.184627487877437,-0.0960409587454439,0.923488042521655,0.97968093888036
26.4276,11.313688114465,0.501612312283351,0.337114325775714,1.48795905107005,0.13676169305625,0.528553838887204
27.6226,21.2191938175415,0.234014326813334,0.289555544122526,0.808184583453562,0.418984331191505,0.789027309981957
9.6639,11.8165139054029,0.330751124570476,0.367000854383824,0.901227124186919,0.367467572044833,0.758511330270574
24.2714,31.8871278110287,-0.0782419678233392,0.243611730087076,-0.321174878546991,0.748077868490625,0.930823263765315
38.5918,26.5246610848604,-0.212640089267096,0.354263184243832,-0.600231970818453,0.548351649491893,0.850684872174865
19.7859,12.6827229599765,0.262328247104486,0.274194461539213,0.956723362068969,0.338706903157378,0.733472462713966
30.7076,33.3808330018102,-0.252665002190707,0.190165335142663,-1.3286596213824,0.183960292231257,0.585819723601878
700.0251,280.115788417021,0.0763508941914267,0.151809312751392,0.502939462722301,0.615006834876603,0.873385581378571
156.2791,159.898206244309,-0.00889337082099961,0.111736217089573,-0.0795925533604763,0.936561317985065,0.983453400379054
57.5877,45.4920294000294,-0.283109783750032,0.294439641512916,-0.961520610116668,0.336290467686104,0.732323800633588
31.3172,17.1588178485494,0.0803702705154817,0.32495370386439,0.247328371887159,0.804654103121424,0.950760017024347
200.0788,122.418054405201,0.0834192336853423,0.288153733879711,0.289495584742849,0.772202158182555,0.937817325371457
26.1606,29.5992485193734,0.163908609294927,0.220480479294716,0.743415516054964,0.457230153262122,0.807714122098486
14.2757,12.9155250155314,-0.198635088229113,0.439186815460151,-0.452279260753756,0.651067814623931,0.891098926369064
47.2159,16.1035709622385,-0.119536054534287,0.239997590948,-0.498071893397411,0.618433370200838,0.874634220437049
66.7167,88.2501006409951,-0.776025909213305,0.313734982088072,-2.4735077486369,0.0133793902696567,0.19209428319402
21.7282,21.1022579942096,-0.0144237354143271,0.224474875970535,-0.0642554555469289,0.948766821441963,0.983506025301001
7.2609,12.3205295854852,-0.459009126140566,0.309761357164064,-1.48181532500664,0.138389440252275,0.530430150410062
135.4102,42.2701374337035,0.0503118680209213,0.208080696967504,0.241790174457069,0.808942752704746,0.952172556821622
6.0815,14.920399679335,-0.098574057140362,0.294804127766153,-0.334371360018927,0.738099348309876,0.926729064238427
21.5271,17.1132939371724,-0.0632774936096481,0.275618704395563,-0.229583452068019,0.818415466769902,0.954608768637042
70.5356,23.4188771054256,0.121257178032154,0.224057518242227,0.541187722614438,0.588378198963363,0.863526160169541
25.9999,22.209674471231,-0.742881158023835,0.355555695749325,-2.08935243312087,0.0366760097194041,0.312042930957416
18.9823,39.9822481955204,0.430408013004914,0.389659938623734,1.10457342503595,0.269344471524877,0.684488539880795
34.7348,21.53835379557,-0.0559810460773019,0.331275208468849,-0.168986524334392,0.865807240983564,0.9680468515
24.6125,19.9938076272918,0.273966251295728,0.210313823184338,1.30265451479905,0.192692737307414,0.59802872260306
41.1758,29.7285773916976,-0.0489181464662107,0.295930764509574,-0.165302673236017,0.868705754828474,0.968830087334143
20.8237,17.8597820865211,0.0850171986831454,0.259657930735634,0.327419996155265,0.743350244470113,0.927932960283908
46.1156,37.2889757193246,-0.257335262280476,0.188605232504338,-1.36441210492162,0.172437900234386,0.572780543827697
10.3009,16.7084899218318,0.0557233140328908,0.361932474539382,0.153960525658295,0.877640860373913,0.973133000180025
72.302,39.7643277098098,0.101368191039601,0.182303844265935,0.556039788671329,0.578183654912656,0.860205581762669
76.9432,49.4892835351982,-0.404239926821059,0.248183180481489,-1.62879662528626,0.103356079357551,0.47203977620292
24.764,25.019172292599,-0.304437120762924,0.205211524539439,-1.48352838100189,0.137934081730676,0.530153495536389
145.4369,84.4415186810843,0.164489338593341,0.173364779455067,0.948804821315936,0.342719889305982,0.73683421142903
16.2469,19.5764334409056,0.699087180368965,0.278013634847413,2.51457875709102,0.0119174681387569,0.181718036844194
88.2224,130.129902738414,0.501714378050587,0.168127479123526,2.98413073618958,0.00284385232512685,0.086942649442311
30.8723,12.6790293491141,-0.293734645802768,0.248641819917292,-1.181356563029,0.237461105967553,0.650266709523446
12.2801,15.0669607384999,-0.0683019803527449,0.236437667032649,-0.288879437908314,0.772673639382015,0.937817325371457
15.5878,11.7925112155409,-0.209991314058793,0.385686026232314,-0.544461815508729,0.586123717900275,0.862276812663919
14.7688,15.1212130449659,-0.0218180694658027,0.277819900562043,-0.0785331411524647,0.937403968792839,0.983479420711732
30.853,11.9075492025924,0.199392256937149,0.372966160087074,0.534612193477816,0.592918050164762,0.866258064256411
7.3755,10.2481578446074,-0.0167443241484968,0.281068233803357,-0.0595738761435831,0.952495025220897,0.984207487806021
34.1419,33.6803815237507,-0.393288451593263,0.189355956236488,-2.07697956488933,0.037803445337077,0.313921853508565
225.7726,88.1621654188696,0.318070538586022,0.148558551339905,2.14104496656183,0.0322704120276641,0.299008302653075
30.9573,11.2408724437121,-0.615677002540346,0.371609615326964,-1.65678437033616,0.097563078060931,0.460907009416174
8.4414,15.3603276266286,-0.194794686163567,0.232921187146949,-0.836311580537633,0.402979639961024,0.778696547997498
7.0846,12.5455329575567,-0.0370277929915221,0.281368186658844,-0.131599074618972,0.895301417507246,0.97580264878488
39.8095,56.9686113803601,-0.796306771112446,0.310690052293104,-2.56302628692216,0.010376419196282,0.169582702024343
238.6501,144.599280814785,0.112125653417103,0.132808817206535,0.844263624776756,0.398522107834779,0.775001241646596
210.9942,109.861609246606,-0.101390358996554,0.124426915863752,-0.814858732877196,0.415153177120553,0.786163021507102
46.4902,25.1553158114907,0.251652387635109,0.369290359927394,0.681448569858651,0.495587698932696,0.824414296140069
15.9008,13.563252501646,0.0432749910618464,0.338840117549493,0.127715075106257,0.898374459585053,0.97580264878488
67.879,31.9000409473895,-0.222958700950182,0.221371979333543,-1.00716767145244,0.313854205818055,0.716674940404185
63.9864,23.007654278538,0.144810477112416,0.289272670196583,0.500601999539073,0.616651254937143,0.873977607875928
25.834,22.9407148059681,-0.392209120860987,0.3030035901987,-1.29440420360626,0.195525839422527,0.601957055737187
27.5404,17.3497286702683,-0.565967549225334,0.273583218599651,-2.06872172979858,0.0385722068904948,0.316436608467073
122.3552,126.278484983203,-0.123152851548635,0.165504053045636,-0.744107768253123,0.456811280046679,0.807714122098486
64.0452,38.8006161014734,0.135833648186379,0.1548773240197,0.877040257804953,0.380464772128604,0.76832545815261
46.1645,19.4219778899184,0.14181337274978,0.315263344575669,0.449825122995681,0.652836541287201,0.891098926369064
247.2562,222.048846205944,0.30054673989587,0.154390665485074,1.94666393173184,0.0515750384652932,0.357951989213759
15.1121,37.2891857786829,-0.949824377950006,0.332092135089549,-2.86012307305587,0.00423476628056269,0.10578308452869
20.5775,30.8553415605418,-0.776992918492693,0.384419958654551,-2.02120857931551,0.0432581779749091,0.331448258922465
52.269,27.3181974306377,-0.367411162081564,0.231705872122168,-1.58567911428609,0.112812119327545,0.484950692370068
69.9367,21.7323493353453,0.0967900556827378,0.252124909841679,0.383897234682273,0.701054616021616,0.910200848394851
16.8287,12.5466889693757,-0.0302897717716786,0.27789624329971,-0.108996693917201,0.91320511258489,0.977786075622948
20.1633,30.9612941484383,0.584005099471606,0.300154987231004,1.94567848050496,0.0516933731845799,0.358123763494074
12.7561,19.480828243857,-1.04064676474539,0.367327484698479,-2.83302178054986,0.00461102440658801,0.112439464200331
105.9656,23.0577245222866,0.362207499425058,0.464822085919951,0.779239004334737,0.435838937798688,0.795907956247531
22.4142,16.8677817127794,-0.779158435010029,0.364612787604935,-2.13694763732275,0.0326022507894801,0.299016165822919
165.1372,121.862481333612,-0.0191833219663219,0.0962002154504561,-0.199410384649309,0.841941737835335,0.962236343760892
79.3059,41.0172552052487,-0.166897681676939,0.160089486959048,-1.04252743167097,0.297167214192917,0.704970703580276
14.2574,10.8646309430186,-0.229108123208314,0.281371036822884,-0.814256242558938,0.415498171556021,0.786163021507102
47.1237,15.5394354725696,0.0213836827512175,0.299806015794997,0.0713250622890747,0.943139049199684,0.983506025301001
32.5692,19.8355641762216,0.146400720239877,0.243907816232165,0.600229719987838,0.548353149348373,0.850684872174865
51.2234,40.4144881507647,0.781491041197965,0.237530662998393,3.29006382305788,0.0010016466064896,0.0559556217898055
23.9911,49.1845473925928,-0.284091583872363,0.173396840190548,-1.63838962440244,0.101340442164141,0.46752028310709
30.1659,17.3671959320725,-0.0206879824919934,0.244633954138025,-0.0845670935781915,0.932605560842242,0.982074440847455
21.2267,13.8447020170492,-0.340667214704098,0.495358348785644,-0.687718730368093,0.491629922566539,0.82273035788981
37.1412,29.9019704143832,1.23694417158471,0.385201593719683,3.21116057605114,0.00132200041045767,0.0634663478301747
188.0024,199.13526362587,-0.850972490372668,0.321329767461406,-2.64828402639316,0.00809015235010658,0.148399958780313
35.8941,28.7366422572888,0.0351425655933965,0.188999992991162,0.185939507389505,0.852492199987667,0.963665190210818
140.0328,124.52131623429,0.15821225407666,0.137852473535663,1.14769252969356,0.25109551616021,0.666802915645846
75.7219,32.822512759548,-0.0678068524754944,0.18721356923142,-0.362189838876883,0.717210172239795,0.919187304663193
10.1676,12.1200528708307,-0.0995174952196788,0.303422376981765,-0.327983374890177,0.742924232881711,0.927729157594159
15.4641,16.0370048330428,0.417382575865548,0.228724174769324,1.82482930056034,0.0680267927751171,0.395411255310105
82.343,32.7057633067602,0.281912372488037,0.304867138772892,0.924705672191339,0.355119028131916,0.74665608906886
382.6122,251.679407748775,0.182320386014146,0.157263551086513,1.15933021195642,0.24632161141096,0.661370482498672
40.7923,17.5559103547018,0.253361616996396,0.289108381350808,0.876355143398501,0.38083699584242,0.76832545815261
559.9986,167.065226069508,0.412053150952948,0.182940141823492,2.25239330660689,0.0242974283390765,0.257905673952496
11.9679,9.86776328238172,-0.171291052452503,0.31315219205184,-0.546989792184328,0.584385745087836,0.862276812663919
22.0668,7.92230428197661,0.103582885546051,0.276775837738276,0.374248295633381,0.708219595600008,0.914498809041517
23.4561,13.9690896772844,-0.5113424014901,0.411369489673757,-1.24302461491646,0.213858763020096,0.621647161191338
20.6743,11.4528799196457,0.423683094688569,0.26668942080795,1.58867604648508,0.112133549543724,0.484950692370068
39.0991,19.0393994757137,0.287462875373639,0.235548854315312,1.22039598201073,0.222314799791282,0.631696998984809
88.8356,75.5647830486153,0.162324046147819,0.172955295511923,0.938531807698419,0.347971178681473,0.742717225772023
1093.1628,822.431665615368,-0.169378727959358,0.168031418161082,-1.00801820167336,0.31344572423489,0.716674940404185
126.4301,44.7966752444229,0.0586654481954571,0.195027280862438,0.300806368914289,0.763562151522423,0.93609020656055
41.865,38.7450713381137,-0.314845523862887,0.186860386581521,-1.68492386012233,0.0920032624624673,0.446924938997519
16.8353,18.2334910193159,-0.0172147755609467,0.282225053710847,-0.0609966242705865,0.951361897493309,0.983955126234213
101.1063,77.7169426806833,0.218261576313864,0.181530150614209,1.20234338800124,0.229230513173135,0.638449775610251
368.2346,147.141678872222,0.166740761663941,0.131562319669327,1.26738994936417,0.205015891773696,0.613351999766995
26.6144,17.8576512513469,-0.147404036683635,0.271991015940108,-0.541944505682103,0.587856735951031,0.863173152310415
20.9398,14.1921722340732,-0.501518625121198,0.265239554295547,-1.89081385863879,0.0586491965343241,0.375645545917747
84.2064,54.5797402420042,0.642193267490024,0.468760218787993,1.36998243825053,0.170692383774905,0.571487003110775
29.8816,20.7403518954709,-0.291125854507836,0.286751776796762,-1.01525388180654,0.309984821989724,0.715664207708582
15.9029,9.79038194030801,-0.17108070746192,0.27758727976204,-0.616313210059834,0.537687821906935,0.847637677172425
17.7734,19.409203519066,-0.0564193917706779,0.263331300938105,-0.214252508416913,0.830350150836809,0.95857630601018
254.6864,164.033932293509,-0.159904418126943,0.139361090899687,-1.14741078083296,0.251211887624903,0.666823779462216
28.0651,17.949095111363,-0.0870189059016382,0.359201800761537,-0.242256318640806,0.808581558417157,0.952172556821622
15.4203,12.8175793927989,0.631916585585529,0.295380902795602,2.13932782927,0.0324091273783036,0.299008302653075
11.4588,14.7002538264081,0.376936601413539,0.34580460149734,1.09002772022523,0.275700933446828,0.685781557589152
9.811,8.90613843091943,0.305050994153634,0.351019233495238,0.869043531079823,0.384823321275943,0.769124498127157
11113.8505,5507.18609299691,0.248543665545471,0.121616619349518,2.04366530557122,0.0409866229081174,0.325404131486281
25.3768,17.1815566128653,-0.0587838829164839,0.301690591827215,-0.194848246875895,0.845511750537822,0.962236343760892
26.5164,16.8321856222688,0.0354139059423336,0.235232917609119,0.150548257881067,0.880332080262806,0.97322382739378
17.1851,14.1021803406073,-0.622056310689243,0.329035386277892,-1.89054532318258,0.0586850649440255,0.375645545917747
20.2407,17.7292749555678,-0.0221701836747677,0.446656406063658,-0.0496358797809516,0.960412553928772,0.986972027885079
22.7838,10.4332695547159,0.00707395786139597,0.331696288596059,0.0213266114352297,0.982985115808653,0.992702066924321
23.9826,36.5971770824146,-0.359340392545017,0.196508262064376,-1.82862740105705,0.0674554449530769,0.393957000616611
22.4437,11.1493450303681,1.2013579390052,0.317662907101169,3.78186408343418,0.000155658349376083,0.0232495062836821
12.0244,23.5188301810626,-0.385979412025971,0.361345480934502,-1.06817279415744,0.285442574436745,0.692750639776382
49.2969,26.5248476120548,-0.120084441762683,0.225544679220837,-0.532419750168899,0.594435309208143,0.867561241093912
342.8709,115.49317654006,0.231045526185066,0.152044281091174,1.51959366394398,0.128613131324852,0.512287691794479
13.6534,9.30940253739003,0.259676890868615,0.346838985907617,0.748695796665089,0.454040577706707,0.805915467939837
197.3084,101.066520574742,0.23890706600774,0.178495490953463,1.33844874585671,0.180750197664391,0.581309132905363
19.6599,31.0329062295626,0.692793998864004,0.40733355360767,1.70080267811986,0.0889800462248788,0.442794651072957
30.5299,17.7091358266099,0.240119303228595,0.25967942105192,0.92467590329611,0.355134517381142,0.74665608906886
21.8206,22.1922677211561,0.130900193555012,0.2524894947441,0.518438177745495,0.604152583533121,0.870385544215723
15.8031,16.2029351647017,-0.284249690780451,0.267400874657942,-1.06300957745206,0.287777608053691,0.694565981726491
15.8672,21.9841097771789,0.492035158043692,0.47963370302828,1.02585609588549,0.304959419973805,0.711468334218693
31.748,16.4238618691927,-0.375213428037695,0.231971655489638,-1.61749687583902,0.105771069509901,0.476512626201129
23.4161,11.4089684830088,0.353090037534379,0.276121305462142,1.27874970366164,0.200985210640016,0.608456358792446
58.2942,39.0875469191021,0.0238092795818102,0.280105654281776,0.0850010673396079,0.932260542167891,0.981957667401729
12.1043,10.398253546077,-0.0571603990385711,0.35193795015987,-0.162416127651496,0.870978171426046,0.970121599313586
6.8201,9.71163684559286,-0.180406998514852,0.383007007053832,-0.471027932106464,0.637620788310018,0.887067504449041
33.369,21.5295957656336,0.0280277339109412,0.246163527287981,0.113858191015244,0.909350208705477,0.977086384419507
16.7003,28.2276594644943,-0.560517241760612,0.235079871251848,-2.38436935827701,0.0171084213125906,0.218568085168128
118.9793,74.6805326104321,0.0931982821285397,0.185570604886498,0.502225458528539,0.615508936683922,0.873510950559515
45.2899,20.52280582864,-0.250937116527599,0.260898728936675,-0.961818087617075,0.336140990575908,0.732323800633588
38.4992,30.3926983969522,0.0446667432576212,0.284334878250559,0.157092030117601,0.875172318642663,0.971974317379209
38.0665,32.3011333862362,0.210432206830911,0.266345072394736,0.790073587391323,0.429484793983677,0.794200985667357
652.0537,523.995785220918,-0.0980563387020641,0.136674907804096,-0.717442142654405,0.473101324139265,0.8148003466468
12.0962,10.2945817058917,0.165785725936543,0.347456919824623,0.477140377633645,0.633262163964038,0.884006360190598
44.9415,47.0287500324467,0.524679915201667,0.249137258628136,2.10598735047016,0.0352054511548273,0.307018694903751
22.5594,8.27803058371277,-0.211614340025941,0.27138662014599,-0.779752295496754,0.4355366906184,0.795856556461941
1480.7529,671.268796292578,-0.222336073536441,0.116713263764514,-1.90497691834784,0.0567830715353518,0.37398925464602
41.1842,18.5141665937781,-0.384109844304277,0.276195053455867,-1.3907194915265,0.164310504640177,0.56211344552206
56.6215,47.1281531348556,-0.332824919061347,0.202488450377258,-1.64367359442604,0.100243643140666,0.465267128790328
63.7422,33.206086738545,-0.0955768807449057,0.191022589995364,-0.500343340267898,0.616833341799495,0.873977607875928
19.3203,11.2951560490144,0.737251727720165,0.409221984742214,1.80159364650116,0.0716093616189883,0.402597920538594
4.1431,16.0600280111843,-0.689639495215909,0.358396574611344,-1.9242357323414,0.0543250421207014,0.36672035700453
65.3702,32.4092554145255,-0.217274910403597,0.220103338031922,-0.987149546873684,0.323569331295968,0.721814961113827
90.4622,49.1407454443026,-0.337110352872205,0.235713799725079,-1.4301680820783,0.15266878378459,0.548064300941012
1622.6024,910.589671474556,-0.272215382482286,0.174614187089017,-1.55895341048957,0.119007407526217,0.495392856701424
40.2124,18.1728283254972,-0.503934130593113,0.260035284766088,-1.93794519480855,0.0526299092704451,0.359643631266564
21.4496,9.4205888053179,0.198224037046224,0.280868384847994,0.705754181459416,0.48034102016313,0.818097441491805
39.5805,39.2733632069973,-0.226234822299534,0.154184450876439,-1.46729985425596,0.142294503356727,0.535498595921673
444.5144,258.276983038399,-0.0286773730658995,0.128328891863598,-0.223467783828298,0.823171453948957,0.956425424027844
20.9184,24.6809496794258,-0.333997318665548,0.267235532624102,-1.24982376178004,0.211363933924601,0.619024686443846
21.3615,10.8405230147902,-0.307989561017051,0.344679018397697,-0.893554712000737,0.371560186521048,0.761607864100263
91.3579,30.8102863396173,0.605935589299423,0.43310179334143,1.39906044864086,0.161794856837048,0.559813848684495
13176.3608,13590.8427820926,0.136917605054807,0.208262565889903,0.657427821796776,0.510905867170316,0.833820310760906
108.1372,38.4517941146754,-0.54947763101084,0.358907452981042,-1.53097303064326,0.125776058184705,0.50884155500902
68390.7184,68185.2744524897,-0.37837466835248,0.13713823264955,-2.75907499347317,0.00579652311543735,0.12479599466972
154.3605,49.3293032664242,0.0521347010466365,0.174978505610932,0.297949173040481,0.76574195667439,0.937205237636561
32.91,23.3726438171947,-0.103692351242415,0.214718674399825,-0.482921904823846,0.629151187861676,0.881462301940758
68793.3988,104656.350136971,-0.279103271458939,0.151814464347987,-1.83844979895448,0.0659961527573774,0.392518464673966
19.7921,16.6157789774371,0.860188078539803,0.331596602990926,2.59407988737249,0.00948444462344967,0.162345159362391
37.694,20.9257311341035,0.307595459018843,0.221564897312025,1.38828606313781,0.165049954364971,0.562303453502114
20.8082,14.6295417460555,-0.161124465844687,0.278454111930274,-0.578639204599118,0.562832645581763,0.856302700445638
30.0539,12.7544105601435,0.589777181586487,0.268972363860726,2.19270550000399,0.0283286042257127,0.279448793508824
6.243,15.0123941062459,0.311932954096095,0.373809928514636,0.834469419620783,0.404016512755316,0.77908955355892
33.3864,43.5601963557687,-0.00741897302839945,0.176710293499243,-0.0419838192868558,0.966511597082153,0.987243914372936
140.4912,58.199237655377,0.0108303801718516,0.167473432167233,0.0646692435432788,0.948437351640702,0.983506025301001
60154.3992,87069.4747212207,-0.517256328524815,0.155402047614279,-3.3285039448688,0.000873137684435959,0.0517558100523888
28426.9461,30639.6677164122,0.0641388694607156,0.166391987971217,0.385468496667103,0.699890342606303,0.909073378845008
23.2284,34.6519138971149,-0.522275583525954,0.321772481230965,-1.62312072657037,0.10456359970916,0.474460484171129
7.9945,18.2154168804225,0.135715913349837,0.245788451314358,0.552165541644021,0.580834940528972,0.860205581762669
46.5021,20.0246683688741,-0.190325882413311,0.320426519220823,-0.593976687310786,0.552527705557824,0.852879462595976
105.127,89.8000427189141,-0.514459130774308,0.184849883790254,-2.78311849715878,0.00538391385258039,0.120745075270462
30.3343,17.1521020662902,-0.357718149466101,0.319071613574812,-1.12112182421464,0.262236010126142,0.679167130935142
380834.4132,385942.845335183,0.104995827789235,0.164704474842828,0.637480116368596,0.523812157531457,0.840542395458731
43.6685,26.410800710788,-0.239063482197459,0.285433299768895,-0.837545872857233,0.402285803111442,0.778696547997498
38.0204,16.8834575438774,-0.0915625471259808,0.199863234618514,-0.45812601452563,0.64686191002908,0.889663652199919
37.0089,38.1245582580401,0.445701058272193,0.233147971625998,1.91166603408053,0.0559190435912591,0.371082638086703
99.4278,54.7640048851166,0.507036963935102,0.193127089421385,2.62540571317158,0.00865457748612095,0.15459993794248
27.8013,12.3814396015793,-0.240101563355746,0.24700075226189,-0.972068146177836,0.331016647759481,0.728805912032251
69.4451,39.9784460019617,-0.11101352090437,0.226160167448632,-0.490862392598752,0.623523777490378,0.877589008858996
23.5907,28.7950460316763,-0.167643316675604,0.288895027517217,-0.580291457822386,0.561718086947353,0.856011509510132
36653.5358,34245.2730927205,-0.198292228476257,0.149435454464863,-1.32694231891858,0.184527764019996,0.586025608468976
122.3411,99.8607546210068,0.514181789277901,0.2171989570812,2.36733083891224,0.0179169085459999,0.223779274421076
38.7855,27.656087533934,0.0163010045781076,0.248481338226481,0.0656025305339025,0.947694274381055,0.983506025301001
23.5071,22.6153242570076,0.0890691979861657,0.277854510133066,0.320560562229168,0.748543428292892,0.930823263765315
25.9313,20.9865510892185,0.00187651521579499,0.244394222739443,0.00767823066667008,0.993873718492892,0.997381952243134
16.9057,12.3550341109506,-0.329843017828599,0.271177087012345,-1.2163380817406,0.223856160390771,0.633040085412465
9.316,9.84736166133432,-0.0542657411041513,0.356643401393835,-0.152156862827322,0.879063216209993,0.97322382739378
134134.1051,174316.683323264,-0.123951771758605,0.137367283541677,-0.902338377543866,0.366877144822469,0.757547061469782
89919.4175,103801.301645028,-0.450197817559263,0.178810454920419,-2.51773766673557,0.0118111254291818,0.181448414405806
15.6071,15.9613017542219,-0.199280062713829,0.253923418329562,-0.784803796454833,0.432568613872613,0.794425813957657
16.5566,16.5145092894489,-0.112254402111715,0.239993475344749,-0.467739391458297,0.639970967742382,0.887324367503822
99.0379,53.355983194729,-0.0357944245419838,0.289518820527463,-0.123634188881992,0.901604921337751,0.976907387424689
100522.2977,121233.737015516,-0.240367920378651,0.134417808002548,-1.7882148500301,0.0737413513443056,0.407753839170124
10.9204,15.7776979834623,-0.0386453781311731,0.204185083051705,-0.189266412382275,0.849884018560358,0.963665190210818
35.9569,33.9578703346383,-0.061964596873875,0.223694298865432,-0.277005704607389,0.781775725843952,0.943354466215639
37.8288,39.0255913975948,-0.171061536577367,0.239780135980291,-0.713409957326189,0.475592113304773,0.81573179759612
17.4688,11.1267016829204,-0.39738163683239,0.348329339021056,-1.1408216085076,0.253944166511512,0.671177162672361
500.2488,147.968421655126,0.127960700666733,0.144832929936126,0.883505572407922,0.376963173111279,0.765763262582753
32.9639,25.0748975408551,-0.175667785714121,0.23851813510259,-0.736496558798618,0.461428561023396,0.809300425357955
11.7447,10.1138240804608,-0.320408840386366,0.31065628283104,-1.03139340195038,0.302356373715214,0.70915263987786
100653.3094,111134.376563015,-0.060435269139517,0.154758156668867,-0.390514273627782,0.696156302683443,0.907676740927171
239.6726,115.179587342954,-0.0880639116700221,0.173017403902101,-0.508988747281468,0.61076011162671,0.872392960456238
32.7456,28.085465134363,0.211898018294137,0.246557582544893,0.859426086624431,0.390105482568958,0.769624599837664
37.8978,19.4143194822177,-0.0942966679655451,0.239715558957744,-0.393368992715935,0.694046967785868,0.907086243252467
195.2401,180.38308644997,0.162759641858497,0.212835986875735,0.764718618536653,0.444439116947122,0.801607975826259
54.6246,31.5487106003256,-0.270092540927166,0.193023862341032,-1.39927021276764,0.161731968512236,0.559813848684495
10.3225,25.0837714976458,-1.13961082595848,0.431912079346094,-2.63852501574818,0.0083267556698193,0.151465838857273
12.927,14.3745292116099,0.124057327336684,0.264305680878196,0.469370642827216,0.638804728685405,0.887067504449041
11.1844,14.879503136664,0.07207767863336,0.41662072545184,0.173005504119338,0.862647101202394,0.967325446834601
30.2299,19.3773916767016,0.279913417233921,0.324502838164539,0.862591584151233,0.38836205913374,0.769624599837664
127.1148,47.0717044305887,0.195097761816985,0.247082408901096,0.789606037454007,0.429757881233378,0.794200985667357
10.6062,64.1099043164454,0.290560349454729,0.720243717356494,0.403419484894879,0.686639654988485,0.904551485821107
39.1799,14.2268197659751,0.284717005589673,0.274163869222165,1.0384920755512,0.299041022682638,0.705415387479774
80.9446,100.999955512951,0.205574070462755,0.206950717162763,0.993347949121022,0.320540418076837,0.720717478625013
77.2204,67.1345538761484,-0.0490684252531822,0.167053341926181,-0.293729084898312,0.768964927625313,0.93741878145726
36.6861,24.3594734321462,0.0836692673989485,0.188958681677925,0.442791337534629,0.65791666955917,0.893037084013249
19.8328,16.2483723006085,0.547222862083548,0.277679442643144,1.97069994406033,0.0487582069547066,0.346380556921008
41.37,31.0991316494631,-0.345656326980394,0.173834836409332,-1.98841805313678,0.0467654738069866,0.34129909328258
13.9706,17.8528967836277,0.20144842200966,0.339821411204957,0.592806737207503,0.553310498428827,0.852879462595976
17.0139,29.2309007965979,-0.251718291048409,0.278618042460876,-0.903452945204565,0.366285551046223,0.757343399591561
22.2953,27.5902938777142,-0.0891642155465369,0.230815270707864,-0.386301197806749,0.699273613506651,0.908848636843987
24.9269,17.4676114620632,0.105700832148322,0.240745579935129,0.439056169491478,0.660620837081804,0.893579350482825
40.1056,29.8851402250155,-0.353321392386152,0.251901329089461,-1.40261821429561,0.160730717368956,0.559281006926519
43.8018,14.7251245262118,0.595198491315101,0.402381573054434,1.4791892352252,0.139089745797394,0.530430150410062
10.1989,11.7557523381182,1.19927300531791,0.384666219383649,3.11769774647617,0.00182269625182911,0.0732851890064631
75.5625,47.6461866911591,-0.436432645504653,0.269686147374237,-1.61829834329246,0.105598317565651,0.4761528957916
32.8168,30.1649692700726,0.104891348205003,0.18985524785735,0.552480636636468,0.580619097288906,0.860205581762669
191.4605,73.9751246521124,-0.175414524455536,0.180428419624856,-0.972211167288695,0.330945506096746,0.728805912032251
12.8543,17.5280985901395,0.136483532912621,0.251349300129921,0.543003433238417,0.587127438593829,0.862536206446935
32.2368,22.5610448108461,-0.268558155813231,0.238287295520427,-1.12703514145264,0.259727623470272,0.678582587680621
20.6651,14.5780494282041,0.244255563379007,0.306471775576609,0.796992032690299,0.425455658530759,0.792803609750161
0.3037,18.5984225654851,0.469078009198794,0.933389828990862,0.502553161208045,0.61527846733732,0.873385581378571
347.6835,237.416203014082,0.0333821326697732,0.127330437045599,0.262169308802565,0.793190914060841,0.948095344661324
24.1938,35.8595208898869,-0.125691906851102,0.228421052160472,-0.550264109469208,0.582138237296029,0.860948127120121
16.3496,16.056726392387,-0.238006669045488,0.213530844598307,-1.11462430401203,0.265011450948736,0.680878971490252
19.9155,13.6934404111155,0.817801245510093,0.27356220799326,2.98945256915839,0.00279477834920138,0.0863010701298618
60.0806,33.1608006208092,0.181797117358705,0.211846544151747,0.858154746336022,0.390807020597313,0.770208191651857
121.7817,104.254592807897,0.0377240098758065,0.256198788666978,0.147245075092226,0.882938583531524,0.973620531905895
28.4831,11.1383207193624,0.177162881213443,0.305183429741717,0.58051278001358,0.561568870957186,0.856011509510132
28.0681,16.4156471820421,0.184667862655874,0.287138950840447,0.643130658920904,0.520139322194323,0.837498105954589
15.0912,11.472821850277,0.0349998266668542,0.287542063189974,0.121720718974359,0.903120203879315,0.976942084120479
23.5167,11.9096592144527,0.0193250828293831,0.240655965346376,0.0803016987406423,0.935997307179473,0.98344499528628
16.7902,10.8041624452098,-0.292850498051422,0.356847595538929,-0.820659860714893,0.411840040359733,0.784214691181377
26.7897,17.5338009638528,-0.248678514959676,0.214796339346822,-1.15774093597631,0.246969773095482,0.661705334974845
20.6099,14.3742804126842,-0.0508581214403369,0.256254551103577,-0.198467192958381,0.8426795504116,0.962236343760892
21.9807,18.9698113408557,0.242739824532551,0.206081034404024,1.17788531698001,0.238842329445064,0.652085509329905
57.8398,56.163396076587,-0.526975352842502,0.234681685593,-2.24548989202513,0.0247367004138301,0.259841066740147
28.1411,12.9589831562053,-0.410485188967467,0.269400868912741,-1.52369660359345,0.127584518299032,0.510753657946287
14.6864,14.406480236441,0.0251684613283146,0.288313188774809,0.0872955602040559,0.930436582994056,0.981213798266428
46.5687,43.5005629361688,-0.0350525961138776,0.247712213189494,-0.141505320478741,0.887470757202858,0.973620531905895
23.703,11.7538480451795,0.994373360584174,0.524172161828349,1.89703580807445,0.0578232122610789,0.375406692991827
2.5179,26.7318926896832,-0.0425175614282124,0.351025412370817,-0.121123884282479,0.903592911529692,0.976942084120479
550.2568,213.22098325083,0.173292704053903,0.152836819729189,1.13384133719191,0.256861107878248,0.675400730813793
31.5462,16.144364887632,0.017617540504089,0.243458367436611,0.0723636681276772,0.942312497598044,0.983506025301001
337.0749,193.590084472179,0.760926274117987,0.146194034069173,5.20490647216115,1.94094336322076e-07,0.000382029899938346
69.4095,32.8913636771985,0.307291612397471,0.233614740295694,1.31537766841477,0.188383006912127,0.593039742558925
31.952,34.9156041384396,0.474054330619601,0.425258255033782,1.11474456993655,0.264959895738381,0.680878971490252
33.3377,11.2613872005585,0.10385556388173,0.306142213325372,0.339239606173979,0.734429234967911,0.925757466436475
792.6104,534.344119419015,-0.120445020281944,0.203425662910532,-0.592083705461079,0.553794537724859,0.852879462595976
17.5913,18.5757159632056,0.178386208287363,0.322240342382205,0.553581239917445,0.579865467878781,0.860205581762669
35.384,16.8823091222065,-0.116003053922933,0.250118021659554,-0.463793265088389,0.642795869067721,0.888117763366624
16.9607,22.5895943816808,-0.624639077814778,0.262961895721304,-2.3753976830042,0.0175300517562635,0.221205956867183
49.6764,39.0533082476745,0.208718298407944,0.157169565676983,1.32798164523089,0.184184170603228,0.585819723601878
50.4143,18.1490036840928,0.138290913218427,0.248909655512987,0.55558677679023,0.578493373093994,0.860205581762669
14.5422,14.1493954858141,0.516044875056492,0.270386012970225,1.90854870556237,0.0563203343735822,0.372138123360928
18.0386,14.1777846856427,0.822411340385637,0.423937796544509,1.93993398816775,0.0523877128348896,0.359643631266564
43.9794,17.7540310609664,-0.477584228027396,0.328863118604519,-1.45222799702792,0.146438220464353,0.541511993722454
8.9249,18.7095675807313,1.47122464769558,0.639764512352381,2.29963466133181,0.0214689266658268,0.241182000660888
61.5799,18.3160746160201,0.831589494281178,0.971976823756554,0.855565147188593,0.392238355036378,0.77154439555011
85.0124,34.4793111405922,-0.327096670360907,0.219017272924819,-1.49347430909337,0.135313074295505,0.525396496739261
49.7968,20.0390808994524,-0.704141293062641,0.806075229444319,-0.873542899399169,0.382367234052269,0.76840706934271
31.3186,22.9597758110436,1.79914843210225,0.479318624835855,3.75355418896643,0.000174344821098924,0.0232495062836821
141629.2624,98147.9903406742,0.0613780268958369,0.179397583571006,0.342134078252751,0.732249992521532,0.924603441964507
389.4932,252.63600645494,-0.202304544840186,0.192902244856162,-1.04874126784287,0.29429721529115,0.702223958099727
23.0445,15.8286458644297,-0.951573769089782,0.481017511478857,-1.97825182323244,0.0479003050731303,0.344608693915645
43.258,12.7835614444455,-0.190986927437542,0.381189705611594,-0.501028555141897,0.616351026572923,0.873977607875928
26.8662,25.831958196753,0.140575920834399,0.336764392137682,0.417431070850646,0.676363132264256,0.900422128814881
15.1639,17.2360270421515,-0.398278900159267,0.291620551630028,-1.365743593629,0.172019456318831,0.572311618342837
23369.563,14846.6334188606,-0.104857739338403,0.191886277362111,-0.546457728920991,0.584751336957951,0.862276812663919
16.0749,13.8636423999454,0.101580456127251,0.296971694200541,0.342054337537822,0.732310000332181,0.924603441964507
12.1007,11.0242777036249,-0.0779629418433355,0.326810875305121,-0.238556754791427,0.81144930165662,0.952376136139739
21055.2596,21922.5378587927,-0.197849858871101,0.164180093166484,-1.20507824703495,0.228173096519723,0.637908861744177
16.272,16.4519532886427,-0.0655314258653434,0.22307153196819,-0.29376866374275,0.768934681769086,0.93741878145726
22.8618,11.6483343408832,-0.210697480327466,0.415988421326331,-0.506498425258283,0.612506794886613,0.872439530921188
30.0312,20.3267365485273,-0.314254448666676,0.209348795205211,-1.50110464384871,0.133328497897696,0.523182387982976
10.195,12.5807615605165,-0.249468897421386,0.325086671683115,-0.76739195775015,0.442848508673901,0.800854645615397
16.9579,14.009617968438,-0.569570078276827,0.382270890883607,-1.48996455618235,0.136233555665649,0.52717581836613
56.5925,36.7179743443682,0.272877085329768,0.325164786730827,0.839196298200818,0.401359164267752,0.778520222356483
53.4189,18.9607492032807,0.201207576738627,0.238225595470165,0.844609397833686,0.39832896021031,0.775001241646596
7.8309,15.4728074364093,0.310960087243286,0.311385311869948,0.998634410132874,0.317971824637505,0.719795078755598
48.9376,41.6893511483516,0.123146556964233,0.173613092969861,0.709316070911836,0.478128357633107,0.81573179759612
17.8647,21.4821657192206,0.602005836527474,0.251761546131704,2.39117468802224,0.0167945599171637,0.217268569875728
55.6759,30.6677621924463,0.0165264862427887,0.205395197196205,0.080461892334326,0.935869903442652,0.98344499528628
30.1564,30.6874682772463,0.514559650165648,0.257650046652403,1.99712616726145,0.0458114790063004,0.340070636271343
26.204,18.7776924371616,0.410441958577971,0.231545523470611,1.77261884585761,0.0762918867514564,0.414512505824668
454.3457,197.980175010012,-0.231711060962339,0.164177558627758,-1.41134429637671,0.158143119167798,0.556261858778547
67.9122,29.2666679729781,0.231791549285664,0.211803764835393,1.09436935394328,0.273793019088084,0.685431474903796
38.9467,28.3367245166187,-0.0523981293423268,0.198556589647349,-0.263895191972172,0.791860680613291,0.947611272126324
191.6438,94.753982786659,0.221385645060979,0.182977995085676,1.20990310860779,0.226316074262401,0.634738601708102
48.7067,27.7944007351886,-0.244601597737617,0.208563338632507,-1.17279287597429,0.240878875674229,0.654376963314826
118.7138,62.468977564199,-0.572375545540041,0.204402900884336,-2.80023200778314,0.0051065889608775,0.120152917102424
244.8929,116.199018197666,0.124657659509317,0.112136739794824,1.11165760425532,0.266285394802183,0.682654881543352
23.8778,10.6661525453594,-0.270571858276453,0.262561206790332,-1.03050965366913,0.302770822909273,0.709853760693431
163.7285,47.2930458470588,0.0170859720819204,0.21862232680112,0.0781529148093988,0.937706415939795,0.983479420711732
25.9743,12.7678027535311,0.0501118171203041,0.253604607945925,0.197598212138911,0.843359433731151,0.962236343760892
134.1659,66.3235402657893,-0.143366853092841,0.220517244441054,-0.650138965123721,0.515602461878119,0.836096433402578
20.9607,15.4070681406506,-0.105515223190821,0.481978297477431,-0.21892110857079,0.826711503023329,0.957794529803612
45.7986,33.8286825795876,-0.331873469717825,0.218523328838593,-1.51870956516023,0.128835617881154,0.5124238652943
23.5173,17.5437230978928,-0.979143854165219,0.282617392961502,-3.46455624653858,0.000531107061898496,0.041255338808093
26.626,16.4393251832542,0.455594289715674,0.250281176821463,1.82032982065076,0.0687087927165569,0.396074607170021
33.947,25.485689842497,-0.102258212162535,0.340432243040639,-0.300377576604365,0.763889165707368,0.93609020656055
80.858,48.6635411833506,0.394786959439499,0.171521012000121,2.30168277831302,0.0213530680950965,0.240884631381279
9.9997,11.6807594177178,0.0951897481401488,0.340420535322204,0.279623989340281,0.779766000178134,0.941959402983749
25.6975,21.3086118357177,0.0365643597615033,0.189685417978606,0.192763155708823,0.84714445974863,0.962770983013747
13.339,12.4751399145987,-0.394614188607639,0.315254237576439,-1.25173317777198,0.210667106311098,0.618218418472634
13.332,26.7792868411039,0.0749646737916463,0.255636116888141,0.293247584512671,0.769332914757023,0.93741878145726
35.4356,27.2888277916602,0.149492335941869,0.21445458607138,0.697081553164413,0.485751757830067,0.820597885589001
22.6102,20.3986650337177,-0.312425156071492,0.271221620301166,-1.15191833056883,0.249354634958971,0.664557408644335
29.4055,17.8738829949893,0.467033302942295,0.290301549410379,1.60878680768625,0.107662966504824,0.479628355658963
11.0683,9.67295742674475,0.0986214827609812,0.294818817183441,0.334515563501557,0.737990548693552,0.926729064238427
20.225,29.1642742831644,-0.241266877052255,0.193841504875148,-1.24466056538125,0.21325654728064,0.621647161191338
76.3509,53.8879117309836,-0.215338934209721,0.212526186426133,-1.01323482922687,0.310948007957672,0.71613496166402
21.6594,16.8154400964166,0.04427202106216,0.242610456276554,0.182481916656114,0.85520454451367,0.96392287365212
86.3804,28.2250166519415,0.321811382755787,0.236886899168683,1.35850223834722,0.17430437281565,0.575332022313892
33.5512,21.8581911373324,0.0537289673095496,0.264004482322248,0.203515360182284,0.838732241205076,0.961790768399045
38.3363,21.273240911794,-0.380770371499411,0.272768231525863,-1.39594838214621,0.162730039609421,0.560807089850692
29.9673,12.4392767408134,0.557205383542994,0.353272865971145,1.57726629247689,0.114734264935191,0.48783361603509
82.2685,28.342728569713,0.175493723794947,0.270766645441698,0.648136418385898,0.51689672099209,0.836096433402578
37.3745,32.4847318703976,0.129143997606882,0.213714734873458,0.604282141254081,0.545656077579859,0.850684872174865
31.2258,21.919017713862,-0.0693546796580023,0.224027394355435,-0.309581244997057,0.756879420393366,0.932449888979082
24.7401,20.3909825003803,-0.12944968859847,0.222211404013514,-0.582551958452131,0.560194954231161,0.855466698248133
24.1597,37.3349700936591,0.418050051494818,0.30114569212371,1.38819867734679,0.165076554941874,0.562303453502114
27.7099,31.8536417043014,0.0741818556362634,0.191677709575414,0.387013470687771,0.698746235390005,0.908355323983833
30.1964,21.3601408866496,-0.459622571084464,0.234443159887309,-1.96048616349222,0.0499389936560087,0.350714418304199
17.8372,19.2541794123494,-0.220539289124139,0.240418569662795,-0.917313872357956,0.358978190113695,0.750401198671797
114.6206,39.2127226035747,-0.0110345891621664,0.155789797223461,-0.0708299860377805,0.943533066344731,0.983506025301001
41.6026,27.8749727970859,0.214498498585616,0.170953484413563,1.2547184944573,0.209580969495782,0.618218418472634
32.9219,13.1119406653986,0.625234857396254,0.370888714312001,1.68577482481791,0.091839178519914,0.446869193390005
123.4413,58.2286676284132,0.161218293578758,0.159494964697467,1.01080491089207,0.312109812218859,0.71613496166402
10.3905,17.1893865638341,0.421265899330936,0.293725731521719,1.43421516783178,0.151510869918812,0.546400529123278
28.6608,26.2969665554296,-0.560880216132305,0.311140132951849,-1.80266110582111,0.0714414540151904,0.402034238921405
35.7447,13.6949397797944,0.307529297782834,0.306992312540984,1.00174918139612,0.316464746825299,0.719184862885156
63.3514,57.8508803805068,-0.662084253723086,0.284758009840179,-2.32507684013763,0.0200678517993493,0.233554828232957
83.5201,50.3836428456287,-0.677460433364925,0.194757815563047,-3.47847623678866,0.00050427314629808,0.0398896596232878
23.5932,20.7209970318162,-0.327400984032911,1.07008050116937,-0.305959209307274,0.759635703603495,0.933965866075125
11.2712,13.0522961447341,0.199325771649716,0.249696845482895,0.798271084539471,0.424713194140335,0.792615024633713
21.9917,13.7653982348553,-0.40501524271088,0.258068963947173,-1.5694070163113,0.116553130229133,0.49022517813691
15.9078,10.9465545411804,0.765176060150175,0.414377409525191,1.84656798985964,0.0648097770388885,0.390385631367173
33.7453,19.2203793676926,-0.0747916572287141,0.306149479580634,-0.24429784212328,0.807000154592268,0.95127871666401
83.8854,37.3544769980194,0.417658862650538,0.252902722215545,1.65146052597478,0.0986445746663344,0.462021557346655
54.4002,29.063668591647,0.041451220221841,0.165499057531149,0.250461971446812,0.802230110017801,0.950760017024347
19.9089,14.7030113330895,-0.0446219012381144,0.333579323209697,-0.133766987740016,0.893586832503437,0.974807577797553
58.6532,46.0649677338115,0.0532049202806107,0.202609212448868,0.262598722128876,0.792859885097496,0.947884639204089
23.5396,15.1831587281636,0.531642911744496,0.262232178864641,2.02737480215546,0.0426240968659811,0.328700060518935
26.1906,13.6005173379087,-0.0761818183280367,0.382413059365995,-0.199213432863247,0.842095792111862,0.962236343760892
8.2299,16.3145900033344,-1.37075067090497,0.351673829634801,-3.89778981372721,9.70746140303626e-05,0.0175448089181347
63.3702,54.7427604551157,0.0419129208287249,0.225449144239036,0.1859085381326,0.85251648646667,0.963665190210818
91.6773,66.9259744978909,-0.000198356413941301,0.181622315551235,-0.00109213679684282,0.999128601084743,0.999494448662075
260.8858,147.22799883716,-0.065564818940175,0.136540235030717,-0.480186802999315,0.631094569902771,0.882986368864419
148.4721,90.1269813208267,-0.103887382356507,0.171448543067567,-0.605939137759634,0.54455516906517,0.850607908974445
23.1118,15.8104063972761,-0.450873320121793,0.242195903163511,-1.86160589106827,0.0626586623117488,0.385037479905696
96.3356,40.917407212871,-0.520574154888851,0.596404755780145,-0.872853795754695,0.382742773174438,0.768612529789843
19.8414,16.0445666384055,0.670081690545686,0.254553475799067,2.63238083252345,0.00847887618016828,0.15280797845476
20.4804,20.6341942916669,0.246452933959841,0.255572369908125,0.964317598371208,0.334886720478434,0.731944826205843
195.1165,155.628871678396,-0.0802831538405223,0.137616601755803,-0.583382766441091,0.559635656545739,0.85503757072938
13.6817,31.841615233033,0.423438097448543,0.298605861735266,1.41805018490879,0.156176113525139,0.55483028032572
11.3073,10.9806493419024,0.542025191734143,0.318168768314083,1.70357761576107,0.0884600262821373,0.442300131410687
15.1602,16.1544072739866,0.244290297715868,0.272727016642731,0.895731932696221,0.370395951282457,0.761179345240449
53.5541,23.6387342351575,0.0482252783942785,0.444619967154452,0.108464041106651,0.913627603233822,0.977786075622948
36.026,19.6843149938849,0.794526454013898,0.470840489854206,1.68746416490205,0.0915141348782405,0.446869193390005
69.6977,21.71387489563,0.765064302348579,1.11148114259917,0.688328639170161,0.491245850662571,0.82273035788981
11.3276,15.7568875344087,-0.439776417689195,0.317716508724819,-1.38417868008897,0.166303749800189,0.563671562339859
16.5396,20.2795938390479,-0.174413513496493,0.295224272438743,-0.590783108908103,0.554665753944524,0.852879462595976
17.4485,11.1494550856111,-0.100895731652489,0.270187587626352,-0.373428448504525,0.708829589497924,0.914498809041517
18.8843,18.4521878216832,-0.163923892414177,0.253293340858478,-0.647170161910281,0.517521820302852,0.836227080137004
8.2264,13.4501886532136,-0.135614300622741,0.324577870307911,-0.417817457777053,0.676080585832702,0.900415084512777
14.9211,15.7023303789307,-0.0490308810607638,0.402969622073332,-0.121673888985709,0.903157293134544,0.976942084120479
21.0443,24.5922195615371,-0.645572729470744,0.22461625272544,-2.87411405736458,0.00405162616362611,0.104197879534421
22.1735,16.0105680974464,-0.0612532302180284,0.252863688184225,-0.242238142842408,0.808595641267055,0.952172556821622
26.6286,9.81490062069671,-0.166070889850833,0.398782977203822,-0.416444280082578,0.67708493229183,0.900581582020194
46.284,32.4569199077681,-0.106929201793724,0.16320444339028,-0.655185603850372,0.512348261999584,0.833820310760906
35.1022,16.1434852730262,-0.338693229788032,0.258443939328051,-1.31050946935969,0.190023542914873,0.593340788217426
40.2966,10.0596438400378,0.148943062182165,0.351211325498954,0.424083881607652,0.671504640086074,0.898044402472767
148.3306,90.1364769546937,-0.103558215377564,0.171399931784995,-0.604190528543895,0.545716977258172,0.850684872174865
178.3694,98.9484344555115,-0.0867396070529126,0.123877344690204,-0.700205572454219,0.483798932068867,0.819930125297151
8.0575,21.2767950234245,0.29912706384079,0.367645211056003,0.813629702890988,0.415857116547439,0.786298305069827
10.3523,17.324704364661,0.145849550594678,0.296461420618625,0.491968062118621,0.622741921571446,0.877477743294994
97.081,36.7086547534484,-0.150613260831246,0.165059975846506,-0.9124759655321,0.361518216032564,0.752656790160954
13.3988,12.2821607933027,-0.200437352948419,0.329817218810529,-0.607722524831442,0.543371521129943,0.850224073282803
162.0807,61.4621005420407,-0.0490848700793052,0.994315193401826,-0.049365503418863,0.960628018912344,0.986972027885079
15.8793,20.2533902269316,0.124574974090035,0.241152735013535,0.51658122012609,0.605448528143283,0.870385544215723
16786.7369,20435.0583442191,-0.557278176143114,0.173775473755638,-3.20688624291569,0.00134180044102434,0.0639175481402679
8.1992,13.5195924636256,-0.554412698221738,0.539103529468632,-1.02839745599179,0.303762904730896,0.710553121268123
187.5876,37.2145075450922,-0.315492646870194,0.960927540786623,-0.328320953952396,0.742669002533705,0.927729157594159
164.8641,79.9733727478867,0.470747178863466,0.156970812670004,2.99894719824829,0.00270914252927179,0.0850703296638377
15.8889,11.1342047056767,-0.433240873713343,0.305194023156318,-1.41955884074257,0.155736155212828,0.55483028032572
16.3783,20.9281126184208,0.119144818179386,0.239759504172417,0.496934703759257,0.619235097968783,0.874902053781892
61.8461,65.1541269261937,0.174638051834649,0.228554619149092,0.764097669453482,0.444809041037065,0.801641161247737
287.8267,145.499250137857,-0.0392748138239566,0.193654898497821,-0.20280826422988,0.839284898251978,0.961790768399045
49.794,20.0390808994524,-0.704141293062641,0.806075229444319,-0.873542899399169,0.382367234052269,0.76840706934271
10.8227,13.9632155959673,0.290314452806028,0.249353306190732,1.16426951477421,0.244314806756648,0.659122152497575
36.0088,19.710673326265,0.79681155892148,0.471243913060239,1.69086864962779,0.0908618921044359,0.446869193390005
28.8971,19.6753263624951,0.237872123784143,0.242504003243948,0.980899781455788,0.326642165274519,0.723581869362624
49.8142,20.0779945432217,-0.699972685647525,0.806301249074387,-0.868127993663752,0.385324267750572,0.769124498127157
10.8263,13.9494983797586,0.283251285431498,0.248464247853655,1.14000822202127,0.254282875719488,0.671783435638973
42.0258,15.3932608593112,0.461759078753469,0.443796719849555,1.04047429397406,0.298119600868776,0.704970703580276
110.1225,39.6011396539539,0.528043186152733,0.187162435282362,2.82130965733644,0.00478280110533388,0.116167244238248
9.0025,14.5243994827753,0.11027317484176,0.308168095870736,0.357834494613016,0.720467174553763,0.920813391770564
148.2673,90.1784654514411,-0.104094877072906,0.171325110011087,-0.607586810048856,0.543461551048737,0.850224073282803
71.9708,48.2898119574907,-0.00985946687135319,0.19054140482949,-0.0517444850381792,0.958732290760942,0.986972027885079
43.1904,31.1795303768241,0.179841282110371,0.205325783809678,0.875882603604576,0.381093857712083,0.76832545815261
37.0368,14.5663235890446,-0.0592246801339421,0.239907422345764,-0.246864726213369,0.805012915960566,0.950760017024347
35.9789,19.710673326265,0.79681155892148,0.471243913060239,1.69086864962779,0.0908618921044359,0.446869193390005
36.0539,19.6969561100563,0.794964943113669,0.471382708047239,1.68645334150442,0.0917085147470796,0.446869193390005
30.1859,18.3139004490906,0.171597355051343,0.298335062679702,0.575183330816106,0.565167315081193,0.857519296586156
13.5708,13.8763932944315,0.344944227836753,0.347146465041149,0.993656172750785,0.320390286653671,0.720717478625013
5.4513,12.0563566219748,-0.0490630845745055,0.355102077969141,-0.138166143254079,0.890109112191599,0.973981907282789
19.8546,43.699973278634,-0.356548172561964,0.193285999252457,-1.84466631799991,0.0650860933805797,0.390961919671224
21.6376,12.293405006307,-0.381442623774973,0.376155084642654,-1.01405680621689,0.310555647038556,0.71613496166402
34.6441,16.0852122801613,-0.0503327879758434,0.243383266064199,-0.206804636940679,0.836162434681661,0.961497780961666
49.8,20.0390808994524,-0.704141293062641,0.806075229444319,-0.873542899399169,0.382367234052269,0.76840706934271
127.98,74.0449572289564,0.20277736237761,0.162163857504034,1.25044732839169,0.211136184773138,0.619024686443846
7.7863,13.9724045393361,0.210888770912471,0.431708308597502,0.488498290889024,0.62519693601934,0.87793308314416
32.0774,22.7092334616742,-0.311242146151724,0.315536143957008,-0.986391423336057,0.323941072157354,0.721839898088465
77.8821,22.217189593042,0.509982689380914,0.322217976780277,1.58272575129684,0.113483986269839,0.484950692370068
15.4405,16.8673667131488,0.329600556418004,0.29148229371004,1.13077385326837,0.258150287636145,0.677122447631111
23.7608,31.4100528598651,0.0664626170736839,0.226119694460937,0.29392670652651,0.768813910164677,0.93741878145726
54.9761,36.171547872418,-0.255287028966328,0.189322820167909,-1.34842185817808,0.17752273756399,0.577855592511648
5.1641,32.2832164539424,-0.121033955131833,0.713502010760151,-0.169633656677275,0.865298251935817,0.967829952338113
36.0191,19.6843149938849,0.794526454013898,0.470840489854206,1.68746416490205,0.0915141348782405,0.446869193390005
7.9467,15.2766324173244,-0.48270903594647,0.302077390359384,-1.59796479760431,0.11005081168539,0.483044455576231
14.5347,20.1767059200441,0.32105582659767,0.230987405492885,1.38992784438872,0.164550789342578,0.56211344552206
148.384,90.1269813208267,-0.103887382356507,0.171448543067567,-0.605939137759634,0.54455516906517,0.850607908974445
37.8302,53.505296029839,0.730897326659526,0.793198331607453,0.921455955635118,0.356812426310834,0.748076547144345
13.7478,9.34470923292621,-0.0248234745907013,0.391732697135286,-0.0633684008821159,0.949473149105792,0.983661890897426
38.7399,30.6352794315882,1.41018407123291,0.896243759044841,1.57343809315425,0.115617412326116,0.489523828521395
68.687,24.0898827295314,-0.0200142845534097,0.223063583035339,-0.0897245721648745,0.928506088930343,0.980524130688599
13.8429,19.2959509537032,-0.834994124959612,0.450003811122276,-1.85552678515588,0.0635210379234114,0.388214033615631
0.3036,18.5984225654851,0.469078009198794,0.933389828990862,0.502553161208045,0.61527846733732,0.873385581378571
22.7734,18.9368874331463,-0.613555633275984,0.346443079527518,-1.7710142575593,0.0765583308396284,0.414735037667988
83.0768,41.768311296771,-0.178097341775869,0.184717332789447,-0.964161506050308,0.334964960188741,0.731944826205843
186.2308,168.189638340803,0.176104975516199,0.240991401359626,0.730752111995074,0.464930578745866,0.810890226336162
15.218,18.5560090445949,-0.378434839156385,1.06669252356566,-0.354774061686849,0.722758861771129,0.921658925963461
30.374,31.7825432128277,-0.0599489618839689,0.283860175529778,-0.211191872097184,0.832737552851494,0.959782536439969
6.0871,9.66931569001947,0.589238351034797,0.374713010252473,1.57250571747637,0.115833314242689,0.489523828521395
24.3971,14.8874641086333,-0.303222353564379,0.314561814959722,-0.963951564188441,0.335070210011642,0.731944826205843
51.9014,25.3385089114269,-0.243279744313385,0.227560839162099,-1.06907561603818,0.285035598081923,0.692583531124325
34.349,33.7430184147005,0.0969217084983691,0.18465713531503,0.524873887667638,0.599670862911763,0.868760378552006
12.1456,15.307867454776,0.335628610691702,0.282698690033312,1.18723086637633,0.235136568922921,0.646783444955841
50.8791,30.3895305702491,-0.950900272679777,0.276565963389611,-3.4382404147838,0.000585507612440433,0.042844768734426
6.7213,12.5488723284042,0.54068830024067,0.296776665392863,1.82186931551685,0.0684748171507586,0.395798724175879
27.5438,23.579477321566,0.0418184534069782,0.213798798215489,0.195597233268024,0.844925425984775,0.962236343760892
47.2421,23.5889828828491,-0.525231196383079,0.229344473444772,-2.29014106376345,0.0220131405988824,0.243731079243482
41.2179,37.5628234401432,0.211478325339555,0.225987756882165,0.935795497319018,0.349378490242009,0.74468637618354
16.7788,25.6104324601263,-0.104387499416176,0.381276987640751,-0.273783896746826,0.784250699492515,0.944574784081047
21.7173,11.2309141092426,-0.340719226715266,0.280792820235227,-1.21341858538205,0.224969824140134,0.634666063095031
25.7151,27.2352260424946,-0.142446648635222,0.208733851128298,-0.682431947981774,0.494965860020245,0.823972232693343
213.7349,126.665516621826,0.121899545154011,0.243435704934374,0.500746368273598,0.616549634770036,0.873977607875928
7.5903,12.0907692940234,0.0843719651595704,0.355980499367806,0.237012885001871,0.812646794241633,0.952376136139739
13.7238,15.4840288740071,-0.0330235672907318,0.316842114428673,-0.104227202719814,0.916989046885148,0.978463935687972
36.6048,19.2449394225398,0.994268010410462,0.26654473730118,3.73021062234292,0.000191319768297083,0.0232495062836821
14.306,16.2740704031723,-0.534254918802497,0.37890451794746,-1.40999880839789,0.158540034759785,0.5567832938098
76.2986,35.9062969004211,0.0505747613354882,0.230217264591739,0.219682748056172,0.826118241520939,0.957287685111478
349.3958,193.805030052534,0.332508662372752,0.130766454065468,2.54276729264436,0.0109978447514769,0.175065548651473
26.9933,15.5119172592207,0.395412588300249,0.261081864055285,1.51451572375981,0.129895088915542,0.515636512523258
31.3635,16.0340515657577,0.0654039736832208,0.264220327248585,0.247535737936193,0.804493636987108,0.950760017024347
120.982,41.2771733112716,0.163367859686444,0.211996718764478,0.770615038942846,0.44093514443472,0.800104811591291
725.3515,215.223587083157,0.161248796273824,0.150596482384276,1.07073414810824,0.284288983848529,0.691863685445231
21.339,23.5935999725356,0.217949657100565,0.226793899504155,0.961003173264682,0.336550572304061,0.732323800633588
112.6488,116.946911410686,0.105202324690588,0.138617341070578,0.758940576107455,0.447888104900668,0.801944173838754
52.8122,21.1749784211352,0.598063365070439,0.240606594194789,2.48564827191005,0.0129315704887006,0.189201192031108
23.5652,18.9220977381075,0.0819967720641287,0.248996567945297,0.329308844458221,0.741922259700555,0.927729157594159
21.1536,11.1276583618353,0.700178501648195,0.306596702164071,2.28371178393662,0.0223884750535702,0.245673534293194
50.1739,23.8662631274466,0.0141652534876665,0.198692342293498,0.0712923977047003,0.943165045588174,0.983506025301001
12.1617,12.2750485010977,0.29610963134995,0.267087123633095,1.10866307338996,0.267575557490353,0.684488539880795
30.3939,11.789183312557,0.88656604590364,0.377346369696469,2.34947548751238,0.018799881921678,0.228207031551278
44.0418,14.2777234481557,-0.360175833902998,0.333042005559079,-1.08147269080478,0.27948690214395,0.687253706952611
17.2554,49.8289576587135,-0.731928542557714,0.355707309432834,-2.05767079603946,0.0396217455933333,0.320825923761899
19.841,11.5262314413125,0.066346201500605,0.303470221853818,0.21862507990179,0.826942114439931,0.957820167061762
38.4786,23.5532074276432,0.179034010912008,0.224954804862172,0.795866578718785,0.426109588700748,0.792803609750161
93.0521,40.1626923569634,0.218083593372295,0.191741229925069,1.13738497170129,0.255377386942121,0.673015624857753
5.3612,10.8105370660609,0.164129174108607,0.493708404864892,0.332441523156818,0.739555888737492,0.926729064238427
135.2245,132.74879146454,-0.348872472388478,0.259922408035264,-1.34221776039081,0.179525399490299,0.579707608968936
15.4448,15.3562136135698,0.0159723787837178,0.304048084224112,0.0525324105378827,0.958104471104125,0.986972027885079
28.6643,21.8534755764016,0.339787212757831,0.189295570279263,1.79500879104858,0.0726522993062507,0.40555093725994
67.1175,38.2542586896892,0.100076985652667,0.195946640829293,0.5107359086592,0.609535992925409,0.871880511295772
257.5624,156.575370104701,-0.0958012134270515,0.131669595844003,-0.727587966021807,0.466865849349639,0.812162481390095
9.3595,11.2244845609338,0.178067556134402,0.322630409076111,0.551924279686837,0.581000232785112,0.860205581762669
17.7602,17.9139144274368,-0.0653667144616998,0.264031503226457,-0.247571648318176,0.804465849281537,0.950760017024347
75.8401,46.4805943368296,-0.301315548889328,0.137660625740491,-2.18882884825286,0.0286092821205738,0.28083712241362
18.7781,14.9479591542828,0.630920876958401,0.520044040063965,1.21320662934777,0.225050830184552,0.634666063095031
201.4265,95.2225957540169,-0.186194187872513,0.154562662690712,-1.20465178737958,0.22833775550243,0.637916369316343
37.0065,40.9499720321447,0.662051603934223,0.468729371604748,1.41243891260241,0.157820765642627,0.556066335653839
888.3886,1208.78900633544,-0.0703826516252788,0.2408174388758,-0.292265593197252,0.770083563531324,0.93741878145726
19.4233,13.04036987764,-0.558539320807549,0.352778177394699,-1.58325927338368,0.113362381464309,0.484950692370068
16.841,10.3549302052303,0.469815591461592,0.299576677220954,1.56826491240864,0.116819320925185,0.490673087549733
20.6908,9.96843385542684,0.538368821565548,0.322656674510272,1.66855008464549,0.0952065782077186,0.455287488783215
43.1827,13.4603607038456,-0.0854479484179046,0.329903840416562,-0.259008650247938,0.795628566254841,0.949184098993437
41.0072,21.1188691051404,0.472828291155695,0.217708954244928,2.17183667431406,0.0298679843503146,0.289037423358556
19.2567,11.0722290895725,0.50828598946804,0.326034570329179,1.55899415499053,0.118997763584617,0.495392856701424
36.2198,25.1932445199623,0.289633817654024,0.189151424059937,1.53122726457638,0.125713234656287,0.50884155500902
107.1383,63.5926969128781,-0.258294038651009,0.220171670608415,-1.17314837979495,0.240736308312934,0.654278909589995
12.1602,17.843852934019,0.128922401159154,0.247951391150539,0.519950303811288,0.603098213040831,0.870330480676954
26.4114,10.1228612221488,0.558035341961906,0.32938712654219,1.69416257344359,0.0902343945805743,0.446809310795833
8.232,10.3896344193656,-0.243514887474579,0.38621440447785,-0.630517361991726,0.528356147067129,0.84315533768357
41.9625,41.4400986306195,0.435146669775828,0.219466020012448,1.98275190733922,0.0473951483823174,0.343015196588546
34.1384,40.6233969789811,0.30699032867021,0.230208134649848,1.33353380034615,0.182356691020011,0.583332569660575
27.8509,13.7281891094092,0.059313107112386,0.32037316552999,0.185137562986166,0.853121139841603,0.963754491665423
10.3048,18.0707862840582,-0.011482660309292,0.257467289133005,-0.0445985210313849,0.96442732153452,0.98711586125942
38.7112,18.7673494888254,-0.0130877425025777,0.28927471917997,-0.0452432986182774,0.96391338225934,0.98711586125942
17.2901,13.8782877364006,-0.30278129208316,0.321761956126856,-0.941010229201203,0.346699617146082,0.741201017424883
233.039,158.311795818197,-0.00712830441808168,0.156337582145526,-0.0455955907738573,0.963632583571836,0.98711586125942
44.1179,29.5633619895596,-0.741652458057353,0.295523907251968,-2.5096191538406,0.0120861432651582,0.181718036844194
14.2132,10.847393419314,0.577402962959235,0.325268556650784,1.7751576386744,0.0758718620788308,0.412595214579129
20.7549,24.8600967889472,-0.299068164841429,0.180723028943048,-1.65484258752477,0.0979564326972596,0.460907009416174
8511.4363,8227.64197571787,-0.293960965037472,0.164829423590554,-1.78342530498492,0.074517097052571,0.407753839170124
140.8023,45.4355335240709,-0.88478267496836,0.39609861414504,-2.23374342492493,0.0254999599674344,0.262914855704504
23.8393,17.9048935990163,-0.342655698002616,0.224830263604099,-1.5240639427706,0.127492738821075,0.510718957011411
85.7675,24.5413368946972,-0.0867847659008019,0.365471055939645,-0.23746002450912,0.812299928180509,0.952376136139739
26.535,13.829425275603,-0.00204719033106479,0.288093981799402,-0.00710598089650561,0.994330295268615,0.997381952243134
20.2791,21.7812257152959,0.0246132839910574,0.742972828653992,0.0331281078416395,0.97357242823087,0.989932034283738
34.0262,15.0592264026326,-0.315509084314231,0.292152247101844,-1.07994748438216,0.280165566412821,0.688056902065977
369.59,276.614739190956,0.12332436795911,0.111633057170118,1.10472982721575,0.269276674941203,0.684488539880795
13.6342,10.6919164090339,0.117234531385009,0.268827641567782,0.436095524631715,0.662767424092048,0.894553184945473
19.5564,10.7680552781713,0.13349095466345,0.332370388139806,0.401633116026268,0.687954054372583,0.904853952080377
67.3484,29.5516051014242,0.153285850952454,0.191961637519432,0.798523355672759,0.424566845163671,0.792615024633713
14.8867,18.3434087527536,-0.55693939726772,0.399588650037532,-1.39378182342118,0.163383498648357,0.561516554359147
26.1596,25.2802856654969,0.139830492531165,0.225952639718196,0.618848678668055,0.536016050402139,0.846740007640398
210.1426,79.8756466667635,0.0664454285407642,0.150407218861372,0.441770209194585,0.658655498175991,0.89307988444207
35.2049,27.4973559981901,0.531559296109767,0.253011658208457,2.10092807530558,0.0356472804637617,0.308290767522255
14.2105,22.4285693760029,0.0119530679882125,0.269526134805592,0.0443484562149575,0.964626647170516,0.98711586125942
67.8406,122.684797757395,1.09246887510028,0.715441860348481,1.52698484062444,0.126764780994111,0.509039502355764
9.2279,13.7787784898646,0.437070383453923,0.326757470774432,1.33759874691784,0.181027273155265,0.581309132905363
28.792,11.6147639403901,0.146710666047601,0.284171372395414,0.516275319399376,0.605662131365531,0.870385544215723
14.9923,11.1062352115111,0.120383888689849,0.310365606677312,0.387877671043018,0.698106562958032,0.907891560223425
72.1222,422.754851103772,0.357995300074086,0.777459583678073,0.460468052088895,0.645180297976179,0.889633025630288
14.4244,10.912508476475,-0.370327952597571,0.297666907773456,-1.24410185656047,0.213462077854292,0.621647161191338
41.3395,18.5711660596276,0.29472260487945,0.245077008627748,1.20257141430639,0.229142215147883,0.638449775610251
20.9628,11.4765371566208,0.60148362833796,0.389068978195223,1.54595627522931,0.122115128095178,0.50186000189466
42.9104,28.1534373804139,-0.0871386098543956,0.215390575658158,-0.404560921888669,0.685800288163201,0.904343942223792
26.0184,11.5553775270925,-0.208387277720145,0.242214073379905,-0.860343392984012,0.389599779710388,0.769624599837664
126.716,77.7846005162364,0.381004469896722,0.190883241245552,1.99600796492448,0.04593305583486,0.340070636271343
125.1228,40.8311032198593,0.170337801527548,0.26997269875125,0.630944544820421,0.528076784638316,0.84315533768357
28.4863,15.827409444381,-0.160286846044084,0.290472924428855,-0.551813379368315,0.581076219674018,0.860205581762669
19.7267,19.085045376214,-0.0173569223050095,0.365483130128715,-0.047490351466829,0.962122420074754,0.986972027885079
28.4585,17.5860177674978,-0.0365085382732314,0.402557749018521,-0.0906914308872284,0.927737779733009,0.980524130688599
43.6652,49.8094175740753,-0.119029347802585,0.18341643748699,-0.648956818883955,0.516366287327991,0.836096433402578
15.4956,16.0135669394991,-0.751277847932063,0.338252647880854,-2.22105533434492,0.0263472137740537,0.268052365300596
6.4065,27.0913312069274,0.583040507544694,0.664952385185141,0.876815423983116,0.380586900044635,0.76832545815261
36.6277,17.8141437904607,0.326509901697257,0.2644142687872,1.23484221632544,0.216889232251656,0.625720343749495
185.6677,100.677225114719,0.0587910558147193,0.156068897416885,0.376699373083153,0.706397028803105,0.913306632108991
41.532,38.1229415105989,0.0762828511429045,0.247012409397311,0.308821938658986,0.757456979690922,0.932865001449936
26.4356,14.6220641190007,-0.52659584664649,0.330808476314413,-1.59184508363683,0.111419517359078,0.484950692370068
9.9283,10.3108172976829,-0.526185969875209,0.284926543994015,-1.84674254107495,0.064784463003212,0.390385631367173
90.7969,60.3077798940399,-0.245072835366025,0.214561454651568,-1.14220345757818,0.253369459119727,0.670523396335368
46.2238,25.1393941558002,0.16119350773666,0.269369589993582,0.598410190773579,0.5495662676443,0.851079817206206
25.8252,16.1109728174324,-0.10417899251736,0.366201829805264,-0.284485177402743,0.776038591706765,0.939656580500113
7.5088,11.2124194192071,0.0285006557338523,0.422668586040596,0.0674302672948466,0.946239174198972,0.983506025301001
39.6964,17.0945413940732,0.255637388691339,0.212510314815246,1.20294108506492,0.22899911995125,0.638449775610251
48.4935,23.4435852067571,0.324690039664259,0.232677552402445,1.39545064107717,0.162879989337819,0.560807089850692
28.1251,21.4878724399295,0.512900575209405,0.251527769157144,2.03914095420998,0.0414359618477703,0.326999090437901
19.3268,13.3190189214464,-0.467243391229962,0.288324514133516,-1.62054687800009,0.105114852898381,0.475648579573307
32.0994,9.93515307047626,0.277402817874077,0.297465047844207,0.932556009132752,0.351049255521827,0.745755542997045
28.1038,19.6006053437675,-0.281743095703328,0.327683688821332,-0.859802014304554,0.389898188735359,0.769624599837664
434.9751,289.021636039838,-0.00895114218378808,0.17671570893138,-0.0506527814528583,0.959602203255174,0.986972027885079
21.8619,18.4101077767309,0.265963000133066,0.250487443686733,1.06178176525961,0.288334769770656,0.694565981726491
15.923,10.2531187490947,-0.0771722077174445,0.263210453008604,-0.293195831834694,0.769372469884899,0.93741878145726
25.5854,13.1361396175556,-0.35108934771675,0.266830981495784,-1.31577429932849,0.188249807848615,0.592924176950148
29.2514,11.6481641245691,1.41816469425956,0.537521059902432,2.63834256934412,0.00833123735293054,0.151465838857273
19.9986,10.6192187198676,0.29763644267996,0.316326968992104,0.940913901929712,0.346748982819604,0.741201017424883
145.0139,113.771842943327,-0.120377328955279,0.127272103860502,-0.945826503247091,0.344237085257118,0.738853261929791
23.3473,15.5811416355568,-0.00694631887074741,0.277683946230344,-0.0250151979077152,0.980042841224743,0.99192609276475
43.0809,28.8531378250843,-0.774642289841014,0.384605421178137,-2.01412212929319,0.0439967127015956,0.335018338973116
32.4063,24.3082887689686,-0.096170953670527,0.271706497712978,-0.35395161499641,0.723375144466053,0.922158329429804
91.8261,33.9470555343458,0.211225401200819,0.190412891019326,1.10930200192896,0.267299921772131,0.684164944777792
111.4741,100.814496398266,0.0573259854890202,0.129497959242502,0.442678678678399,0.657998166524492,0.893037084013249
339.0724,184.450521930216,-0.155704000774028,0.160955294662002,-0.967374208478185,0.333356998568991,0.731112760260622
35.8663,21.4213184944911,0.0711844061503796,0.193107047649197,0.368626660792282,0.712406020528645,0.916803140554664
846.1216,429.974988588098,0.708020931759156,0.227522078970198,3.11187791076705,0.00185901363969041,0.0737008955864358
40.7534,17.4631601152208,0.352653844746899,0.325512442311547,1.08338053759977,0.278639550698336,0.686543720545821
16.9906,12.5111224975885,0.485552662210459,0.277459411238929,1.7499952877516,0.0801191268513015,0.42128766978319
20.4225,21.0957033193242,-0.178755466695082,0.305039442886462,-0.586007714292922,0.557870330809918,0.853597319792133
120.2943,52.9869289406354,-0.233476404568823,0.145761195927426,-1.6017733875144,0.10920572996723,0.481398285974624
65.2019,37.8495737356449,0.29430748746313,0.163794716146895,1.7968069690306,0.0723662696240409,0.404632144531148
19.137,28.2949307731399,0.14106552623224,0.271709549174827,0.519177653713871,0.603636860642014,0.870330480676954
189.1602,115.025644583197,0.60856344398136,0.157080716103743,3.87420849023529,0.000106971804555074,0.018781192542598
23.8916,14.0430460822429,-0.182700383715868,0.246596113115529,-0.740889146254601,0.458760656962865,0.808739048468455
29.9558,13.3473081740799,-0.361694871378712,0.31148133637662,-1.16120880816236,0.245556993605548,0.66008211973145
89.8168,40.9186706337293,0.655078588699661,0.236439421542817,2.7705980010657,0.00559534594715886,0.123369188951008
8.3518,10.7399191408311,-0.140946778409714,0.381080021804296,-0.369861368597531,0.711485786839774,0.916002547691266
39.3023,42.1841825649325,1.69937340844314,0.562262064621032,3.02238673987107,0.00250789912758038,0.082411979352842
23.023,16.6429360662283,0.281480695296699,0.316800221358043,0.888511674928954,0.374265578598571,0.763312970623371
46.6074,48.0931185116382,0.0284124906966054,0.177851575039769,0.1597539447725,0.873074904769216,0.97102487335316
20.5001,14.7012932083164,0.0517368094076235,0.264618649380834,0.195514600080831,0.844990109020662,0.962236343760892
38.3508,10.0477238056894,-0.402956291888373,0.558500738141582,-0.721496435670283,0.470604132860988,0.814104995528092
52.3938,18.9887010415937,0.0653588040809569,0.349870791905282,0.186808403539588,0.851810857836639,0.963665190210818
55.4554,34.5212090225166,-0.302276600042136,0.214985451735196,-1.40603281572029,0.159714380542149,0.55795615033059
23.8142,11.8578265110804,0.132385556372681,0.307300575475858,0.43080152442826,0.666612691046418,0.896143904605353
34.1302,11.1651710438627,-0.325723949091063,0.436351371919075,-0.746471697014561,0.455382522646776,0.806808777437228
21.7469,13.5745337638728,-0.170465875515184,0.247853524909272,-0.687768614860668,0.491598503241456,0.82273035788981
65.8223,14.3625190144253,1.10652326406463,0.293271446954604,3.77303442102876,0.000161274027688675,0.0232495062836821
107.7439,83.4883748396199,-0.227262530637893,0.168325988947881,-1.3501333457679,0.176973213848733,0.577695015851592
12.3956,20.6889562433303,0.588297328499141,0.394835612965592,1.48998041002549,0.136229386935006,0.52717581836613
21.8691,13.348104972596,0.254774595631884,0.371211276957814,0.686333124682626,0.492503065206997,0.823394212868961
38.9875,18.8643336175018,-0.290069420212884,0.246237134246927,-1.17800843118163,0.238793245027576,0.652085509329905
20.7907,16.4589610119896,-0.0687334333493838,0.404303812506799,-0.170004415548834,0.865006664095703,0.967829952338113
14.5782,12.7724333936695,0.234228950867314,0.344431272343439,0.680045540794449,0.496475625568568,0.825444458636052
39.0167,17.3050359076285,-0.331198084099522,0.382873660018357,-0.865032303563643,0.387021058758425,0.769624599837664
24.5263,12.005760702167,0.111379236205551,0.327127627487626,0.340476397731842,0.733497794095592,0.925368330709319
29.6222,15.5139785078818,0.272449342597779,0.260012924800143,1.04782999847871,0.294716938639414,0.702223958099727
64.9858,25.4028889273712,0.648418590255678,0.661655099741139,0.979994850050066,0.327088660774839,0.724062277189396
44.679,25.8870497146912,0.253468174227766,0.242792139901434,1.04397191083149,0.296498385602436,0.704283950338992
233.1075,158.311795818197,-0.00712830441808168,0.156337582145526,-0.0455955907738573,0.963632583571836,0.98711586125942
17.343,15.784535042623,0.103018162159091,0.230501488623205,0.446930572008115,0.654925189400785,0.891168133053105
296.2445,47.7646464915146,-1.16492735258943,0.659099810709851,-1.76745211219952,0.0771525421597284,0.415514786653401
75.8526,46.841039750384,0.129912687976305,0.221919804828755,0.585403759148726,0.558276261715961,0.853597319792133
10.9176,14.7847934487595,-0.310849338510026,0.308983008241438,-1.00604023593145,0.314396215448923,0.716674940404185
154.2576,53.0485727171659,0.283335197980308,0.180771792831868,1.56736398716713,0.117029636660597,0.490885404286258
16.617,14.4993776545482,-0.798119297358347,0.58803683991488,-1.35726070746499,0.174698387482412,0.575332022313892
20.3974,42.2697214201854,-0.319292701402165,0.188280969862643,-1.69583097875,0.08991789390631,0.445601175850222
71.8979,36.4181546049361,-0.328572084576759,0.219073826518101,-1.49982355171767,0.133660114901186,0.523673087960899
570.4329,289.396153126411,-0.110451093792815,0.173833872655664,-0.635383036145089,0.525178629168447,0.841546928494839
52.3859,21.6577721865226,0.379489082495778,0.19134205447311,1.9833020165941,0.0473337042943763,0.343001901991678
1057.1889,327.624064147392,0.512884571757339,0.291514529059204,1.75937910680663,0.0785131382408557,0.418934150232043
41.9447,32.6744654014543,0.339389793089243,0.251318201932635,1.35043856942847,0.176875346068333,0.577695015851592
17.373,15.8125977107253,0.112829144326486,0.230368517153021,0.489776753008052,0.624291882569168,0.877664977896943
43.9352,30.8882653705595,0.0166562703555049,0.240496093734898,0.069257966301379,0.944784283390789,0.983506025301001
181.6752,150.198375770298,-0.276376188108969,0.109038338298826,-2.53466984567891,0.0112553349455784,0.175989906464579
22.6551,17.5905454386786,0.262412652604084,0.24467578778589,1.07249129543506,0.283499421589232,0.691036868570341
12.5691,15.0627303707082,-0.292611473828351,0.222722571843103,-1.31379352980209,0.188915695585673,0.593340788217426
13.6108,29.4922989316997,-0.331687741728888,0.299594791645822,-1.10712118827822,0.268241535884266,0.684488539880795
129.8036,54.9450923635943,-0.210840096381556,0.321002996715511,-0.65681659840831,0.511298850165859,0.833820310760906
23.3774,12.1319077270423,-0.360124064836135,0.284493483032396,-1.2658429324904,0.205569320990653,0.614109614724144
24.9106,14.1557860553377,-0.335100061783334,0.244971235361916,-1.36791595669697,0.171338384455757,0.572060850778248
24.9224,17.7335419819594,0.178436786859857,0.235387725929154,0.75805476328686,0.44841819921424,0.802238170833249
75.8525,46.841039750384,0.129912687976305,0.221919804828755,0.585403759148726,0.558276261715961,0.853597319792133
21.6614,15.2703175758843,-0.0138331935478607,0.287096898172653,-0.0481830128988081,0.961570388205374,0.986972027885079
35.0263,25.9845781953081,-0.500216511255448,0.309507059366467,-1.61617157385472,0.106057222882612,0.476517278343537
17.3409,15.784535042623,0.103018162159091,0.230501488623205,0.446930572008115,0.654925189400785,0.891168133053105
17.3755,15.784535042623,0.103018162159091,0.230501488623205,0.446930572008115,0.654925189400785,0.891168133053105
11.7629,11.3130148375895,0.266340065970561,0.292458602646566,0.910693217981456,0.362457038515235,0.754010843411532
75.8506,46.841039750384,0.129912687976305,0.221919804828755,0.585403759148726,0.558276261715961,0.853597319792133
18.6456,21.3411816781499,-0.482606885885971,0.356981409969846,-1.35191041440151,0.176403975551549,0.577211091461272
13.6122,29.4922989316997,-0.331687741728888,0.299594791645822,-1.10712118827822,0.268241535884266,0.684488539880795
59.5127,27.2226989448058,0.0983954461342344,0.226484240817407,0.434447208243338,0.663963722788658,0.894553184945473
65.5752,44.5605652572707,0.130415320406201,0.159601261946582,0.817132138026894,0.41385291864309,0.785903773765491
31.7174,32.6402744047592,0.121292445758707,0.329775162036377,0.367803460423522,0.713019788579843,0.917111384731094
437.6543,180.015841600643,0.00496776326662353,0.4120388564603,0.0120565407575879,0.990380505321966,0.995727782264968
17.339,15.784535042623,0.103018162159091,0.230501488623205,0.446930572008115,0.654925189400785,0.891168133053105
12.1543,10.0049678304657,-0.215294918057776,0.273214240773452,-0.788007672836854,0.430692217826153,0.794425813957657
37.0912,17.9906840365121,0.225095200915352,0.435366830963543,0.5170242308473,0.605139244101432,0.870385544215723
79.5879,14.0462094283414,-0.423447993022565,1.1909621531604,-0.35555117507209,0.722176713807015,0.921596183859814
118.1609,55.5437203696597,-0.0621514679920082,0.321003945704056,-0.193615900439142,0.846476647036638,0.962588078121279
8.8965,23.6471077219052,0.179491813212461,0.358964098564695,0.500027200297057,0.617055925019272,0.874091438276492
16.2641,11.3404362812791,0.0872124163290668,0.23545413316693,0.370400872373881,0.711083823898651,0.916002547691266
75.852,46.841039750384,0.129912687976305,0.221919804828755,0.585403759148726,0.558276261715961,0.853597319792133
36.6197,19.2449394225398,0.994268010410462,0.26654473730118,3.73021062234292,0.000191319768297083,0.0232495062836821
14.0269,10.5719548943676,0.542091110336982,0.274841054300983,1.97238040625229,0.048566196887361,0.346070274056714
17.3423,15.784535042623,0.103018162159091,0.230501488623205,0.446930572008115,0.654925189400785,0.891168133053105
16.5316,16.7003609342814,0.431593596537366,0.273098602295123,1.58035813039778,0.114024874377572,0.486128054894541
57.3933,33.4046218192067,-0.354075705123873,0.224079393563903,-1.5801350561175,0.114075940627816,0.486128054894541
64.4302,58.7497417785716,0.156925393331226,0.226277641587736,0.693508170891824,0.487990699896445,0.821424523265154
27.7596,21.4658637378827,0.0142872091358914,0.279685808825893,0.0510830678033626,0.959259328311411,0.986972027885079
26.5545,15.9378675865662,0.120325505128478,0.197690168418307,0.608657001464393,0.542751813469055,0.850224073282803
29.6379,15.500217859991,0.272961677877571,0.259465878043865,1.05201377512701,0.292793229663662,0.700355934715143
20.3727,11.4425430300993,-0.264207985455546,0.257162975196359,-1.02739511881058,0.30423444900308,0.711031132228469
55.6023,14.0688589399039,-0.0439980208842378,0.313486360037932,-0.140350670692384,0.888382931059911,0.973798271737986
32.3068,23.9983261959228,-0.698941791601375,0.457326489744764,-1.52832124811195,0.126432796870331,0.509039502355764
17.5024,14.8034035508765,-0.310061081631167,0.462281919784215,-0.670718599109172,0.502399812040752,0.828743057628913
17.374,15.8125977107253,0.112829144326486,0.230368517153021,0.489776753008052,0.624291882569168,0.877664977896943
75.8505,46.841039750384,0.129912687976305,0.221919804828755,0.585403759148726,0.558276261715961,0.853597319792133
65.5588,44.5033214806307,0.137004388231453,0.159146875028884,0.860867599232396,0.389310968580379,0.769624599837664
26.915,10.230756360501,0.158738373752976,0.419411224969662,0.378479078056286,0.705074733189007,0.912919522363062
75.8511,46.841039750384,0.129912687976305,0.221919804828755,0.585403759148726,0.558276261715961,0.853597319792133
131.0322,55.0966435724266,-0.00142083988976385,0.137862943304425,-0.010306176958854,0.991777006094565,0.996600882117541
1.0181,11.6422909978164,0.688673879545164,0.503236884140075,1.36848848176533,0.171159224946016,0.572060850778248
24.9,14.1277233872354,-0.343794754437578,0.245553795807259,-1.40007916924009,0.161489612162008,0.559813848684495
17.3762,15.784535042623,0.103018162159091,0.230501488623205,0.446930572008115,0.654925189400785,0.891168133053105
48.57,33.108741797027,0.104187254961339,0.202305217717804,0.51500033531844,0.606552785686855,0.870385544215723
35.4487,12.3149946130022,0.13954426365269,0.478903953989448,0.291382567402575,0.770758745598353,0.93741878145726
20.2962,306.721414001775,1.06824975193896,0.874183953705005,1.22199652305611,0.221708941836452,0.631325972004171
42.8763,11.6769844501437,0.712665286406832,0.285451382579219,2.49662580004864,0.0125381187219565,0.184764363420678
14.781,13.1046784235136,0.140164722723623,0.276824324920016,0.506330947484912,0.6126243410781,0.872439530921188
114.6012,42.687080548978,0.538118228499856,0.282913337507729,1.90206030313136,0.0571632714010986,0.375406692991827
14.0395,10.5238350100193,-0.0632675896137209,0.343905670180858,-0.183967858338738,0.854038669861484,0.963754491665423
56.0047,29.432236660834,0.00730587113243942,0.212634094878609,0.0343588883834001,0.972590966417682,0.989664987844432
21.6031,10.0179626438499,-0.0411267423028789,0.287230009740882,-0.143184002047629,0.886144864148201,0.973620531905895
111.5199,51.9995266751454,0.32727941001332,0.203460482731777,1.60856499315778,0.107711494029189,0.479628355658963
212.3828,75.3792192083594,0.157836695847237,0.20106453935792,0.785005134924704,0.432450557935187,0.794425813957657
219.2072,95.6102632748919,0.0763868037580241,0.166670220634377,0.458311049612115,0.646728986765196,0.889663652199919
13.2852,20.3598957624963,-0.225774768294512,0.370773597866339,-0.608928924804138,0.542571550919492,0.850224073282803
9.6085,11.3819920278171,0.170252499487078,0.283061396039532,0.601468451258896,0.547528018678962,0.850684872174865
33.4947,15.3834666693092,-0.37316027013408,0.68356288734662,-0.545904812917174,0.585131369826902,0.862276812663919
116.8112,23.5545627319741,0.535317392354873,0.365721104025983,1.4637312051777,0.143267405754138,0.535835793280085
13.0703,17.0231789470286,0.111985171648793,0.285032242122788,0.392885979546664,0.694403697341631,0.907086243252467
13.5302,13.2598359711495,-0.396433889140555,0.229964270749339,-1.72389340243497,0.084727088584664,0.433760265216536
25.5657,45.5987113379797,-0.118576771203766,0.211453254693762,-0.560770612755501,0.574953922679572,0.860051571291619
103.5692,47.1729305974953,0.39500011231631,0.148880825220294,2.65312951974736,0.00797492631856784,0.147658862541951
22.0606,12.2536709664966,0.189707077209664,0.356948814205439,0.531468573812041,0.595094113039228,0.867786740537745
24.3729,17.8266508339424,-0.21455795756803,0.295607663000505,-0.725820012208761,0.467949117007182,0.812826490478339
48.0784,28.1967684642582,0.164750353899351,0.194223668213314,0.848250655622503,0.396298391789781,0.774818204756031
3.9045,12.289745297788,-0.220406962883871,0.329175147871297,-0.669573521297685,0.503129698230522,0.828760540987489
14.8967,23.1084441488829,0.724639125670653,0.754396813656423,0.960554329701448,0.336776301302453,0.732323800633588
14.5754,17.9367923967457,-0.801414643981432,0.578381817528076,-1.38561521073842,0.165864431079028,0.563425610271216
21.3008,17.119719906569,-0.132317065048223,0.251250751506386,-0.526633509571254,0.598448117049247,0.868727099148796
43.2963,35.6942109875791,-0.513404224216661,0.214086619470715,-2.39811448976096,0.0164797133980058,0.215463486873927
15.468,13.6035038059715,0.196464461740392,0.383316151837661,0.512538959807771,0.608273860833041,0.871495191144564
13.6181,12.4029929007187,-0.431684140090974,0.268868582980484,-1.60555813291993,0.108371030659288,0.481170508237951
16.6352,13.9580042642737,0.351969363947302,0.321227367873876,1.09570167161316,0.273209350936037,0.685431474903796
45.5062,59.5245669475065,0.579713085919483,0.18856917391641,3.07427281924914,0.00211016366767785,0.0771644578857634
141.2998,99.5573140967223,0.249686458120601,0.167009845502789,1.49504035147695,0.134903911450915,0.525287943781334
14.0562,10.0496758801486,-0.218480380613161,0.246143825354235,-0.887612680507982,0.374749130305972,0.763538927629377
41.4677,27.2817089754793,0.0681421585290849,0.169443249623121,0.402153279523663,0.687571223713922,0.904755824382679
19.4804,14.9512006938747,0.0356251337680186,0.300067311901161,0.118723807476081,0.905494174308612,0.977043318898406
16.1766,12.0733513649071,0.197081514358456,0.2420573753572,0.814193387281119,0.415534173125316,0.786163021507102
188.5804,95.2932487909015,0.231385609729045,0.123615550726829,1.87181635618298,0.0612320146258113,0.383558338303374
9.5737,11.8685432130081,-0.317678784879738,0.375113305242691,-0.846887541550163,0.397057807289001,0.775001241646596
29.7385,12.7688348357431,-0.0442784778189082,0.222363467105169,-0.199126584934774,0.842163725860224,0.962236343760892
19.8926,10.1730061393079,-0.0402358236907683,0.285447470038891,-0.140957016312971,0.887903899235254,0.973620531905895
52.795,27.9391209089949,0.234347300517348,0.165438206085798,1.41652467142815,0.156621945997581,0.55483028032572
19.0735,11.5291726417364,0.323137316354538,0.249357683947948,1.29587872023222,0.195017271638064,0.601676788913532
14.0267,15.9675537767021,0.0539644322676728,0.210440375581327,0.256435734438316,0.797614397992297,0.949744344233985
40.1934,25.0053042869542,0.0256094160842517,0.177268654731235,0.144466691661193,0.885131956708143,0.973620531905895
276.557,93.7768032284941,0.00135061736567547,0.133000528531577,0.0101549774319491,0.99189763954937,0.996600882117541
